B3R3,B3R10,B3R9B,B3R6,B14R2,B14R23,B14R15BTERSEDIA,B1282R6,B8R2K3N,B8R2K4N,B4R10B,B121R1,B121R4,B121R5,B121R7,B121R10,B122R3,B1282R1,B1282R2,B1282R3,B1282R4,B1282R5,B122R11,B122R1,B4R3,B51R1B,B3R22E,B3R24,B3R40,B51R2DK2,B14R16,B14R7A,B126R4A,X_Pengiriman_RKO,X_Metode_Pembelian_Kapitasi,X_Persentase_Pemenuhan_EPurchasing,X_Sumber_Dana_Umum,X_Kondisi_Ruang_Farmasi,X_Kualitas_Gudang,X_Sumber_Dana_BPJS,X_Proporsi_Kapitasi,X_Sistem_Pencatatan,X_Kerusakan_Obat,X_Kepemilikan_Kendaraan,X_Intensitas_Kapitasi,Total_Kelompok_Obat_Dinkes
1,0,0,1,2,9716,0,0,0,0,2,1,2,2,0,0,1,0,0,1,4,1,1,0,1,1,0,2,0,1,2,2,0,2,1,0,2,6,3,3,1,0,1,3,4,32
0,2,1,3,2,17301,1,1,1,1,2,1,1,2,1,0,0,0,0,1,12,0,1,0,2,1,1,4,1,1,2,1,1,1,0,0,2,6,3,3,0,1,0,3,0,34
1,2,1,1,2,24665,1,1,2,2,2,1,1,1,1,0,0,0,0,1,12,0,1,0,1,1,1,4,1,1,2,1,1,1,0,0,3,6,3,3,1,0,3,3,0,27
1,0,2,2,2,17300,0,0,0,0,2,1,1,1,1,0,0,0,0,1,4,0,1,0,1,1,1,4,1,0,2,1,0,1,0,0,2,6,4,3,1,3,1,3,0,33
0,0,1,1,2,9682,0,1,1,1,2,1,1,2,1,0,2,0,0,1,12,0,1,0,0,1,1,4,1,1,2,1,1,1,1,2,1,6,4,2,1,2,1,3,2,31
0,2,1,2,2,23368,1,1,0,0,2,1,3,1,0,1,1,1,6,1,12,1,1,1,2,1,1,4,1,1,2,1,1,1,2,2,1,6,4,3,1,3,3,3,2,34
0,2,0,2,2,-1,0,1,1,1,2,1,3,1,1,0,2,1,2,1,6,1,1,1,1,1,0,4,0,1,2,1,1,3,2,1,3,6,3,2,0,1,3,3,4,29
1,0,2,2,2,17923,0,1,2,0,2,1,1,2,1,0,0,0,0,1,12,0,1,1,1,1,1,4,1,1,2,1,1,1,0,0,2,6,3,2,1,3,1,3,0,31
1,0,2,2,2,25681,0,1,0,0,2,1,3,1,1,0,1,1,5,1,6,1,1,2,2,1,1,4,1,0,2,1,1,1,1,5,3,6,4,3,1,3,1,3,3,31
1,0,1,2,2,0,1,0,1,1,2,1,1,1,1,0,3,0,0,1,4,0,1,0,0,1,1,4,1,0,2,1,0,1,1,0,1,6,4,3,1,0,0,3,1,25
1,0,1,2,2,-1,0,1,0,1,2,1,1,2,0,1,1,1,4,1,4,0,1,2,1,1,1,4,0,1,2,1,0,1,1,1,3,6,4,3,1,1,1,3,3,28
0,2,2,2,2,1708,0,1,0,0,2,1,3,1,0,1,1,0,0,1,12,1,1,0,1,1,1,4,0,1,2,1,1,1,1,1,2,6,3,3,1,1,1,3,1,33
0,2,2,2,2,28957,0,1,1,2,2,1,1,2,1,0,0,1,2,1,4,0,1,2,2,1,1,4,1,1,2,1,1,1,0,0,2,6,4,3,0,1,1,3,0,33
1,2,2,2,2,23124,0,1,0,0,2,1,3,2,0,1,2,0,0,1,12,1,1,1,0,1,1,4,0,1,2,1,1,1,-1,0,1,6,4,3,1,3,1,3,3,34
1,2,2,2,1,10305,0,1,2,2,2,1,1,2,1,0,1,1,2,1,12,1,1,0,2,1,1,4,1,1,2,1,1,1,1,0,2,6,3,3,1,1,0,3,3,31
1,2,1,3,1,15574,1,1,0,0,2,1,3,2,0,1,1,0,0,1,12,0,1,0,2,1,1,4,0,1,2,1,1,1,1,0,3,6,3,3,0,1,1,3,1,32
1,2,2,3,2,-1,1,1,0,2,2,1,3,1,1,0,1,0,0,1,12,1,1,1,1,1,1,4,1,1,2,1,1,1,2,4,3,6,4,3,0,1,1,3,3,34
1,0,0,1,2,142,0,0,0,1,2,1,1,2,1,0,1,0,0,1,4,0,1,2,0,1,0,1,1,1,1,1,1,1,1,0,3,2,2,2,1,2,1,3,1,34
0,0,3,2,2,19835,1,1,0,2,2,1,3,2,1,0,2,0,0,1,12,0,1,2,2,1,1,4,1,1,2,1,1,1,1,0,3,6,3,3,1,2,0,3,3,34
1,0,2,1,2,19657,0,1,0,0,2,1,1,2,1,0,2,0,0,1,12,0,1,1,2,5,1,4,1,1,2,1,1,3,1,5,3,6,4,3,1,1,1,3,1,33
1,2,3,2,1,-1,1,1,1,0,2,1,1,2,1,0,1,0,0,1,6,0,1,1,2,1,1,4,1,1,2,1,1,1,1,4,2,6,4,3,1,1,0,3,1,33
0,0,0,1,2,3961,1,1,1,2,2,1,1,2,1,0,0,0,0,1,4,0,1,0,0,4,0,4,1,0,2,1,1,1,0,0,1,6,3,3,1,0,1,3,0,25
0,0,2,3,2,4447,1,1,0,0,2,1,3,1,1,0,1,0,0,1,11,1,1,0,1,1,1,4,1,0,2,1,1,1,1,4,3,6,3,2,1,2,1,3,2,32
1,0,2,1,2,220,0,1,0,0,2,1,1,2,1,0,0,0,0,1,12,0,1,0,1,1,0,2,0,1,1,1,1,3,0,0,3,6,4,3,1,2,1,1,0,33
1,0,1,1,2,6164,0,1,0,0,2,1,3,2,0,1,1,0,0,1,12,0,1,1,0,5,1,4,1,1,1,1,0,1,-1,0,3,6,3,2,1,2,0,3,1,33
0,0,1,3,2,15846,1,0,0,0,2,1,3,2,0,0,1,0,0,1,4,1,1,2,0,4,0,4,1,1,2,1,0,1,1,0,2,6,3,3,1,0,1,3,3,33
0,0,2,2,2,15504,1,1,1,1,2,1,3,2,1,0,1,1,1,1,12,0,1,1,1,1,1,4,1,1,2,1,1,1,1,0,2,6,3,3,1,3,1,3,4,30
0,0,1,0,2,20227,1,1,0,0,2,1,3,2,0,0,1,0,0,1,12,0,1,1,0,1,1,4,1,1,2,2,0,1,-1,0,3,6,4,2,1,2,1,3,4,30
0,0,0,2,2,3126,0,1,0,0,2,1,1,1,0,1,2,0,0,1,12,0,1,0,0,1,0,4,1,1,2,1,1,1,-1,0,1,6,3,3,1,2,3,3,1,31
0,0,2,3,2,-1,1,1,1,2,2,1,1,2,1,0,1,0,0,1,12,1,1,2,1,1,1,4,1,0,2,2,1,1,1,0,3,6,4,3,1,2,1,3,1,34
0,0,3,3,2,5938,1,0,2,2,2,1,1,2,1,0,2,0,0,1,6,1,1,2,0,1,1,4,1,1,2,1,1,1,1,0,2,6,4,3,1,3,1,2,2,34
0,0,1,3,2,12626,1,1,1,1,2,1,1,2,1,0,1,0,0,1,12,0,1,0,0,1,1,4,1,1,2,1,0,1,-1,0,2,6,3,2,1,2,1,3,1,27
1,0,2,2,2,12634,1,1,0,1,2,1,3,2,1,0,1,0,0,1,12,1,1,1,0,1,0,4,1,1,2,1,1,1,1,0,1,6,3,3,1,1,1,3,4,34
1,2,2,3,2,9445,1,1,0,0,2,1,1,1,1,0,1,1,12,1,12,0,1,1,1,1,1,4,1,0,2,1,1,1,1,0,2,6,4,3,1,2,1,2,2,34
1,2,1,3,2,2533,0,1,1,2,2,1,1,2,1,0,0,1,0,1,4,0,1,0,2,1,1,4,1,0,2,1,1,3,0,0,2,6,3,3,1,1,1,3,0,33
0,0,1,0,2,4865,0,0,0,0,1,0,0,0,0,0,2,0,0,1,4,0,1,0,1,1,0,4,1,1,2,1,1,0,-1,0,2,6,3,2,1,0,1,3,4,28
0,0,0,1,2,8034,0,1,0,0,2,1,3,2,1,0,2,0,0,1,12,0,1,1,0,2,0,1,1,1,1,1,1,1,2,2,2,6,3,3,1,2,1,3,4,25
0,0,0,1,2,8382,1,1,0,0,1,1,1,2,0,1,2,0,0,1,2,0,1,0,1,1,0,4,0,1,2,2,0,1,1,5,1,6,3,2,1,0,1,3,2,31
1,2,3,0,1,8815,0,1,0,0,2,1,3,1,1,0,1,0,0,1,12,1,1,2,2,1,1,4,1,1,2,1,1,1,1,4,2,6,3,3,0,1,1,3,4,34
1,0,2,3,2,36729,1,1,1,2,2,1,1,1,0,0,2,0,0,1,12,0,1,0,0,1,1,4,1,1,2,2,1,1,0,0,3,6,4,3,1,1,3,3,4,32
0,2,2,2,2,15586,1,1,0,0,2,1,3,2,1,0,1,1,1,1,1,1,1,2,2,1,1,4,1,1,2,1,1,1,2,3,3,6,3,3,1,1,1,3,3,34
0,0,2,2,2,1200,0,1,0,0,2,1,1,2,1,0,2,0,0,1,4,0,1,0,2,1,1,4,1,0,2,1,1,1,1,0,3,6,4,3,1,1,1,3,2,34
1,0,0,2,2,13053,0,1,2,1,2,1,3,1,1,0,2,0,0,1,12,1,1,1,1,1,1,4,1,1,2,1,0,1,-1,0,3,6,3,3,1,2,0,3,2,34
0,2,2,2,2,411,0,1,0,0,2,1,1,1,1,0,1,0,0,1,12,0,1,2,0,1,1,4,1,1,2,2,1,1,-1,0,3,6,3,3,0,1,1,3,0,33
0,2,3,3,2,7342,0,1,0,0,2,1,1,1,1,0,1,0,0,1,6,0,1,1,2,1,1,4,1,1,2,1,1,3,1,0,2,6,4,3,1,2,3,3,1,33
1,0,1,2,2,11004,1,1,0,0,2,1,1,1,0,1,1,0,0,1,12,1,1,1,1,4,1,4,0,1,2,1,1,1,1,0,3,6,3,3,1,0,1,3,1,24
0,2,2,2,2,17897,0,1,1,0,2,1,1,2,1,0,0,0,0,1,10,0,1,0,1,1,1,4,0,1,2,1,1,1,0,0,2,6,3,2,1,0,1,3,0,33
1,2,1,3,1,-1,1,1,0,0,2,1,3,1,0,0,2,0,0,1,12,1,1,2,2,1,1,4,1,1,2,1,1,1,1,0,3,6,2,3,1,3,0,3,2,33
0,0,1,1,2,370,0,1,0,0,2,1,1,2,1,0,0,0,0,1,6,0,1,0,1,1,0,4,0,1,1,2,0,1,0,0,2,6,3,2,1,0,1,3,0,31
0,2,1,3,2,23657,1,1,1,1,2,0,0,0,1,0,0,0,0,1,3,0,0,0,0,1,1,4,1,1,2,1,1,0,0,0,3,6,1,2,1,2,1,3,0,34
0,0,3,3,2,-1,1,1,0,2,2,1,1,2,1,0,2,0,0,1,12,0,1,0,2,1,1,4,0,1,2,1,1,1,-1,0,3,6,4,2,1,1,1,3,4,33
0,2,2,2,2,-1,0,1,0,0,2,1,3,2,1,0,1,1,3,1,12,1,1,1,2,1,1,4,1,1,2,1,1,1,2,1,1,6,4,3,1,3,1,3,2,34
0,2,2,3,2,14583,1,1,0,0,1,1,3,2,1,0,1,0,0,1,10,1,1,1,2,1,1,4,1,1,2,1,1,1,2,3,3,6,4,3,0,3,1,3,2,34
0,0,0,2,2,12060,0,0,0,0,2,1,2,1,1,0,0,0,0,1,5,0,1,0,2,1,1,4,1,1,2,1,0,1,0,0,2,6,3,2,1,1,3,3,0,32
0,2,0,2,2,-1,0,1,0,1,2,1,1,2,1,0,1,0,0,1,12,1,1,2,2,1,1,4,0,1,2,1,1,1,-1,0,2,6,4,3,1,1,1,3,3,32
1,0,3,3,2,-1,0,1,0,0,0,1,3,2,0,1,2,1,1,1,12,1,1,1,0,1,1,4,1,1,2,1,1,1,0,0,3,6,3,3,1,2,1,3,4,30
1,0,2,2,2,9599,0,0,0,0,2,1,3,1,0,1,2,0,0,1,6,1,1,0,0,4,1,3,1,1,1,1,0,1,1,5,3,6,4,2,1,2,1,2,2,31
1,0,1,2,2,8365,1,1,0,0,2,1,1,2,1,0,0,0,0,1,13,0,1,0,0,1,1,3,1,1,2,1,1,1,0,0,3,3,3,2,1,2,1,3,0,29
0,2,2,3,1,8590,0,0,0,0,2,1,1,1,1,0,1,0,0,1,4,1,1,2,2,1,1,4,1,1,2,1,1,1,1,2,1,6,3,3,0,3,1,3,3,34
1,2,1,2,1,15394,1,1,1,1,2,1,1,2,1,0,1,0,0,1,2,0,1,0,0,1,1,4,1,1,2,1,1,1,0,0,2,6,4,3,1,0,0,3,0,33
1,0,1,2,2,888,0,1,0,0,2,1,1,2,0,0,2,0,0,1,12,0,1,1,0,2,0,4,0,1,2,1,1,1,2,4,3,6,3,2,1,2,1,3,0,34
0,1,0,3,2,12955,0,1,0,1,2,1,3,2,1,0,2,1,2,1,12,1,1,0,1,1,1,4,1,1,2,1,0,1,2,5,2,6,3,3,1,3,1,3,4,33
1,0,2,2,2,18295,0,0,2,0,2,1,1,2,1,0,1,0,0,1,12,1,1,1,1,1,1,4,1,1,2,1,1,2,2,5,3,6,4,3,1,1,3,3,3,25
0,0,1,2,2,1077,0,1,1,2,2,1,1,2,1,0,2,0,0,1,12,1,1,1,1,1,1,4,1,1,2,1,0,1,1,5,0,6,4,2,1,1,3,3,0,27
1,2,3,2,1,9144,1,1,0,0,2,1,1,2,1,0,2,0,0,1,12,1,1,1,0,1,1,4,0,0,2,1,1,3,2,4,2,6,3,3,0,1,3,3,4,30
1,2,3,2,1,17117,0,1,0,0,2,1,3,2,1,0,2,1,4,1,4,1,1,0,2,1,1,4,1,1,2,1,1,1,2,4,3,6,4,3,1,1,3,3,3,31
1,0,3,0,2,9598,0,1,0,0,2,1,3,2,1,0,2,0,0,1,6,1,1,1,2,1,1,4,0,1,2,1,1,1,1,0,2,6,4,3,1,2,1,3,3,32
0,0,2,3,2,9526,0,1,0,0,2,1,1,1,1,0,2,0,0,1,12,0,1,1,1,1,1,4,1,1,2,1,1,1,1,5,0,6,3,2,1,2,3,2,2,27
1,0,2,2,2,9646,1,1,1,1,2,1,3,2,0,1,2,0,0,1,4,0,1,1,1,1,0,4,1,1,2,1,1,1,1,0,3,6,3,3,1,1,0,3,2,34
0,0,2,2,2,-1,0,1,0,0,2,1,1,2,1,0,2,0,0,1,12,0,0,2,2,4,1,4,1,1,2,1,1,3,1,0,2,6,1,3,1,1,1,3,4,34
0,0,3,0,2,3354,1,1,0,0,2,1,1,2,1,0,2,1,12,1,24,0,1,1,2,1,1,4,1,1,2,1,1,1,1,0,3,5,3,2,1,1,1,3,3,33
0,0,2,2,2,14990,0,1,0,0,2,1,1,2,0,1,2,1,5,1,12,0,1,1,0,1,1,4,1,1,2,1,1,1,1,5,3,6,4,3,1,2,1,3,1,32
1,0,1,2,2,-1,1,1,0,2,2,1,1,1,0,0,2,0,0,1,4,0,1,0,2,1,1,4,1,1,2,1,1,1,2,3,3,6,3,3,1,1,1,3,3,34
1,2,3,2,1,67404,0,1,1,1,2,1,3,2,0,1,0,0,0,1,4,0,1,0,2,1,1,4,1,1,2,1,1,1,0,0,2,5,4,3,1,3,3,3,0,32
1,0,0,2,2,167,0,1,0,0,2,1,3,2,1,0,2,0,0,1,4,1,1,1,1,1,0,4,1,1,1,1,1,1,1,0,1,6,2,3,1,1,1,3,1,31
0,0,2,3,2,22360,1,1,2,2,2,1,3,1,1,0,1,0,0,1,4,1,1,0,2,1,1,4,1,1,2,1,1,1,1,0,3,6,3,3,1,1,1,3,1,34
0,2,1,2,2,10728,1,1,0,0,2,1,1,2,1,0,1,0,0,1,6,0,1,1,2,1,1,4,1,1,2,1,1,1,-1,0,3,5,4,3,1,1,3,3,0,33
1,2,2,2,2,1876,0,1,0,0,2,1,1,2,0,1,2,0,0,1,16,1,1,0,0,1,1,4,0,0,2,1,1,1,-1,0,2,6,4,3,1,1,1,3,2,31
0,2,1,2,2,4397,0,1,0,0,2,1,1,2,1,0,2,0,0,1,1,0,1,0,1,1,0,4,1,1,2,1,1,1,1,1,3,6,2,3,0,1,0,3,2,33
1,0,2,0,2,-1,0,0,0,0,2,1,3,2,1,0,1,0,0,1,6,1,1,1,2,1,1,4,1,1,2,1,1,1,1,0,2,6,3,3,1,3,1,3,4,34
1,0,1,0,2,24997,0,1,2,2,2,1,1,1,0,0,2,0,0,1,3,0,1,1,0,1,1,4,1,1,2,1,1,1,1,0,2,6,4,3,1,1,2,3,4,31
0,2,2,3,2,14801,0,1,0,0,2,1,3,2,0,0,1,0,0,1,12,1,1,1,2,1,1,4,0,1,2,1,1,1,2,3,3,6,4,3,1,1,3,3,3,34
0,2,0,2,2,233,0,0,0,0,2,1,1,2,0,1,1,0,0,1,6,0,1,1,0,1,1,4,1,0,1,2,1,1,-1,0,0,6,2,3,0,3,1,3,1,29
1,2,0,0,1,10590,0,1,0,0,0,1,3,2,1,0,1,0,0,1,12,1,1,2,0,1,1,4,1,1,2,1,1,1,2,4,2,6,4,3,1,3,1,3,3,34
0,2,2,3,1,42361,1,1,0,0,2,1,3,1,1,0,1,0,0,1,6,0,1,1,1,1,1,4,1,1,2,1,0,1,2,5,2,6,3,3,1,1,0,3,3,33
1,0,2,2,2,-1,0,1,1,1,2,1,3,2,1,0,2,0,0,1,12,0,1,1,1,1,1,4,1,1,2,1,1,1,2,3,2,6,3,3,1,2,1,3,4,27
0,0,2,0,2,8226,1,1,1,2,2,1,1,1,1,0,2,1,4,1,6,0,1,1,0,1,0,4,1,1,2,1,1,1,-1,0,2,6,3,2,1,2,1,3,2,29
0,0,2,2,2,37913,0,1,2,2,2,1,3,2,1,0,2,0,0,1,12,0,1,1,1,4,1,4,0,0,2,1,1,1,2,5,2,6,4,3,1,0,1,3,3,31
0,0,0,1,2,82208,0,1,1,1,2,1,3,1,1,0,1,0,0,1,4,1,1,0,0,4,0,3,0,1,1,1,0,1,1,0,2,6,3,2,1,1,1,3,4,31
1,0,1,2,2,10756,1,0,0,0,0,1,1,1,1,0,1,0,0,1,12,1,1,1,0,1,1,4,1,1,2,1,0,1,1,0,2,6,4,3,1,2,3,3,1,31
1,2,2,3,2,43643,1,0,0,0,2,1,1,1,1,0,2,0,0,1,12,0,1,1,2,1,1,4,1,1,2,2,1,1,2,1,2,6,4,3,0,1,1,3,2,34
1,1,1,2,2,7032,0,1,1,2,2,1,1,2,1,0,2,0,0,1,4,0,1,1,1,1,1,4,1,1,2,1,1,1,1,0,2,6,3,3,1,1,1,3,4,29
1,1,0,2,2,15549,1,1,0,1,1,1,1,2,1,0,2,0,0,1,12,0,1,2,0,1,1,4,0,1,2,1,1,1,-1,0,1,6,3,3,1,3,3,3,4,29
1,0,1,1,2,-1,0,0,0,0,2,1,1,2,1,0,2,0,0,1,12,0,1,0,0,1,1,4,1,0,1,2,1,1,-1,0,2,6,3,3,1,0,1,3,4,18
0,0,2,2,2,671,1,0,0,0,1,0,0,0,1,0,2,1,2,1,2,0,1,2,1,1,1,4,1,1,1,1,0,0,0,0,2,6,2,2,1,3,3,2,1,26
1,2,2,3,2,15377,0,1,0,2,2,1,1,2,1,0,2,0,0,1,10,0,1,0,1,1,1,4,1,1,2,1,1,1,1,4,3,6,3,3,1,1,1,3,1,31
0,0,0,3,2,1404,0,0,1,1,2,1,3,2,1,0,1,1,2,1,4,1,1,2,0,1,0,4,0,0,2,2,1,0,1,0,2,6,3,3,1,3,3,3,2,32
0,1,2,2,2,8123,0,1,1,1,2,0,0,0,0,1,2,0,0,1,12,0,1,2,0,1,1,4,0,0,2,1,0,0,0,0,3,6,4,3,1,2,1,3,2,32
1,0,1,1,2,7387,0,1,1,2,2,1,1,1,1,0,0,0,0,1,4,0,1,0,1,1,1,4,1,1,2,2,1,1,0,0,2,6,3,2,1,2,1,3,0,31
1,0,1,1,2,4741,0,1,0,0,2,1,1,2,1,0,2,0,0,1,12,0,1,1,0,1,1,3,1,1,1,1,1,1,1,0,3,6,3,2,1,2,0,1,4,33
1,2,0,2,2,841,1,1,2,1,2,1,3,1,1,0,2,0,0,1,12,0,1,2,0,1,0,2,1,1,2,2,1,3,-1,0,1,5,3,3,1,1,1,3,1,29
0,0,2,2,2,18960,0,0,0,0,2,1,1,1,1,0,0,0,0,1,12,1,1,1,1,1,1,4,1,1,2,1,1,1,0,0,3,6,4,3,1,3,1,3,0,25
0,0,0,0,2,6663,0,1,0,2,2,1,1,2,0,1,2,1,1,1,12,0,1,1,1,2,0,1,1,1,1,1,0,1,1,3,2,6,3,3,1,1,1,3,2,25
0,0,3,2,2,11260,0,1,0,0,2,1,3,2,1,0,3,1,4,1,4,0,1,2,2,1,1,4,1,1,2,1,1,1,2,3,3,6,4,3,1,1,1,3,4,32
0,2,0,1,2,0,0,1,1,2,2,1,3,2,1,0,2,0,0,1,2,0,1,1,0,3,0,4,1,0,1,2,0,1,1,0,2,6,3,2,1,1,0,3,1,30
0,0,1,3,2,-1,1,1,1,1,2,1,1,2,1,0,0,0,0,1,4,0,1,0,1,1,1,4,1,1,2,1,1,1,0,0,2,6,4,3,1,2,1,2,0,25
0,0,0,1,2,0,0,0,1,1,2,0,0,0,1,0,2,0,0,1,6,0,1,1,0,4,0,0,1,0,1,2,1,0,1,0,1,6,3,0,1,2,1,3,3,34
1,0,1,2,2,-1,1,1,1,2,2,1,1,2,1,0,2,1,2,1,2,0,1,0,0,1,1,4,1,1,2,1,1,1,1,0,3,6,4,3,1,2,1,3,0,24
1,0,0,2,2,20045,0,1,0,0,2,1,3,2,0,0,2,0,0,1,4,1,1,0,1,1,1,4,1,0,2,1,0,1,-1,0,2,6,2,3,1,1,3,3,1,31
0,0,1,2,2,-1,0,1,1,1,2,1,1,1,1,0,0,0,0,1,4,0,1,0,1,1,1,4,1,1,2,1,0,1,0,0,2,6,4,0,1,1,1,3,0,33
0,0,2,2,2,3541,1,1,2,2,2,1,1,2,1,0,2,0,0,1,12,0,1,1,0,1,1,4,0,1,2,1,1,1,1,2,3,6,2,3,1,1,0,3,4,32
0,0,0,3,2,10737,0,0,0,0,2,1,1,1,1,0,2,1,12,1,4,0,1,1,1,1,1,4,1,1,2,1,1,1,1,2,3,6,4,3,1,1,2,3,0,34
0,0,2,0,2,2283,0,1,1,1,1,1,3,2,1,0,1,0,0,1,4,1,1,2,0,4,0,4,1,0,2,2,1,3,2,1,1,6,3,2,1,0,1,3,4,32
1,0,2,2,2,74,0,0,1,1,2,1,1,2,0,1,1,0,0,1,11,1,1,2,0,1,1,4,1,1,2,1,1,1,-1,0,2,6,2,3,1,1,1,3,4,33
0,0,0,2,2,6669,0,1,0,2,2,1,1,2,1,0,2,1,3,1,12,0,1,0,0,1,1,4,0,1,2,1,1,1,1,5,2,6,2,3,1,2,1,3,4,32
0,0,1,1,2,4850,1,1,1,1,2,1,1,1,1,0,1,0,0,1,1,0,1,2,2,1,1,4,1,1,2,1,1,1,1,0,2,6,3,2,1,1,0,3,2,32
0,2,1,3,2,25892,1,1,0,0,2,1,1,1,0,1,0,0,0,1,6,0,1,0,2,1,1,4,1,1,2,1,1,1,0,0,3,6,3,3,1,1,1,3,0,33
1,0,0,1,2,14105,0,1,2,1,2,1,1,2,1,0,0,0,0,1,4,0,1,0,0,1,1,4,1,1,2,1,0,1,0,0,3,6,3,3,1,1,1,3,0,28
0,2,2,3,2,1843,1,1,0,0,2,1,3,1,0,1,2,0,0,1,12,1,1,2,2,1,1,4,1,1,2,1,1,1,2,4,3,6,3,3,1,1,1,3,3,34
1,2,2,2,2,1244,1,1,2,2,2,1,1,1,0,0,2,1,3,1,4,0,1,1,1,1,0,4,1,1,2,1,1,1,2,1,1,6,3,3,0,2,1,3,1,31
0,1,1,2,1,-1,0,1,0,0,2,1,1,2,0,1,1,0,0,1,6,0,1,0,2,1,1,4,1,1,2,1,1,1,1,0,3,6,4,3,1,3,1,3,1,33
1,0,1,0,2,63296,1,1,1,1,2,1,3,1,1,0,1,1,2,1,6,1,1,1,2,1,1,4,1,1,2,1,0,1,-1,0,1,6,3,3,1,3,0,3,4,30
1,0,2,2,2,15079,1,1,0,0,2,1,3,2,1,0,1,0,0,1,12,1,1,0,1,1,1,4,1,1,2,1,1,1,1,0,2,6,3,3,1,2,1,3,1,31
1,0,2,3,2,20906,0,1,0,1,2,1,1,2,1,0,2,0,0,1,12,1,1,1,2,1,1,4,1,1,2,1,1,1,0,0,2,6,4,3,1,2,3,3,0,32
1,0,2,2,2,21171,0,1,0,0,2,1,1,2,0,1,2,0,0,1,12,0,1,1,2,1,1,4,1,0,2,1,1,2,1,5,3,6,4,3,1,0,1,3,3,25
1,0,0,1,2,6864,0,0,0,0,2,1,1,2,1,0,2,0,0,0,0,0,1,0,1,1,0,2,0,1,1,1,1,1,-1,0,2,6,3,3,1,3,1,3,3,33
0,2,2,2,1,30579,0,1,1,2,2,1,3,2,1,0,2,0,0,1,4,1,1,0,2,1,1,4,1,1,2,1,1,3,2,4,2,6,3,3,0,1,1,3,2,27
0,0,0,0,2,20826,1,1,1,1,2,1,1,2,1,0,1,0,0,1,12,1,1,2,0,1,1,4,1,0,2,1,1,2,1,1,2,6,3,3,1,2,1,3,1,32
0,2,3,2,2,18685,0,1,0,0,2,1,3,1,1,0,1,0,0,1,4,0,1,0,2,1,1,4,1,1,2,1,0,1,2,1,2,6,4,3,1,1,1,3,4,34
0,0,0,3,2,15750,0,1,0,0,2,1,3,2,1,0,2,0,0,1,4,1,1,1,2,1,1,4,1,1,2,1,1,1,2,2,2,6,3,3,1,2,1,3,3,32
1,0,2,2,2,12441,1,1,0,0,2,1,3,2,1,0,2,1,1,1,12,0,1,2,1,1,1,4,1,1,2,1,1,3,2,5,3,6,4,3,1,0,3,3,2,34
0,2,3,3,2,22583,1,0,2,1,2,1,3,1,0,0,1,0,0,1,6,1,1,0,2,1,1,4,1,1,2,1,1,1,1,0,1,6,3,3,0,3,1,3,1,34
1,0,1,1,2,15501,1,1,1,2,2,1,1,2,1,0,2,0,0,1,12,0,1,1,2,1,1,4,1,1,2,1,1,1,-1,5,2,6,4,3,1,1,1,3,3,34
1,2,2,2,2,17394,1,1,0,0,2,1,1,2,0,1,1,0,0,1,12,0,1,0,0,1,1,4,1,1,2,1,1,1,1,0,2,6,3,3,1,1,1,3,2,31
1,0,2,2,2,-1,1,1,0,0,2,1,1,2,1,0,2,0,0,1,12,0,1,1,0,1,1,4,1,0,2,1,1,1,2,3,2,6,3,3,1,2,1,3,3,33
0,0,2,3,2,11108,0,1,1,2,2,1,1,2,1,0,2,0,0,1,4,0,1,0,2,1,1,4,1,0,2,1,1,1,1,5,3,6,4,3,1,1,3,3,0,34
1,0,2,1,2,8105,0,1,0,0,2,1,3,1,1,0,2,0,0,1,5,1,1,0,1,0,0,4,1,1,1,1,1,1,2,4,2,6,4,2,1,0,1,3,2,32
0,0,2,3,2,5495,1,1,2,1,2,1,1,2,1,0,2,0,0,1,6,0,1,1,1,1,1,4,1,1,2,1,1,1,1,5,3,6,4,2,1,1,3,3,4,0
1,2,3,3,2,18930,1,1,3,1,2,1,3,2,1,0,1,0,0,1,12,1,1,1,2,1,1,4,1,1,2,1,1,1,2,3,2,6,4,3,1,1,1,3,4,31
1,2,2,3,2,-1,1,1,0,0,2,1,3,1,1,0,1,0,0,1,12,1,1,0,1,1,1,4,1,1,2,1,1,1,1,0,2,6,3,3,1,1,3,3,4,30
0,0,2,3,2,11272,0,1,0,0,2,1,1,2,1,0,2,0,0,1,12,0,1,1,1,1,1,4,1,0,2,1,1,1,-1,0,2,6,4,3,1,2,1,3,2,31
1,2,1,3,2,-1,1,1,1,2,2,1,1,2,1,0,2,0,0,1,4,0,1,1,2,1,1,4,1,1,2,1,1,3,0,0,2,6,4,3,1,3,1,3,0,33
0,0,2,2,2,20121,1,1,0,0,2,1,3,2,1,0,1,0,0,1,4,0,1,1,0,1,1,4,1,1,2,1,1,1,2,5,2,6,4,3,1,1,3,3,3,31
1,2,2,2,2,25888,0,1,1,2,2,1,3,2,0,0,2,1,1,1,12,1,1,2,1,1,1,4,1,1,2,1,1,3,2,5,2,6,4,3,0,2,1,3,4,34
1,0,2,2,2,100,1,1,1,2,2,1,1,1,1,0,2,0,0,1,12,1,1,2,2,1,1,4,1,1,2,1,1,1,1,0,3,6,4,3,1,1,1,3,3,34
1,0,2,2,2,18661,0,0,0,0,2,1,3,2,1,0,2,0,0,1,4,1,1,1,1,1,1,4,0,1,2,1,1,1,1,3,3,6,3,3,1,1,3,3,1,34
1,0,2,2,2,-1,0,1,0,0,2,1,3,1,1,0,1,0,0,1,6,1,1,1,2,1,1,4,1,1,2,1,1,1,1,0,3,6,4,3,1,1,1,3,3,34
0,0,1,2,2,6244,0,1,4,2,2,1,1,2,1,0,0,0,0,1,12,0,1,0,2,1,0,4,1,0,2,1,0,1,0,0,3,6,4,2,1,2,1,3,0,33
1,2,2,2,2,28896,0,1,2,2,2,1,3,2,1,0,1,0,0,1,12,1,1,0,0,1,1,4,1,1,2,1,1,1,1,2,2,6,2,3,0,3,0,3,4,34
1,0,0,1,2,107,0,1,0,0,1,1,1,2,1,0,2,0,0,0,0,1,1,1,0,4,1,4,0,1,1,1,0,2,1,0,3,6,3,2,1,2,1,3,4,31
0,0,2,1,2,2000,0,1,0,0,2,1,3,2,0,1,2,0,0,1,3,0,1,2,0,2,0,4,0,1,1,2,1,1,1,0,0,6,2,2,1,1,1,2,1,31
0,0,1,0,2,2855,1,1,0,0,1,1,3,2,1,0,2,0,0,1,12,0,0,0,2,1,1,4,1,1,2,1,1,1,1,0,3,6,1,3,1,1,3,3,1,33
0,0,2,3,2,-1,0,1,0,0,2,1,3,2,1,0,2,0,0,1,12,0,1,0,2,5,1,4,0,0,2,1,1,1,1,5,3,6,4,3,1,3,1,3,3,32
0,2,3,3,2,17192,0,1,1,0,2,1,1,2,1,0,0,1,3,1,4,0,1,1,0,1,1,4,0,1,2,1,1,3,0,0,3,6,3,2,1,2,1,3,0,31
0,2,2,3,2,20166,1,1,0,0,2,1,3,2,1,0,2,1,4,1,4,0,1,1,1,1,1,4,1,1,2,1,1,1,2,2,2,6,4,3,0,1,3,3,2,34
0,0,2,3,2,6668,0,0,0,0,2,1,1,1,1,0,0,0,0,1,4,0,1,0,1,4,1,4,1,1,2,2,1,1,0,0,2,6,3,3,1,1,1,3,0,32
1,0,2,1,2,5278,1,1,0,1,2,1,3,1,0,0,1,0,0,1,2,1,1,1,1,1,0,4,1,1,1,1,1,1,1,0,2,6,3,3,1,2,1,3,2,24
1,0,1,2,2,-1,0,0,1,1,2,1,1,1,1,0,2,0,0,1,3,0,1,2,2,1,1,4,1,0,2,2,1,1,1,0,2,6,4,3,1,2,1,3,2,32
0,0,2,2,2,31527,1,1,0,0,2,1,3,2,1,0,1,1,1,1,12,0,1,1,0,1,1,4,0,1,2,1,1,1,1,0,2,6,4,3,1,2,1,3,4,30
1,0,3,3,2,25728,0,1,0,0,2,1,3,2,0,1,1,0,0,1,6,1,1,1,1,1,1,4,1,1,2,1,0,1,1,0,3,6,3,3,1,2,1,3,2,31
0,2,2,3,1,-1,0,0,2,1,2,1,3,1,0,0,1,1,2,1,5,1,1,1,2,1,1,4,1,1,2,1,1,3,2,2,3,6,4,3,0,1,1,3,2,31
1,0,0,1,2,7380,0,1,0,0,2,1,3,2,1,0,2,0,0,1,12,1,1,1,0,1,0,2,1,0,1,1,0,1,1,5,3,0,3,3,1,2,1,3,4,18
0,2,4,3,2,7728,1,1,0,0,2,1,1,2,1,0,2,1,4,1,12,0,1,1,2,1,1,4,1,0,2,1,1,1,-1,0,2,6,4,2,1,1,1,3,1,32
0,2,2,2,2,16934,0,1,2,2,2,1,1,1,0,1,1,1,4,1,4,1,1,0,1,1,1,4,1,1,2,1,1,3,2,1,2,6,4,2,1,2,1,2,2,34
0,0,1,3,1,38589,0,1,0,2,2,1,3,2,0,1,3,0,0,1,12,1,1,0,1,1,1,4,1,1,2,1,1,1,1,5,3,6,3,2,0,0,3,1,3,32
1,1,2,0,2,10300,0,1,0,0,2,1,1,1,0,1,0,0,0,1,12,1,1,0,1,1,1,4,1,1,2,1,0,1,0,0,3,6,4,3,1,2,1,3,0,31
0,1,0,0,2,3099,0,1,1,2,1,1,3,2,0,1,2,0,0,1,4,1,1,2,0,4,0,0,0,1,1,1,0,1,-1,0,2,6,3,2,1,1,1,1,1,32
0,2,2,3,2,9657,1,1,1,2,2,1,3,2,1,0,1,0,0,1,12,1,1,1,1,1,1,4,1,1,2,1,1,1,1,4,2,6,4,3,1,3,1,3,1,34
0,0,0,2,2,1375,0,1,1,2,2,1,1,2,1,0,1,0,0,1,4,1,1,1,1,1,0,4,1,1,2,2,1,1,1,0,1,6,3,3,1,3,3,2,3,32
0,0,0,1,2,0,0,0,2,1,2,1,3,2,1,0,1,0,0,1,12,1,1,0,1,1,1,4,0,1,2,1,1,1,1,0,3,6,3,3,1,2,1,3,3,34
1,0,2,3,2,2700,1,1,1,0,2,1,1,2,1,0,2,0,0,1,4,0,1,2,1,1,1,4,1,1,2,2,1,1,0,0,3,6,2,3,1,2,1,2,1,33
1,0,1,3,2,72120,0,1,0,0,2,1,1,2,1,0,2,1,12,1,12,0,1,2,0,1,1,4,1,1,2,1,1,1,1,5,2,6,3,3,1,2,1,3,3,31
1,0,1,0,2,22081,0,1,1,2,2,1,3,2,0,1,2,0,0,1,4,0,1,2,2,1,1,4,1,1,2,1,0,3,1,5,2,3,3,3,1,1,1,3,4,34
1,2,3,3,2,18205,0,1,1,2,2,1,1,2,1,0,1,0,0,1,12,1,1,1,2,1,1,4,1,1,2,1,1,3,2,5,3,6,4,3,1,1,1,3,2,31
1,0,3,2,2,-1,0,1,0,0,2,1,3,2,0,1,1,0,0,1,6,1,1,0,1,1,1,4,1,0,2,1,1,1,1,0,2,6,4,3,1,3,1,3,2,34
0,0,0,2,2,108,0,1,0,0,2,1,3,2,1,0,2,0,0,1,12,1,1,1,0,1,1,4,1,1,2,1,1,3,1,0,2,6,3,3,1,1,1,3,3,33
1,2,2,2,2,-1,1,0,1,1,2,1,3,1,1,0,1,0,0,1,12,1,1,0,1,1,1,4,1,1,2,1,1,1,1,0,2,6,3,3,1,1,0,3,3,34
1,0,1,1,2,-1,0,1,1,1,2,1,2,2,0,1,1,0,0,1,4,1,0,1,1,4,1,4,0,1,1,1,1,0,1,0,2,0,1,2,1,2,1,3,1,19
0,0,1,2,2,6510,1,1,0,0,2,1,1,2,1,0,2,0,0,1,4,1,1,1,0,5,1,4,1,1,2,1,0,1,-1,0,2,6,2,3,1,2,3,3,1,31
1,0,1,0,2,-1,0,1,0,0,1,1,1,2,1,0,0,0,0,1,4,0,1,0,1,1,0,4,1,0,1,1,0,1,0,0,1,6,3,2,1,2,1,3,0,29
1,0,2,2,2,29371,1,1,0,0,2,1,3,2,1,0,1,0,0,1,6,0,1,2,1,1,1,4,1,0,2,1,0,1,1,0,3,6,4,3,1,1,3,3,3,33
1,0,2,3,2,-1,1,1,0,0,2,1,3,2,1,0,1,0,0,1,6,1,1,2,1,1,1,4,1,1,2,1,1,1,1,0,3,6,4,3,1,1,1,3,3,32
1,0,0,0,1,170,1,1,0,0,2,1,1,2,1,0,0,0,0,1,12,0,1,0,0,1,1,4,1,0,2,2,1,1,0,0,0,6,4,3,1,2,1,3,0,27
0,0,0,2,2,5734,0,0,0,0,2,1,1,2,1,0,2,0,0,1,12,0,1,1,2,1,1,4,1,0,2,1,1,1,-1,0,1,2,3,2,0,1,1,2,2,26
0,0,2,3,2,13804,0,0,2,2,2,1,1,1,1,0,2,0,0,1,8,1,1,0,0,1,0,4,1,1,2,1,1,1,-1,0,1,3,3,2,1,2,1,3,0,28
1,0,1,2,2,-1,1,1,1,1,2,1,1,2,1,0,2,0,0,1,12,0,1,1,1,1,1,4,1,1,2,1,1,1,-1,0,2,6,3,3,1,1,3,3,2,32
0,0,2,0,2,4710,1,1,0,1,2,1,3,2,1,0,1,0,0,1,12,1,1,1,2,1,1,4,1,1,2,1,1,1,1,1,2,6,4,3,1,1,1,3,2,31
0,2,2,2,2,25132,0,1,0,0,2,1,3,2,1,0,1,1,2,1,6,0,1,1,1,1,1,4,1,1,2,1,1,1,2,1,3,6,3,3,1,1,0,3,4,33
1,0,2,2,2,12017,0,1,0,2,2,1,3,1,1,0,2,0,0,1,3,0,1,1,2,1,1,4,1,1,2,1,1,1,1,5,3,6,4,3,1,3,1,3,4,32
0,1,2,3,2,1858,0,1,0,0,2,1,3,1,1,0,2,0,0,1,6,1,1,1,0,1,1,4,1,1,2,1,0,1,1,0,2,6,4,3,1,1,1,2,3,30
0,2,1,2,2,2406,0,1,1,2,2,1,1,1,1,0,1,1,2,1,4,0,1,0,1,1,1,4,1,1,2,1,1,1,-1,0,2,6,3,2,1,2,0,3,0,29
0,0,0,2,2,-1,1,1,1,2,2,1,1,2,1,0,1,0,0,1,12,0,1,0,1,1,1,4,1,1,2,1,1,1,1,0,2,6,3,2,1,2,1,3,2,33
1,0,2,2,2,5998,0,1,0,0,2,1,1,2,1,0,2,0,0,1,12,0,1,1,1,1,1,4,0,1,2,1,1,1,1,5,2,6,3,3,1,2,1,3,1,33
1,0,2,2,2,18396,1,1,0,0,2,1,1,1,0,1,2,0,0,1,12,0,1,0,1,1,0,4,1,0,2,1,1,3,-1,0,2,6,3,3,1,1,1,3,1,33
1,2,2,2,2,450,1,1,0,0,2,1,1,2,0,1,1,0,0,1,12,0,1,2,1,1,1,4,0,1,2,1,1,1,1,0,3,6,3,3,0,1,0,3,3,33
0,0,2,3,2,2973,1,1,0,0,2,1,1,1,1,0,2,0,0,1,12,0,1,0,2,1,1,4,1,1,2,1,1,1,-1,4,3,6,4,3,1,1,3,3,4,33
1,0,2,2,2,3069,1,1,0,0,2,0,0,0,0,1,2,1,3,1,2,1,1,2,0,4,0,4,1,1,1,1,1,0,0,0,0,6,3,2,1,2,1,3,2,30
0,0,2,2,2,4500,0,1,0,0,2,1,1,2,1,0,0,0,0,1,6,0,1,0,1,1,0,4,0,1,2,1,1,1,0,0,1,6,3,3,1,2,1,3,0,33
1,0,2,2,2,4137,0,1,2,0,2,1,1,1,0,1,0,0,0,1,4,0,1,1,1,1,1,3,1,1,2,1,1,1,0,0,1,6,3,3,1,3,1,3,0,33
0,0,0,1,2,6686,0,1,1,2,2,0,0,0,1,0,2,0,0,1,4,0,1,0,0,4,0,1,0,1,2,1,1,0,1,5,1,6,3,3,1,0,1,3,1,31
0,2,2,1,2,9603,0,1,1,1,2,1,1,2,1,0,2,0,0,1,6,0,1,0,1,1,1,4,1,1,1,1,0,1,1,0,1,6,3,3,1,3,3,3,2,32
0,2,2,3,2,15827,0,1,0,0,2,1,2,2,0,1,1,1,12,1,4,1,1,1,1,1,1,4,1,1,2,1,1,1,2,3,3,6,3,2,1,3,1,3,4,34
1,1,2,1,2,7199,1,0,1,1,2,1,3,2,0,1,2,0,0,1,4,1,1,0,0,4,1,4,1,0,2,2,1,1,2,5,1,6,3,2,1,1,1,3,4,33
0,0,2,0,2,9870,1,1,1,2,2,1,3,2,1,0,1,0,0,1,6,1,1,0,0,1,0,4,1,1,2,1,1,1,1,0,2,6,4,2,1,1,1,2,1,34
0,2,2,3,2,11508,0,1,0,0,2,1,3,2,1,0,1,0,0,1,12,1,1,2,0,1,1,4,1,1,2,1,1,1,2,2,3,6,3,3,1,1,1,3,4,31
0,2,2,1,2,330,0,0,1,2,2,1,3,2,1,0,3,0,0,1,12,1,1,2,1,1,1,4,1,1,2,1,1,1,2,4,3,6,3,3,1,1,3,3,4,33
0,1,1,0,1,1126,0,1,0,0,0,1,2,2,1,0,3,0,0,1,12,0,1,0,2,1,1,4,1,1,2,2,1,3,2,5,1,6,4,3,0,1,3,1,3,5
1,2,2,2,2,28587,0,1,1,2,2,1,3,2,1,0,1,1,1,1,12,1,1,0,2,1,1,4,1,1,2,1,1,1,1,0,2,5,3,3,1,1,1,3,4,28
0,0,0,1,2,0,0,1,1,0,2,0,0,0,1,0,1,1,1,1,4,1,1,2,1,4,0,4,1,0,1,1,1,0,1,0,1,6,3,2,1,1,3,3,4,28
0,0,1,1,2,-1,0,1,1,2,2,1,3,2,1,0,2,0,0,1,12,1,1,1,0,4,0,4,1,1,1,1,1,1,1,0,2,6,3,3,1,1,1,3,0,31
0,2,2,2,2,17111,0,1,0,0,2,1,3,2,1,0,2,1,4,1,6,0,1,0,1,1,1,4,0,1,2,1,1,1,1,5,3,6,3,3,1,1,0,2,1,31
0,2,2,2,2,11053,1,1,0,0,2,1,3,2,1,0,2,1,5,1,12,1,1,2,2,1,1,4,1,0,2,1,1,1,1,4,3,6,4,3,1,1,1,3,0,32
0,2,2,3,2,21306,1,1,0,0,2,1,3,1,1,0,1,0,0,1,6,0,1,2,2,1,1,4,0,1,2,1,1,1,-1,0,1,6,4,2,0,1,1,3,1,29
0,0,3,2,2,31452,1,1,1,2,2,1,3,2,1,0,2,0,0,1,12,1,1,1,1,1,1,4,1,1,2,1,1,3,1,0,2,6,3,3,1,1,3,3,3,33
0,2,1,2,2,8346,1,1,1,1,2,1,1,2,0,1,0,0,0,1,6,0,1,0,0,4,1,4,1,1,2,1,1,1,0,0,2,6,3,3,1,1,1,3,0,33
1,0,1,2,2,2999,0,1,2,2,2,1,3,1,0,0,2,0,0,1,4,1,1,1,0,4,1,2,1,1,1,2,0,1,1,0,1,5,4,2,1,2,1,1,3,32
0,2,2,3,2,46388,0,1,2,1,2,1,3,2,1,0,1,1,0,1,5,1,1,0,2,1,1,4,1,1,2,1,1,3,2,1,2,6,4,3,0,1,0,3,2,0
1,0,2,0,2,6741,1,1,0,0,2,1,1,2,1,0,1,1,1,1,4,0,1,1,2,1,1,4,1,1,2,1,1,1,1,0,3,6,4,3,1,1,1,3,2,34
1,2,2,2,2,0,0,1,2,2,2,1,1,2,0,1,2,0,0,1,12,0,1,2,2,1,1,4,1,1,2,1,1,2,1,0,1,6,4,3,0,1,1,3,2,33
0,1,0,0,1,1725,0,1,0,0,2,1,1,2,1,0,0,0,0,0,0,1,1,2,2,1,1,4,1,1,2,2,1,0,0,0,0,5,3,0,0,1,3,0,0,5
0,0,1,0,2,2017,1,0,0,0,2,1,1,1,0,1,0,0,0,1,12,0,1,0,0,1,0,4,0,1,2,1,0,1,0,0,1,6,3,3,1,2,3,3,0,31
0,0,0,2,2,4621,0,1,0,0,2,1,1,2,0,1,2,0,0,1,4,0,1,0,1,1,1,4,1,0,2,1,1,1,1,2,1,6,3,2,1,2,1,3,3,22
1,1,0,2,2,18381,0,0,0,1,1,1,1,2,0,1,2,0,0,1,12,0,1,1,1,1,1,4,1,1,2,1,0,1,2,5,2,6,3,3,1,1,1,3,2,29
0,0,2,0,2,7265,0,0,0,0,2,1,1,1,1,0,2,0,0,1,12,0,1,2,0,1,1,4,0,1,2,1,1,1,1,0,2,6,4,3,1,2,1,2,0,33
0,2,1,2,2,10395,1,1,0,0,2,1,1,2,1,0,2,0,0,1,12,0,1,2,0,1,1,4,1,0,2,1,1,3,0,0,1,6,4,2,1,1,3,3,0,27
1,0,0,1,2,14934,1,1,2,0,2,1,3,2,0,1,1,0,0,1,4,1,1,0,0,1,0,2,1,1,1,1,1,1,1,0,2,6,3,3,1,2,1,1,1,30
1,0,1,1,2,6424,0,1,3,2,2,1,3,2,0,0,2,0,0,1,4,1,1,2,0,4,0,4,1,1,1,1,1,1,-1,0,2,6,3,3,1,1,1,3,2,33
0,0,1,3,2,16,1,1,0,0,2,1,1,2,1,0,2,0,0,1,12,0,1,0,2,1,1,4,1,0,2,1,0,1,1,4,2,6,4,2,1,3,1,3,4,28
0,2,2,2,2,9511,0,1,2,1,2,1,1,2,1,0,0,0,0,1,4,0,1,0,0,4,1,4,1,0,2,1,1,1,0,0,3,6,3,3,1,2,1,3,0,34
0,0,1,1,2,20647,1,1,0,0,2,1,1,2,1,0,1,1,9,1,7,1,1,2,2,1,1,4,1,1,2,1,1,0,1,0,2,6,4,3,1,1,1,3,4,28
0,0,3,0,2,-1,1,1,1,2,2,1,1,2,1,0,2,1,1,1,12,0,1,1,2,1,1,4,1,1,2,1,1,1,1,5,2,6,4,2,1,2,1,3,1,34
1,0,2,3,2,11700,1,0,1,1,2,1,1,1,1,0,2,0,0,1,4,0,1,2,1,1,1,4,1,1,2,1,1,1,-1,0,1,6,3,3,1,1,0,3,0,32
1,0,1,2,2,12382,1,0,0,0,2,1,3,2,1,0,1,1,2,1,12,1,1,1,2,1,1,4,1,1,2,1,1,0,1,0,2,6,4,3,1,1,1,3,3,28
1,0,1,2,2,-1,0,1,1,2,2,1,3,2,1,0,2,1,12,1,12,0,1,0,2,1,1,4,1,1,2,1,1,3,1,2,3,6,3,3,1,1,0,3,4,33
1,0,2,3,2,35578,1,1,0,0,2,1,1,2,1,0,2,0,0,1,12,1,1,1,2,1,1,4,1,0,2,1,1,1,2,1,1,6,4,3,1,1,1,3,3,34
0,0,2,2,2,8591,0,0,0,0,2,0,0,0,0,1,1,0,0,1,11,1,1,2,0,1,1,4,1,1,2,1,1,0,-1,0,2,6,2,3,1,0,1,3,4,33
0,0,2,3,2,20,1,1,1,1,2,1,1,1,1,0,2,1,1,1,4,0,1,1,2,1,1,4,1,1,2,1,1,1,0,0,3,6,3,3,1,1,3,3,1,34
1,0,1,2,2,10583,0,1,1,1,2,1,3,1,1,0,1,0,0,1,12,1,1,1,0,1,1,4,1,1,2,1,1,1,1,0,3,6,4,3,1,1,1,3,4,33
0,2,2,3,1,-1,1,1,0,0,2,0,0,0,0,1,1,1,12,1,15,1,1,0,0,1,1,4,1,1,2,1,0,0,1,0,3,5,3,2,1,3,3,3,3,23
0,0,1,2,2,7885,1,1,0,0,2,1,3,1,1,0,2,1,3,1,4,1,1,0,2,1,1,4,1,1,2,1,1,1,1,0,3,6,3,3,1,1,1,3,4,32
1,2,1,3,2,24352,0,1,0,0,2,1,1,2,1,0,2,0,0,1,12,0,1,0,0,1,1,4,1,1,2,1,1,1,1,5,2,3,4,3,1,1,1,2,0,34
0,0,2,2,2,15450,0,1,0,2,2,1,3,1,1,0,1,0,0,1,3,1,1,1,0,1,1,4,1,1,2,1,1,1,1,0,3,6,4,2,1,3,0,3,1,34
1,0,0,1,2,31302,1,1,1,2,2,1,3,2,1,0,2,0,0,1,4,1,1,0,0,4,0,2,0,0,1,1,1,1,-1,0,2,6,3,3,1,2,1,3,0,30
0,2,0,3,2,833,0,1,0,0,2,1,3,1,1,0,1,0,0,1,4,1,1,0,1,1,1,4,1,1,2,1,0,1,2,5,2,6,3,2,1,1,1,3,3,33
0,2,2,3,2,10871,1,1,0,0,2,1,3,2,1,0,2,1,4,1,4,0,1,1,0,1,1,4,1,1,2,1,1,1,2,5,3,6,4,3,1,2,3,3,4,34
0,0,0,1,2,14774,1,1,0,0,2,1,1,2,0,1,2,0,0,1,4,0,1,2,0,4,0,0,0,0,1,2,1,1,0,0,1,6,3,2,1,2,1,2,2,34
0,0,0,1,2,60,0,1,1,1,2,0,0,0,0,0,1,0,0,1,4,1,1,1,0,1,0,2,0,1,1,2,0,0,-1,0,2,6,3,3,1,1,0,3,3,33
1,2,2,2,2,37382,0,1,0,0,2,1,3,2,1,0,2,1,3,1,12,1,1,1,2,1,1,4,1,0,2,1,1,1,2,5,2,6,4,3,0,1,1,3,4,34
0,0,3,3,2,0,1,1,0,0,2,1,1,1,1,0,2,1,2,1,12,0,1,1,2,1,1,4,1,1,2,1,1,1,1,4,3,6,4,3,1,1,3,3,3,33
0,0,2,2,2,-1,0,1,1,1,2,1,1,2,0,0,1,0,0,1,4,0,1,0,0,1,1,2,0,1,2,1,1,1,1,0,2,6,3,3,1,1,3,3,1,30
0,0,2,3,2,427,1,1,0,0,2,1,1,1,1,0,2,0,0,1,1,0,1,1,2,1,1,4,1,1,2,2,0,1,-1,0,3,6,3,3,1,1,0,2,0,32
0,2,2,0,2,19214,0,1,1,2,2,1,3,2,1,0,1,0,0,1,3,1,1,1,2,1,1,4,1,1,2,1,1,1,1,0,0,6,4,3,0,3,1,3,1,31
1,0,1,2,2,32783,1,1,1,2,2,1,1,2,1,0,2,1,2,1,2,0,1,2,2,1,1,4,1,1,2,1,1,2,-1,0,3,6,4,3,1,1,0,3,4,34
1,0,1,2,2,8074,0,0,1,0,2,1,1,2,1,0,0,0,0,1,6,0,1,0,1,1,1,4,0,0,2,1,0,1,0,0,3,6,2,3,1,2,1,3,0,34
1,0,2,1,2,12620,1,1,0,0,0,1,3,1,0,0,2,1,1,0,0,0,1,2,2,4,0,4,1,1,1,1,1,1,1,0,2,6,3,3,1,1,0,3,4,31
0,0,2,1,2,177,0,1,1,0,2,1,3,2,1,0,0,0,0,1,12,0,1,0,0,1,1,4,1,1,1,2,1,3,0,0,2,6,3,2,1,2,1,3,0,33
0,2,2,3,2,14645,1,1,0,0,2,1,3,2,1,0,1,0,0,1,6,1,1,0,1,1,1,4,1,1,2,1,1,1,2,5,2,6,4,3,1,1,1,3,2,29
1,2,2,2,2,27892,1,1,1,2,2,1,1,1,1,0,1,0,0,1,4,0,1,0,1,1,1,4,1,1,2,1,1,1,1,0,2,6,3,3,1,1,1,3,1,34
0,0,0,1,2,874,0,1,0,0,2,1,3,1,0,0,1,0,0,1,4,1,1,2,0,2,0,1,0,1,1,1,0,1,-1,0,2,3,3,2,1,0,1,1,2,27
0,2,0,0,2,19063,0,1,0,0,2,1,3,1,0,1,1,1,4,1,4,0,1,1,2,4,1,4,1,1,2,1,1,1,2,4,2,6,4,3,0,1,1,3,3,28
1,2,1,2,2,30225,0,1,0,0,2,1,3,2,1,0,2,0,0,1,6,0,1,1,1,1,1,4,1,1,2,1,1,3,1,3,3,6,3,3,1,3,1,3,3,32
0,0,0,1,2,-1,0,1,0,0,2,1,1,2,0,0,2,1,4,1,4,0,1,1,0,1,0,4,1,0,1,1,0,1,1,0,2,6,4,3,1,2,1,3,2,31
1,2,2,2,2,10849,0,1,1,1,2,1,3,2,1,0,1,0,0,1,12,1,1,1,1,1,1,4,1,1,2,1,1,1,2,1,3,6,4,3,1,1,1,3,3,34
1,0,1,2,2,13455,0,1,1,1,0,1,3,2,1,0,1,0,0,1,12,1,1,1,1,1,1,4,1,1,2,1,1,1,1,0,2,6,4,3,1,3,1,3,3,30
0,0,2,3,2,5641,0,1,1,1,2,1,3,1,1,0,1,0,0,1,12,0,1,1,2,1,1,4,1,1,2,1,1,1,1,2,2,6,3,3,1,3,1,3,2,31
1,0,1,1,2,5971,1,1,1,1,2,0,0,0,1,0,1,0,0,1,4,0,1,0,1,1,0,4,1,1,1,1,1,0,1,0,2,6,3,3,1,2,0,3,1,32
1,2,1,2,2,21259,0,1,2,0,2,1,1,1,0,0,1,0,0,1,12,0,1,2,1,1,1,4,1,1,2,1,1,1,-1,0,2,6,2,3,1,2,3,3,3,27
1,0,2,2,2,-1,0,0,0,2,2,1,3,1,0,0,1,0,0,1,4,0,1,0,2,1,1,4,1,1,2,1,0,1,1,3,3,6,3,3,1,1,1,3,1,34
1,0,2,2,2,1689,0,1,1,2,2,1,3,2,1,0,1,0,0,1,12,1,1,1,1,1,1,4,1,0,2,1,1,1,1,0,3,5,2,3,1,1,1,3,1,34
0,0,2,2,2,4709,0,1,0,0,2,1,1,1,1,0,1,0,0,1,12,0,1,1,1,1,1,4,1,1,2,1,0,3,1,1,3,6,3,3,1,1,1,3,2,28
0,2,2,2,2,-1,0,1,1,1,2,1,1,2,1,0,2,0,0,1,12,1,1,0,2,1,1,4,1,1,2,1,1,2,0,0,2,5,3,3,1,1,3,3,1,34
0,2,3,2,2,1256,0,1,0,0,2,1,3,1,1,0,1,0,0,1,12,1,1,0,2,1,1,3,1,1,2,1,1,3,-1,0,3,6,4,3,1,1,0,3,4,29
1,0,0,2,2,466,0,1,1,1,2,0,0,0,0,1,1,0,0,1,4,1,0,0,1,2,1,4,1,1,1,1,0,0,1,0,1,6,1,2,1,2,3,3,2,33
0,0,1,3,2,26113,0,0,1,2,2,1,3,2,1,0,1,0,0,1,6,1,1,2,2,1,1,4,1,1,2,1,1,1,2,5,2,6,3,3,1,3,1,3,2,31
0,2,2,2,2,10113,0,1,1,1,2,1,3,2,1,0,3,0,0,1,12,0,1,1,2,1,1,4,1,1,2,1,1,1,1,0,1,6,4,3,0,1,1,3,3,33
0,2,1,3,2,12975,1,1,0,0,2,1,3,2,1,0,1,0,0,1,12,1,0,1,2,1,1,4,1,0,2,1,1,1,2,5,3,6,1,3,1,3,1,3,3,34
0,2,2,2,2,14789,0,1,0,0,2,1,3,2,1,0,1,0,0,1,12,1,1,1,0,1,1,4,1,1,2,1,0,1,2,5,2,6,4,3,0,2,1,3,3,34
1,0,0,1,2,10541,1,1,1,1,2,1,1,2,1,0,2,0,0,1,12,0,1,1,0,2,0,1,0,1,1,2,1,1,1,3,1,6,3,3,1,0,1,3,4,25
1,0,3,3,2,10811,1,1,1,1,2,1,1,2,1,0,1,0,0,1,6,0,1,1,2,1,1,4,1,1,2,1,1,3,2,1,3,6,4,3,1,3,1,3,4,32
1,2,1,2,2,22674,0,1,1,2,2,1,3,1,1,0,2,0,0,1,12,1,1,2,2,1,1,4,1,1,2,1,1,3,2,2,2,6,4,3,1,3,1,3,4,33
0,0,2,0,2,9398,0,1,0,1,2,1,1,1,1,0,2,0,0,1,12,0,1,1,0,1,1,4,1,1,2,1,0,1,0,0,2,3,4,3,1,1,1,3,3,28
0,0,2,3,2,2779,1,1,1,1,2,1,1,2,0,1,1,0,0,1,12,1,1,1,2,1,1,4,0,1,2,1,1,1,1,0,3,6,3,2,1,3,3,3,1,32
0,0,1,2,2,-1,0,1,0,0,2,1,1,2,0,1,2,0,0,1,4,0,1,1,1,1,0,4,1,1,2,1,0,1,1,0,1,6,4,2,1,0,1,3,2,25
0,0,3,2,2,6431,0,1,0,0,2,1,1,1,1,0,0,0,0,1,4,0,1,0,1,1,1,4,1,1,2,1,0,1,0,0,3,6,4,2,1,1,1,3,0,28
0,0,1,3,2,6676,0,1,1,2,2,1,1,1,1,0,2,0,0,1,4,0,1,2,1,1,1,4,1,1,2,1,1,1,0,0,3,6,3,3,1,3,1,3,1,32
1,2,1,2,1,5845,0,1,0,0,2,1,3,2,0,0,2,0,0,1,12,0,1,0,0,1,1,4,1,1,2,2,1,0,0,0,3,6,3,3,0,1,1,3,0,33
1,2,2,3,1,19959,1,1,0,0,2,1,3,2,1,0,2,1,4,1,12,1,1,0,2,1,1,4,1,1,2,1,1,1,1,5,2,6,3,3,1,1,1,3,2,34
1,0,2,2,2,2159,0,1,0,0,2,1,2,1,0,0,2,0,0,1,6,1,1,1,2,1,1,4,1,1,2,1,0,1,1,3,0,6,2,3,0,3,1,2,2,34
1,0,3,2,2,36248,0,1,1,2,2,1,3,2,1,0,1,0,0,1,12,0,1,1,0,1,1,4,1,1,2,1,1,1,2,4,3,6,3,3,1,3,1,3,4,31
0,0,4,1,2,3632,0,1,0,0,2,1,3,2,1,0,1,0,0,1,3,1,1,1,1,1,1,4,1,1,2,2,1,1,1,0,3,6,3,3,1,3,1,3,3,34
0,0,1,0,2,1611,0,1,1,2,2,1,3,1,1,0,1,1,1,1,12,0,1,0,2,1,1,4,1,1,2,1,1,1,1,0,3,6,4,2,1,1,1,3,2,27
1,1,1,2,2,12502,0,1,1,2,2,1,1,2,1,0,2,1,12,1,12,0,1,1,0,1,1,4,1,1,2,1,0,3,-1,0,2,6,4,3,1,1,1,3,1,29
1,1,0,1,2,11524,0,1,0,0,2,1,3,1,1,0,2,0,0,1,12,1,1,2,1,1,1,4,1,1,2,1,1,1,1,0,2,6,3,3,1,2,1,3,3,34
0,2,2,2,2,4413,1,1,0,0,2,1,1,2,1,0,0,0,0,1,0,0,1,0,0,1,1,4,1,0,2,1,1,1,0,0,3,6,4,3,1,1,1,3,0,33
0,0,2,0,2,750,0,1,0,0,2,1,3,1,1,0,2,0,0,1,12,0,1,2,0,1,1,4,1,0,2,1,1,1,1,1,3,6,3,3,1,1,3,3,2,28
1,0,2,3,2,16389,1,1,0,0,2,1,1,2,0,1,0,1,20,1,12,0,1,0,1,1,1,4,1,1,2,1,1,1,0,0,3,6,3,3,1,0,0,3,0,34
0,2,2,2,2,-1,0,1,0,0,2,1,1,1,0,0,0,1,1,1,0,0,0,0,2,1,1,4,1,1,2,2,1,1,0,0,1,6,1,2,0,1,1,3,0,34
0,0,2,2,2,23037,0,1,0,0,2,1,1,2,1,0,0,0,0,1,10,0,1,0,2,1,1,4,1,1,2,1,1,1,0,0,2,6,4,3,1,3,1,2,0,32
0,0,0,3,2,4158,0,1,0,0,2,1,3,2,1,0,2,0,0,1,4,1,1,0,0,1,1,4,1,0,2,1,1,1,1,0,1,6,2,2,1,0,1,3,1,33
1,0,1,1,2,18621,0,1,1,2,2,1,1,2,1,0,2,0,0,1,8,1,1,1,1,4,0,4,1,1,1,2,1,1,1,0,3,6,3,2,1,1,1,3,3,33
0,2,0,1,2,252,0,1,0,0,2,1,1,2,1,0,0,0,0,1,12,0,1,0,0,1,0,4,1,1,2,1,1,3,0,0,2,6,3,2,1,1,3,3,0,27
0,2,3,0,1,-1,0,1,1,2,2,1,2,2,1,0,1,1,9,0,0,1,1,0,2,1,1,4,1,1,2,1,1,2,2,1,2,6,3,3,0,3,1,3,4,0
0,1,0,2,2,11422,0,1,0,1,1,1,1,2,1,0,2,0,0,1,12,0,1,1,1,1,1,4,1,1,2,1,1,1,1,4,3,6,2,3,1,1,1,3,1,29
1,0,2,1,2,1509,1,1,0,0,2,1,1,2,1,0,2,1,2,1,12,0,1,1,2,4,1,4,0,1,1,1,1,1,1,0,3,3,3,2,1,1,0,1,3,29
1,0,1,1,2,10681,1,1,2,0,2,1,1,2,1,0,2,0,0,1,11,0,1,1,2,1,1,4,1,1,1,1,1,1,-1,0,3,6,4,3,1,1,1,3,0,33
1,0,0,1,2,1006,0,1,0,0,2,1,1,2,1,0,2,0,0,1,12,0,1,0,0,1,0,2,0,1,2,1,1,1,0,0,3,2,3,3,1,2,3,0,0,32
1,0,1,2,2,5297,1,0,0,0,2,1,1,1,0,0,2,0,0,1,4,0,1,0,1,1,1,4,1,1,2,1,1,3,-1,0,3,6,4,3,1,2,3,3,0,32
1,0,2,1,2,316,1,1,1,1,2,1,1,1,1,0,1,1,1,1,12,1,1,1,0,4,0,3,1,1,2,1,1,1,1,0,3,6,3,3,1,1,1,3,4,29
0,2,0,0,2,2598,1,0,0,0,2,1,3,1,1,0,2,0,0,1,12,0,1,0,1,4,0,1,1,1,1,1,0,1,1,2,1,6,3,3,1,1,1,3,0,25
1,2,2,2,2,128,0,1,5,0,2,1,3,1,1,0,1,0,0,1,10,0,1,0,0,1,1,4,1,1,2,1,1,1,1,0,2,6,4,3,0,3,1,3,0,34
0,0,2,2,2,25447,0,1,1,1,2,1,1,2,1,0,0,0,0,1,12,0,1,1,0,1,1,4,1,1,2,1,0,1,0,0,3,6,3,3,1,2,1,3,0,34
1,0,2,2,2,-1,0,1,0,0,2,1,1,1,0,0,0,1,6,1,6,0,1,0,0,1,1,4,1,1,2,1,1,1,0,0,3,5,3,2,1,1,1,3,0,28
1,0,1,1,2,13835,1,1,1,2,2,1,2,1,0,0,2,0,0,1,6,1,1,1,1,1,1,4,1,0,1,1,0,2,1,4,3,6,4,3,1,3,0,3,4,30
1,0,0,0,2,0,0,0,0,0,2,1,1,2,1,0,1,1,3,1,0,0,1,1,0,1,0,3,0,1,1,2,1,1,-1,0,0,6,3,2,1,2,1,3,2,30
1,2,2,3,2,0,1,1,1,1,2,1,3,2,0,1,1,1,0,1,4,1,1,1,1,1,1,4,1,1,2,1,1,1,1,0,3,6,4,3,1,1,1,3,3,31
1,2,2,2,1,1799,0,1,1,2,2,1,3,1,0,1,1,0,0,1,4,1,1,0,2,1,1,4,1,1,2,1,0,1,2,3,3,6,4,3,1,0,3,3,4,31
0,0,3,2,2,10559,1,1,0,0,2,1,3,2,1,0,1,1,12,1,12,1,1,1,2,1,1,4,1,1,2,1,1,1,1,0,2,6,4,3,1,1,2,3,3,33
1,2,1,3,2,32550,0,1,0,0,2,1,3,2,1,0,2,1,1,1,12,1,1,1,2,1,1,4,1,1,2,1,1,1,1,5,2,6,3,3,0,1,1,3,4,34
0,0,0,0,2,6028,1,0,0,0,1,1,1,2,1,0,1,0,0,1,5,1,1,1,0,4,0,1,1,1,1,1,1,1,1,0,1,6,1,2,1,0,1,1,2,30
0,0,1,3,2,9784,1,0,2,1,2,1,3,1,1,0,1,0,0,1,6,0,1,1,2,1,1,4,0,1,2,1,1,1,1,0,2,6,4,3,1,1,1,3,4,30
1,2,2,1,2,11844,1,0,1,1,2,1,1,2,1,0,0,0,0,0,0,0,1,2,2,5,1,4,1,1,2,1,1,1,0,0,3,6,3,3,1,1,3,1,0,34
0,0,0,1,2,8869,0,0,1,1,2,1,1,2,1,0,0,0,0,1,12,0,1,0,0,1,1,4,1,1,2,1,1,1,0,0,2,6,3,3,1,0,3,3,0,33
0,1,2,3,1,64886,0,1,0,1,2,1,3,1,0,1,1,1,4,1,4,0,1,2,0,1,0,4,0,1,2,1,1,1,2,5,3,5,3,3,1,1,3,3,2,31
1,0,2,2,2,8962,1,1,1,0,2,1,1,1,1,0,2,1,4,1,4,0,1,2,0,1,1,4,1,1,2,2,1,1,1,3,1,6,3,2,1,2,1,3,1,22
0,0,0,0,2,-1,0,1,1,2,2,1,3,1,0,0,2,0,0,1,5,1,1,2,0,4,0,2,0,1,1,2,1,1,1,0,2,6,2,2,1,0,0,1,1,33
0,2,0,1,2,0,0,1,1,1,2,1,1,1,0,0,2,0,0,1,4,0,1,2,0,1,0,4,1,0,1,1,0,1,1,1,2,6,3,2,1,2,1,1,2,25
1,0,1,1,2,0,0,1,0,0,2,1,1,2,1,0,2,0,0,1,3,0,1,1,0,1,0,2,0,1,2,2,0,3,-1,0,3,6,4,3,1,2,1,3,0,34
1,0,2,2,2,61361,0,1,2,2,2,1,3,1,1,0,2,0,0,1,12,0,1,1,1,1,1,4,1,1,2,1,1,0,1,0,3,6,4,3,1,0,0,3,2,25
0,2,2,2,2,47456,0,1,0,0,2,1,3,2,1,0,1,1,12,1,12,1,1,1,2,1,1,4,1,1,2,1,1,1,1,4,2,6,3,2,1,1,3,3,3,33
0,0,2,1,2,5748,1,0,0,0,2,1,3,1,1,0,1,0,0,1,4,1,1,1,1,4,1,4,1,1,2,1,1,1,-1,0,2,3,2,2,1,2,1,3,2,34
1,0,2,2,2,9347,0,1,0,0,2,1,3,2,0,1,2,0,0,1,12,1,1,0,1,1,0,4,1,0,2,2,1,1,2,2,2,6,4,3,1,2,3,3,2,30
0,2,1,1,2,3884,0,1,0,0,2,1,1,2,1,0,2,0,0,1,5,0,1,0,1,1,1,4,0,1,2,1,1,1,-1,0,1,6,3,3,1,1,1,3,0,24
0,0,2,3,2,19979,1,1,2,2,2,1,1,2,1,0,2,0,0,1,6,0,1,2,1,1,1,4,1,1,2,1,1,1,2,3,1,6,4,2,1,1,1,3,4,33
0,0,0,0,2,12914,0,1,0,0,1,1,3,2,1,0,1,1,11,1,11,1,1,1,2,1,1,4,1,1,2,1,1,3,-1,5,2,6,2,3,1,3,1,3,2,31
0,2,1,3,2,25083,1,1,0,0,2,1,1,2,1,0,0,1,1,1,4,0,1,1,2,1,1,4,1,0,2,1,1,3,0,0,2,6,3,3,0,1,1,3,0,34
0,0,2,0,2,19756,0,1,0,2,2,1,3,1,1,0,2,0,0,1,4,1,1,0,2,1,1,4,1,0,2,1,1,3,1,3,2,6,3,3,1,1,0,2,4,32
0,0,0,1,2,0,1,1,1,1,2,0,0,0,0,0,1,0,0,1,4,0,1,1,0,4,0,3,0,1,1,2,1,0,1,0,2,6,4,2,1,2,1,1,2,33
0,0,2,1,2,14265,0,1,0,0,1,1,1,2,1,0,0,0,0,1,3,0,1,0,0,1,0,4,0,1,2,1,0,1,0,0,2,6,3,2,1,2,2,2,0,32
0,0,1,3,2,9580,1,1,0,0,2,1,1,2,1,0,2,0,0,1,6,0,1,1,2,1,1,4,1,1,2,1,1,1,1,2,2,6,4,2,1,1,1,3,4,32
0,2,1,3,2,13324,1,1,0,0,2,1,1,1,0,1,0,0,0,1,12,0,1,0,0,1,1,4,1,1,2,1,1,3,0,0,2,6,4,3,1,1,1,3,0,27
0,2,1,0,2,301,1,1,0,0,2,1,3,2,1,0,1,1,12,1,12,0,1,2,2,1,1,4,1,1,2,1,1,1,1,0,3,5,3,3,1,1,3,3,2,33
0,0,3,3,2,11008,0,1,0,0,2,1,3,2,1,0,1,0,0,1,12,1,1,1,2,1,1,4,1,1,2,1,1,1,1,0,2,6,4,2,1,1,3,3,3,34
0,1,0,0,1,655,0,1,0,0,0,1,3,2,1,0,1,1,6,1,24,0,1,0,2,1,1,4,1,1,2,2,1,0,2,4,0,6,4,0,0,1,3,1,3,5
1,0,1,1,2,5306,0,1,0,0,2,1,1,2,1,0,2,0,0,1,4,0,1,1,0,4,0,4,1,1,1,1,1,1,-1,0,2,6,3,3,1,2,0,3,1,31
1,2,2,3,2,7675,1,1,0,2,2,1,3,2,1,0,2,1,2,1,12,1,1,2,2,1,1,4,1,1,2,1,1,1,1,1,3,6,4,3,0,3,3,3,3,29
0,0,1,2,2,2224,0,1,0,0,2,0,0,0,0,0,0,0,0,1,4,0,1,0,1,2,0,4,1,1,2,1,1,0,0,0,2,6,4,2,1,2,0,3,0,29
1,0,2,2,2,18469,0,1,1,2,2,1,1,2,1,0,2,0,0,1,6,0,1,1,1,1,0,4,1,1,2,1,0,1,1,1,2,6,2,3,1,2,3,3,1,33
0,0,1,2,2,7662,1,0,0,0,2,1,1,2,1,0,0,0,0,1,3,0,1,0,0,1,1,4,1,1,2,1,1,1,0,0,1,6,4,2,1,1,1,3,0,34
0,2,2,3,1,18549,1,0,1,2,2,1,3,1,1,0,3,0,0,1,12,0,1,0,1,1,1,4,1,0,2,1,1,1,1,3,1,6,3,2,0,0,3,1,3,32
0,2,1,3,2,7478,1,1,0,2,2,1,3,2,1,0,1,0,0,1,12,0,1,0,2,1,1,4,1,1,2,1,1,1,1,5,3,6,4,3,1,1,1,3,0,31
0,0,2,2,2,797,0,1,0,0,2,1,1,2,1,0,2,0,0,1,6,0,1,1,2,1,1,4,1,1,2,1,0,1,2,4,3,6,3,3,1,1,1,3,2,28
1,0,2,3,2,220,1,1,0,0,2,1,1,2,1,0,2,0,0,1,4,0,1,0,2,1,1,4,1,1,2,1,1,1,2,5,3,6,4,3,1,1,1,3,0,34
0,0,2,3,2,18964,0,1,0,1,2,1,1,2,1,0,1,0,0,1,6,0,1,2,2,1,1,4,1,1,2,1,1,1,0,0,2,6,4,2,1,1,1,3,0,32
1,0,2,3,2,15568,0,1,0,0,2,1,1,1,1,0,0,0,0,1,3,0,1,0,1,1,1,4,1,1,2,1,1,1,0,0,2,6,4,3,1,3,3,3,0,32
0,2,2,1,2,11494,0,1,0,0,2,1,1,2,0,1,1,0,0,1,12,0,1,0,0,4,0,4,1,1,1,1,1,1,1,0,0,6,3,2,1,1,1,3,0,31
1,0,2,1,2,-1,0,1,0,0,2,1,3,2,0,0,2,0,0,1,8,0,1,2,0,4,1,2,1,1,1,1,1,1,-1,0,2,6,4,2,1,1,0,2,4,33
0,0,2,2,2,7351,0,1,0,0,2,1,1,2,0,1,2,0,0,1,4,0,1,1,0,1,1,4,1,1,2,1,0,1,0,0,1,6,3,2,1,2,1,3,0,22
0,2,2,3,1,14149,1,1,2,2,2,1,3,1,1,0,1,0,0,1,10,1,1,1,2,1,1,4,1,1,2,1,1,3,2,2,3,6,3,3,0,3,1,3,2,34
1,0,1,2,2,19735,0,1,1,1,2,1,3,2,1,0,2,1,12,1,12,1,1,1,1,1,1,3,1,1,2,1,1,0,1,0,2,6,3,3,1,2,1,3,4,30
1,0,2,2,2,12502,0,1,1,1,2,1,1,1,1,0,1,0,0,1,12,1,1,1,2,1,1,4,1,1,2,1,0,1,1,0,3,6,3,3,1,2,1,3,4,25
0,2,1,2,1,16741,1,1,1,2,2,1,3,1,1,0,1,0,0,1,6,0,1,0,2,1,1,4,1,1,2,1,1,3,2,4,3,6,4,3,0,1,1,3,2,32
1,2,2,3,2,19590,1,1,0,0,2,1,1,2,0,1,1,0,0,1,12,0,1,1,2,1,1,4,1,1,2,1,1,2,1,0,3,6,4,3,0,1,1,3,2,32
0,0,2,2,2,9000,0,1,0,0,2,1,1,2,1,0,2,0,0,1,12,0,1,1,0,1,1,4,1,1,2,1,1,1,1,5,0,6,3,2,1,2,3,2,1,27
0,1,0,0,1,19981,0,1,0,0,2,1,1,2,1,0,1,0,0,1,4,0,1,0,2,1,1,4,1,1,2,2,0,1,2,5,0,6,3,0,0,0,1,1,4,0
0,0,2,0,1,14398,1,1,1,2,2,1,3,2,1,0,1,0,0,1,21,1,1,1,1,1,1,4,1,1,2,1,1,1,1,0,3,6,3,3,0,0,1,3,4,32
0,0,2,3,2,23942,1,1,0,0,2,0,0,0,0,1,1,0,0,1,5,0,1,1,2,1,1,4,1,1,2,1,1,0,0,0,3,6,4,2,1,1,1,3,0,32
1,0,2,2,2,8848,0,1,1,2,2,1,3,1,1,0,2,0,0,1,12,1,1,0,2,1,1,4,1,0,2,1,1,1,2,2,2,6,4,2,1,0,1,3,3,32
1,0,2,2,1,34293,0,1,1,1,2,0,0,0,0,0,1,0,0,1,4,0,1,1,0,1,1,4,1,1,2,1,1,0,1,0,3,6,3,3,1,1,3,3,4,33
0,0,2,2,2,7625,0,1,0,1,2,1,1,2,1,0,2,1,2,1,6,0,1,1,1,1,1,4,1,0,2,1,1,1,-1,0,2,6,4,2,1,1,1,3,0,0
0,2,1,2,2,19864,0,1,1,2,2,1,3,2,1,0,2,1,2,1,12,1,1,2,0,1,1,4,1,1,2,1,1,1,2,1,1,6,3,3,1,2,1,3,4,34
1,0,1,2,2,17472,1,1,0,0,2,1,3,1,1,0,1,0,0,1,12,1,1,0,1,4,1,4,1,1,2,1,1,1,1,0,1,6,3,3,1,2,1,3,1,34
1,0,2,2,2,12207,0,0,0,0,2,1,3,2,1,0,1,0,0,1,4,0,1,1,0,1,1,4,1,1,2,1,1,1,1,0,3,6,4,3,1,2,1,3,1,33
1,0,3,1,2,18,1,1,1,2,2,1,3,1,1,0,2,0,0,1,4,0,1,1,1,1,0,2,0,1,1,1,0,1,0,0,1,6,4,2,1,2,3,1,1,32
0,0,2,2,2,3562,0,1,0,0,1,0,0,0,1,0,1,1,1,1,1,1,1,1,1,1,0,4,0,1,1,1,1,0,1,0,3,5,4,3,1,2,1,2,4,30
1,0,2,1,2,0,1,0,0,0,2,1,3,1,1,0,1,0,0,1,12,0,1,2,0,1,1,4,1,1,1,2,1,1,1,0,1,6,3,2,1,2,1,3,1,32
0,0,3,3,2,-1,1,1,0,0,2,1,1,2,1,0,2,1,12,1,12,0,1,0,2,1,1,4,1,1,2,1,0,1,2,2,2,5,3,3,1,3,3,3,2,33
1,0,2,2,2,8982,0,1,1,1,2,1,1,1,0,1,2,0,0,1,12,1,1,0,1,1,1,4,1,1,2,1,1,1,1,1,3,6,4,3,1,1,3,3,2,25
0,0,0,1,2,3245,0,0,0,0,2,1,1,1,0,0,1,0,0,1,4,0,1,1,0,2,0,0,1,1,2,1,1,1,0,0,0,6,2,2,1,1,3,3,4,33
0,0,2,0,2,13374,0,1,0,2,0,1,3,1,0,1,2,0,0,1,4,1,1,1,0,1,1,4,0,1,2,1,1,3,1,3,2,6,4,2,1,2,3,3,0,32
0,1,2,1,2,603,0,1,1,2,2,1,3,2,0,0,2,0,0,1,4,1,1,1,0,1,1,2,1,1,1,2,1,1,-1,0,2,6,3,2,1,1,1,3,3,32
0,0,1,2,2,10005,0,1,2,2,2,1,1,2,1,0,2,1,2,1,3,0,1,0,0,1,1,4,1,0,2,1,1,1,1,4,2,6,3,2,1,1,1,2,1,32
0,2,2,3,2,24916,0,1,0,0,2,1,3,1,0,1,1,0,0,1,4,0,1,0,2,1,1,4,1,1,2,1,1,3,2,3,1,6,3,3,1,0,1,3,4,34
1,2,2,3,2,173,1,0,4,0,2,1,3,2,1,0,1,1,4,1,4,1,1,1,2,1,1,4,1,1,2,1,1,1,2,3,2,6,4,3,0,1,1,3,4,34
1,2,3,3,2,-1,1,1,0,0,2,1,1,2,1,0,1,1,4,1,4,1,1,0,2,1,1,4,1,1,2,1,1,1,1,0,3,6,4,3,1,1,1,3,2,31
0,2,1,3,2,11209,1,1,0,0,2,1,3,2,1,0,1,0,0,1,12,1,1,0,1,1,1,4,1,1,2,1,1,1,1,0,3,6,3,3,1,3,1,3,1,33
1,0,2,1,2,14897,1,0,3,2,2,1,3,2,1,0,2,0,0,1,12,0,1,1,1,1,1,4,1,1,2,1,1,1,-1,0,3,6,3,3,1,2,0,3,1,34
1,0,1,1,2,434,1,1,1,2,2,1,3,1,0,0,1,0,0,1,12,1,1,2,1,1,1,4,1,1,1,1,0,3,1,0,3,6,4,3,1,2,0,3,4,31
0,0,0,2,2,-1,1,1,0,0,2,1,1,1,0,0,2,1,3,1,6,0,1,0,0,1,1,4,1,0,2,1,0,1,1,0,3,6,3,3,1,3,1,3,2,34
1,2,2,2,2,10514,0,0,0,0,2,1,3,2,1,0,1,1,12,1,12,1,1,0,1,1,0,4,1,0,2,1,1,1,2,1,2,6,4,3,1,0,1,3,4,33
1,0,2,0,2,27317,0,1,2,0,2,1,1,1,1,0,2,0,0,1,12,0,1,1,1,1,1,4,1,1,2,1,0,1,-1,1,1,6,3,3,1,0,3,3,1,34
1,2,1,2,2,7719,0,1,1,1,2,1,1,1,0,0,2,0,0,1,6,0,1,1,1,1,1,4,1,0,2,2,1,1,0,0,1,6,3,3,1,2,3,3,0,30
1,2,3,0,2,17717,0,0,0,0,2,1,3,1,1,0,1,1,1,1,6,0,1,1,2,1,1,4,1,1,2,1,1,1,2,1,1,6,4,3,0,1,1,3,4,28
1,0,2,1,2,15379,0,1,0,0,2,1,1,1,0,1,2,0,0,1,10,1,1,0,0,1,0,4,0,1,2,1,1,1,-1,0,3,6,4,2,1,1,0,3,4,29
0,0,2,3,2,13899,0,1,1,1,2,1,1,2,0,1,2,0,0,0,0,0,1,0,1,1,1,4,1,1,2,1,1,1,1,5,3,6,4,3,1,1,1,3,2,0
0,0,2,1,2,9460,0,1,0,1,2,1,3,2,0,0,2,0,0,1,4,0,1,0,0,4,0,4,0,1,1,1,1,1,1,0,2,6,3,3,1,0,1,3,2,33
1,0,3,3,2,659,1,1,1,2,2,1,3,1,1,0,2,0,0,1,24,0,1,1,2,1,1,3,1,1,2,2,1,1,1,4,3,6,4,3,1,3,1,2,2,32
0,2,2,1,2,11200,0,1,2,2,2,1,3,2,1,0,1,0,0,1,12,1,1,2,2,1,1,4,1,1,2,1,1,3,2,5,1,6,4,3,1,1,1,3,4,33
0,0,0,0,2,21438,0,1,1,2,2,1,1,2,0,1,2,0,0,1,6,0,1,0,0,1,1,4,1,1,2,1,0,3,1,2,3,6,3,2,1,3,3,3,3,32
1,0,2,2,2,16378,0,1,1,2,2,1,1,2,1,0,2,0,0,1,6,0,1,1,1,1,1,4,1,0,2,1,1,1,1,5,3,6,4,3,1,2,2,3,2,33
0,0,1,2,2,16677,0,1,0,0,2,1,1,1,1,0,2,0,0,1,12,0,1,1,0,1,1,4,1,1,2,1,1,1,1,4,2,6,4,3,1,3,1,3,0,34
0,0,2,2,2,757,0,1,0,0,2,1,1,1,1,0,1,1,4,1,8,1,1,0,2,1,1,4,1,1,1,1,0,1,0,0,2,6,4,3,1,3,3,3,0,32
1,0,0,2,2,13035,0,0,0,0,2,1,3,2,1,0,2,0,0,1,4,0,1,2,1,2,1,4,1,1,2,1,0,1,-1,0,3,6,3,3,1,3,1,3,4,33
0,0,4,2,2,30414,1,1,0,0,2,1,3,2,1,0,2,0,0,1,12,0,1,0,1,1,1,4,1,1,2,1,1,1,1,0,2,6,4,3,1,1,3,3,2,33
1,0,2,3,2,17200,1,1,1,0,2,1,3,2,1,0,1,1,2,1,12,0,0,1,1,1,1,4,1,1,2,1,1,1,1,0,3,6,1,2,1,2,1,3,2,33
0,0,2,3,2,4669,0,0,0,0,2,1,1,2,0,1,2,0,0,1,12,0,1,1,2,1,1,4,1,1,2,1,1,3,-1,0,1,6,3,3,1,1,1,3,0,28
0,0,2,1,2,5748,1,1,1,2,2,1,1,2,0,1,1,0,0,1,4,0,1,1,0,1,1,4,1,1,2,1,1,1,1,0,2,6,3,3,1,3,0,3,2,34
1,0,2,2,2,6264,0,0,0,0,2,1,1,2,1,0,1,0,0,1,12,0,1,1,0,4,1,4,1,1,2,1,1,1,1,0,2,6,4,3,1,1,1,3,2,33
0,0,2,2,2,4426,0,1,0,0,2,1,1,1,1,0,1,0,0,1,12,0,1,1,2,1,1,4,0,0,2,1,1,1,1,2,2,6,4,3,1,1,1,3,2,28
1,2,3,2,2,35263,0,1,0,2,2,1,1,2,1,0,1,0,0,1,12,0,1,2,2,1,1,4,1,1,2,1,1,1,1,0,3,6,4,3,1,3,1,2,0,33
0,0,2,2,2,-1,0,1,1,1,2,1,1,2,1,0,0,0,0,1,4,0,1,0,0,1,1,4,1,1,2,1,1,3,0,0,2,6,4,3,1,2,1,3,0,31
1,2,3,2,2,25866,0,1,3,2,2,1,3,2,1,0,1,1,12,1,12,1,1,2,0,1,1,4,1,0,2,1,1,1,1,0,2,6,4,3,1,3,3,3,3,28
1,2,2,2,2,17000,0,0,2,1,2,1,1,2,1,0,0,0,0,1,4,0,0,0,2,1,1,4,1,1,2,1,0,3,0,0,1,6,1,3,1,2,3,3,0,34
1,0,1,3,2,15908,1,1,1,2,2,1,1,2,1,0,0,1,2,1,12,0,1,0,2,1,1,4,1,1,2,1,1,1,0,0,2,6,4,3,1,1,3,3,0,32
0,0,2,2,2,4102,0,1,0,0,2,1,1,1,0,0,0,1,2,1,2,0,1,0,2,1,1,4,0,1,2,1,0,1,0,0,3,6,4,3,1,3,3,3,0,32
0,2,2,2,2,26143,0,1,1,2,2,1,3,2,1,0,2,0,0,1,4,1,1,2,2,1,1,4,1,1,2,1,1,1,1,0,2,6,3,3,0,1,1,3,4,27
0,1,2,3,2,-1,1,1,0,0,2,1,3,2,1,0,0,0,0,1,18,0,1,2,1,1,1,4,0,1,2,1,1,1,0,0,2,6,4,2,1,2,1,3,0,33
1,0,1,0,2,14183,1,1,0,0,2,1,1,1,1,0,2,1,12,1,5,0,1,2,0,1,1,4,1,1,2,1,1,1,1,0,0,6,4,3,1,1,1,3,2,28
0,0,0,2,2,0,1,1,0,0,2,1,1,2,1,0,2,1,1,1,5,0,1,0,0,0,1,4,1,1,2,1,0,1,-1,0,3,6,3,2,1,2,1,3,4,30
1,2,1,2,2,9190,1,1,1,1,2,1,3,2,1,0,1,0,0,1,12,0,1,0,0,1,1,4,1,1,2,1,1,1,-1,1,2,6,3,3,1,1,3,3,2,27
0,0,2,2,2,12655,1,1,0,0,2,1,1,2,1,0,2,0,0,1,12,1,1,1,1,1,1,4,1,1,2,1,1,2,1,0,1,6,4,1,1,2,0,3,4,33
0,0,2,2,2,24293,1,0,1,1,1,1,1,2,1,0,1,0,0,1,12,1,1,2,0,4,1,4,1,1,2,1,1,1,1,0,2,6,4,3,1,0,2,3,4,33
0,0,2,2,2,25893,0,1,0,0,2,1,1,1,1,0,2,0,0,1,12,0,1,0,0,1,1,4,0,1,2,1,0,1,1,5,3,6,4,3,1,3,3,3,0,33
1,0,0,0,2,36342,0,1,0,0,2,1,1,2,1,0,1,0,0,1,6,1,1,1,2,5,1,4,1,1,2,1,1,1,1,0,2,6,3,2,1,1,1,3,4,30
0,0,3,2,2,8117,0,1,0,2,2,1,1,1,0,0,2,0,0,1,4,1,1,2,0,1,1,4,1,1,2,1,1,1,1,5,2,6,3,2,1,1,1,3,3,32
1,0,0,3,2,28752,0,0,0,0,2,1,1,2,0,1,2,0,0,1,12,0,1,1,2,1,1,4,1,1,2,1,1,1,1,5,3,5,4,3,1,0,1,3,1,25
1,0,0,2,2,2680,1,1,0,0,2,1,1,1,1,0,0,1,2,1,6,0,1,0,2,1,1,4,1,1,2,1,1,1,0,0,2,5,4,3,1,3,0,3,0,33
0,0,2,0,2,5986,1,1,0,0,2,1,1,1,1,0,2,0,0,1,12,0,1,0,1,1,1,4,1,1,2,1,1,1,1,5,2,6,2,3,1,2,1,2,4,33
0,0,0,2,2,7846,1,1,0,0,2,1,3,1,1,0,2,0,0,1,12,1,1,2,1,1,1,4,1,1,2,1,0,1,2,3,2,6,2,3,1,1,3,3,4,34
1,2,3,2,2,23306,1,1,0,0,1,1,1,2,1,0,1,0,0,1,12,1,1,0,2,1,1,4,1,1,2,1,1,1,1,0,3,6,3,3,1,1,1,3,1,34
1,0,2,2,2,5139,0,0,0,0,2,1,1,1,1,0,0,0,0,1,12,0,1,0,1,1,1,4,1,1,2,1,1,1,0,0,3,6,2,3,1,2,1,3,0,24
0,0,0,2,2,7952,1,0,0,0,2,1,1,1,1,0,1,0,0,1,4,0,1,2,1,1,1,4,1,1,1,1,1,1,1,0,3,6,3,3,1,1,1,3,2,33
1,1,2,2,2,4773,1,1,1,2,2,1,1,2,1,0,0,1,4,1,4,0,1,0,1,1,1,4,1,1,2,1,1,1,0,0,2,6,3,3,1,2,1,3,0,29
0,2,1,0,1,30486,1,1,0,0,2,1,1,2,1,0,2,0,0,0,0,0,1,2,2,1,1,4,1,1,2,2,1,1,-1,0,2,6,3,3,0,3,1,3,2,34
1,0,0,1,2,16482,1,1,0,0,0,1,3,1,1,0,1,0,0,1,11,1,1,0,2,4,1,4,1,0,1,1,1,3,2,3,3,6,3,3,1,1,1,3,3,31
0,0,2,3,2,35117,1,1,0,0,2,1,3,2,1,0,2,1,15,1,12,0,1,1,2,1,1,4,1,1,2,1,1,1,1,2,1,6,4,2,1,1,3,3,1,33
0,0,0,1,2,-1,0,1,0,0,2,1,1,2,1,0,2,0,0,1,12,0,1,1,0,1,0,4,0,1,1,1,1,1,1,0,2,6,2,2,1,1,3,3,3,32
0,1,2,0,1,1109,0,1,0,0,2,1,1,2,1,0,1,0,0,0,0,0,1,1,1,1,1,4,1,1,2,2,1,3,2,4,0,6,4,0,0,1,1,0,4,0
0,0,2,2,2,3870,0,1,0,2,2,1,1,1,0,0,2,0,0,1,4,0,1,1,1,1,1,4,0,1,2,1,1,1,1,1,2,6,4,3,1,1,1,3,4,28
0,1,0,0,1,-1,0,1,1,1,2,1,1,1,1,0,3,0,0,1,12,0,1,0,1,1,1,4,1,1,2,1,1,1,2,2,3,6,4,3,0,3,1,1,4,34
0,0,0,1,1,88,0,0,0,0,2,1,1,2,0,0,0,0,0,1,12,0,1,0,1,4,0,2,0,1,1,1,1,1,0,0,1,6,3,2,1,2,1,0,0,33
0,0,0,0,2,2529,0,1,0,0,2,0,0,0,0,0,0,0,0,1,6,0,1,0,1,1,0,3,1,1,2,1,1,0,0,0,2,5,3,3,1,2,0,3,0,33
0,0,0,2,2,30676,0,1,0,1,2,1,3,2,0,1,1,0,0,1,6,1,1,1,1,1,1,4,1,1,2,1,1,3,2,2,2,6,3,3,1,3,3,1,2,32
1,0,1,1,2,8927,0,1,0,0,2,1,3,2,0,1,2,0,0,1,3,1,1,0,1,1,0,4,1,0,1,1,1,1,1,0,2,6,3,3,1,0,1,3,4,31
1,0,2,1,2,11655,0,1,1,1,2,0,0,0,1,0,2,0,0,1,4,1,1,2,0,1,0,4,0,0,2,1,0,0,1,0,1,6,4,3,1,1,1,1,4,33
0,0,2,2,2,2757,0,1,0,0,2,1,3,2,0,1,2,0,0,1,4,0,1,0,0,1,1,4,1,1,2,2,1,1,0,0,2,6,3,2,1,2,1,3,0,33
0,0,1,3,2,6456,1,1,0,0,1,0,0,0,1,0,2,0,0,1,4,0,0,1,2,1,1,4,0,0,2,1,1,0,1,0,2,5,1,2,1,1,1,3,2,33
0,0,1,0,2,5364,0,1,0,0,2,1,1,1,0,0,2,0,0,1,3,1,1,1,0,1,1,4,1,1,2,1,0,1,1,1,2,5,2,3,1,1,1,3,0,32
0,0,1,0,2,-1,0,1,0,0,2,1,3,1,1,0,1,0,0,1,3,0,1,2,0,1,1,4,1,1,2,1,0,1,1,0,2,6,3,3,1,1,1,3,3,30
0,0,0,2,2,17131,0,1,0,0,2,1,3,1,1,0,1,0,0,1,12,0,1,1,1,1,1,2,1,0,2,1,0,1,-1,0,0,6,3,3,1,0,1,3,1,27
0,0,3,3,2,85,1,1,0,0,2,1,1,2,1,0,2,0,0,1,1,0,1,0,2,5,1,4,1,1,2,1,1,2,1,5,0,6,4,2,1,1,1,3,1,33
0,0,0,1,2,5625,0,1,2,2,2,1,1,2,1,0,0,0,0,1,4,0,1,0,0,1,1,4,1,1,2,2,1,1,0,0,2,6,3,2,1,1,1,3,0,32
0,0,2,2,2,-1,0,1,0,0,2,1,1,2,0,1,2,1,4,1,4,0,1,0,0,1,0,4,1,1,2,2,0,3,1,5,3,6,4,2,1,1,3,3,0,30
0,0,2,2,2,3673,0,1,0,0,2,1,1,2,1,0,2,1,1,1,4,0,1,0,1,1,1,4,0,1,2,1,0,1,-1,0,2,6,4,3,1,1,3,3,0,32
1,0,2,3,2,13563,1,1,0,0,2,1,1,2,1,0,2,0,0,1,12,1,1,1,2,1,1,4,1,1,2,1,1,1,-1,0,3,6,4,3,1,1,0,3,4,33
0,0,1,0,2,5638,1,1,1,2,2,1,1,2,1,0,1,1,3,1,3,1,1,0,0,1,1,4,1,0,2,1,1,1,-1,0,2,6,4,2,1,1,3,3,2,30
1,0,2,1,2,7455,0,0,0,0,2,1,3,1,1,0,2,0,0,1,6,1,1,0,1,1,0,4,1,1,2,1,1,1,1,0,2,6,3,3,1,2,0,3,4,24
0,2,2,2,2,440,1,1,0,0,2,1,1,1,1,0,1,0,0,1,11,0,1,2,1,1,1,4,0,1,2,1,1,1,1,0,3,6,3,3,1,0,0,3,3,33
0,2,2,3,2,24202,0,1,0,2,2,1,1,2,0,1,0,0,0,1,12,0,1,0,2,1,1,4,1,1,2,1,1,3,0,0,3,6,4,3,1,1,1,3,0,31
0,1,2,3,2,1900,1,0,1,2,2,1,1,2,1,0,1,0,0,1,4,0,1,2,1,4,0,2,1,1,2,2,1,1,1,0,1,5,4,2,1,2,1,3,3,32
0,0,1,1,2,-1,0,1,0,0,2,1,1,2,1,0,1,0,0,1,4,0,1,1,2,1,1,4,1,1,2,1,1,1,2,2,3,6,3,3,1,1,1,3,1,28
0,2,3,2,2,12613,0,1,1,1,2,1,3,2,1,0,2,1,4,1,4,1,1,0,2,1,1,4,1,0,2,1,1,1,1,5,3,6,3,3,1,1,3,3,1,32
1,0,2,1,2,6023,0,0,0,0,2,1,3,1,1,0,1,0,0,0,0,0,1,0,0,1,1,4,1,0,2,2,1,1,-1,0,2,6,3,3,1,2,3,3,0,32
0,2,0,3,1,5961,0,1,1,1,1,1,1,2,1,0,2,0,0,1,1,0,1,0,1,0,1,4,1,1,2,1,1,1,-1,0,2,6,2,3,1,0,3,3,0,31
1,0,0,1,2,1860,1,0,0,0,2,1,1,2,1,0,2,1,2,1,2,0,0,2,0,1,1,2,1,1,2,2,0,2,1,2,2,6,1,2,1,1,1,2,0,30
1,0,3,1,2,7202,0,1,0,0,2,1,1,1,1,0,0,0,0,1,12,1,1,0,1,1,1,4,1,0,2,1,1,1,0,0,2,6,3,3,1,3,3,3,0,34
0,0,0,0,2,4223,0,1,1,2,2,1,1,2,1,0,1,1,1,1,6,0,1,0,0,1,1,4,1,1,2,1,1,1,0,0,2,6,3,2,1,1,3,3,0,33
1,0,1,3,2,-1,1,1,0,0,2,1,1,2,0,1,2,0,0,1,4,1,1,2,0,4,1,4,1,0,2,1,1,1,-1,0,3,6,4,3,1,2,3,3,1,34
1,0,2,1,2,1292,0,1,1,1,2,1,1,1,1,0,2,0,0,1,4,0,1,0,1,4,1,4,1,1,2,1,1,1,1,2,3,6,2,2,1,1,1,3,4,32
1,0,2,0,2,3314,1,1,1,2,2,1,1,2,1,0,2,1,4,1,6,0,1,1,0,1,1,4,0,1,2,1,1,1,-1,0,2,6,3,3,1,2,0,3,3,29
1,2,2,0,2,28384,1,1,1,2,2,1,3,2,1,0,1,0,0,1,10,0,1,1,2,1,1,4,1,0,2,1,1,1,1,0,3,3,3,3,1,1,0,3,3,34
0,2,1,3,1,25689,1,1,4,2,2,1,3,2,1,0,1,1,4,1,12,1,1,0,2,1,1,4,1,1,2,1,1,1,1,0,2,6,4,3,0,1,1,3,2,32
0,0,2,2,2,17142,0,1,0,0,2,1,1,2,1,0,0,0,0,1,4,0,1,0,2,1,1,4,1,1,2,1,0,1,0,0,2,5,3,3,1,1,1,3,0,33
1,1,1,3,2,0,0,1,1,1,2,1,3,1,1,0,1,1,3,1,4,1,1,2,2,1,1,3,1,1,2,1,1,1,1,0,0,6,4,3,1,1,3,3,3,28
0,0,0,1,2,9617,0,1,0,1,2,1,1,2,1,0,0,1,1,1,12,1,1,0,0,1,1,4,1,0,2,1,0,2,0,0,3,6,3,3,1,2,1,3,0,27
1,0,0,1,2,-1,1,1,0,0,2,1,3,2,1,0,1,1,2,1,1,1,1,1,0,4,0,4,1,1,2,1,1,1,-1,0,2,6,3,3,1,1,1,3,2,30
0,2,2,2,2,7565,1,0,0,0,2,1,1,1,1,0,2,0,0,1,1,0,1,2,1,1,1,4,1,1,2,1,1,1,2,5,2,6,3,3,0,3,1,3,1,33
0,0,0,0,2,40377,1,1,0,0,2,0,0,0,1,0,2,0,0,1,12,0,1,0,0,1,0,3,0,1,1,1,0,0,1,2,1,6,3,2,1,2,0,3,1,19
0,1,2,3,2,28949,0,0,0,0,2,1,1,2,1,0,2,0,0,0,0,1,1,1,1,1,1,4,0,1,2,1,1,1,2,1,2,6,4,3,0,1,3,1,1,3
0,2,2,3,1,961,1,1,0,0,2,1,1,2,1,0,1,0,0,1,12,0,1,1,2,1,1,4,0,0,2,2,1,1,2,3,3,6,3,3,0,3,1,3,2,33
0,0,2,2,2,3007,0,0,0,0,2,1,1,1,0,0,2,0,0,1,12,0,1,1,1,1,1,4,1,1,2,2,1,1,1,4,2,6,4,2,1,2,3,3,0,22
1,0,2,0,2,-1,1,1,0,0,2,1,3,2,0,1,1,0,0,1,12,1,1,2,0,1,1,4,1,1,2,1,1,1,1,0,3,6,4,3,1,3,1,3,1,32
0,0,2,2,2,26798,1,1,0,0,2,1,1,1,0,1,2,1,12,1,12,1,1,1,1,1,1,4,1,1,2,1,0,1,1,5,2,6,3,3,1,1,0,3,4,34
1,2,2,0,1,9855,0,1,0,2,2,1,1,1,1,0,1,0,0,1,4,1,1,1,1,1,1,4,1,1,2,1,1,1,1,0,3,6,4,3,1,0,1,3,3,31
0,0,0,3,2,14344,1,1,0,2,2,1,1,2,1,0,2,0,0,1,12,0,1,1,1,1,1,4,1,1,2,1,1,1,1,0,1,6,4,2,1,1,0,3,0,32
0,0,0,2,2,5314,0,0,1,1,2,1,1,2,1,0,1,0,0,1,4,1,1,2,0,4,0,4,1,1,1,2,0,1,-1,0,1,6,3,2,1,0,3,2,4,32
1,0,2,0,2,10351,1,1,0,0,2,1,1,2,1,0,0,0,0,1,5,0,1,0,0,1,1,4,1,1,2,2,1,1,0,0,2,6,3,3,1,2,0,3,0,34
0,2,2,2,2,-1,1,1,0,0,2,1,3,1,1,0,2,0,0,1,12,0,1,1,2,1,1,4,1,1,2,1,1,1,2,1,2,6,4,3,1,2,1,3,4,34
1,0,2,1,2,-1,0,1,1,1,2,1,1,2,1,0,1,1,1,1,2,1,1,2,1,2,1,1,1,1,1,1,1,1,1,0,2,3,3,3,1,2,1,3,1,30
0,2,3,2,2,9646,0,1,2,2,2,1,3,2,1,0,1,0,0,1,4,0,1,0,2,1,1,4,1,1,2,1,1,1,2,5,2,6,4,3,1,1,3,3,3,34
0,0,1,3,2,10203,1,1,0,0,2,1,3,2,1,0,2,0,0,1,12,1,1,2,0,1,1,4,1,0,2,1,1,1,1,0,3,6,4,3,1,1,1,3,4,32
1,0,0,2,2,9211,0,0,0,0,1,1,1,2,0,1,2,0,0,1,2,0,1,1,0,1,0,0,0,1,2,1,1,1,1,5,2,6,2,2,1,2,1,3,2,31
0,0,0,2,2,10286,0,1,1,2,2,1,3,1,1,0,2,1,2,1,4,1,1,1,1,1,1,4,1,0,2,1,1,1,2,4,3,6,3,3,1,3,3,3,2,32
0,1,0,0,2,12504,0,1,1,0,2,1,3,1,0,0,2,0,0,1,5,1,1,2,2,5,1,4,1,1,2,1,1,1,2,3,2,6,3,3,1,3,1,3,3,28
0,1,0,0,1,720,0,1,0,0,2,1,3,2,1,0,1,1,6,1,24,0,1,0,2,1,1,4,1,1,2,2,1,0,2,4,0,6,3,0,0,1,3,1,3,5
1,2,0,1,2,-1,0,1,0,0,2,1,3,2,0,0,2,1,6,1,6,1,1,2,1,4,0,2,1,1,1,1,0,1,1,0,3,6,3,3,1,3,1,3,2,23
0,0,1,2,2,1960,0,0,0,0,2,1,1,2,1,0,0,0,0,1,4,0,1,0,0,1,1,4,1,1,2,2,1,1,0,0,3,6,4,2,1,1,1,3,0,34
0,0,1,3,2,11892,1,1,1,1,2,1,1,2,1,0,1,1,1,1,6,0,1,2,0,1,1,4,1,0,2,1,1,1,1,0,2,6,3,3,1,2,1,3,1,34
0,0,2,0,2,4130,0,0,0,0,2,1,3,2,1,0,1,0,0,1,12,1,1,2,2,1,1,4,1,1,2,1,1,0,1,0,2,6,3,2,1,1,3,3,4,33
1,0,0,0,2,11872,0,1,1,1,2,1,3,2,0,0,1,0,0,1,4,1,1,1,0,4,0,0,0,1,1,1,0,1,1,0,2,6,3,3,1,2,1,1,2,25
0,0,3,2,2,-1,1,0,2,1,2,1,1,2,1,0,2,0,0,1,21,1,1,1,1,1,1,4,1,1,2,1,1,1,-1,5,2,6,3,2,1,1,3,3,2,25
0,0,2,0,2,14959,0,0,0,0,2,1,3,2,1,0,1,0,0,1,12,1,1,1,2,1,1,4,1,1,2,1,1,1,1,0,2,6,3,3,1,1,1,3,3,33
1,0,1,3,2,18513,1,1,1,2,2,1,1,2,1,0,2,0,0,1,12,1,1,1,2,1,1,4,1,1,2,1,1,1,2,4,2,6,4,3,1,3,0,3,3,31
0,0,0,2,2,6031,0,1,1,2,2,1,1,2,0,0,1,0,0,1,3,0,1,0,1,1,0,4,1,1,2,2,0,1,2,2,2,6,2,2,1,1,3,3,0,22
0,0,2,3,2,9385,0,1,0,0,2,1,1,2,1,0,2,0,0,1,12,0,1,1,1,1,1,4,1,1,2,1,0,1,1,3,1,6,4,2,1,2,1,3,4,23
0,2,2,3,1,5039,0,1,1,2,2,1,3,2,1,0,1,0,0,1,12,1,1,0,2,5,1,4,1,1,2,1,1,1,2,2,2,6,4,1,1,1,1,3,3,31
1,2,0,0,2,13224,0,1,0,0,2,1,1,2,1,0,1,1,1,1,6,0,1,1,2,1,1,4,1,0,2,1,1,1,2,4,3,6,4,3,1,3,1,3,2,32
0,1,2,0,1,669,0,1,1,1,2,1,3,2,1,0,1,0,0,0,0,1,1,0,2,1,1,4,1,1,2,2,1,0,2,3,0,6,4,0,0,2,1,1,4,0
0,0,2,2,2,4595,0,0,0,1,2,1,1,2,1,0,0,1,2,1,12,0,1,1,0,1,1,4,0,0,1,1,1,1,0,0,3,6,4,3,1,1,1,3,0,33
0,2,1,3,1,861,1,1,0,2,2,1,1,2,1,0,2,0,0,1,12,0,1,0,2,1,1,4,1,1,2,1,1,1,-1,0,1,6,4,3,0,1,1,3,0,34
0,0,2,2,2,11980,1,1,0,0,2,1,1,2,1,0,1,1,3,1,12,1,1,0,1,1,1,4,0,1,2,1,1,1,1,0,2,6,3,3,1,2,1,3,3,28
1,1,2,0,2,11058,1,1,0,0,2,1,1,1,1,0,2,1,4,1,8,0,1,1,2,1,1,4,1,1,2,1,1,1,-1,0,3,6,4,3,1,1,1,3,3,32
0,2,0,0,1,13317,0,1,0,1,2,1,3,2,1,0,2,0,0,1,12,1,1,2,1,1,1,4,1,1,2,1,0,3,2,3,2,6,3,3,1,1,1,3,4,34
0,0,2,3,2,-1,1,1,2,1,2,1,1,2,1,0,2,1,6,1,12,1,1,1,1,1,1,4,1,0,2,1,1,1,1,5,1,6,3,2,1,1,3,3,3,33
0,0,2,2,2,5967,0,1,1,2,2,1,3,2,1,0,2,0,0,1,4,0,1,2,1,1,0,4,1,1,2,2,1,1,1,0,3,6,4,3,1,1,3,3,2,25
0,0,0,1,2,10518,0,1,1,1,2,1,1,2,0,1,2,0,0,1,12,0,1,1,0,4,1,4,1,0,2,1,0,1,1,1,0,6,2,3,1,1,0,3,3,33
1,2,2,1,2,11134,1,0,1,2,2,1,3,2,1,0,2,0,0,1,2,1,1,1,2,1,1,4,1,1,2,1,1,1,2,3,3,6,3,3,0,1,1,3,2,31
0,0,0,2,2,-1,0,1,0,0,2,1,1,2,1,0,2,0,0,1,12,0,1,0,1,1,1,4,1,1,1,1,0,1,0,0,2,6,3,3,1,2,3,2,0,33
1,0,2,2,2,27354,1,1,1,1,2,1,3,2,1,0,2,1,2,1,6,0,1,1,2,1,1,4,1,1,2,1,1,1,1,0,2,6,4,3,1,1,1,3,4,34
0,2,2,2,2,8904,0,1,0,0,2,1,1,2,1,0,1,0,0,1,12,0,1,1,2,1,1,4,1,1,2,1,1,1,1,0,1,6,4,3,1,1,1,3,3,31
0,2,2,3,1,17533,1,1,0,0,2,1,3,2,1,0,1,1,2,1,12,1,1,1,2,1,1,4,1,0,2,1,1,1,2,4,3,6,4,3,0,0,1,3,4,32
0,0,2,3,2,9456,1,1,1,1,2,1,3,2,1,0,1,1,2,1,12,1,1,1,1,1,1,4,1,1,2,1,1,1,1,0,1,6,4,2,1,1,1,3,3,27
1,0,3,2,2,8978,1,1,0,2,2,1,3,2,1,0,2,1,2,1,12,1,1,0,1,1,1,4,1,1,2,1,1,1,1,0,3,6,4,3,1,1,1,3,2,33
0,0,0,2,2,0,1,1,0,0,2,1,1,2,1,0,2,0,0,1,12,0,1,1,2,1,1,4,0,1,1,2,1,3,0,0,1,6,4,2,1,1,1,2,0,29
0,0,2,2,2,7990,0,0,2,1,2,1,3,2,1,0,1,0,0,1,4,0,1,1,1,5,0,4,1,1,2,2,1,1,1,0,1,6,3,3,1,1,3,3,4,32
1,2,2,3,2,22060,0,1,1,1,2,1,1,2,1,0,1,1,12,1,12,0,1,2,1,1,1,4,1,0,2,1,1,3,-1,0,2,6,4,3,1,1,3,3,4,33
0,2,2,2,2,1073,0,1,0,0,2,1,1,1,1,0,1,1,4,1,4,0,1,2,1,1,0,4,1,1,2,1,1,1,0,0,2,6,4,3,1,1,3,3,0,34
0,1,0,1,2,0,0,0,1,2,2,1,1,1,0,0,2,0,0,1,2,0,1,0,0,4,0,1,1,0,1,2,1,1,-1,0,1,5,3,2,1,0,0,1,2,32
1,0,0,1,2,-1,0,1,1,2,2,1,1,2,1,0,2,0,0,1,4,0,1,0,0,4,0,2,1,1,2,1,1,1,-1,0,3,6,3,3,1,2,0,3,0,34
0,2,2,3,2,30618,1,1,1,2,2,1,3,1,1,0,2,0,0,1,12,1,1,0,1,1,1,4,1,1,2,1,1,1,2,1,1,6,3,2,0,2,1,3,4,32
1,0,0,1,2,6055,0,1,1,2,2,1,1,2,0,0,0,0,0,1,4,0,1,0,1,1,1,4,0,0,2,1,1,1,0,0,2,3,4,3,1,1,1,3,0,34
0,1,0,0,2,72,0,1,0,0,2,1,1,2,1,0,1,1,2,1,2,0,1,0,0,4,0,4,1,1,1,1,0,1,1,0,1,6,3,2,1,1,3,0,0,33
0,0,1,2,2,7000,1,1,0,0,2,0,0,0,0,0,1,0,0,1,4,1,1,0,0,2,1,4,1,1,1,1,1,0,1,0,0,6,3,2,1,3,1,3,1,15
1,0,1,2,2,4419,0,1,0,0,2,1,1,1,1,0,2,1,2,1,2,0,1,1,1,1,0,4,1,1,2,1,0,1,-1,5,3,6,3,3,1,1,1,3,3,34
1,2,1,3,2,14323,0,1,1,2,2,1,3,1,0,0,1,0,0,1,3,0,1,2,2,1,1,4,1,1,2,2,1,1,1,0,1,6,4,2,1,2,1,3,2,34
1,0,1,0,2,2014,0,0,0,0,2,1,1,1,1,0,2,1,4,1,10,0,1,1,0,1,0,4,0,1,2,1,0,1,-1,0,2,6,3,3,1,1,0,3,1,29
0,2,2,3,2,1799,1,1,0,0,2,1,1,1,1,0,1,0,0,1,6,0,1,0,1,1,1,4,1,1,2,1,0,1,1,3,3,6,3,3,1,1,3,3,1,33
1,0,0,3,2,34000,1,1,0,0,2,1,1,2,0,1,2,0,0,1,1,0,1,1,0,1,1,4,1,1,1,1,1,1,1,5,3,6,2,3,1,2,0,2,0,32
1,2,2,3,2,425,1,1,0,0,2,1,3,2,1,0,2,1,5,1,12,0,1,1,2,1,1,4,1,0,2,1,1,1,2,4,3,6,4,3,1,1,0,3,2,32
0,0,2,0,2,11231,0,1,0,0,2,1,3,1,1,0,2,1,2,1,12,1,1,1,0,1,0,4,1,1,2,1,1,1,1,0,2,6,4,3,1,2,0,3,3,28
1,0,2,0,2,6731,1,1,2,1,2,1,1,1,1,0,2,1,4,1,11,0,1,0,0,1,0,4,1,1,2,1,0,1,-1,0,2,6,3,3,1,1,1,3,2,29
0,2,2,3,2,32660,1,0,1,2,2,1,3,1,1,0,1,1,1,1,12,1,1,1,1,1,1,4,0,1,2,1,0,1,2,5,2,6,3,2,0,2,0,3,3,32
0,0,0,0,2,6179,0,1,0,0,2,1,1,2,1,0,2,0,0,1,12,0,1,2,1,1,1,4,1,0,2,1,0,1,1,5,3,6,2,3,1,0,1,3,0,27
1,2,2,2,1,8327,0,1,0,0,2,1,1,1,1,0,1,1,2,1,6,0,1,0,2,1,1,4,0,1,2,1,1,3,1,5,3,6,4,3,0,1,1,3,2,32
1,0,2,2,2,15400,0,1,0,1,2,1,1,1,1,0,1,1,2,1,6,0,1,0,2,1,1,4,0,1,2,1,1,1,2,3,2,6,3,3,1,1,1,3,0,34
1,0,2,1,2,-1,0,1,0,0,2,1,1,1,1,0,2,0,0,1,4,0,1,1,0,1,0,4,0,1,1,2,0,1,-1,0,3,6,3,3,1,2,1,3,0,34
0,2,2,2,2,18000,1,1,1,2,2,1,3,1,1,0,1,0,0,1,12,0,1,0,2,1,1,4,1,1,2,1,1,1,2,1,3,6,4,3,1,1,1,3,2,33
1,0,3,3,2,30583,1,1,1,2,2,1,1,1,1,0,1,1,2,1,12,1,1,2,1,1,1,4,1,1,2,1,1,1,1,0,2,6,4,3,1,1,1,3,3,33
1,0,1,2,2,13587,1,1,0,0,2,1,3,2,1,0,1,0,0,1,12,0,1,0,1,1,1,4,1,1,2,2,1,1,1,0,2,6,4,3,1,1,1,3,4,30
1,0,2,2,2,24635,1,1,0,0,2,1,1,1,1,0,0,0,0,1,4,1,1,0,2,1,1,4,1,1,2,1,1,1,0,0,3,6,4,3,1,3,1,3,0,29
0,2,2,2,1,20204,1,1,0,0,2,1,3,1,1,0,2,1,3,1,12,1,1,0,2,1,1,4,1,1,2,1,1,3,2,5,1,6,4,3,1,1,0,3,2,34
1,0,3,3,2,20731,0,1,0,0,2,1,3,1,1,0,2,0,0,1,11,1,1,1,1,1,1,4,1,0,2,1,1,1,-1,0,3,6,4,3,1,1,1,3,2,27
1,2,2,2,2,21236,1,1,0,0,0,1,3,2,1,0,1,1,4,1,12,1,1,2,2,1,1,4,1,1,2,1,1,1,2,4,3,5,3,3,1,1,0,2,3,34
0,0,3,3,2,16010,1,1,0,0,2,1,3,2,1,0,1,0,0,1,12,0,1,1,2,1,1,4,1,1,2,1,1,1,1,0,2,6,4,3,1,1,1,3,2,33
1,0,2,2,2,36175,0,1,0,1,2,1,1,2,1,0,2,0,0,1,4,0,1,1,2,1,1,4,1,1,2,1,1,3,2,5,3,6,3,3,1,1,3,3,4,33
0,0,2,3,2,11088,1,1,1,2,2,1,3,1,1,0,1,0,0,1,12,1,1,2,0,1,0,4,1,1,2,1,0,1,1,0,3,6,4,2,1,2,1,2,2,32
0,2,2,3,2,7762,1,1,0,0,2,1,1,2,1,0,2,0,0,1,12,0,1,1,1,1,1,4,1,0,2,1,1,1,-1,5,3,6,4,3,1,1,1,3,3,32
1,0,2,2,2,13377,1,1,0,0,2,1,3,1,0,1,1,1,1,1,4,0,1,0,1,1,0,4,1,1,2,1,1,1,1,0,2,6,3,3,1,2,3,3,3,31
0,0,1,2,2,-1,0,1,0,0,2,1,1,2,1,0,2,0,0,1,4,0,1,0,0,1,1,4,1,0,2,1,0,1,-1,0,0,6,3,2,1,1,3,3,2,25
1,2,3,2,2,13934,1,1,1,2,2,1,3,2,1,0,1,0,0,1,12,1,1,0,2,1,1,4,1,0,2,1,1,1,2,1,2,6,3,3,1,1,1,3,4,34
1,2,1,2,1,7861,0,1,1,2,2,1,1,2,1,0,0,0,0,1,6,0,1,1,2,1,1,4,1,1,2,1,1,1,0,0,2,6,4,3,1,3,1,3,0,33
1,0,0,0,2,23,0,0,11,0,2,1,2,1,0,1,2,0,0,0,0,0,0,0,2,5,1,4,1,1,2,1,1,3,-1,0,2,6,1,2,0,1,3,2,0,25
1,0,2,2,2,7408,1,1,0,0,2,1,1,2,1,0,0,0,0,1,4,1,1,0,1,1,0,4,1,1,2,1,1,1,0,0,3,6,4,3,1,2,1,3,0,30
1,1,2,2,2,13000,0,1,0,2,2,1,1,2,1,0,0,1,6,1,6,0,1,0,1,1,1,4,1,1,2,1,1,2,0,0,3,6,4,3,1,1,1,3,0,31
1,0,1,1,2,1978,1,1,1,2,2,0,0,0,0,1,1,0,0,1,4,0,1,1,1,4,0,2,1,1,2,2,1,0,-1,0,2,5,3,2,1,1,1,1,4,32
0,0,2,2,2,-1,0,1,3,0,2,1,1,2,1,0,2,1,6,1,6,1,1,2,0,1,1,4,1,1,2,1,1,1,1,0,0,6,4,3,1,2,3,2,3,25
1,0,1,2,2,9827,1,1,0,0,0,1,3,2,0,1,2,0,0,1,12,1,1,1,1,1,1,4,1,0,2,1,1,1,-1,0,2,6,3,3,1,0,1,2,4,30
1,0,2,2,2,14980,0,1,1,1,2,1,1,2,1,0,0,0,0,1,12,0,1,0,2,1,1,4,1,1,2,1,1,1,0,0,3,5,3,3,1,1,0,3,0,33
0,2,3,2,2,18244,0,1,1,2,2,1,3,2,1,0,2,1,12,1,6,0,1,0,2,1,1,4,1,1,2,1,1,1,2,5,2,6,4,3,0,1,1,3,3,33
0,2,2,0,2,95855,1,0,0,0,2,1,3,2,1,0,1,0,0,1,12,0,1,2,1,1,1,4,0,1,2,1,1,1,2,3,2,6,3,3,1,1,1,3,3,34
0,0,0,2,2,2386,1,1,0,0,2,1,1,2,1,0,0,0,0,1,4,1,1,0,1,1,0,4,1,1,1,1,1,1,0,0,2,6,3,2,1,2,1,3,0,29
1,0,2,3,2,21758,0,1,1,2,2,1,1,2,1,0,2,0,0,1,6,1,1,0,1,1,1,4,1,1,2,1,0,2,-1,0,1,6,3,3,1,1,3,3,3,33
1,0,0,0,2,114,1,1,0,0,2,1,1,2,1,0,0,1,12,1,12,0,0,1,2,1,1,4,1,1,2,2,1,1,0,0,1,6,1,3,1,1,3,3,0,25
1,0,0,1,2,-1,1,0,0,0,2,0,0,0,0,0,1,1,1,1,9,0,1,0,0,4,0,2,0,1,1,1,0,0,-1,0,2,6,3,2,1,0,1,1,2,30
0,2,2,3,2,2873,0,1,2,1,2,1,3,2,1,0,1,1,1,1,3,0,1,2,2,1,1,4,1,1,2,1,1,3,2,1,3,6,4,2,1,3,1,3,0,34
0,1,3,2,2,18864,0,0,1,1,2,1,3,2,1,0,2,1,5,1,5,0,1,2,2,1,1,4,1,1,2,1,1,1,-1,0,3,6,3,3,1,1,1,3,4,32
0,0,1,0,2,8139,0,1,0,2,2,1,3,1,1,0,1,0,0,1,12,1,1,1,2,1,1,4,1,1,2,1,1,1,2,4,2,6,4,3,1,1,1,3,3,31
0,0,1,2,2,12366,0,1,0,0,2,1,1,2,1,0,2,0,0,1,12,0,1,0,2,1,1,4,1,1,2,1,1,1,0,0,0,6,3,2,1,1,3,3,2,27
0,0,3,3,2,14975,1,1,1,2,2,1,3,1,1,0,2,0,0,1,12,0,1,1,2,1,1,4,1,1,2,1,1,1,1,4,3,6,4,3,1,1,3,3,4,34
0,2,2,3,2,20524,0,1,0,0,2,1,3,2,1,0,1,0,0,1,12,1,1,2,1,1,1,4,1,1,2,1,1,1,2,3,1,5,4,2,1,1,0,3,4,33
0,0,2,3,2,11859,1,1,0,0,2,1,1,1,1,0,2,0,0,1,12,0,1,0,0,1,1,4,1,1,2,1,1,1,1,5,0,6,4,2,1,2,3,3,1,27
0,0,1,0,2,3412,1,1,0,0,2,1,1,2,1,0,2,1,2,1,6,0,1,0,0,1,1,4,1,1,1,1,1,1,1,3,1,6,3,2,1,1,3,3,0,30
0,0,0,2,2,9130,1,1,1,1,2,1,1,2,1,0,2,1,4,1,12,1,1,1,2,1,1,4,1,1,2,1,0,3,1,5,2,6,2,2,1,1,1,3,4,34
0,0,0,1,2,3251,0,0,0,0,0,1,1,1,0,1,2,0,0,1,4,0,1,0,0,2,0,1,0,0,1,2,0,1,-1,0,1,3,2,2,1,3,3,0,0,33
1,0,2,1,2,18735,0,1,0,0,2,1,1,2,1,0,1,0,0,1,12,0,1,1,1,1,1,4,1,1,2,1,1,1,0,0,2,6,4,3,1,1,3,3,0,32
0,2,2,2,2,23633,1,1,0,0,2,1,1,2,1,0,2,1,2,1,4,0,1,1,2,1,1,4,1,1,2,1,1,1,1,3,3,6,4,3,0,3,3,3,1,33
0,0,1,1,2,-1,0,1,0,0,2,1,1,2,0,1,0,0,0,1,3,1,1,0,0,4,0,2,1,1,1,1,1,1,0,0,3,6,4,2,1,2,1,3,0,32
0,0,2,0,2,599,1,1,0,0,2,1,3,2,1,0,1,0,0,1,12,1,1,2,1,1,1,4,1,1,1,1,1,1,2,1,0,6,3,2,1,2,3,3,1,34
0,0,1,3,1,6632,1,1,0,0,2,1,3,2,1,0,3,1,10,1,10,0,1,1,2,1,1,4,1,1,1,1,1,3,2,4,3,6,4,3,0,1,0,1,1,32
1,0,1,1,2,17927,1,1,2,0,2,1,3,2,0,1,2,0,0,1,12,0,1,0,2,1,1,4,0,1,2,2,1,1,1,0,2,6,3,3,1,1,1,3,2,30
0,2,0,2,2,24,0,1,0,0,2,1,1,1,1,0,0,0,0,1,4,0,1,0,0,5,0,4,1,1,2,1,1,1,0,0,1,6,3,2,1,1,0,2,0,30
0,0,2,3,2,-1,0,1,0,0,2,1,3,2,1,0,2,1,1,1,1,1,1,2,2,1,1,4,1,1,2,1,0,1,1,0,2,6,4,3,1,1,1,3,2,29
0,2,2,2,2,6214,0,1,0,0,2,1,3,2,1,0,1,0,0,1,6,0,1,1,0,1,1,4,1,0,2,1,1,1,0,0,2,6,4,3,1,1,1,3,0,33
1,0,0,2,2,14291,0,1,0,0,2,1,3,2,1,0,2,0,0,1,12,1,1,1,0,5,1,4,1,0,2,1,0,1,1,0,0,5,3,3,1,2,1,3,2,30
0,2,0,2,1,10792,1,1,0,0,2,1,3,2,1,0,1,0,0,1,6,1,1,1,1,1,0,4,1,1,2,2,1,1,1,0,2,3,4,2,0,1,3,3,4,29
0,2,2,2,1,6172,1,1,0,0,2,1,3,1,0,0,1,0,0,1,6,1,1,0,1,5,1,4,1,1,2,1,0,1,2,2,3,6,3,3,0,2,1,3,2,34
0,2,2,2,2,18323,1,1,1,2,2,1,3,2,1,0,0,0,0,1,4,0,1,0,2,1,1,4,1,1,2,1,1,1,0,0,2,6,3,3,0,1,1,3,0,33
1,0,2,1,2,4952,0,1,0,0,2,1,1,2,1,0,2,0,0,1,12,0,1,1,2,1,1,4,1,1,2,1,1,1,1,0,2,6,3,2,1,2,1,3,0,32
0,2,1,2,2,3887,0,1,0,0,2,1,1,2,1,0,0,0,0,1,4,0,1,0,1,1,1,4,1,1,2,1,0,1,0,0,3,6,4,3,1,2,1,3,0,33
1,2,2,2,2,25669,1,1,0,2,2,1,3,2,1,0,1,1,6,1,12,1,1,1,1,1,1,4,1,1,2,1,1,1,2,4,2,6,4,3,1,1,1,3,2,34
1,0,2,1,2,4175,0,1,0,0,2,1,1,2,1,0,2,0,0,1,12,0,1,2,0,1,1,4,1,1,1,2,1,1,-1,0,2,6,4,2,1,2,0,3,0,33
1,0,3,2,2,50169,0,1,1,2,2,1,1,1,1,0,2,0,0,1,6,0,1,1,2,1,1,4,1,1,2,1,1,1,1,5,2,6,3,3,1,3,3,3,2,34
0,0,2,2,2,7032,0,1,1,2,2,1,1,1,1,0,2,0,0,1,4,0,1,1,2,1,1,4,1,1,2,1,1,1,1,0,3,6,4,3,1,1,0,3,1,33
0,0,1,3,2,12930,0,1,0,0,2,1,3,2,0,0,2,0,0,0,0,1,1,0,2,1,1,4,1,1,2,1,1,1,1,0,3,6,4,2,1,2,1,3,2,31
1,0,3,2,2,-1,1,1,0,0,2,1,3,2,1,0,1,0,0,1,6,1,1,0,2,1,1,4,1,1,2,1,0,1,1,5,2,6,4,3,1,3,1,3,3,34
1,0,2,2,2,32065,1,1,0,0,2,1,1,2,0,1,2,1,2,1,10,0,1,0,2,1,1,4,1,1,2,1,1,1,1,4,3,6,4,3,1,1,1,3,4,33
1,0,2,2,2,-1,0,1,0,0,2,1,1,1,0,0,2,0,0,1,3,0,0,0,1,1,0,4,0,1,2,2,0,1,-1,0,3,6,1,3,0,1,1,2,0,34
1,0,1,2,2,4096,1,1,1,0,2,0,0,0,1,0,1,0,0,1,12,1,1,1,0,4,0,4,1,1,2,1,0,0,-1,0,2,6,3,3,1,1,1,3,4,30
1,0,1,0,2,2473,1,1,1,1,2,1,1,2,1,0,2,0,0,1,4,0,1,0,0,1,1,4,1,1,2,1,1,1,1,1,1,6,3,2,1,0,1,3,0,32
1,0,1,1,2,13659,0,0,0,0,2,1,3,2,1,0,1,0,0,1,12,1,1,1,0,1,1,4,1,1,1,1,0,1,2,5,3,6,3,3,1,2,1,3,2,18
0,0,3,3,2,20450,0,1,1,1,2,1,1,1,1,0,2,0,0,1,6,0,1,1,1,1,1,4,1,1,2,1,1,3,1,4,3,6,4,3,1,1,1,2,3,34
1,1,2,3,2,0,0,0,0,0,2,1,1,2,1,0,2,0,0,1,12,0,0,0,0,1,1,4,1,1,2,2,1,1,1,5,0,6,1,2,1,0,3,3,0,32
1,0,2,2,2,25028,1,1,1,2,2,1,3,2,1,0,1,1,12,1,12,1,1,1,1,1,1,4,1,1,2,1,1,1,-1,0,3,6,3,3,1,1,0,3,4,33
0,0,2,3,2,4892,1,0,1,1,2,1,1,1,0,1,1,1,6,1,12,0,1,0,0,1,1,4,1,1,2,1,1,1,1,0,1,6,4,3,1,1,3,3,0,31
0,0,0,1,2,1438,0,1,1,1,1,1,3,1,1,0,1,0,0,1,4,1,1,2,0,1,0,1,0,1,1,1,1,1,1,0,2,6,3,2,1,2,1,3,3,27
1,2,2,2,2,5726,0,1,1,1,2,1,3,1,0,0,1,0,0,1,12,1,1,2,1,1,1,4,1,1,2,1,1,1,1,0,1,6,3,3,1,3,1,3,4,32
1,0,2,0,2,3623,1,0,0,0,2,1,1,2,0,1,2,0,0,1,12,1,1,2,2,1,1,4,1,1,2,1,0,1,2,4,2,6,4,3,1,1,1,3,4,32
0,0,2,2,2,10070,0,1,0,0,2,1,1,1,1,0,0,0,0,1,3,0,1,0,1,1,1,4,1,1,2,1,1,1,0,0,3,6,4,3,1,2,1,3,0,30
0,0,0,2,2,13560,0,0,1,0,2,1,1,2,0,1,1,0,0,1,12,0,1,2,2,1,1,4,1,1,1,1,0,2,2,3,2,6,4,3,1,2,1,3,3,33
0,0,2,2,2,9619,0,1,1,2,2,1,3,1,1,0,1,1,0,1,2,0,1,0,0,5,1,4,1,1,2,1,1,1,1,0,1,6,2,2,1,2,1,3,3,33
0,0,0,3,2,2083,0,1,1,1,2,1,1,2,0,1,0,1,2,1,6,0,1,0,1,1,1,4,0,1,2,1,1,2,0,0,2,6,3,2,1,0,0,2,0,34
0,2,1,2,2,39696,0,1,1,2,2,1,1,2,1,0,1,1,1,1,1,1,1,1,1,1,1,4,1,1,2,1,1,2,2,3,2,6,3,3,1,1,3,3,4,33
0,2,3,2,2,30000,0,1,1,0,2,1,3,1,0,1,1,0,0,1,3,1,1,2,0,1,1,4,1,1,2,1,1,1,1,1,2,6,4,3,1,2,1,3,3,34
0,0,2,3,2,21458,0,1,0,0,2,1,3,2,1,0,2,1,2,1,12,0,1,1,2,4,1,4,1,1,2,1,1,3,1,3,3,6,3,3,1,0,3,3,2,32
0,0,0,0,2,-1,0,1,1,1,2,1,1,2,1,0,0,0,0,1,12,0,1,2,1,1,0,4,1,0,2,1,1,1,0,0,2,6,2,2,1,2,3,3,0,27
1,2,1,2,2,18284,1,0,0,0,2,1,1,2,0,0,1,0,0,1,12,1,1,1,1,1,0,4,0,1,1,1,1,1,-1,0,2,6,3,2,1,2,3,3,1,32
0,2,2,2,1,18017,1,1,1,1,2,1,1,2,1,0,0,0,0,1,11,0,1,0,2,1,1,4,1,1,2,1,1,1,0,0,3,6,3,3,1,3,0,3,0,34
0,0,0,1,2,5206,1,0,0,0,2,1,1,2,1,0,2,1,1,1,1,0,1,0,1,1,0,4,1,0,2,1,0,1,0,0,1,0,3,3,1,0,3,3,0,27
0,0,1,1,2,12795,1,0,1,2,2,1,1,2,1,0,2,0,0,1,12,0,1,1,1,1,1,4,0,1,2,1,0,3,1,0,1,6,4,3,1,1,1,3,4,27
0,0,0,1,2,-1,0,1,1,1,2,1,1,2,1,0,0,0,0,1,12,0,0,0,0,4,0,0,1,1,2,1,0,3,0,0,1,6,1,3,1,1,1,3,0,31
0,0,2,3,2,8222,1,0,0,0,2,1,3,1,1,0,1,0,0,1,12,0,1,0,0,1,1,4,1,1,2,1,1,1,1,4,3,6,3,2,1,0,1,3,1,32
1,0,1,1,2,8936,1,1,1,2,2,1,1,2,1,0,0,0,0,1,4,0,1,0,0,1,0,4,1,1,2,1,1,0,0,0,1,6,4,3,1,2,0,3,0,34
0,0,0,1,2,5589,0,0,0,0,2,1,1,2,0,1,2,0,0,1,4,0,1,0,0,2,0,1,0,0,1,2,0,1,-1,0,1,0,2,2,1,0,3,1,4,34
1,0,1,1,2,-1,0,1,0,0,2,1,1,2,1,0,3,0,0,1,4,1,1,0,0,1,0,2,0,1,1,1,1,1,1,0,2,6,3,2,1,2,1,3,1,30
0,0,2,1,2,1332,0,0,3,0,2,1,1,1,1,0,1,0,0,1,6,1,1,1,1,5,0,2,1,1,1,1,1,1,1,0,3,6,2,2,1,1,1,3,2,31
0,0,1,3,2,10068,0,0,1,2,2,1,1,2,1,0,0,0,0,1,12,0,1,0,0,1,1,4,1,1,2,1,0,1,0,0,3,6,3,3,1,1,1,3,0,33
0,0,2,1,2,450,0,0,1,1,2,1,1,2,1,0,2,0,0,1,12,0,1,1,0,1,1,4,1,1,2,1,1,1,1,1,1,6,3,3,1,1,3,3,2,31
1,0,2,3,2,7783,0,1,0,0,2,1,1,1,1,0,2,0,0,1,4,0,1,0,0,1,1,4,1,1,1,2,1,1,-1,0,1,6,3,3,1,1,1,3,3,22
1,0,1,0,2,-1,0,1,1,2,2,1,1,1,0,1,2,0,0,1,12,0,1,0,0,1,1,4,1,1,2,2,0,1,0,0,0,6,3,3,0,1,1,3,1,34
1,2,0,1,2,6184,0,1,1,1,2,1,3,2,0,1,1,0,0,1,12,1,1,2,1,1,0,4,1,1,1,2,1,1,1,0,1,6,3,3,1,2,1,3,4,34
0,2,2,2,1,10612,1,1,0,0,2,1,3,1,1,0,2,1,1,1,6,0,1,2,2,1,1,4,1,1,2,2,1,1,0,0,3,6,3,3,1,3,0,3,4,33
1,0,2,2,2,-1,1,0,1,2,2,1,3,2,1,0,1,1,8,1,12,0,1,2,1,4,1,4,1,1,2,1,1,1,1,0,2,6,2,3,1,2,1,3,3,34
1,1,1,2,2,13166,0,1,0,0,2,1,3,1,1,0,1,1,8,1,6,1,1,0,0,1,1,4,1,0,2,1,1,1,2,5,0,3,3,3,1,2,1,3,4,32
1,0,1,2,2,9360,1,1,0,0,2,1,3,2,0,1,2,0,0,1,11,0,1,2,0,4,1,4,1,1,2,1,1,1,1,3,3,6,4,3,1,2,0,3,2,29
1,2,1,0,2,9353,1,1,2,2,2,1,3,1,1,0,1,0,0,1,12,1,1,0,2,1,1,4,1,1,2,2,1,1,1,0,3,6,3,3,1,1,0,3,3,33
0,0,3,3,2,15787,1,1,1,2,2,1,1,2,1,0,2,0,0,1,12,0,1,0,0,5,1,4,1,0,2,1,1,2,1,0,2,6,4,3,1,1,1,3,2,33
0,0,1,2,2,11981,1,1,0,0,2,1,1,1,0,1,2,0,0,1,12,1,1,2,0,4,0,4,1,1,2,1,0,3,-1,3,2,6,4,2,1,1,3,3,4,33
0,0,2,2,2,-1,0,1,0,0,2,1,3,2,1,0,1,0,0,1,1,1,1,0,0,1,1,4,0,1,2,1,1,1,1,0,3,6,2,3,1,2,3,3,1,34
1,0,0,1,2,3675,0,1,2,1,2,0,0,0,1,0,2,0,0,1,12,1,1,1,0,2,1,4,1,1,1,1,1,0,1,0,2,6,3,3,1,2,1,3,4,33
0,0,1,3,2,20075,0,1,1,0,2,1,3,2,1,0,1,1,12,1,12,1,1,0,0,1,1,4,1,1,2,1,1,1,2,5,2,6,3,3,1,1,1,3,4,32
0,0,0,0,2,11124,1,0,1,1,2,1,1,2,1,0,0,1,1,1,2,0,1,0,1,2,0,4,1,1,1,1,1,1,0,0,0,6,2,2,1,1,1,3,0,30
0,0,2,3,2,-1,1,1,0,0,2,1,3,2,1,0,2,0,0,1,12,0,1,2,2,1,1,4,1,0,2,1,1,1,1,5,3,6,4,2,1,1,1,3,4,32
0,0,0,1,2,5000,0,0,0,0,1,1,1,1,1,0,0,0,0,1,6,0,1,0,0,4,0,4,0,0,1,1,0,1,0,0,0,5,2,3,1,2,3,3,0,34
0,0,1,2,2,3527,0,1,1,0,2,1,2,2,1,0,2,0,0,1,12,1,1,1,2,1,1,4,1,1,2,1,1,3,1,5,1,6,3,2,1,1,3,2,4,27
0,0,1,0,2,10790,0,0,1,1,2,1,3,2,1,0,1,0,0,1,6,0,1,1,1,1,1,4,1,1,2,1,1,1,2,5,2,6,4,2,1,1,0,3,1,30
1,0,2,2,2,5265,1,1,0,0,2,1,1,2,1,0,1,0,0,1,3,0,1,1,1,1,0,4,1,1,2,1,1,2,1,0,3,6,3,3,1,2,3,3,4,24
0,0,2,3,1,-1,0,1,0,0,2,1,3,1,1,0,0,0,0,0,0,1,1,0,2,1,1,4,1,1,1,2,1,3,0,0,3,6,4,2,1,1,1,1,0,3
0,2,2,3,2,24521,0,1,1,2,2,1,1,2,1,0,1,1,4,1,4,0,1,2,1,1,1,4,1,1,2,1,1,1,1,0,2,6,3,3,1,1,3,3,1,34
0,0,1,2,2,21201,0,1,0,0,2,1,3,2,1,0,2,1,2,1,3,1,1,2,1,1,1,4,1,1,2,1,1,1,1,0,2,6,3,3,1,3,1,3,0,34
1,0,1,2,2,15792,0,1,0,0,2,1,3,1,1,0,2,0,0,1,4,0,1,0,2,1,1,4,1,1,2,1,1,1,2,4,2,6,3,3,1,3,1,3,3,31
0,0,2,2,2,3200,0,1,0,0,2,1,1,1,1,0,1,0,0,1,3,1,1,1,1,1,1,4,1,1,2,2,1,1,1,0,1,6,3,3,1,0,1,3,2,32
1,0,2,2,2,8007,1,1,1,2,2,1,3,2,1,0,1,1,0,1,12,1,1,1,1,1,1,4,1,1,2,1,1,1,1,5,2,6,4,2,1,3,3,2,2,34
0,0,2,2,2,12504,1,1,0,0,1,1,3,1,1,0,2,0,0,1,12,1,1,1,2,1,1,4,1,1,2,2,1,1,1,0,3,6,3,3,1,1,1,3,4,33
1,0,3,3,2,11046,0,1,0,0,2,1,3,1,1,0,2,0,0,1,12,1,1,2,2,1,1,4,1,1,2,1,1,3,2,3,2,6,3,3,1,1,1,3,1,32
0,0,1,3,2,6924,0,1,2,2,2,1,1,1,1,0,2,0,0,1,8,0,1,1,1,1,1,4,1,1,2,2,1,1,1,0,2,6,4,3,1,1,1,3,2,32
1,1,2,0,2,5065,1,1,0,0,2,1,1,1,1,0,1,0,0,1,10,1,1,2,0,1,1,4,1,1,2,1,1,3,1,0,1,6,4,2,1,2,3,3,3,24
0,1,2,2,2,4522,0,0,0,0,2,1,1,1,1,0,2,0,0,1,6,0,1,0,1,1,1,3,1,1,2,2,1,1,1,4,1,6,3,2,1,1,1,3,2,33
0,0,0,0,1,4292,0,1,0,0,2,1,1,2,1,0,2,0,0,0,0,0,1,1,0,1,1,4,0,0,2,2,1,0,1,1,1,6,3,0,0,1,1,1,1,3
0,0,1,1,2,2434,1,0,2,1,2,1,3,1,1,0,1,0,0,1,6,0,1,1,0,1,0,4,1,1,2,1,0,1,1,0,3,5,3,2,1,1,1,3,2,31
1,2,2,0,1,15287,0,1,1,2,2,1,3,2,1,0,2,1,2,1,1,1,1,0,0,1,1,4,1,1,2,1,1,1,2,5,1,6,4,3,1,3,3,3,4,33
1,0,2,3,2,2161,0,0,0,0,2,1,3,2,1,0,2,0,0,1,12,0,1,2,1,1,1,4,1,1,2,1,1,1,1,0,2,6,4,3,1,1,1,3,2,18
1,1,3,2,2,9359,0,1,1,0,2,1,3,2,1,0,1,0,0,1,6,0,1,0,2,1,1,4,0,1,2,1,1,1,1,0,3,6,4,3,1,3,1,3,1,32
0,0,1,1,2,7533,0,1,0,0,2,1,1,2,1,0,2,0,0,1,12,0,1,0,0,1,1,4,1,0,2,1,1,1,-1,0,3,6,4,2,1,2,3,3,4,29
0,0,0,0,2,0,0,1,0,0,2,0,0,0,1,0,1,1,4,1,3,1,1,1,1,4,0,4,1,1,2,1,0,0,1,0,3,6,3,0,1,2,1,3,1,30
0,0,2,1,2,19000,0,1,0,0,2,1,1,2,1,0,2,0,0,1,12,0,1,1,1,1,0,4,1,1,2,1,1,1,2,3,2,6,3,2,1,1,1,3,0,31
1,0,1,1,2,1836,0,1,0,0,2,1,1,2,1,0,0,0,0,1,4,0,1,0,0,4,0,4,0,0,1,1,1,1,0,0,3,6,4,2,1,0,1,3,0,33
1,0,1,1,2,405,0,1,0,0,2,1,3,1,1,0,1,0,0,1,5,1,1,0,0,1,0,4,1,1,2,2,0,1,1,0,0,6,3,3,1,1,1,3,4,24
0,0,2,3,2,-1,0,1,0,2,2,1,2,2,1,0,3,0,0,0,0,1,1,2,2,1,1,4,1,1,1,1,1,0,-1,0,0,6,3,0,0,1,3,1,0,3
0,2,2,0,2,9281,0,1,0,0,2,1,3,1,1,0,2,0,0,1,4,1,1,1,2,1,1,4,1,0,2,1,1,1,2,5,1,6,4,3,1,1,1,3,3,29
1,0,0,2,2,10404,0,1,0,0,2,0,0,0,0,1,2,0,0,1,12,0,1,1,0,4,0,4,1,1,2,1,1,0,0,0,2,6,3,2,1,0,3,2,0,27
0,0,2,1,2,3712,0,1,0,0,2,1,1,2,1,0,2,0,0,1,12,0,1,0,0,1,1,4,1,1,1,1,1,1,1,0,0,6,3,2,1,2,1,3,3,29
1,2,1,2,2,2751,0,1,0,2,2,1,1,2,1,0,0,0,0,1,3,0,1,0,0,4,0,4,1,0,2,1,1,1,0,0,3,6,3,2,1,2,1,3,0,25
1,0,2,0,2,309,1,1,0,0,2,1,3,1,1,0,1,0,0,1,12,1,1,0,0,1,1,4,1,1,2,1,0,1,1,0,2,6,3,3,1,3,1,3,2,26
1,0,2,2,2,7806,0,0,3,1,2,1,3,2,1,0,2,1,5,1,6,0,1,2,2,1,1,4,1,1,2,1,0,1,1,5,2,6,3,3,1,1,1,3,4,31
0,0,1,2,2,695,1,0,0,0,2,1,1,2,1,0,0,0,0,1,4,0,1,0,2,1,1,4,0,1,2,2,1,1,0,0,3,6,3,2,1,2,1,3,0,32
1,0,2,1,2,-1,1,1,0,0,2,1,3,2,0,1,1,0,0,1,3,1,1,0,0,1,1,4,1,1,1,1,1,1,1,0,2,6,3,3,1,1,0,3,4,31
0,0,2,2,2,-1,1,0,0,0,2,1,1,1,0,0,2,0,0,1,12,0,1,1,0,1,0,4,1,1,2,1,1,1,1,2,3,6,3,2,1,1,0,3,0,19
1,0,0,1,2,-1,0,1,0,2,2,1,3,2,0,0,1,0,0,1,4,1,1,1,0,4,0,2,1,1,1,1,1,1,-1,0,2,6,3,2,1,2,3,1,1,19
1,0,2,2,2,16249,0,1,1,2,2,1,1,2,0,0,1,1,4,1,6,1,1,2,2,1,1,4,1,1,2,1,1,1,2,2,2,6,3,3,1,1,1,3,4,28
1,0,1,0,2,19226,0,1,1,2,2,1,1,2,1,0,2,0,0,1,10,0,1,2,2,4,1,4,1,1,2,1,1,1,1,4,2,6,3,3,1,1,0,3,1,32
1,0,1,2,2,6084,1,1,1,2,2,1,1,2,1,0,2,0,0,1,4,0,1,1,1,1,1,4,1,1,2,1,1,1,-1,0,2,6,4,3,1,2,1,3,1,32
1,0,2,3,2,-1,1,1,0,0,2,1,1,2,1,0,2,0,0,1,4,0,1,1,1,1,1,4,1,1,2,1,1,1,0,0,1,6,4,3,1,0,1,3,0,28
1,0,2,2,2,26237,0,1,0,0,2,1,1,1,0,1,2,0,0,1,12,0,1,1,1,1,1,4,1,1,2,1,1,1,1,5,2,6,3,3,1,1,3,3,3,28
0,0,1,3,1,7950,1,1,1,1,2,1,3,1,1,0,1,0,0,1,4,1,1,1,0,5,1,4,1,1,2,1,0,1,1,0,2,5,4,3,1,1,1,3,2,34
1,0,1,1,2,10644,0,1,0,0,2,1,1,2,1,0,1,0,0,1,4,1,1,0,1,4,0,4,1,1,2,2,1,1,1,0,2,6,3,3,1,2,0,3,2,32
0,0,0,3,1,-1,1,1,0,0,2,1,1,1,1,0,0,1,1,1,2,0,1,0,0,4,0,4,1,0,1,2,0,1,0,0,0,6,3,2,1,0,1,2,0,31
0,0,0,1,2,3513,0,1,0,0,2,1,3,2,1,0,2,0,0,1,12,0,1,1,1,1,1,4,0,1,2,1,1,1,2,5,1,6,3,3,1,2,1,3,4,34
1,2,1,0,2,2340,1,1,0,0,2,1,3,2,1,0,1,0,0,1,12,1,1,0,2,1,1,4,1,1,2,1,1,1,1,0,2,6,3,3,1,1,1,3,3,33
0,0,0,3,2,6159,0,0,0,0,2,1,1,2,0,1,1,0,0,1,12,0,1,0,0,4,1,4,1,1,2,1,0,1,1,0,2,6,4,3,1,1,1,3,2,32
0,0,0,2,2,15113,0,1,1,0,2,1,3,2,1,0,2,0,0,1,6,0,1,1,1,1,1,4,1,1,2,1,1,3,2,4,3,6,3,3,1,3,3,3,3,32
1,0,1,1,2,4025,1,0,0,0,2,1,3,1,1,0,3,0,0,1,4,1,1,2,0,1,1,3,1,1,2,1,1,1,1,0,2,6,3,3,1,2,1,3,2,32
0,0,3,2,2,22180,0,1,0,0,2,1,1,2,1,0,2,0,0,1,4,0,1,1,1,1,1,4,1,1,2,1,1,1,1,5,2,6,4,3,1,2,1,3,0,33
1,0,1,2,2,12428,1,0,1,2,2,1,3,2,1,0,2,0,0,1,4,1,1,1,2,1,1,4,1,1,1,1,1,1,2,5,2,6,3,3,0,1,1,3,4,34
1,0,2,2,2,13853,0,1,0,2,2,1,3,1,0,0,1,1,2,1,4,1,1,1,1,1,1,4,1,1,2,1,1,1,1,0,2,6,3,3,1,1,1,3,4,30
0,1,2,0,2,11,0,1,0,2,2,1,1,1,1,0,3,0,0,1,12,0,1,0,2,1,1,4,1,1,2,1,1,1,2,1,2,6,3,3,0,1,1,3,3,34
1,0,1,2,2,9135,0,1,0,0,2,1,1,1,1,0,2,0,0,1,4,0,1,1,0,1,1,4,1,1,1,1,1,1,1,3,2,6,3,3,1,2,0,3,2,29
1,0,0,0,2,3416,0,1,0,0,2,1,1,1,0,1,2,0,0,1,8,0,1,1,0,4,0,0,1,0,1,2,0,1,-1,0,1,6,3,2,1,1,1,2,3,34
1,0,2,2,2,9573,0,1,0,0,2,1,1,2,1,0,2,1,1,1,6,0,1,1,1,1,1,3,0,1,2,1,1,1,0,0,2,6,4,3,1,1,3,3,2,29
0,0,0,0,2,-1,0,0,1,2,2,1,3,1,1,0,2,0,0,1,4,0,1,1,1,1,1,4,1,1,2,1,0,1,1,0,2,6,3,2,1,1,0,3,1,33
1,0,0,1,2,24171,0,1,2,0,2,1,3,2,0,1,1,0,0,1,4,1,1,0,0,1,0,2,0,1,1,1,0,1,1,0,2,6,3,3,1,2,1,3,2,30
0,2,2,3,2,17092,0,1,0,0,2,1,1,2,1,0,1,0,0,1,6,1,1,1,2,1,1,4,1,0,2,1,1,1,2,5,1,6,3,3,1,1,1,3,3,30
0,0,2,2,2,412,1,1,2,0,2,1,3,1,1,0,1,1,4,1,4,1,1,2,0,1,0,4,1,1,2,1,1,1,1,0,2,6,4,3,1,1,0,3,4,30
0,0,2,2,2,4176,0,1,1,1,2,1,1,2,1,0,2,0,0,1,6,0,1,1,0,1,1,4,1,1,1,1,1,1,1,0,3,6,4,0,1,1,1,3,2,0
0,0,0,1,2,-1,0,1,0,0,2,1,3,2,0,0,2,0,0,1,12,0,1,1,0,1,0,0,0,0,1,1,1,1,-1,0,3,5,2,3,1,2,1,3,2,34
0,2,1,3,2,18911,1,1,0,0,2,1,3,2,0,1,2,0,0,1,12,1,1,2,2,1,1,4,1,1,2,1,1,1,1,0,3,6,4,3,1,1,1,3,4,34
0,0,0,1,2,5078,0,1,1,0,2,1,1,2,0,1,1,0,0,1,3,1,1,0,0,2,0,4,0,1,1,2,1,1,1,0,2,6,3,2,1,2,3,1,2,5
0,0,2,3,2,-1,1,1,0,0,2,1,3,1,1,0,2,1,6,1,6,1,1,1,2,1,1,4,1,1,2,1,1,1,2,5,2,6,4,3,1,3,3,3,4,33
1,0,0,2,2,24157,0,1,1,2,2,1,3,2,1,0,1,0,0,1,4,1,1,1,1,1,1,4,1,1,2,1,1,3,1,2,3,6,3,3,1,1,1,3,0,33
1,0,1,1,2,86,0,1,1,0,2,1,1,1,0,0,2,0,0,1,4,0,1,1,0,1,1,4,1,1,2,1,1,1,0,0,3,6,4,3,1,2,1,3,0,33
0,2,0,0,2,35067,0,0,0,0,2,1,3,2,1,0,1,0,0,1,12,0,1,0,1,1,1,4,1,1,2,1,1,3,-1,0,3,6,3,2,1,1,3,3,1,31
1,0,1,2,2,37082,1,1,2,2,2,1,1,1,1,0,2,1,2,1,12,0,1,1,1,1,1,4,1,1,2,1,1,3,1,0,3,6,3,3,1,1,3,3,3,34
1,0,2,2,2,3943,1,1,0,0,2,1,1,2,1,0,1,0,0,1,12,0,1,0,2,1,1,4,1,1,2,1,1,3,1,0,2,6,4,3,1,1,1,3,1,25
0,2,2,0,2,301,0,1,0,0,2,1,1,2,1,0,2,0,0,1,4,0,1,0,1,1,1,3,1,1,2,1,1,1,0,0,3,6,3,3,1,1,1,3,0,34
0,0,0,1,1,1164,0,0,0,0,2,1,1,2,0,1,0,0,0,1,3,0,0,1,0,1,1,4,1,1,2,1,0,2,0,0,1,5,1,2,1,1,1,1,0,28
0,0,2,2,2,9167,1,1,1,1,2,1,1,1,1,0,1,0,0,1,4,0,1,0,1,1,1,4,1,1,2,1,1,1,2,2,1,6,3,2,1,1,0,3,0,22
1,2,2,3,1,11006,1,1,0,0,2,1,3,1,1,0,2,1,4,1,4,1,1,2,1,1,1,4,1,1,2,1,1,1,2,4,2,6,4,3,1,1,3,3,3,31
0,0,1,3,1,4354,1,1,0,0,2,1,3,2,1,0,3,0,0,1,12,1,1,1,2,1,1,4,1,1,2,1,0,1,-1,0,2,6,2,3,0,0,3,1,3,32
0,1,0,0,1,561,0,0,0,0,2,1,3,2,0,1,1,1,12,0,0,1,1,0,2,1,1,4,1,1,1,2,1,2,2,5,0,6,3,0,0,3,3,1,2,5
1,0,0,1,2,6741,0,0,0,0,2,1,1,1,1,0,2,0,0,1,5,0,1,0,0,1,0,4,1,1,2,1,0,1,-1,0,1,2,3,3,1,2,1,3,0,27
1,2,2,1,2,271,1,1,4,2,2,1,3,2,1,0,2,0,0,1,3,0,1,1,1,1,1,3,0,0,2,1,1,1,-1,0,3,6,3,3,1,1,1,1,2,34
1,0,2,2,2,8296,1,1,0,0,2,1,1,2,1,0,1,1,4,1,4,0,1,1,1,4,0,4,1,1,2,1,0,1,1,0,2,6,3,2,1,1,3,3,0,30
0,0,1,1,2,-1,0,1,1,2,2,0,0,0,0,0,2,0,0,1,4,0,1,2,0,4,0,0,1,1,1,2,1,0,-1,0,2,6,2,2,1,0,1,2,0,27
0,0,2,0,2,9231,0,1,2,1,2,1,1,2,1,0,2,0,0,1,12,0,1,0,1,1,1,4,0,1,2,1,1,1,1,5,2,6,4,3,1,1,1,3,4,16
0,2,1,2,2,27361,1,1,0,0,2,1,1,2,1,0,1,0,0,1,12,0,1,1,2,1,1,3,1,1,2,1,1,1,1,0,3,6,4,3,1,1,1,3,2,33
0,0,0,3,2,44078,0,0,1,0,2,1,1,1,0,1,2,0,0,1,4,0,1,1,2,1,1,4,1,1,2,1,0,1,-1,0,1,6,2,3,1,2,1,3,0,28
1,0,0,2,2,6374,0,1,0,0,2,1,3,2,0,0,2,0,0,1,5,1,1,0,0,1,1,4,0,1,2,1,1,1,2,5,3,6,4,2,1,1,1,3,1,29
1,2,2,3,2,5123,1,1,0,0,1,1,1,2,1,0,2,0,0,1,3,0,1,0,0,1,1,4,1,0,2,2,1,1,1,0,3,6,4,3,0,2,1,3,4,34
0,0,0,2,2,9329,0,1,1,1,2,1,1,2,1,0,1,0,0,1,1,0,1,0,1,1,1,4,1,1,2,1,0,1,1,0,1,6,3,3,1,3,2,3,3,34
0,0,1,2,2,0,1,0,1,1,2,1,1,2,1,0,2,0,0,1,12,0,1,0,2,1,1,4,1,0,2,1,0,1,-1,5,3,6,3,3,1,2,3,2,2,34
1,0,2,2,2,10266,0,1,2,2,2,1,1,1,1,0,2,1,3,1,4,0,1,1,0,1,1,4,1,1,2,2,0,1,1,0,3,6,3,3,1,2,3,3,2,32
1,0,2,1,2,19086,1,1,2,2,2,1,1,2,1,0,2,0,0,1,6,0,1,0,2,1,1,4,1,1,2,2,1,1,1,3,2,6,4,3,1,1,1,3,4,32
0,0,0,1,2,2081,0,1,0,0,2,1,1,1,1,0,2,0,0,1,12,0,1,1,0,1,0,4,1,1,1,1,1,1,-1,0,3,6,3,2,1,2,1,3,2,28
0,0,0,3,2,10884,1,1,2,2,2,1,1,2,1,0,1,1,10,1,12,1,1,1,0,4,1,4,1,1,2,2,1,1,1,0,0,6,3,3,1,2,1,3,2,29
0,2,3,3,2,12517,0,1,1,1,2,1,1,2,1,0,2,1,4,1,2,1,1,0,2,1,1,4,1,1,2,1,1,1,1,5,3,6,4,2,1,1,1,3,3,31
0,0,1,3,2,-1,1,1,0,2,2,1,3,2,1,0,2,0,0,1,12,1,1,2,2,1,1,4,1,0,2,1,1,1,-1,0,1,6,3,2,1,1,3,3,4,33
0,2,1,2,2,-1,0,1,2,0,2,1,1,1,1,0,0,0,0,1,6,0,1,0,0,1,0,4,1,1,2,2,1,1,0,0,1,6,3,2,1,2,3,3,0,27
0,0,0,1,1,4615,0,1,0,0,2,1,1,2,1,0,3,0,0,1,4,0,1,1,0,4,0,2,0,1,1,1,0,1,-1,0,1,6,3,2,1,0,1,0,1,31
0,2,1,2,1,23371,1,1,0,0,2,1,3,2,1,0,1,0,0,1,12,1,1,2,2,1,1,4,1,1,2,1,1,1,1,0,3,6,4,3,1,1,0,3,4,32
1,0,2,2,2,-1,1,1,1,2,2,1,1,2,1,0,2,1,12,1,12,1,0,0,0,1,0,4,0,1,2,1,1,1,1,5,2,6,1,3,1,2,0,3,4,33
0,0,1,3,2,11948,0,1,1,1,2,1,1,2,1,0,2,1,1,1,8,0,1,1,2,1,1,4,1,1,2,1,1,1,-1,0,0,6,3,2,1,3,1,3,2,32
0,2,1,3,1,13195,0,1,0,0,2,1,1,1,0,0,2,0,0,1,12,0,1,0,2,1,1,2,1,1,2,1,1,1,-1,0,3,6,3,3,0,1,1,3,3,31
0,2,2,3,2,4283,1,1,3,1,2,1,3,2,0,1,1,0,0,1,4,0,1,1,0,1,1,4,1,1,2,1,1,3,1,0,2,6,4,3,1,3,1,3,4,32
1,0,2,3,2,15890,0,1,0,1,2,1,1,2,1,0,2,0,0,1,12,0,1,1,1,1,1,4,0,0,2,1,1,1,-1,0,2,6,2,3,1,1,1,3,4,31
0,0,2,2,2,19754,0,1,0,0,2,0,0,0,0,1,1,0,0,1,6,1,1,0,2,1,1,4,1,1,2,1,1,0,1,0,2,3,3,3,1,1,1,3,3,18
1,0,0,1,2,11623,0,0,0,0,1,1,1,1,1,0,2,1,2,1,10,0,1,1,0,4,0,4,1,0,1,1,1,1,1,1,1,6,3,3,1,2,3,3,1,30
0,2,2,3,2,15756,1,1,0,0,2,1,3,2,1,0,1,0,0,1,4,1,1,0,2,1,1,4,1,1,2,1,1,1,1,0,2,3,3,3,0,3,1,3,4,29
0,0,1,3,2,25225,1,1,0,0,2,1,3,2,1,0,2,0,0,1,12,0,1,0,2,1,1,4,1,1,2,1,1,3,1,0,2,6,4,3,1,1,3,3,0,33
0,2,2,2,2,27947,1,1,1,2,2,1,1,1,1,0,0,0,0,1,4,0,1,0,0,1,1,4,1,1,2,1,1,1,0,0,2,6,3,3,1,1,3,3,0,31
1,0,2,2,2,33224,1,1,0,0,2,1,3,2,1,0,1,0,0,1,12,0,1,1,0,1,1,4,1,1,2,1,1,1,1,0,3,3,4,3,1,2,1,3,4,25
0,0,0,1,2,6593,0,1,0,0,1,0,0,0,1,0,0,0,0,1,6,1,1,0,0,4,0,0,1,1,1,2,1,0,0,0,1,6,3,2,1,2,0,0,0,27
1,0,2,3,2,19993,1,1,1,1,2,1,3,2,1,0,2,1,1,1,12,0,1,2,1,1,1,4,1,1,2,1,1,1,1,0,0,6,3,3,1,1,0,3,3,34
0,2,1,3,2,7871,1,1,1,2,2,1,3,2,1,0,1,1,9,1,12,0,1,1,1,1,1,4,1,0,2,1,1,1,-1,0,3,3,3,3,1,1,1,3,1,33
0,0,2,2,2,12791,1,1,0,0,2,1,3,2,1,0,1,0,0,1,12,0,1,2,1,1,1,4,1,1,2,1,1,1,1,0,3,6,4,3,1,2,1,3,2,32
1,0,1,2,2,17794,1,1,1,0,2,1,3,1,1,0,2,0,0,1,12,1,1,2,1,1,1,4,1,0,2,1,1,1,2,5,2,6,3,3,1,2,0,3,3,31
1,0,3,2,2,25407,1,1,0,0,2,1,3,2,1,0,1,1,4,1,12,1,1,1,2,1,1,4,1,1,2,1,1,1,2,3,2,6,4,3,1,3,1,3,2,33
0,0,2,3,2,4558,0,1,1,1,2,1,3,2,1,0,2,0,0,1,12,0,1,1,0,4,1,4,1,1,2,1,1,1,-1,0,2,6,3,3,1,0,1,3,3,32
0,0,0,3,2,2682,0,1,1,2,2,1,1,2,1,0,2,1,2,1,12,0,1,1,1,1,1,4,1,1,2,1,0,1,1,2,3,6,2,3,1,1,3,3,3,32
0,2,2,3,1,7384,1,1,0,0,2,1,1,2,1,0,1,0,0,0,0,0,1,2,2,1,1,4,1,0,2,1,0,1,2,1,2,6,4,3,0,1,1,3,0,33
1,0,1,1,2,18255,1,1,0,0,2,1,1,1,1,0,1,0,0,1,12,0,1,0,1,1,0,4,1,1,2,1,0,0,1,0,2,6,3,3,1,2,1,3,0,31
1,0,1,1,2,1697,1,1,0,0,2,1,1,2,1,0,0,0,0,1,6,0,1,0,1,5,1,4,1,1,1,1,0,1,0,0,3,6,3,3,1,1,3,3,0,31
0,0,1,2,2,8396,0,1,1,2,2,1,3,2,1,0,2,1,1,1,12,0,1,2,0,1,1,4,1,1,2,1,1,1,1,0,3,6,4,3,1,1,0,3,1,32
0,2,0,3,1,569,0,1,0,0,2,1,2,2,1,0,2,0,0,0,0,0,1,1,1,1,1,4,1,1,2,2,1,0,2,1,2,6,3,3,0,3,1,1,1,3
0,0,0,2,2,10296,1,0,0,0,2,1,1,2,0,1,0,0,0,0,0,0,1,0,0,4,1,4,0,1,1,1,1,1,0,0,2,6,3,2,1,1,0,3,0,33
0,0,3,0,1,4119,0,1,0,0,2,1,3,1,1,0,1,1,12,1,12,1,1,0,1,1,1,4,1,1,2,2,1,2,2,1,0,6,3,0,0,1,0,1,4,5
1,2,2,3,1,11735,0,1,0,2,2,1,1,2,1,0,2,0,0,1,12,1,1,1,2,1,1,4,1,1,2,1,1,1,0,0,2,6,2,3,0,1,1,3,1,34
0,0,2,2,2,12168,0,1,1,1,2,1,1,1,1,0,2,0,0,1,5,0,1,1,1,1,1,2,1,1,2,1,1,1,1,4,2,6,4,3,1,2,1,3,4,32
1,0,3,1,2,19091,0,1,0,0,2,1,1,1,1,0,2,0,0,1,11,0,1,0,2,1,1,4,1,1,2,1,1,1,-1,0,2,6,3,3,1,2,1,3,4,32
0,0,2,2,2,4407,0,1,0,0,2,0,0,0,0,1,1,0,0,1,4,0,1,0,1,1,1,4,1,1,2,1,1,0,1,0,3,6,3,3,1,2,1,3,3,32
1,0,1,2,2,-1,1,1,0,0,2,1,1,2,1,0,2,0,0,1,6,0,1,0,2,1,1,4,0,1,2,1,1,1,-1,0,1,6,4,3,1,3,1,3,2,34
1,2,0,2,2,24808,1,1,1,2,2,1,3,1,1,0,1,1,3,1,8,0,1,0,1,1,0,4,1,1,2,1,1,1,1,3,3,6,4,3,0,3,1,3,4,28
0,0,2,0,2,10300,1,1,0,1,2,1,3,1,1,0,1,0,0,1,12,0,1,0,2,1,1,4,1,1,2,1,1,0,1,0,3,6,3,3,1,1,3,3,1,34
1,0,1,1,2,4915,0,1,1,1,2,1,1,1,1,0,2,0,0,1,12,1,1,1,0,1,1,4,1,1,2,1,1,1,1,0,2,6,4,2,1,2,1,3,3,25
0,0,0,1,2,5205,0,1,0,0,2,1,3,2,1,0,2,0,0,1,4,1,1,1,0,1,0,4,1,1,2,1,1,3,2,5,1,6,3,3,1,1,1,3,4,30
1,2,2,2,1,28095,0,1,0,0,2,1,3,2,1,0,1,0,0,1,12,0,1,2,2,1,1,4,1,1,2,2,0,1,2,5,3,6,4,3,1,3,0,3,1,34
1,0,0,1,2,420,1,1,1,1,2,1,1,2,1,0,1,0,0,1,4,0,1,1,0,1,1,3,1,0,2,1,1,1,-1,0,1,6,2,3,1,1,1,3,1,34
0,0,1,2,2,6743,0,1,0,0,2,1,1,1,0,0,0,1,1,1,4,0,1,0,1,1,1,4,1,1,2,1,1,1,0,0,3,6,3,3,1,2,1,3,0,32
1,0,1,2,2,-1,0,1,0,0,2,1,1,2,1,0,0,0,0,1,12,0,1,0,1,1,1,4,1,1,2,1,1,3,0,0,3,6,4,3,1,1,1,3,0,33
1,2,1,3,1,36323,1,1,1,2,2,1,1,1,1,0,3,1,3,1,6,1,1,0,2,1,1,4,1,1,2,1,0,1,2,2,3,6,4,3,0,1,1,3,3,34
1,0,1,1,2,7181,0,0,0,0,2,1,3,1,0,1,2,0,0,1,4,1,1,2,0,4,0,4,0,1,1,1,1,1,1,0,2,6,3,3,1,0,1,3,1,33
1,0,1,1,2,15781,0,0,0,0,2,0,0,0,1,0,0,0,0,1,12,1,1,1,0,1,1,2,1,1,1,1,1,0,0,0,2,6,4,3,1,1,1,1,0,32
1,2,0,2,2,9353,1,0,0,0,2,1,1,2,1,0,2,0,0,1,5,1,1,1,2,1,1,4,1,1,2,2,0,1,1,0,3,6,4,3,1,0,1,3,4,33
0,0,3,2,2,19504,0,1,0,0,2,1,1,2,1,0,2,0,0,0,0,0,1,0,1,1,1,4,1,1,2,1,1,1,1,0,2,6,4,3,1,3,3,3,2,30
0,0,1,3,2,40890,0,1,0,0,2,1,1,1,1,0,0,1,2,1,4,0,1,0,0,1,1,4,1,1,2,2,1,1,0,0,1,6,3,2,1,1,1,2,0,31
1,0,1,2,2,27748,1,1,0,0,2,1,3,1,0,0,2,0,0,1,12,0,1,2,2,1,1,4,1,0,2,1,1,3,2,4,2,6,4,3,1,1,1,3,2,34
0,0,0,1,1,-1,0,1,0,0,2,0,0,0,0,1,0,0,0,1,4,0,1,0,0,4,0,3,0,0,1,2,0,0,0,0,1,5,2,2,1,1,3,0,0,32
1,0,2,2,2,22895,0,1,1,2,2,1,1,2,1,0,1,0,0,1,12,1,1,2,2,1,1,4,1,1,2,1,1,3,1,5,1,6,3,2,1,1,1,3,4,27
1,0,2,2,2,-1,1,0,0,0,1,1,1,2,0,0,2,0,0,1,2,0,1,1,0,4,1,3,0,1,2,1,1,2,1,5,2,6,3,3,1,2,3,2,2,30
1,0,2,2,2,20041,1,0,0,0,2,1,3,2,0,1,2,0,0,1,12,1,1,2,0,1,0,4,1,0,2,1,1,1,2,5,2,6,3,3,1,2,1,3,3,34
1,0,2,2,2,6490,0,1,0,0,2,1,1,1,1,0,1,0,0,1,4,1,1,1,0,1,1,4,1,1,2,1,1,1,1,0,3,6,3,3,1,2,3,3,4,30
0,0,2,2,2,9854,0,1,0,0,2,1,1,2,0,0,2,0,0,1,1,0,1,1,0,1,0,4,1,1,2,1,1,1,0,0,1,6,3,2,1,0,1,3,1,27
1,0,0,0,2,10886,0,0,1,1,0,1,3,2,1,0,2,0,0,1,12,1,1,2,0,1,1,4,1,1,2,1,0,1,1,0,2,6,4,3,1,2,3,3,1,33
0,0,1,3,2,0,0,1,0,0,1,1,1,2,1,0,2,0,0,1,4,0,0,0,2,1,1,4,1,1,2,2,1,1,1,5,1,6,1,3,1,0,3,3,1,32
0,0,2,1,2,2112,0,1,0,0,2,1,1,1,0,0,1,0,0,1,12,0,1,0,1,1,1,4,0,1,2,1,0,1,1,0,1,6,3,3,1,3,1,3,2,28
0,2,0,0,2,7322,0,1,1,2,2,1,1,1,0,0,2,1,4,1,4,0,1,1,1,1,1,4,1,1,2,1,0,1,-1,0,3,6,3,3,0,1,1,2,4,30
0,2,3,2,2,-1,0,0,0,0,2,1,3,1,0,0,2,0,0,1,4,1,1,1,2,1,1,4,1,1,2,1,0,1,-1,0,2,6,4,3,1,1,0,3,1,31
1,0,1,2,2,-1,1,1,0,0,2,1,3,2,1,0,1,0,0,1,4,1,1,2,0,1,0,4,1,0,2,1,1,1,-1,0,3,6,3,3,1,2,1,3,3,33
0,0,0,2,2,273,1,0,0,0,2,1,1,1,1,0,2,0,0,1,12,1,1,0,1,1,1,4,1,1,2,2,1,3,2,3,3,6,3,2,1,1,1,3,1,32
1,0,2,2,2,19207,0,1,0,0,2,1,3,2,0,1,1,0,0,1,6,1,1,1,2,1,1,4,1,1,2,1,1,1,1,0,2,6,4,3,1,1,1,3,3,34
1,0,1,2,2,970,0,1,1,1,2,1,3,1,1,0,1,0,0,1,12,1,1,1,1,2,1,4,0,0,2,1,1,1,1,0,2,6,3,3,1,3,1,3,3,31
0,2,0,2,2,3009,0,0,0,0,2,1,1,1,1,0,2,0,0,1,4,0,1,1,0,2,0,2,1,1,1,1,0,1,-1,0,3,6,3,3,1,1,0,3,4,0
1,0,0,1,2,5929,0,1,1,0,2,1,1,2,1,0,2,1,2,1,4,0,1,1,1,1,1,4,0,1,2,1,0,2,-1,0,2,6,1,2,1,2,1,3,2,31
1,0,1,3,2,22586,1,0,0,0,2,1,1,1,1,0,0,0,0,1,6,0,1,0,2,1,1,4,1,1,2,1,1,1,0,0,1,6,4,2,1,1,0,3,0,33
0,0,0,2,2,24208,1,1,0,0,2,0,0,0,0,0,1,0,0,1,12,1,1,1,1,2,0,4,1,1,2,1,1,0,2,5,1,6,3,3,1,2,1,3,2,34
0,0,2,3,2,3316,1,1,1,2,2,1,1,2,1,0,1,1,2,1,4,1,1,2,1,1,1,4,1,0,2,2,1,3,0,0,2,6,4,3,1,3,1,3,2,32
1,0,2,2,2,14191,1,1,1,2,2,1,3,2,1,0,2,0,0,1,12,1,1,2,2,1,1,4,1,1,2,1,1,1,1,0,3,5,3,3,1,1,1,3,4,34
1,0,3,2,2,4591,1,1,0,0,2,1,3,1,1,0,1,0,0,1,6,1,1,1,1,1,1,4,1,1,2,1,0,1,1,0,3,6,4,3,1,1,1,3,2,34
0,0,2,2,2,21436,1,0,0,0,2,1,3,2,1,0,2,1,2,1,12,0,1,0,1,1,1,4,1,1,2,1,1,3,2,1,2,6,4,3,1,1,3,3,4,33
1,0,3,2,2,7790,1,1,0,0,2,1,1,2,1,0,0,0,0,1,4,0,1,0,2,1,1,4,1,0,2,2,1,3,0,0,2,6,4,3,1,1,1,3,0,32
0,0,2,2,2,5569,1,1,0,0,2,1,1,2,1,0,1,0,0,1,12,0,1,0,2,1,1,4,1,1,2,1,1,1,-1,0,3,6,4,2,1,3,1,3,0,34
1,0,2,2,2,27892,1,0,0,0,2,1,3,2,1,0,2,0,0,1,6,1,1,1,2,1,1,4,1,1,2,1,1,1,1,2,3,6,3,3,1,1,1,3,4,30
0,0,1,0,2,84970,0,1,1,2,2,1,1,2,0,1,2,0,0,1,4,0,1,0,1,1,1,4,1,1,2,1,1,1,-1,0,2,6,4,2,1,1,1,3,4,32
0,0,0,2,2,17357,0,1,1,2,2,1,1,2,0,1,2,0,0,1,6,0,1,1,1,1,1,4,1,0,2,1,0,3,1,3,3,6,4,2,1,1,3,1,3,32
0,0,1,3,2,-1,1,1,1,1,2,1,3,1,1,0,1,0,0,1,12,1,1,2,1,1,1,4,1,1,2,2,1,1,1,0,1,6,3,2,1,3,1,3,4,27
0,0,0,2,2,10374,0,1,1,2,2,1,1,2,1,0,2,0,0,1,6,0,1,1,0,1,1,4,1,1,2,1,1,3,1,1,3,6,4,3,1,1,3,0,0,32
0,0,1,2,2,1771,0,1,1,1,2,0,0,0,0,0,0,0,0,1,12,0,1,0,0,1,0,4,1,1,1,1,1,0,0,0,3,3,3,2,1,1,0,3,0,29
0,0,1,3,2,8238,0,1,0,0,2,1,1,2,1,0,1,0,0,1,12,1,1,1,1,1,1,4,1,0,2,2,1,1,1,0,1,6,4,2,1,3,3,3,4,27
0,0,2,1,2,2312,1,0,0,0,2,1,1,2,1,0,2,1,3,1,4,0,1,1,0,4,0,2,0,1,1,1,1,1,1,0,3,6,3,3,1,3,0,3,3,29
0,2,2,3,2,28288,1,1,1,0,2,1,3,2,0,1,1,0,0,1,12,1,1,1,2,1,1,4,1,1,2,1,0,1,2,5,1,6,4,3,0,1,1,3,4,34
0,0,0,2,2,7425,0,1,1,1,2,1,3,2,0,1,2,0,0,1,4,0,1,1,1,1,1,4,1,0,2,1,0,1,1,0,1,6,3,2,1,1,1,3,0,30
0,0,2,2,2,2237,0,0,0,0,2,1,1,2,1,0,0,1,6,1,6,0,1,0,1,1,1,4,1,0,2,1,1,1,0,0,1,6,4,3,1,3,3,3,0,33
1,2,2,2,1,-1,0,1,0,0,2,1,3,2,1,0,2,1,6,1,12,1,1,1,1,1,1,4,1,1,2,2,1,3,1,1,1,6,4,3,1,1,1,3,3,34
0,1,2,3,2,9811,0,1,1,2,2,1,3,2,1,0,1,0,0,1,12,1,1,1,2,1,0,4,1,1,2,2,1,3,-1,0,0,6,3,0,0,1,3,0,2,0
0,0,0,2,2,9867,0,1,0,0,2,1,3,2,0,1,1,0,0,1,4,1,1,2,1,1,0,4,1,1,2,1,1,1,1,0,3,6,3,3,1,3,1,3,1,33
1,0,2,2,2,46870,0,1,0,0,2,1,1,2,1,0,2,0,0,1,12,0,1,1,1,1,0,4,1,1,2,2,1,3,-1,5,3,6,4,3,0,1,1,3,3,34
1,0,1,2,2,8930,1,1,0,0,2,1,1,2,0,1,2,0,0,1,6,0,1,1,0,1,1,4,1,0,2,1,1,3,1,5,2,6,4,3,1,1,3,3,3,30
0,2,3,3,1,20612,1,1,0,0,2,1,3,1,0,0,1,0,0,1,12,1,1,1,2,1,1,4,1,1,2,1,1,1,1,0,3,6,4,3,0,3,1,3,2,32
0,0,2,3,2,-1,1,1,1,2,2,1,1,1,1,0,2,0,0,1,12,0,1,1,2,1,1,4,1,1,2,1,1,1,1,5,3,6,4,3,1,3,3,3,4,33
0,0,2,2,2,10816,0,1,0,1,2,1,1,1,1,0,0,0,0,1,12,0,1,1,0,1,1,4,1,1,2,1,1,1,0,0,3,0,4,2,0,1,1,3,0,34
0,0,3,3,2,-1,1,0,0,0,2,1,1,1,1,0,2,0,0,1,16,0,0,1,2,1,1,4,1,1,2,1,1,1,-1,0,1,6,1,2,1,1,1,3,1,29
0,0,0,3,2,2485,0,0,0,0,2,1,1,2,1,0,2,0,0,1,4,1,1,1,1,1,1,4,1,1,2,1,1,1,-1,0,2,6,3,3,1,1,1,3,2,32
1,2,0,3,2,4152,1,1,0,0,2,0,0,0,1,0,1,0,0,1,12,1,1,1,0,4,1,3,0,1,2,1,1,0,1,0,3,6,4,3,1,2,1,3,2,31
1,0,1,1,2,1762,1,1,1,2,2,1,3,2,1,0,2,1,8,1,4,1,1,0,1,1,1,4,1,1,2,1,0,3,1,0,3,6,4,3,1,2,1,3,3,32
0,0,2,2,2,2123,0,1,1,2,2,1,3,2,0,1,1,0,0,1,12,1,1,2,1,1,1,4,1,0,2,1,1,1,1,0,2,6,3,3,1,0,1,3,4,30
0,0,0,0,2,878,1,0,0,0,2,1,1,2,1,0,2,1,3,1,10,1,1,1,1,1,1,4,1,1,2,1,1,1,1,5,1,6,4,2,1,1,1,1,0,33
0,0,1,1,2,251,0,0,0,0,2,1,1,2,1,0,2,0,0,1,12,0,1,0,0,4,0,4,1,1,1,1,1,1,-1,0,2,6,3,3,1,2,1,3,1,28
0,0,2,3,2,11029,1,1,0,0,2,1,1,1,1,0,0,0,0,1,12,0,1,0,2,1,1,4,1,1,2,1,1,1,0,0,2,6,3,2,1,3,1,3,0,32
1,0,1,1,2,11516,1,1,0,0,2,1,3,2,0,1,1,0,0,1,3,1,1,0,1,1,0,4,1,1,1,1,1,1,1,0,2,6,3,3,1,1,1,3,2,33
0,0,1,3,2,23155,1,1,0,0,2,1,2,1,1,0,2,0,0,1,12,0,1,0,2,1,1,4,1,0,2,1,0,2,2,3,1,6,3,2,1,1,3,3,2,27
1,0,2,2,2,10102,0,1,0,0,2,1,3,1,1,0,2,1,2,1,12,0,1,1,1,1,1,4,1,1,2,1,0,3,-1,0,3,6,2,3,1,1,1,3,2,34
1,0,0,0,2,-1,0,0,0,0,2,1,3,1,1,0,1,1,12,1,12,1,1,2,2,4,1,3,1,1,2,1,1,1,-1,0,1,6,2,3,1,1,1,3,1,30
1,0,1,2,2,22846,1,0,0,0,2,1,1,2,1,0,2,0,0,1,3,0,1,0,1,1,1,4,0,1,2,1,1,1,1,5,3,6,4,3,1,2,1,3,2,33
1,0,2,2,2,0,0,1,0,0,2,1,3,1,1,0,2,0,0,1,4,0,1,2,0,2,1,4,1,0,1,1,1,1,1,0,2,6,3,2,1,2,1,3,4,25
1,2,1,2,2,15423,0,1,2,2,2,1,1,2,1,0,2,1,1,1,12,0,1,0,1,4,1,4,1,1,2,1,1,1,1,4,2,6,3,2,1,3,3,3,4,34
0,0,2,2,2,3502,0,1,0,0,2,1,1,2,1,0,2,0,0,1,6,0,1,0,2,1,1,4,1,1,2,1,1,3,1,3,3,6,3,3,1,1,3,3,1,32
0,0,2,3,1,-1,0,0,0,0,2,0,0,0,1,0,3,0,0,0,0,0,1,0,1,1,1,4,1,1,2,2,0,0,-1,0,0,6,3,0,0,0,1,1,4,0
1,0,1,2,2,167,0,0,0,0,2,1,1,2,1,0,2,0,0,1,6,0,1,0,1,1,1,4,1,0,2,1,1,1,0,0,0,6,4,2,1,1,3,3,0,30
0,2,2,2,2,17287,0,1,0,0,2,1,1,1,1,0,0,0,0,1,4,0,1,0,2,1,1,4,1,1,2,1,1,1,0,0,1,6,3,3,0,1,3,3,0,34
1,0,1,1,2,-1,0,1,0,2,2,1,1,1,0,1,2,1,4,1,6,0,1,1,0,1,1,4,1,1,2,1,1,1,1,0,2,6,3,3,1,2,1,3,4,29
0,0,3,3,2,13678,1,1,2,2,2,1,1,2,0,1,0,1,6,1,12,0,1,0,2,1,1,4,1,1,2,1,1,1,0,0,3,6,4,2,1,1,1,3,0,34
1,0,1,1,2,13280,1,1,0,0,2,1,1,2,1,0,0,0,0,1,12,0,1,2,1,4,1,4,1,1,1,1,1,1,0,0,2,6,3,2,1,1,1,3,0,32
0,0,0,1,2,1924,1,0,0,0,2,1,3,2,0,1,2,0,0,1,4,0,1,1,0,2,0,4,1,1,2,2,1,1,1,0,2,6,3,3,1,1,0,3,2,34
1,2,1,0,1,5506,1,1,0,0,2,1,2,2,1,0,1,0,0,1,12,1,1,0,1,1,1,4,1,1,2,1,1,1,2,4,1,6,4,3,1,3,1,3,2,34
1,0,2,0,2,3726,0,1,0,0,2,1,1,2,1,0,1,0,0,1,12,1,1,1,1,1,1,4,1,1,2,1,1,1,1,0,2,6,3,3,1,2,1,3,4,32
0,2,3,3,1,12824,1,1,0,0,2,1,1,2,0,1,0,0,0,1,12,1,1,0,2,1,1,4,1,1,2,1,1,1,0,0,2,6,4,3,0,1,1,3,0,32
1,0,2,2,2,20921,1,0,1,2,0,1,3,2,1,0,1,1,2,1,12,0,1,2,1,1,1,4,1,1,2,1,0,1,1,3,2,6,4,3,1,3,1,3,2,28
0,0,0,2,2,10147,0,0,2,1,2,1,3,2,1,0,1,0,0,1,12,0,1,2,1,1,1,4,1,0,2,1,1,3,-1,0,1,6,2,3,1,3,1,3,4,27
1,0,2,3,2,10851,1,0,0,2,2,1,1,2,1,0,2,0,0,1,12,0,1,1,0,1,1,4,1,1,2,1,1,1,1,0,2,6,4,3,1,2,1,3,2,23
1,0,2,2,2,14964,0,1,0,0,2,1,1,2,1,0,2,0,0,1,12,0,1,0,2,1,1,4,0,1,2,1,1,1,1,3,2,6,4,3,1,1,1,3,1,34
0,0,2,0,2,-1,0,1,0,0,2,1,3,2,1,0,2,0,0,1,12,0,1,1,2,1,1,4,1,1,2,1,1,3,1,5,3,6,4,2,1,1,1,2,1,34
0,0,2,2,2,9951,0,1,0,0,2,1,1,1,0,0,1,0,0,1,3,1,1,2,1,1,1,4,1,1,2,1,1,1,1,0,3,6,3,3,1,2,1,3,2,32
0,0,2,2,2,22550,0,1,0,0,2,1,3,1,0,0,2,0,0,1,4,0,1,1,1,1,1,2,0,1,2,1,1,1,1,0,2,6,3,3,1,1,3,3,3,31
0,0,0,3,1,3175,0,0,3,0,1,0,0,0,0,1,0,0,0,1,3,0,1,0,0,4,0,4,1,0,1,2,0,0,0,0,1,6,3,2,1,0,3,0,0,32
1,0,0,1,2,6398,1,1,0,0,2,1,3,2,1,0,1,0,0,1,4,1,1,1,0,1,1,4,0,1,2,1,0,1,1,0,1,6,3,2,1,1,1,3,3,34
1,0,0,1,2,65685,1,0,0,0,2,1,3,2,1,0,2,0,0,1,12,0,1,2,1,4,1,4,1,1,2,2,0,1,-1,0,1,6,3,3,1,3,1,3,4,33
1,2,0,2,2,9663,0,1,0,0,2,1,1,1,0,0,1,1,2,1,3,1,1,2,1,2,0,4,1,1,1,1,0,1,1,0,2,6,3,2,1,2,1,2,1,34
0,0,0,0,2,872,0,0,1,0,2,0,0,0,1,0,1,0,0,1,3,0,1,0,0,1,0,2,0,0,1,2,0,0,1,0,2,5,2,2,1,2,3,0,2,34
1,2,3,1,2,0,0,1,0,1,2,1,1,1,1,0,1,1,1,1,12,0,1,2,1,1,1,2,1,1,2,1,1,1,1,0,3,6,3,2,0,3,3,3,2,30
0,1,1,3,2,11055,1,1,1,1,2,1,3,1,1,0,2,0,0,1,12,1,1,1,0,1,1,4,1,1,2,1,1,1,1,0,3,6,4,2,1,2,1,3,4,29
0,2,2,3,2,12108,0,1,0,2,2,1,1,2,1,0,2,0,0,1,8,0,1,0,2,1,1,4,1,1,2,1,0,1,2,5,2,6,4,3,1,1,0,3,0,32
0,0,0,1,2,1038,0,1,0,0,2,1,1,2,1,0,0,1,1,1,4,0,1,0,0,1,0,4,0,1,2,1,1,1,0,0,3,6,2,3,1,2,1,3,0,28
1,0,1,1,2,5363,0,1,0,0,2,1,3,2,1,0,1,0,0,1,12,0,1,1,0,4,0,2,1,1,1,1,1,1,1,0,3,6,3,3,1,0,1,3,2,25
1,0,3,2,2,0,0,1,3,2,2,1,1,2,1,0,2,0,0,1,6,0,1,0,2,1,1,4,1,1,2,1,1,3,-1,0,0,6,4,3,1,1,3,3,2,30
1,0,3,3,2,-1,1,1,2,2,2,1,1,1,1,0,1,0,0,1,12,0,1,0,2,1,1,4,0,1,2,1,1,1,2,1,3,6,4,3,1,3,1,3,2,32
1,0,3,2,2,29703,1,1,0,0,2,1,3,1,1,0,2,1,12,1,6,0,1,1,2,1,1,4,1,1,2,1,0,1,2,5,3,6,4,3,1,3,1,3,2,31
1,2,3,2,2,19857,1,1,0,0,2,1,3,2,1,0,2,1,2,1,4,1,1,1,2,1,1,4,1,1,2,1,1,1,2,2,2,6,4,3,1,1,3,3,4,34
0,0,0,1,2,-1,1,1,1,2,1,1,1,2,0,0,2,0,0,1,2,1,1,0,0,2,1,1,1,1,1,1,1,3,0,0,3,6,4,2,1,0,1,3,0,24
0,0,2,2,2,3740,0,1,1,2,2,1,1,2,1,0,2,1,1,1,4,0,1,0,2,1,1,4,0,1,2,1,0,1,-1,2,2,6,4,2,1,3,3,3,0,32
0,0,1,2,2,2520,1,0,0,0,2,1,1,2,1,0,2,1,4,1,4,0,1,2,0,1,0,4,1,1,2,1,0,1,2,3,2,6,3,3,1,2,0,3,2,30
0,0,2,2,2,1869,0,0,0,0,2,1,3,2,1,0,2,0,0,1,12,1,1,1,2,1,1,4,1,1,2,1,1,1,-1,0,3,6,3,3,1,0,1,3,4,32
0,2,0,2,2,13566,0,1,0,0,2,1,1,1,1,0,2,1,1,1,1,0,1,1,0,1,1,4,1,0,2,1,0,1,-1,0,2,6,3,3,1,0,3,2,3,29
0,2,1,3,2,5835,1,1,1,0,2,1,3,1,1,0,1,0,0,1,6,1,1,0,2,1,1,4,1,0,2,1,1,1,1,0,2,6,4,2,0,1,3,3,3,29
0,0,1,2,2,-1,1,0,0,0,2,1,1,2,0,1,2,0,0,1,4,0,1,2,0,1,1,4,0,1,1,1,0,1,-1,0,3,6,3,2,1,1,2,3,0,31
0,2,0,2,1,5991,0,0,1,2,2,1,1,2,1,0,0,0,0,1,6,0,1,0,2,1,1,4,1,1,2,1,1,2,0,0,2,5,3,3,1,2,3,3,0,34
1,0,2,2,2,20616,0,1,1,1,1,1,3,1,0,0,1,0,0,1,6,1,1,1,0,1,1,4,1,1,2,1,0,1,1,5,3,6,4,3,1,1,0,3,3,34
0,2,2,2,2,14514,0,1,0,0,2,1,3,1,1,0,1,0,0,1,12,1,1,1,2,1,1,4,0,1,2,1,0,3,2,1,2,6,4,3,1,3,3,3,3,32
1,2,2,3,1,2784,1,1,0,0,2,1,1,2,0,1,2,1,12,1,12,0,1,1,2,1,1,4,1,1,2,2,1,1,-1,0,3,6,4,3,0,1,3,3,2,30
1,2,2,2,1,16317,1,1,0,0,2,1,3,2,1,0,1,0,0,1,15,0,1,0,2,1,1,4,1,1,2,1,1,3,2,5,3,6,4,3,0,3,3,3,4,32
1,0,2,2,2,1281,0,1,0,0,2,1,3,2,1,0,1,0,0,1,1,1,1,2,2,1,1,4,1,1,2,1,0,1,1,0,2,6,3,3,1,0,0,3,2,31
0,0,1,3,2,7217,0,1,0,0,2,1,1,2,1,0,1,1,12,1,12,0,1,1,1,1,1,4,1,1,2,1,1,1,1,5,3,6,4,2,1,3,3,3,1,32
1,0,2,3,2,1478,1,1,0,0,2,1,1,2,1,0,0,0,0,1,12,0,1,0,2,1,1,4,1,1,2,1,1,1,0,0,3,6,4,3,1,1,0,3,0,33
0,0,2,2,2,12093,0,1,1,2,2,0,0,0,1,0,1,0,0,1,6,1,1,1,1,1,0,4,1,1,2,1,1,0,1,0,3,6,3,2,1,1,1,3,4,33
1,0,3,2,2,14690,0,1,0,2,2,1,3,2,1,0,3,1,12,1,12,1,1,1,2,1,0,4,1,1,2,1,1,1,-1,0,3,6,4,3,1,1,1,3,2,33
0,2,3,2,2,24503,1,1,0,0,2,1,1,1,1,0,0,0,0,1,12,0,1,0,2,1,1,4,1,1,2,2,0,1,0,0,3,6,3,3,1,3,1,3,0,34
0,0,1,2,2,-1,0,1,0,0,2,1,1,1,0,0,2,1,3,1,12,1,1,1,2,1,1,4,1,0,2,2,1,1,-1,0,2,6,3,2,1,1,3,3,0,22
0,0,1,1,2,4055,0,1,0,0,2,1,1,1,1,0,1,0,0,1,12,0,1,1,1,1,0,4,0,1,2,1,1,1,1,0,0,6,4,2,1,3,1,3,1,33
1,0,0,1,2,1029,0,1,0,0,2,1,1,1,1,0,1,0,0,1,12,0,1,1,0,4,0,4,1,1,1,2,0,1,-1,0,3,6,3,2,1,0,1,3,2,32
0,0,0,2,2,-1,0,1,1,1,2,1,1,1,1,0,0,1,0,1,12,0,1,0,1,1,0,4,1,1,2,1,1,1,0,0,3,6,3,2,1,2,3,3,0,34
0,0,2,3,2,404,0,1,1,1,2,1,3,2,1,0,1,0,0,1,4,0,1,0,2,1,1,4,0,1,2,1,1,3,1,0,2,6,4,3,1,1,1,3,4,30
0,2,1,2,1,19398,1,0,0,0,2,1,1,2,1,0,0,0,0,1,4,0,1,0,2,1,1,4,1,1,2,2,1,1,0,0,2,6,4,3,0,0,1,3,0,34
0,0,2,3,2,89375,0,1,1,2,2,1,1,2,1,0,2,0,0,1,12,0,1,2,2,1,1,4,1,1,2,1,1,1,1,5,2,6,4,3,1,2,2,3,1,32
0,0,2,2,2,10222,1,0,1,2,2,1,3,1,0,0,1,0,0,1,4,1,1,1,0,1,1,4,1,1,2,1,1,1,1,0,3,6,4,3,1,3,0,3,3,34
0,0,1,2,2,-1,1,1,1,1,2,1,1,2,1,0,2,0,0,1,4,0,1,0,0,1,0,4,1,1,2,1,1,1,0,0,1,6,4,2,1,2,3,2,0,25
0,2,2,3,1,58210,1,1,0,0,2,1,1,2,0,1,2,1,12,1,12,0,1,1,2,1,1,4,1,0,2,1,1,1,2,5,3,6,4,3,1,3,3,3,4,34
1,0,2,1,2,63,1,1,0,0,2,1,1,2,1,0,2,0,0,1,4,0,1,0,0,2,0,4,1,1,2,2,1,1,0,0,1,6,3,3,1,1,1,3,1,33
0,0,0,2,2,-1,0,1,1,0,2,1,1,2,0,0,2,0,0,1,2,0,0,0,0,1,0,2,0,1,1,1,0,1,-1,0,2,6,1,3,1,2,1,3,0,34
0,0,1,3,2,0,1,1,1,1,2,1,1,2,0,1,2,0,0,0,0,0,1,0,0,4,0,3,1,1,2,2,0,1,-1,0,1,6,3,3,1,2,1,3,1,34
0,2,3,3,2,67766,1,1,2,1,2,1,3,1,1,0,1,0,0,1,3,1,1,0,2,1,1,4,1,1,2,1,1,1,1,3,3,6,4,2,1,3,3,3,4,34
0,0,3,3,2,12302,1,1,1,2,2,1,3,1,1,0,1,0,0,1,4,1,1,0,0,1,1,4,1,1,2,1,1,1,2,5,2,6,4,3,1,1,1,3,3,34
0,0,3,1,2,218,0,1,0,0,2,1,1,2,1,0,0,0,0,1,4,0,1,1,1,1,1,4,1,1,2,1,1,1,0,0,2,6,3,2,1,2,0,3,0,28
0,2,2,2,2,-1,0,1,0,0,2,1,1,2,1,0,0,0,0,1,4,0,1,0,1,1,1,4,1,1,2,2,1,1,0,0,2,6,4,0,0,1,1,3,0,34
0,0,0,1,2,1137,0,0,1,1,2,1,1,1,1,0,0,0,0,1,6,0,1,1,0,2,0,4,1,1,2,1,0,1,0,0,3,6,3,3,1,2,0,3,0,28
0,0,0,2,2,2600,0,0,1,2,2,1,1,2,1,0,1,0,0,1,12,1,1,0,1,1,0,4,1,0,2,1,1,1,-1,1,2,3,2,2,1,1,1,3,1,32
1,2,1,0,2,2556,1,1,0,0,2,1,3,2,1,0,1,0,0,1,4,1,1,1,1,1,1,4,1,1,2,1,1,1,2,4,2,6,4,3,0,1,1,3,0,34
1,0,1,3,2,-1,1,1,2,2,2,1,1,1,1,0,2,0,0,1,4,1,1,1,0,1,1,4,1,1,2,1,1,1,1,1,3,6,3,3,1,1,1,3,1,32
1,0,1,2,2,7816,0,1,0,2,2,1,1,2,0,1,2,0,0,1,12,0,1,2,0,1,1,4,1,1,2,1,1,1,1,5,1,6,4,3,0,1,3,3,1,33
1,0,2,1,2,12645,0,0,0,0,2,1,3,2,1,0,1,0,0,1,12,1,1,1,2,1,1,4,1,1,2,1,1,1,1,0,2,6,4,3,1,1,1,3,3,28
1,0,3,3,2,706,1,1,1,2,2,0,0,0,1,0,2,0,0,1,4,0,1,2,2,1,1,4,1,1,2,1,1,0,2,5,1,6,3,3,1,1,0,3,1,34
1,2,2,0,2,21992,0,1,1,2,2,1,1,2,1,0,1,1,12,1,12,1,1,2,2,1,1,4,0,1,2,1,1,3,2,3,2,6,4,3,1,1,1,3,4,28
1,0,2,1,2,4402,0,1,2,2,2,1,1,2,1,0,1,1,12,1,12,1,1,2,1,1,1,3,0,1,2,1,0,1,-1,0,2,6,4,3,1,1,1,3,2,32
0,0,0,2,2,27850,0,0,0,0,2,1,1,2,0,1,2,1,12,1,12,0,1,1,1,1,1,4,1,1,2,1,1,1,0,0,3,5,3,2,1,1,3,3,3,0
1,2,3,2,1,23795,1,1,0,0,2,1,3,2,1,0,1,1,11,1,11,0,1,1,2,1,1,4,1,1,2,2,1,3,2,1,2,6,4,3,1,3,1,3,3,34
0,2,2,2,1,20408,1,1,1,2,2,1,3,2,1,0,2,0,0,1,6,1,1,2,2,1,1,4,0,1,2,1,1,1,1,0,3,6,3,3,0,1,1,3,4,29
0,0,3,3,2,2098,1,1,1,2,2,1,3,2,1,0,2,1,2,1,12,0,1,0,2,1,1,4,1,1,2,1,1,3,1,5,2,6,4,3,1,1,3,3,4,33
1,2,0,3,2,-1,1,1,1,2,2,1,1,1,0,0,0,0,0,1,4,0,1,0,0,1,1,4,1,1,1,2,1,1,0,0,1,6,3,2,1,1,1,3,0,30
0,2,3,2,2,9805,0,1,1,2,2,1,3,2,1,0,2,0,0,1,12,1,1,2,2,1,1,3,1,1,2,1,1,1,1,5,3,6,4,3,1,3,0,3,4,33
1,0,3,2,2,29557,1,1,2,2,2,1,3,2,1,0,2,1,2,1,3,1,1,1,0,1,1,4,1,1,2,1,1,1,1,0,2,6,3,3,1,3,1,3,2,34
0,2,3,3,2,28798,1,1,0,0,2,1,3,2,1,0,1,0,0,1,12,1,1,1,2,1,1,4,0,0,2,1,1,1,1,3,2,6,3,3,0,3,1,3,2,34
0,0,1,3,1,8855,0,1,0,0,2,1,3,1,1,0,3,0,0,1,12,0,1,0,2,1,1,4,1,0,2,1,1,1,1,0,2,6,3,2,0,1,1,1,3,32
0,0,1,0,2,3429,1,1,2,2,2,1,3,2,1,0,2,0,0,1,6,0,1,1,1,1,1,4,1,1,2,1,1,1,1,0,2,6,3,2,1,3,0,3,2,34
0,2,2,3,2,12301,1,1,1,2,2,1,1,2,1,0,0,0,0,1,4,0,1,0,2,1,1,4,1,1,2,1,1,1,0,0,3,6,4,3,1,3,1,3,0,33
1,1,2,0,2,19732,0,1,0,1,2,1,3,2,1,0,2,1,2,1,12,1,1,1,1,1,1,4,1,1,2,1,1,3,2,1,2,4,3,3,0,1,3,3,3,28
0,2,1,2,2,3620,0,1,2,2,2,1,1,2,1,0,0,1,12,1,12,0,1,2,1,1,1,4,1,1,2,1,1,1,0,0,2,6,3,3,1,3,0,3,0,33
0,0,0,2,2,9535,0,1,1,0,2,1,2,2,0,0,2,0,0,1,12,0,1,1,0,1,0,4,1,1,1,1,1,1,-1,0,1,6,3,2,1,2,3,3,3,19
1,2,2,2,2,16675,0,1,1,2,2,1,1,2,1,0,1,0,0,1,4,0,1,1,2,1,1,4,1,0,2,1,1,3,1,0,2,0,4,3,1,1,1,3,4,34
0,2,1,2,2,6142,1,1,3,1,2,1,1,1,1,0,2,0,0,1,4,0,1,1,2,4,1,4,1,1,2,1,1,1,1,0,2,6,3,3,1,1,1,3,1,32
0,0,0,1,2,5389,0,0,0,0,2,0,0,0,1,0,0,0,0,1,4,0,1,0,0,1,1,4,1,1,2,1,1,0,0,0,3,6,2,3,1,1,1,3,0,30
0,2,1,1,2,86508,0,1,1,1,2,1,1,2,1,0,2,0,0,1,12,0,1,0,0,1,1,4,0,1,2,1,1,1,1,2,2,6,4,3,1,1,1,3,1,32
0,0,3,2,2,47183,0,1,1,0,2,1,3,2,0,0,2,0,0,1,4,0,1,1,2,1,1,4,1,1,2,1,0,1,1,0,3,6,4,3,1,3,1,3,0,34
1,2,3,0,2,27973,1,1,2,2,2,1,1,1,1,0,1,0,0,1,4,1,1,0,1,1,1,4,1,1,2,1,1,1,2,2,2,6,4,3,1,2,3,3,4,34
0,0,2,2,2,2058,0,0,1,1,2,1,1,2,1,0,2,0,0,1,4,0,1,1,0,1,0,4,0,1,2,1,1,1,-1,0,1,6,3,2,1,2,1,3,1,33
0,0,2,1,2,-1,1,1,1,2,2,1,1,2,1,0,0,0,0,1,4,0,1,0,0,1,1,4,1,1,1,1,1,1,0,0,3,6,3,3,1,2,1,3,0,31
1,0,1,2,2,16000,0,1,0,0,2,1,1,2,1,0,2,1,1,1,3,0,1,1,1,1,1,4,1,0,2,1,1,3,2,2,2,6,3,2,1,1,1,3,2,33
0,0,1,3,2,9202,0,1,1,1,2,1,1,2,1,0,2,0,0,1,4,1,1,1,1,1,1,4,1,1,1,1,1,1,1,0,3,6,4,3,1,1,1,3,4,33
0,0,1,2,2,12939,0,1,0,0,2,1,1,2,1,0,0,0,0,1,11,0,1,0,1,1,0,4,1,0,2,1,0,1,0,0,3,3,3,3,1,1,1,3,0,33
0,2,3,3,1,34825,0,1,1,1,2,1,1,2,1,0,0,0,0,1,6,0,1,0,2,1,1,4,1,1,2,1,1,1,0,0,2,6,4,2,0,3,1,3,0,34
0,0,1,3,2,28801,0,1,1,2,2,1,1,1,1,0,0,1,1,1,2,0,1,0,0,1,1,4,1,1,2,1,1,1,0,0,3,6,3,3,1,2,1,3,0,34
0,2,1,2,2,27152,1,1,0,0,2,1,3,1,0,0,1,0,0,1,4,1,1,2,2,1,1,4,1,1,2,1,1,1,1,0,2,6,4,3,0,3,1,3,3,29
1,0,1,1,2,-1,0,1,0,0,2,1,1,2,0,1,2,1,1,1,2,1,1,0,0,1,0,2,1,1,1,1,1,1,1,0,2,6,2,3,1,0,1,3,1,30
1,2,1,1,2,9994,0,1,0,0,2,1,3,2,0,1,2,0,0,1,12,1,1,1,0,4,0,3,1,1,1,1,1,3,2,3,3,6,3,3,1,2,1,3,3,26
0,2,2,3,2,4831,1,1,0,0,2,1,3,2,0,0,2,0,0,1,12,1,1,1,2,1,1,4,1,1,2,1,1,1,1,0,3,6,4,3,1,3,1,3,3,29
0,2,1,3,1,12432,0,1,0,2,2,1,1,2,1,0,2,0,0,1,12,0,1,2,2,1,1,4,1,1,2,1,1,2,0,0,2,6,3,3,0,1,3,3,1,33
0,0,1,3,2,-1,1,0,2,1,2,1,1,1,1,0,0,1,2,1,12,0,1,1,1,1,1,4,1,1,2,1,1,1,0,0,1,6,4,2,1,3,1,3,0,32
0,2,2,2,2,25486,0,1,1,2,2,1,3,1,1,0,2,0,0,1,12,1,1,1,2,1,1,4,1,1,2,1,1,1,2,5,2,6,4,3,0,1,0,3,4,33
0,0,2,2,2,1820,1,1,1,2,2,1,3,2,1,0,2,0,0,1,4,1,1,1,0,4,1,4,1,1,2,1,1,3,2,5,1,5,3,3,1,1,1,3,4,30
0,0,0,1,2,-1,0,0,0,0,2,1,1,2,0,1,1,1,1,1,4,0,1,2,0,4,0,2,1,1,1,1,0,1,1,0,1,5,3,2,1,0,1,2,1,26
0,2,2,3,2,12110,1,1,0,0,2,1,3,2,1,0,2,0,0,1,12,0,1,1,2,1,1,4,1,0,2,1,1,1,2,1,3,6,4,3,1,1,3,3,2,34
0,0,1,1,2,3583,0,0,1,1,2,1,3,2,1,0,1,0,0,1,12,0,1,0,0,1,0,4,0,1,1,1,1,1,1,0,2,6,3,2,1,2,1,3,4,31
0,0,0,3,2,8041,0,0,1,2,2,1,3,2,1,0,1,0,0,1,4,1,1,2,2,1,1,4,1,1,2,1,1,1,1,0,2,6,4,3,1,1,3,3,4,30
0,0,2,1,2,0,0,0,0,0,2,1,3,2,1,0,2,0,0,1,12,1,1,0,1,4,1,4,1,0,1,1,1,1,0,0,0,6,3,3,1,0,1,3,1,29
0,0,2,1,2,11425,1,1,1,0,2,1,1,2,1,0,2,0,0,1,12,1,1,1,0,1,0,4,0,1,1,1,0,1,-1,0,2,5,3,3,1,2,1,3,1,32
1,0,0,2,2,183,0,1,1,2,2,1,1,1,1,0,2,0,0,1,2,1,1,1,0,1,1,4,1,1,2,2,1,1,2,3,2,6,3,2,1,1,1,2,3,34
1,0,2,1,2,2159,0,1,0,2,2,1,1,2,1,0,1,0,0,1,12,0,1,0,1,1,1,4,1,0,2,1,0,1,-1,0,1,6,4,3,1,2,1,3,3,28
0,2,2,2,2,9000,1,1,1,2,2,1,3,2,0,1,1,0,0,1,12,0,1,1,1,1,1,4,1,1,2,1,0,1,1,0,2,6,3,3,1,1,2,3,4,29
1,0,2,2,2,22528,1,1,1,2,2,1,3,2,1,0,1,0,0,1,12,0,1,2,1,1,1,4,1,1,2,1,1,1,1,0,2,6,3,3,1,2,1,3,2,31
0,0,0,2,2,-1,0,0,3,0,2,1,1,1,1,0,2,0,0,1,1,0,0,0,1,1,0,4,1,1,2,1,1,1,-1,0,3,6,1,2,0,1,3,0,1,25
1,0,1,1,2,8702,1,1,0,0,2,1,3,2,1,0,2,0,0,1,4,1,1,1,0,1,0,4,1,1,2,1,1,1,1,0,3,5,4,3,1,1,1,3,1,34
1,0,1,1,2,8879,0,1,0,1,2,1,1,2,1,0,2,0,0,1,12,1,1,2,0,4,1,4,1,1,2,1,1,1,1,0,2,6,3,3,1,3,1,3,4,23
1,0,0,2,2,14337,0,1,0,0,2,1,1,2,1,0,2,1,2,1,4,0,1,1,0,1,1,4,1,1,2,1,1,3,1,5,3,3,4,3,1,1,3,3,0,34
0,0,0,2,2,4563,0,1,0,0,2,1,1,2,1,0,2,1,6,1,12,1,1,2,0,1,1,4,0,0,2,1,1,1,1,5,1,6,3,2,0,2,3,3,3,27
0,2,2,0,2,6268,0,0,0,0,2,1,1,2,0,1,2,0,0,1,4,0,1,0,2,1,1,4,1,1,2,1,1,1,0,0,1,6,4,3,0,3,1,3,0,34
0,2,2,2,2,30125,0,1,0,0,2,1,3,2,1,0,1,0,0,1,12,0,1,0,2,1,1,4,1,1,2,1,1,1,-1,5,2,6,4,3,0,3,1,3,4,34
1,2,3,3,2,15103,0,1,0,0,2,1,3,2,1,0,1,1,1,1,12,1,1,2,2,1,1,4,1,1,2,1,1,0,2,5,3,6,4,3,1,1,1,3,4,31
1,0,1,1,2,4092,0,1,1,2,2,1,3,2,1,0,2,0,0,1,12,1,1,2,1,1,1,4,1,1,2,1,1,1,1,0,2,6,3,3,1,3,3,3,1,31
1,0,1,2,2,7612,1,1,0,0,2,1,3,1,1,0,2,0,0,1,4,1,1,0,0,1,0,4,1,1,1,1,1,1,2,4,1,6,2,3,1,1,1,3,3,27
0,0,2,2,2,5879,1,1,0,0,2,1,1,2,1,0,0,0,0,1,12,0,1,0,0,4,1,4,1,0,2,1,1,1,0,0,3,6,4,3,1,2,1,3,0,28
0,2,2,3,2,9060,1,1,0,0,2,1,1,2,1,0,2,0,0,1,4,0,1,0,2,1,1,4,1,1,2,1,1,3,1,5,3,5,4,3,0,1,3,3,1,34
1,0,2,3,2,-1,1,1,0,0,2,1,1,2,1,0,1,0,0,1,12,1,1,0,2,1,1,4,1,1,2,1,1,1,1,0,2,6,3,3,1,2,3,3,4,34
1,0,2,2,2,8194,0,1,1,0,2,1,1,2,0,0,2,0,0,1,12,0,1,1,2,1,0,4,1,1,2,1,1,1,-1,0,2,6,3,3,1,1,0,3,1,22
0,2,2,2,2,10601,1,0,1,1,2,1,3,2,1,0,1,0,0,1,12,1,1,0,0,1,1,3,1,1,2,1,1,1,-1,0,2,6,3,3,1,1,1,3,3,28
1,0,0,1,2,12337,0,1,0,0,2,1,3,2,1,0,2,1,2,1,12,1,1,2,0,1,0,4,1,1,2,1,1,1,1,0,2,6,3,3,1,2,1,3,1,30
0,0,2,3,2,344,1,1,0,0,2,1,1,2,1,0,2,1,3,1,12,0,1,1,1,1,1,4,1,1,2,2,1,1,0,0,3,6,3,2,1,1,1,3,1,29
0,2,0,2,2,16886,0,0,1,2,2,1,1,2,0,1,2,1,3,1,3,1,1,1,1,1,0,4,0,1,1,1,1,3,1,0,3,6,3,2,0,1,1,3,4,29
0,2,1,2,2,4687,0,1,0,0,2,1,3,2,0,1,2,0,0,1,12,1,1,0,2,1,1,4,1,1,2,1,1,1,1,5,2,6,3,3,1,1,1,3,3,31
1,0,2,1,2,502,1,0,0,0,2,1,1,2,1,0,2,0,0,1,4,1,1,2,1,1,1,4,1,1,2,1,1,1,1,5,3,6,4,3,1,1,3,3,1,34
1,0,2,1,2,9543,0,1,2,2,2,1,1,2,1,0,2,0,0,1,6,0,1,2,2,1,1,4,1,1,2,1,1,3,1,5,2,6,3,3,1,1,1,3,0,18
0,1,1,2,2,17353,0,1,1,2,2,1,1,2,1,0,2,0,0,1,4,0,1,1,1,1,0,4,1,1,2,1,1,1,1,5,0,0,3,2,1,1,3,3,4,34
1,2,3,0,2,10354,1,1,1,2,2,1,3,2,1,0,1,0,0,1,4,1,1,2,1,1,1,4,1,1,2,1,1,1,1,0,2,6,4,3,1,3,3,2,2,31
1,0,1,3,2,17948,1,1,1,1,2,1,1,2,1,0,2,0,0,1,4,1,1,1,1,1,1,4,1,1,2,1,1,1,-1,0,3,6,3,3,1,1,1,3,4,34
0,0,0,2,2,-1,1,1,1,1,2,0,0,0,0,0,1,0,0,1,12,0,1,2,0,1,0,4,1,0,2,2,0,0,1,0,1,6,3,3,1,1,0,3,2,31
0,0,1,3,2,20860,1,1,0,0,2,1,1,2,1,0,0,1,5,1,6,0,1,0,0,1,1,4,0,0,2,1,1,1,0,0,3,6,4,2,1,0,0,3,0,34
0,0,1,3,2,0,0,1,0,0,1,1,1,2,1,0,2,1,2,1,12,0,1,2,1,1,1,4,1,1,2,1,1,1,-1,0,1,6,3,2,1,2,3,3,0,34
0,2,3,0,1,14419,0,1,1,1,2,1,3,1,1,0,1,1,12,1,12,0,1,0,2,1,1,4,1,1,2,2,1,2,2,1,0,5,3,0,0,1,2,1,4,5
0,0,0,1,2,2697,1,1,1,2,2,1,3,1,1,0,1,0,0,1,10,0,1,2,1,4,0,4,1,1,1,2,0,1,1,0,2,4,3,2,1,1,1,3,2,31
1,0,2,2,2,29299,0,1,0,0,2,1,1,1,1,0,2,0,0,1,7,0,1,1,1,1,1,4,1,1,2,1,1,1,1,4,2,6,4,3,1,1,3,3,4,32
1,0,3,3,2,-1,1,1,0,0,2,1,1,1,1,0,2,0,0,1,12,0,1,1,2,1,1,4,1,1,2,1,1,1,2,2,3,6,4,3,1,3,3,2,4,33
1,2,2,2,2,16483,0,1,0,0,2,1,3,2,1,0,1,0,0,1,2,0,1,2,1,1,0,4,1,1,2,1,1,1,1,1,3,6,3,3,1,3,1,3,4,32
0,2,2,3,1,8263,1,1,1,1,2,1,3,2,1,0,1,0,0,1,12,1,1,1,1,1,1,4,1,1,2,2,1,1,2,2,3,6,3,3,0,1,0,3,3,32
1,2,2,0,2,28249,0,1,0,0,2,1,3,1,1,0,1,0,0,1,5,0,1,0,2,1,1,4,1,1,2,1,1,1,-1,2,2,6,4,3,0,1,1,3,2,34
1,2,2,2,2,-1,0,1,0,0,2,1,3,1,0,0,2,0,0,1,12,1,1,2,2,1,1,4,1,1,2,1,1,1,1,0,2,6,3,3,0,1,1,3,3,34
0,0,2,2,2,14200,0,1,0,0,2,1,1,2,0,1,0,0,0,1,4,0,1,0,0,1,0,4,1,0,2,1,0,3,0,0,1,6,4,3,1,1,3,3,0,30
0,1,0,0,1,10587,0,1,0,0,2,1,1,2,1,0,3,1,5,1,12,0,1,0,2,1,1,4,1,1,2,2,0,1,2,2,1,0,3,0,0,3,1,1,2,34
0,0,0,0,2,19734,0,1,1,1,2,1,1,2,0,1,2,0,0,1,12,0,1,1,2,1,1,4,1,0,2,1,1,1,1,5,3,6,4,3,1,0,3,3,0,25
1,0,2,2,2,11558,0,1,0,0,2,1,3,2,1,0,2,0,0,1,12,1,1,1,1,1,0,4,1,1,2,1,1,1,-1,0,2,6,3,3,1,2,1,3,4,34
0,2,2,2,2,-1,1,1,0,0,2,1,1,2,1,0,1,0,0,1,6,1,1,0,2,1,1,4,1,1,2,1,1,1,2,2,2,6,3,3,1,2,3,3,3,33
1,0,2,3,2,33135,0,1,1,2,2,1,3,1,1,0,2,0,0,1,6,0,1,1,1,1,1,4,1,1,2,1,1,1,2,4,3,6,3,3,1,1,1,3,3,32
1,2,1,2,2,1009,0,1,2,1,2,1,1,2,1,0,2,0,0,1,4,0,1,1,2,1,1,4,1,1,2,1,1,1,1,0,3,6,3,3,0,2,1,3,3,29
0,0,0,1,2,1000,0,1,0,0,2,1,1,2,1,0,2,1,4,1,4,0,0,0,0,2,0,2,0,1,1,2,0,1,-1,0,2,0,1,2,1,2,0,1,0,30
1,2,2,1,2,6714,0,1,0,0,2,1,1,2,1,0,2,0,0,1,12,0,1,0,0,1,1,4,0,1,2,1,1,1,1,4,2,6,4,3,1,1,3,3,0,33
1,0,2,1,2,8477,0,1,0,2,2,1,3,1,0,1,1,0,0,1,12,1,1,0,1,1,1,4,1,1,2,1,0,1,1,0,1,6,3,3,1,2,1,3,4,28
1,0,1,2,2,0,0,1,0,0,2,1,1,1,1,0,2,0,0,1,4,0,1,0,1,1,0,4,1,1,2,1,1,1,1,5,0,6,3,0,1,2,3,3,1,32
0,0,1,0,2,7107,0,1,0,2,2,1,1,1,0,0,0,0,0,1,4,0,1,0,1,1,1,4,1,1,2,1,1,1,0,0,2,6,4,3,1,1,3,3,0,32
1,0,1,3,2,31409,0,1,1,2,2,1,1,1,1,0,2,0,0,1,12,1,1,2,2,1,1,4,1,1,2,1,1,1,2,1,2,6,4,3,1,3,1,3,4,34
0,2,3,2,2,4717,0,1,1,2,2,1,1,2,0,1,2,0,0,1,12,0,1,0,0,1,1,4,0,1,2,1,1,1,0,0,3,6,3,3,1,1,1,3,1,31
1,1,0,2,2,0,0,1,0,0,2,1,3,2,1,0,1,1,2,1,2,1,1,2,1,5,0,4,1,1,1,1,1,3,-1,0,3,6,3,2,1,2,0,3,2,30
0,0,2,3,2,12199,1,1,0,1,2,1,3,2,1,0,2,0,0,1,12,1,1,1,1,1,1,4,0,1,2,1,1,1,1,0,1,6,3,2,1,3,1,3,3,30
1,0,0,1,2,6978,0,1,0,0,2,0,0,0,1,0,0,0,0,1,4,0,1,0,0,4,1,2,1,1,2,1,0,0,0,0,3,6,3,3,1,2,1,3,0,30
0,2,2,1,2,7416,0,1,2,2,2,1,1,2,1,0,0,0,0,1,4,0,1,0,0,1,1,2,0,0,2,1,1,1,0,0,2,6,2,3,1,2,1,1,0,34
0,2,2,0,1,15400,1,1,1,1,2,1,1,2,1,0,1,1,1,1,4,1,1,0,2,1,1,4,1,1,2,2,1,1,-1,0,1,6,4,3,0,3,0,3,4,34
1,0,2,2,2,3384,0,1,1,1,2,1,1,2,1,0,2,0,0,1,12,1,0,2,1,1,1,4,1,1,2,1,1,1,1,0,2,6,1,3,1,1,1,3,3,31
0,2,0,2,2,3439,1,1,1,0,2,1,1,2,1,0,1,0,0,1,4,1,1,0,0,1,1,4,1,1,1,2,1,1,1,0,1,6,2,3,1,2,1,3,4,26
1,0,0,1,2,-1,1,1,1,1,2,1,1,2,0,1,1,0,0,1,4,0,1,2,0,4,0,2,0,1,1,2,0,1,1,0,1,6,3,2,1,0,1,3,2,23
1,0,2,0,2,-1,0,1,0,2,2,1,3,2,0,1,1,1,1,1,12,0,1,0,1,1,1,4,1,1,2,1,1,1,1,5,1,6,4,3,1,1,0,3,4,28
0,2,2,2,1,13973,1,1,1,2,2,1,3,1,1,0,1,0,0,1,6,1,1,0,2,1,1,4,1,1,2,1,1,3,2,4,3,6,4,3,1,1,0,3,3,32
0,0,3,2,2,9230,0,1,0,0,2,1,1,1,0,1,1,1,2,1,4,1,1,1,0,1,1,4,1,1,2,1,1,1,1,0,2,6,4,3,1,1,1,3,2,30
0,0,0,1,2,6988,0,1,1,1,2,1,1,2,1,0,0,0,0,1,4,0,1,0,1,1,1,4,1,1,2,1,1,1,0,0,1,6,3,3,1,1,3,3,0,32
0,0,1,2,2,663,0,1,1,1,2,1,3,2,1,0,2,0,0,1,4,0,1,2,1,1,1,4,1,1,1,1,1,1,-1,0,3,6,4,1,1,2,1,3,0,34
0,1,0,2,2,22,0,1,3,0,2,1,1,2,0,1,2,0,0,1,4,0,0,0,1,1,1,4,1,1,1,1,0,1,1,5,1,3,1,2,1,1,1,2,0,22
0,0,2,3,2,-1,0,0,1,0,2,1,1,2,1,0,2,0,0,1,6,1,1,2,0,1,1,4,1,1,2,1,1,1,2,1,3,6,4,3,1,2,1,3,2,25
1,0,2,2,2,43459,0,1,1,0,2,1,3,1,1,0,2,1,1,1,12,0,1,1,2,1,1,4,0,1,2,1,1,1,2,5,2,6,3,3,1,1,1,3,1,34
1,0,1,0,2,4033,0,1,0,0,2,1,3,2,0,0,1,0,0,1,3,1,1,0,0,1,1,4,1,1,2,1,0,1,1,0,2,6,2,3,0,2,0,3,4,34
0,0,2,0,2,5887,1,1,1,1,2,1,1,1,0,0,2,0,0,1,4,1,1,2,0,1,1,4,1,1,2,1,1,1,-1,0,3,6,4,0,1,2,0,3,3,32
0,2,3,2,1,-1,0,1,0,0,2,1,3,2,1,0,1,0,0,1,4,1,1,1,2,1,1,4,1,1,2,1,0,3,1,0,2,6,3,3,0,1,1,3,3,31
1,2,2,2,2,13573,0,0,0,0,2,1,1,2,1,0,1,0,0,1,4,0,1,0,1,1,1,4,1,1,2,1,0,1,1,0,2,6,4,3,1,1,3,3,0,34
0,0,0,1,2,-1,0,1,0,0,2,1,2,2,0,1,1,0,0,1,4,1,1,1,1,4,0,1,1,1,1,1,1,0,1,0,2,5,2,2,1,2,3,0,1,19
1,2,2,2,2,-1,0,1,0,0,2,1,1,2,1,0,0,0,0,1,4,0,1,0,2,1,1,4,1,0,2,1,1,3,0,0,3,6,3,3,1,2,3,3,0,33
1,0,2,2,2,16933,0,0,1,2,2,1,1,2,1,0,2,0,0,1,6,0,1,0,1,1,1,4,1,1,2,1,1,1,1,5,2,6,4,3,1,1,1,2,1,18
0,0,1,2,2,-1,0,1,1,2,2,1,3,2,1,0,1,0,0,1,8,1,1,2,1,1,1,4,1,1,2,1,1,1,2,5,2,6,3,3,1,3,1,3,3,18
1,0,0,0,2,1037,1,1,0,0,2,1,1,2,1,0,1,0,0,1,6,0,1,1,1,1,0,4,0,1,2,1,1,1,2,1,3,6,3,2,1,0,1,3,2,31
0,0,0,1,2,4902,0,0,0,0,2,0,0,0,0,0,0,0,0,1,4,0,1,0,0,1,1,2,1,1,2,1,0,0,0,0,2,6,3,3,1,1,3,3,0,33
1,0,3,2,2,6423,0,1,0,0,2,1,1,2,0,0,0,0,0,1,4,0,1,0,2,1,1,4,1,1,2,1,1,2,0,0,3,6,3,3,1,1,1,3,0,34
1,0,0,0,2,7200,1,1,0,0,2,1,1,2,0,1,2,0,0,1,2,1,1,1,0,4,0,4,1,1,2,2,0,1,1,5,1,6,3,2,1,1,1,3,3,31
1,2,2,3,2,23313,1,1,0,0,2,1,1,2,1,0,2,1,1,1,12,0,1,1,2,1,1,4,1,1,2,1,1,3,1,4,2,6,4,3,0,1,3,3,0,31
1,2,2,2,2,22546,0,1,0,0,2,1,1,2,1,0,1,1,1,1,1,0,1,1,2,1,1,4,1,1,2,1,1,1,1,5,3,6,3,3,1,3,3,3,0,32
1,0,2,2,2,14026,1,1,0,0,2,1,1,1,1,0,2,0,0,1,12,0,1,0,1,1,1,4,1,1,2,1,1,1,-1,0,3,6,4,3,1,2,3,3,3,30
0,0,1,3,2,10098,1,1,3,2,2,1,3,2,0,1,1,1,1,1,12,1,1,1,2,1,1,4,1,1,2,2,1,1,1,0,3,6,4,2,1,1,0,3,3,32
0,0,0,1,2,1431,0,0,2,0,2,1,1,2,0,1,0,0,0,1,4,1,1,0,1,5,1,4,0,1,1,1,1,1,0,0,3,6,3,2,1,1,1,1,0,33
1,0,2,0,2,784,1,1,1,0,2,1,3,2,0,1,2,1,1,1,2,1,1,2,2,1,1,4,1,1,2,1,1,3,2,2,3,6,3,3,1,3,0,3,3,34
1,0,3,2,2,31644,1,1,1,2,2,1,1,1,1,0,2,0,0,1,12,0,0,0,2,1,1,4,1,1,2,1,0,1,2,2,3,6,1,3,1,3,3,3,0,33
1,0,0,1,2,-1,0,1,1,2,2,1,3,2,1,0,2,1,5,1,4,0,1,1,1,1,1,4,0,0,1,1,1,1,2,3,2,5,3,3,1,1,1,3,1,33
0,2,1,2,2,28723,1,1,0,0,2,1,1,2,1,0,0,0,0,1,12,0,1,1,2,1,1,4,1,1,2,1,1,1,0,0,1,5,3,3,0,0,1,2,0,27
0,2,2,1,2,36572,1,1,1,2,2,1,3,2,0,1,1,1,12,1,12,1,1,0,2,1,1,4,1,1,2,1,0,1,2,4,2,6,4,3,1,1,2,3,4,33
0,0,1,2,2,14031,0,0,1,2,2,1,1,2,1,0,2,0,0,1,12,0,1,0,1,1,1,4,1,1,2,1,1,1,0,0,1,6,3,2,1,1,3,3,0,27
1,2,1,1,2,7382,0,1,1,1,2,1,1,2,0,1,1,0,0,1,6,1,1,1,1,1,1,4,1,1,2,1,1,1,1,0,2,6,4,2,1,1,1,3,3,31
0,0,2,3,2,5434,1,1,0,0,2,1,1,1,1,0,2,1,12,1,12,0,1,0,1,1,1,4,1,1,2,1,0,1,1,1,2,6,3,3,1,1,1,3,0,27
1,0,0,0,2,8722,0,1,0,1,2,1,3,2,1,0,2,1,2,1,12,1,1,1,0,1,1,4,1,1,2,1,1,1,2,5,2,6,4,3,1,1,3,3,3,28
0,0,3,0,2,17985,1,1,1,1,2,0,0,0,0,0,0,1,10,1,6,0,1,0,2,1,1,4,1,1,2,1,1,0,0,0,2,6,3,2,1,0,1,3,0,34
1,0,2,2,2,21842,1,1,0,0,2,1,1,2,1,0,1,0,0,1,12,1,1,1,0,1,0,4,1,1,2,1,1,1,1,0,1,6,2,3,1,2,1,3,1,34
0,1,0,1,2,4234,0,1,1,0,1,1,3,2,1,0,1,0,0,1,4,1,1,1,0,1,1,4,1,1,1,2,0,3,-1,0,1,6,3,2,1,2,1,3,2,25
0,2,2,3,1,509,1,1,1,1,2,1,3,2,1,0,1,0,0,1,12,1,1,0,2,1,1,4,1,1,2,1,1,1,1,0,2,6,3,3,0,1,1,3,4,32
0,0,2,2,2,8865,0,1,2,2,2,1,1,2,1,0,1,0,0,0,0,0,1,1,2,1,1,4,1,1,2,1,1,1,1,0,2,6,4,3,1,3,1,3,0,32
1,2,2,2,2,2851,0,1,1,2,2,1,3,1,1,0,1,0,0,1,12,1,1,0,2,1,1,4,0,1,2,1,1,1,2,5,2,6,4,3,1,3,1,3,3,32
1,0,2,0,2,25918,1,1,0,2,2,1,3,2,1,0,2,0,0,1,12,0,1,1,2,1,1,4,1,1,2,1,1,1,2,3,2,6,4,3,1,1,1,3,4,34
0,0,2,2,2,17554,0,1,0,2,2,1,3,1,1,0,1,0,0,1,6,1,1,1,0,1,1,4,1,1,2,1,1,1,1,0,3,6,4,2,1,1,1,3,1,34
1,2,2,0,1,1471,1,1,0,0,2,1,3,2,1,0,2,0,0,1,12,0,1,1,2,1,1,4,1,1,2,1,1,1,2,2,2,6,4,3,1,1,1,3,1,34
0,0,2,2,2,18555,0,1,1,0,2,1,3,2,1,0,2,0,0,1,12,1,1,2,1,1,1,4,0,1,2,1,1,1,1,5,1,3,3,2,1,0,1,2,3,27
0,0,2,2,2,19623,0,1,1,0,2,1,3,2,1,0,2,0,0,1,4,0,1,0,0,1,1,4,1,1,2,1,0,1,1,0,3,5,3,3,1,2,1,3,3,34
0,0,1,0,2,299,1,1,0,0,2,1,1,2,1,0,0,0,0,1,12,0,1,0,0,1,1,4,1,1,2,1,1,1,0,0,2,6,4,3,1,2,1,3,0,27
0,0,1,2,2,12905,0,1,0,0,2,1,1,1,0,0,1,0,0,1,1,0,1,0,1,1,0,4,0,1,1,2,1,1,2,3,1,6,3,2,1,2,2,3,3,32
1,2,0,0,1,22458,0,0,0,0,2,1,3,2,0,1,2,0,0,1,12,1,1,0,1,1,1,4,1,1,2,1,1,3,2,1,2,3,4,3,1,1,1,3,4,34
0,0,0,2,2,7587,1,1,0,0,2,1,1,2,0,1,2,0,0,1,12,1,1,2,0,1,1,4,1,0,2,1,1,1,-1,5,1,6,3,3,1,1,3,2,1,27
1,2,3,3,2,-1,1,1,0,2,2,1,3,2,1,0,1,0,0,1,4,1,1,2,1,1,1,4,1,1,2,1,1,1,1,0,3,6,3,3,1,1,3,3,3,31
1,0,2,2,2,767,1,1,0,0,2,1,3,2,1,0,2,1,2,1,6,0,1,0,1,1,1,4,1,1,2,1,0,1,1,5,2,6,2,3,1,1,3,3,3,34
1,0,1,2,2,-1,1,1,0,0,2,1,1,2,0,0,2,0,0,1,12,0,1,1,0,1,0,2,1,1,1,1,1,1,2,4,3,6,3,2,1,2,1,3,0,34
0,0,1,2,2,4806,0,1,0,0,2,1,1,1,1,0,1,0,0,1,4,0,0,1,0,4,1,4,1,0,2,2,1,1,1,0,2,6,1,2,1,2,1,3,0,32
1,2,2,2,1,18024,0,1,0,0,2,1,3,1,1,0,2,0,0,1,12,1,1,1,1,1,1,4,1,1,2,1,1,1,1,5,3,6,3,3,1,1,1,3,3,32
1,0,2,2,2,8224,0,1,1,2,2,1,3,2,1,0,2,0,0,1,4,1,1,0,2,1,1,4,1,1,2,2,1,3,1,0,2,6,3,3,1,3,3,3,4,32
1,0,0,1,2,1850,1,0,0,0,1,1,3,2,0,1,1,1,11,1,3,1,1,2,0,1,1,2,1,1,1,2,1,0,1,0,1,6,3,2,1,2,0,3,2,32
1,0,2,2,2,14084,0,1,0,2,2,1,3,1,1,0,2,1,13,1,6,0,1,1,2,1,1,4,1,1,1,1,1,1,2,4,3,5,3,3,1,1,1,3,1,31
0,1,2,0,2,23393,1,1,0,0,2,1,1,2,0,1,2,0,0,1,12,0,1,0,0,1,1,4,1,1,2,1,1,3,0,0,3,6,4,2,1,0,3,2,0,31
1,0,1,1,2,11214,0,1,0,0,2,1,1,2,1,0,1,0,0,1,4,1,1,0,0,4,0,4,1,1,2,1,1,2,1,0,1,6,3,2,1,1,1,2,1,33
1,2,3,2,2,18098,0,1,0,0,2,1,3,2,1,0,2,1,2,1,4,1,1,1,1,1,1,4,1,1,2,1,0,1,2,5,3,6,4,3,1,1,1,3,3,31
0,2,1,3,2,11883,0,1,0,0,2,1,1,2,1,0,1,0,0,1,12,0,1,0,2,1,1,4,1,1,2,1,1,1,1,0,1,3,3,3,1,2,1,3,1,33
0,0,0,0,2,5375,0,0,1,1,2,1,1,2,1,0,1,0,0,1,6,0,1,0,2,1,1,4,0,1,2,1,0,1,1,0,3,3,4,3,1,1,1,3,0,33
0,0,2,2,2,2572,0,0,0,0,2,1,3,1,0,0,1,0,0,1,12,1,1,2,0,1,0,4,1,0,2,2,0,1,1,0,3,6,3,2,1,1,2,3,2,26
0,0,1,3,2,7367,0,0,0,0,2,1,3,1,0,0,1,0,0,1,4,1,1,2,0,4,1,4,1,1,2,1,0,0,0,0,3,0,3,2,1,2,1,3,2,30
1,0,2,2,2,21248,1,1,1,1,2,1,1,2,1,0,0,0,0,1,1,0,1,0,1,1,1,4,1,1,2,1,0,1,0,0,2,6,3,3,1,1,1,2,0,16
1,0,1,2,2,8521,0,1,0,0,2,0,0,0,1,0,1,0,0,1,12,0,1,1,1,1,0,4,1,1,2,2,1,0,2,2,1,6,3,3,1,3,1,3,3,33
0,0,2,2,2,11913,1,0,1,1,2,1,3,2,1,0,2,0,0,1,12,1,1,2,0,1,1,4,1,1,2,1,1,1,1,5,1,6,4,3,1,2,1,3,3,34
0,2,4,3,2,21515,0,1,0,0,2,1,1,2,1,0,2,0,0,1,4,1,1,1,2,1,1,4,1,1,2,1,1,1,2,1,3,6,4,2,1,1,1,3,2,31
0,0,0,1,2,4543,0,1,2,0,2,1,2,1,0,0,0,0,0,1,12,0,1,0,0,1,0,4,1,1,2,1,1,3,0,0,1,6,2,3,1,2,0,3,0,31
1,0,1,1,2,-1,1,0,1,0,2,1,3,1,1,0,2,0,0,1,12,1,1,1,0,1,0,2,1,0,1,1,0,3,-1,2,3,6,3,3,1,0,1,3,1,18
1,0,1,3,2,-1,1,1,0,0,2,1,1,2,1,0,2,0,0,1,4,0,1,1,0,1,1,4,1,0,2,1,0,1,-1,0,2,6,3,3,1,2,1,3,3,31
0,2,3,3,2,1250,0,1,1,2,1,1,1,2,1,0,0,0,0,1,12,0,1,0,2,1,1,4,1,1,2,1,1,1,0,0,2,6,4,3,1,1,1,3,0,33
0,2,2,3,2,10317,0,0,1,1,2,1,3,1,1,0,2,0,0,1,12,1,1,2,1,1,1,4,0,1,2,1,1,1,2,4,3,6,3,2,1,1,1,3,4,34
1,0,0,1,2,8200,0,1,1,2,2,1,3,2,1,0,1,0,0,1,12,0,1,1,1,1,1,4,1,1,2,1,1,1,1,0,1,5,3,2,1,2,1,3,3,29
1,0,2,2,2,16824,0,1,0,0,2,1,1,2,1,0,2,1,1,1,1,0,1,1,2,1,1,4,1,1,2,1,1,1,1,5,1,6,3,2,1,1,3,3,4,34
0,0,1,3,2,-1,0,1,0,0,2,1,1,1,1,0,1,0,0,1,12,1,1,0,1,1,1,4,1,1,2,1,1,1,0,0,1,6,2,3,1,0,3,3,3,33
0,0,0,2,2,21489,0,1,0,0,2,1,1,2,0,1,2,0,0,1,12,0,1,1,1,1,1,4,1,1,2,1,0,1,1,2,2,5,3,3,1,0,1,3,4,25
1,0,2,2,2,3436,1,1,1,0,2,1,1,2,1,0,2,0,0,1,12,0,1,1,0,1,1,4,1,1,2,1,1,1,2,5,2,6,4,3,1,1,1,3,4,34
1,0,1,1,2,1195,0,1,1,2,2,1,1,2,1,0,0,1,4,1,4,0,1,0,0,1,1,4,1,1,2,1,1,1,0,0,2,6,4,3,1,1,3,2,0,30
1,2,2,1,2,-1,1,1,1,2,2,1,1,2,1,0,2,0,0,1,4,0,1,1,0,1,1,4,1,1,2,1,1,1,1,5,2,6,3,3,1,2,1,3,3,31
0,2,2,2,2,24582,0,1,1,2,2,1,3,2,1,0,1,1,12,1,12,1,1,1,2,1,1,4,1,1,2,1,1,3,1,5,3,6,4,3,0,1,3,3,2,34
0,0,0,3,2,8048,0,0,1,2,2,1,1,2,1,0,2,0,0,1,6,1,1,1,0,1,1,4,1,1,2,1,1,1,1,0,2,5,3,2,1,1,1,3,1,34
1,0,2,0,2,3866,1,1,0,0,2,1,3,2,1,0,1,0,0,1,12,1,1,0,1,1,1,4,1,1,2,1,0,1,1,0,2,6,4,3,1,2,1,3,1,34
1,0,1,3,2,-1,0,1,0,0,2,1,3,2,1,0,2,0,0,1,12,1,1,2,1,1,1,4,1,1,2,1,0,1,-1,0,1,6,2,3,1,1,3,3,4,27
0,2,0,1,2,-1,0,0,0,0,1,1,3,2,1,0,1,0,0,1,4,1,1,0,0,1,0,2,1,1,1,2,0,1,-1,0,1,6,3,2,1,0,1,1,4,26
0,0,3,2,2,13385,1,1,0,0,2,1,3,2,1,0,2,1,3,1,4,0,1,1,1,1,1,4,1,1,2,1,1,3,-1,0,3,6,4,3,1,1,1,3,4,34
0,0,0,2,2,4998,0,1,1,2,2,1,3,2,1,0,2,0,0,1,4,1,1,1,1,4,1,4,1,1,2,1,1,2,1,5,1,6,3,3,1,1,3,3,3,30
1,0,1,2,2,9816,0,1,0,0,2,0,0,0,0,1,0,0,0,1,4,0,1,1,1,1,0,4,1,1,2,1,1,0,0,0,1,6,4,3,1,1,1,3,0,30
0,2,3,2,2,18749,0,1,0,2,2,1,3,1,1,0,1,0,0,1,12,1,1,0,2,1,1,4,1,1,2,1,1,3,2,2,2,6,4,3,1,1,3,3,2,32
1,0,1,2,2,7662,0,0,1,1,1,1,1,2,1,0,1,0,0,1,12,1,1,0,2,1,1,4,1,1,1,1,1,1,1,0,1,6,3,2,1,2,0,3,4,33
1,0,0,0,2,12087,0,1,1,2,2,1,1,2,1,0,2,1,2,1,11,0,1,0,2,1,1,4,0,1,2,1,1,1,0,0,2,6,4,3,1,3,0,3,3,33
0,0,0,3,2,11889,0,1,1,2,2,1,3,2,1,0,2,0,0,1,12,0,1,1,1,1,1,4,1,1,2,1,1,3,2,5,3,6,3,2,1,1,3,1,1,32
0,0,2,3,2,11058,0,1,1,2,2,1,3,2,1,0,2,1,1,1,12,1,1,1,2,1,1,4,1,1,2,1,0,1,2,1,3,6,3,3,0,1,1,3,4,27
1,0,2,0,2,82,0,1,0,0,1,1,1,2,1,0,2,0,0,1,7,0,1,1,0,1,0,4,1,1,2,1,1,2,2,4,2,6,3,3,1,0,3,3,2,32
1,2,3,2,1,19619,0,1,0,0,2,1,3,1,1,0,2,0,0,1,6,1,1,0,1,1,1,4,1,1,2,1,0,1,1,5,3,6,3,3,1,2,1,3,2,34
0,0,2,3,2,14520,1,1,1,1,2,1,3,2,1,0,1,0,0,1,12,0,1,1,2,1,1,4,1,1,2,1,1,3,2,3,3,6,4,3,1,1,3,3,2,31
1,0,1,1,2,14234,0,1,1,0,2,1,1,2,1,0,2,1,1,1,12,0,1,0,1,4,1,4,1,1,1,1,1,1,-1,0,3,6,4,3,1,2,3,3,2,32
0,0,1,3,2,0,1,0,1,2,2,1,3,1,0,0,2,1,2,1,6,0,1,0,2,1,1,4,1,0,2,1,0,0,1,4,2,6,3,2,1,1,1,3,4,0
0,0,2,3,2,8936,1,1,2,1,2,1,1,1,0,1,0,0,0,1,4,0,1,0,0,1,1,4,1,1,2,1,1,1,0,0,3,6,3,2,1,2,0,3,0,31
1,0,1,3,2,3274,1,0,0,0,2,1,1,1,1,0,2,0,0,1,12,0,1,1,2,1,1,4,1,1,2,1,0,1,-1,0,2,6,3,3,1,0,1,3,1,28
0,2,3,2,1,15148,0,1,0,0,2,1,3,2,1,0,1,1,1,1,12,1,1,1,2,1,1,4,1,1,2,1,1,3,1,0,2,6,3,3,1,3,2,3,2,34
0,0,2,2,2,913,1,1,0,0,2,0,0,0,0,0,0,1,1,1,6,0,1,1,1,1,1,4,0,1,1,1,1,0,0,0,3,6,4,3,1,3,1,3,0,31
1,0,0,2,2,7758,1,1,0,0,2,1,1,2,1,0,2,0,0,1,12,0,1,1,1,1,1,4,1,1,2,1,0,1,2,5,2,6,4,3,1,2,1,3,1,32
1,0,1,0,2,10460,1,0,1,2,2,1,1,1,1,0,2,0,0,1,2,1,1,1,0,2,0,4,0,1,1,1,1,1,1,3,3,6,3,2,1,2,1,3,3,33
1,0,2,2,2,15027,0,1,1,2,2,1,3,2,1,0,2,0,0,1,4,0,1,0,1,1,1,4,1,0,2,1,1,2,1,0,3,6,4,3,1,0,3,3,4,33
1,0,1,1,2,-1,1,1,1,2,2,1,1,2,1,0,1,0,0,1,6,0,1,1,1,1,0,4,1,1,2,1,1,3,1,0,2,6,3,3,1,2,3,3,2,34
1,2,2,2,1,52267,1,1,0,0,2,1,1,1,1,0,3,0,0,1,6,0,1,0,2,1,1,4,1,1,2,2,1,1,2,5,2,6,3,3,0,1,1,3,4,34
0,2,0,2,2,0,0,0,0,0,2,1,1,2,0,1,1,0,0,1,4,0,1,2,0,1,1,2,1,1,1,2,1,1,1,0,1,6,3,2,1,2,1,3,0,34
1,0,1,2,2,8492,1,1,0,0,2,0,0,0,1,0,1,0,0,1,4,0,1,0,2,1,1,4,1,1,1,2,0,0,1,0,2,6,3,3,1,2,2,3,2,32
0,2,1,3,1,12067,0,1,1,2,2,1,1,2,0,1,2,0,0,1,6,0,1,1,0,1,1,4,0,1,2,1,1,1,-1,0,3,6,3,3,0,1,1,3,3,31
0,0,0,0,2,8035,0,1,0,0,2,1,1,2,1,0,1,1,4,1,6,0,1,0,2,1,1,4,0,1,2,1,1,1,1,5,2,6,2,3,1,3,1,3,3,33
0,0,2,1,2,-1,1,1,0,0,2,1,1,1,0,0,2,0,0,1,12,0,1,1,1,1,0,4,1,1,1,1,1,3,1,1,2,6,4,3,1,0,1,1,3,29
0,2,2,2,1,20498,0,1,0,0,2,1,3,2,1,0,2,0,0,1,12,0,1,1,2,1,1,4,1,1,2,1,0,1,1,0,2,6,4,3,1,2,1,3,1,30
0,0,2,3,2,9215,0,1,0,0,2,0,0,0,0,0,2,0,0,1,6,1,1,0,1,1,1,4,1,1,2,2,1,0,2,3,2,6,2,2,1,0,0,3,1,34
1,0,2,2,2,1685,0,1,0,0,2,1,3,2,1,0,2,0,0,1,4,0,1,1,0,4,0,4,1,1,2,1,1,1,1,2,2,6,4,2,1,2,1,3,1,33
0,0,2,2,2,80576,0,1,1,2,2,1,3,1,1,0,3,0,0,1,4,1,1,2,2,1,1,3,1,0,2,1,1,1,1,0,3,6,4,2,1,3,0,3,3,32
1,0,1,3,2,-1,1,1,2,0,2,1,3,1,0,0,2,0,0,1,12,0,1,1,0,1,0,4,1,1,1,2,1,1,2,3,1,6,4,3,1,1,2,3,3,32
0,0,0,0,2,32491,0,1,1,2,2,1,3,2,1,0,1,1,1,1,12,1,1,1,2,1,1,4,1,1,2,1,1,1,1,0,2,6,3,2,1,1,1,1,2,29
1,0,3,2,2,-1,1,1,0,0,2,1,1,2,0,0,2,1,1,1,12,1,1,2,1,1,1,4,1,1,2,1,1,1,1,0,3,6,4,2,1,3,0,3,2,34
1,0,2,0,2,17891,1,1,1,2,2,1,1,1,0,1,2,1,2,1,4,0,1,1,2,1,1,4,1,1,2,1,1,1,-1,2,3,6,3,3,1,1,3,3,2,33
0,2,2,3,2,7485,0,1,1,1,2,1,1,2,1,0,1,0,0,1,12,1,1,0,0,1,1,4,1,1,2,1,1,1,1,0,3,6,3,3,1,3,3,3,2,31
0,0,2,2,2,30310,0,1,2,1,2,1,3,1,1,0,1,0,0,1,6,1,1,1,0,1,1,4,1,1,2,1,0,1,1,0,3,6,3,2,1,1,0,3,2,34
0,0,0,1,2,3768,0,1,0,0,2,1,1,2,0,1,2,0,0,1,4,1,1,1,0,2,0,4,0,1,1,1,0,3,-1,0,1,6,3,2,1,2,1,2,2,34
1,2,3,2,1,26044,1,1,2,1,2,1,1,2,1,0,0,0,0,1,12,0,1,1,2,1,1,4,1,0,2,1,1,1,0,0,3,6,4,3,1,3,1,3,0,34
1,2,0,2,2,59484,0,1,2,2,2,0,0,0,0,1,0,1,2,1,5,0,1,1,0,4,1,4,1,1,1,1,0,0,0,0,3,5,3,2,1,2,1,3,0,34
0,0,2,1,2,16496,1,1,1,0,2,1,3,2,1,0,1,0,0,1,6,1,1,0,2,1,1,4,1,1,2,1,1,1,1,0,2,6,4,3,1,3,3,3,3,32
1,0,1,0,2,8043,0,1,1,2,2,1,3,1,0,0,1,0,0,1,2,1,1,0,0,4,0,4,1,1,2,1,1,1,2,1,3,6,3,3,1,2,1,3,0,34
0,0,2,2,2,9022,0,1,0,1,2,1,1,1,1,0,1,0,0,1,2,0,1,0,2,1,1,4,1,1,2,1,1,1,0,0,2,6,3,3,1,3,0,3,0,32
1,0,1,2,2,14197,0,1,2,2,0,1,3,2,1,0,2,1,3,1,12,1,1,2,2,1,1,4,1,1,2,1,1,3,2,1,2,6,3,2,1,1,3,3,3,25
1,1,1,1,2,3000,0,1,1,2,1,1,1,2,0,0,2,0,0,0,0,1,1,2,0,4,1,3,1,1,1,1,1,3,-1,0,1,3,3,2,1,2,1,3,4,32
0,2,2,0,2,19000,1,1,0,0,2,1,3,2,1,0,1,1,3,1,4,1,1,1,2,1,1,4,1,1,2,1,1,1,2,2,3,6,3,3,1,1,3,3,3,31
1,0,0,2,2,8205,1,0,0,0,2,1,1,1,0,0,2,0,0,1,4,0,1,0,0,1,0,4,1,1,1,1,1,1,0,0,1,6,2,3,1,2,1,3,0,34
1,0,2,2,2,3562,1,1,0,0,2,1,3,2,1,0,1,0,0,1,12,1,1,0,1,1,0,4,1,1,1,1,1,1,1,0,0,6,3,3,1,1,1,3,2,24
0,0,3,3,2,1618,1,1,1,1,2,1,1,2,1,0,1,0,0,1,12,0,1,1,2,1,1,4,1,1,2,1,1,1,1,1,2,6,4,2,1,1,1,3,4,28
1,0,2,1,2,6708,0,1,1,1,2,1,3,2,1,0,2,0,0,1,12,1,1,1,1,4,1,4,1,1,2,1,1,1,2,2,1,6,3,3,1,1,1,3,4,30
1,0,1,2,2,2228,0,1,1,1,2,1,1,2,1,0,2,0,0,1,12,1,1,1,1,1,1,4,1,1,2,1,1,3,2,1,2,6,3,3,1,2,3,3,4,34
0,2,0,2,2,11619,0,0,0,0,2,1,1,2,1,0,2,0,0,1,6,0,1,1,1,1,1,4,1,0,2,1,0,1,0,0,2,6,4,3,1,2,1,3,0,34
1,1,0,1,1,6527,0,0,0,0,1,1,1,2,1,0,2,0,0,1,4,0,0,1,1,2,0,2,1,1,1,1,0,1,-1,0,1,2,1,2,1,0,3,0,0,31
1,0,2,2,2,13905,0,1,0,1,2,1,1,2,0,1,1,0,0,1,6,1,1,2,0,1,1,4,1,1,2,1,1,1,1,0,2,6,3,3,1,1,1,3,4,25
1,2,1,1,2,17810,1,1,0,0,2,1,1,2,1,0,2,0,0,1,4,0,1,2,0,5,1,4,1,1,2,1,1,1,1,0,1,0,4,3,1,1,1,3,0,34
0,0,1,1,2,5861,0,1,1,2,2,1,3,2,1,0,1,0,0,1,2,1,1,2,0,1,1,4,1,1,2,1,1,1,1,0,2,6,3,3,1,3,1,3,3,31
0,0,3,2,2,5245,0,1,0,0,2,1,1,2,1,0,2,0,0,1,4,1,1,1,1,5,1,4,1,1,2,1,0,1,-1,0,1,6,3,3,1,1,1,3,4,30
1,0,2,0,2,325,0,1,0,0,2,1,1,2,1,0,0,0,0,1,4,0,1,0,0,1,1,4,1,1,2,1,1,1,0,0,1,6,4,3,1,2,1,3,0,28
1,2,2,2,1,16432,1,1,0,0,2,1,1,1,0,0,1,0,0,1,6,0,1,0,2,1,1,4,1,1,2,1,0,1,2,3,3,6,4,3,0,1,1,3,2,34
1,0,3,2,2,13805,0,1,0,2,2,1,3,2,1,0,1,0,0,1,12,1,1,1,2,1,1,4,1,1,2,1,0,1,-1,0,3,6,4,3,1,1,3,3,3,34
1,0,2,2,2,2667,0,1,1,1,2,1,1,2,1,0,0,0,0,1,4,0,1,0,0,5,0,4,1,1,2,1,1,1,0,0,3,6,3,3,1,3,1,3,0,30
0,2,1,3,2,22970,1,1,0,0,2,1,3,2,1,0,1,1,12,1,12,1,1,0,2,1,1,3,1,0,2,1,1,1,2,3,3,6,3,3,0,3,1,3,3,34
1,2,2,3,1,29708,1,1,0,0,2,1,3,2,1,0,1,1,4,1,12,1,1,0,2,1,1,4,1,1,2,1,1,1,1,0,2,6,4,3,0,1,1,3,4,32
0,0,0,0,2,4159,0,1,0,0,2,1,1,2,0,1,2,0,0,1,4,0,1,1,0,1,0,4,1,1,2,1,1,1,0,0,1,6,4,2,1,0,3,3,4,32
0,0,2,2,2,2630,1,0,0,0,2,1,1,2,1,0,1,1,3,1,2,1,1,1,1,1,1,4,1,1,2,1,1,1,1,0,2,6,3,2,1,0,1,3,4,31
0,2,2,3,1,32893,0,1,0,0,2,1,2,1,1,0,3,1,2,0,0,1,1,0,2,1,1,4,1,1,2,2,1,1,0,0,1,6,3,0,0,3,0,0,4,0
1,0,0,2,2,10324,0,1,0,1,2,1,3,2,1,0,2,0,0,1,12,1,1,1,2,1,0,4,1,1,2,1,1,1,1,0,2,6,2,2,1,0,1,3,4,30
0,0,2,1,2,1425,0,0,1,2,2,1,1,2,1,0,2,0,0,1,4,1,1,0,1,1,0,4,1,1,1,1,1,1,-1,0,3,5,4,2,1,2,1,3,1,32
0,0,0,3,2,-1,0,1,0,2,2,1,1,1,0,0,2,0,0,1,4,0,1,1,1,1,1,4,1,1,2,1,0,1,-1,0,2,6,3,3,1,2,3,3,4,28
0,0,1,3,2,273,0,1,0,0,2,1,3,2,1,0,2,0,0,1,12,1,1,2,0,1,1,4,1,1,2,1,1,1,1,0,3,6,3,2,1,3,1,3,4,29
1,2,2,2,2,10475,0,1,1,2,2,1,1,2,1,0,2,0,0,1,3,0,1,1,1,1,1,4,1,1,2,1,1,1,1,3,2,6,4,3,1,2,0,3,4,31
0,0,1,1,2,1312,1,1,0,0,2,1,1,2,1,0,1,0,0,1,4,0,1,1,0,4,0,4,1,1,1,1,1,1,1,0,3,6,3,2,1,2,1,3,0,22
0,0,1,1,2,11389,0,1,0,0,2,1,3,2,1,0,2,0,0,1,4,1,1,1,0,1,1,4,1,1,2,1,1,1,2,4,2,6,4,2,1,2,1,3,4,34
1,2,1,3,2,15819,1,1,1,2,2,1,3,2,1,0,1,1,2,1,12,1,1,2,2,1,1,4,1,1,2,1,1,1,2,5,3,6,4,3,0,1,1,3,4,32
1,0,2,0,2,61615,1,1,0,0,2,1,1,2,1,0,2,0,0,1,12,0,1,1,2,4,1,4,0,1,2,1,1,2,1,0,2,6,4,3,1,1,1,2,3,32
1,0,2,0,2,11602,0,1,0,0,2,1,1,2,1,0,2,0,0,1,6,1,1,1,0,1,1,4,1,1,1,1,1,1,1,5,3,6,3,3,1,1,1,3,3,30
0,0,2,3,2,-1,1,1,1,2,2,1,3,2,1,0,2,0,0,1,12,1,1,1,0,1,1,4,1,1,2,1,1,1,2,3,1,6,3,2,1,0,1,3,3,33
1,0,3,2,2,18342,0,1,0,0,2,1,1,2,1,0,1,0,0,1,6,1,1,0,1,1,1,4,1,1,2,1,0,1,1,0,2,5,4,3,1,3,1,3,0,33
0,0,2,0,2,13734,0,0,1,2,2,1,1,2,1,0,2,0,0,1,6,1,1,0,2,1,1,4,1,1,2,1,1,1,1,5,2,6,3,2,1,1,3,3,1,30
1,2,2,2,2,24695,1,1,1,2,2,1,3,1,1,0,2,0,0,1,3,1,1,1,2,1,1,4,1,0,2,1,1,1,2,2,1,6,3,3,1,3,1,3,4,29
1,0,1,3,2,14119,1,1,1,2,2,1,3,1,1,0,1,0,0,1,12,0,1,1,1,1,1,3,1,1,2,1,1,1,1,0,3,6,3,3,1,2,1,3,2,27
0,0,1,2,2,7732,0,1,0,0,2,1,3,2,1,0,1,0,0,1,4,1,1,2,1,1,1,4,1,1,2,1,1,1,1,0,3,6,4,2,1,2,1,3,0,32
0,2,2,2,1,32988,0,0,1,1,2,1,3,2,1,0,1,0,0,1,24,1,1,1,2,1,1,4,1,1,2,1,0,1,2,2,2,6,4,3,1,3,1,3,4,34
1,0,1,3,2,4722,0,1,0,0,2,1,1,2,0,1,1,0,0,1,3,0,1,0,0,2,1,4,1,1,2,2,1,1,-1,0,2,6,3,3,1,2,3,3,2,5
1,0,3,2,2,28557,0,1,0,0,2,1,3,2,1,0,1,1,1,1,12,1,1,1,2,1,1,4,1,1,2,1,1,1,-1,0,2,6,4,3,1,3,1,3,4,30
1,2,2,2,2,17665,0,1,1,2,2,1,3,2,1,0,2,0,0,1,12,0,1,1,2,1,1,4,1,1,2,1,1,1,2,5,2,6,4,3,1,3,1,3,3,34
1,0,2,2,2,21951,1,1,0,0,2,1,1,1,1,0,2,0,0,1,6,0,1,1,2,1,1,4,1,1,2,1,1,1,1,5,3,6,4,3,1,1,1,3,2,30
1,0,2,0,2,1372,0,1,0,0,2,1,3,2,1,0,2,0,0,1,12,0,1,2,2,1,1,4,1,1,2,1,1,1,1,0,2,6,3,3,1,1,1,3,2,32
1,0,2,3,2,25577,1,1,1,2,2,1,3,2,1,0,2,0,0,1,12,1,1,1,1,1,1,4,1,1,2,1,1,1,1,0,3,6,4,3,1,1,0,3,3,31
0,0,0,2,2,-1,0,1,0,0,2,1,3,2,1,0,1,0,0,1,12,1,1,0,1,1,1,4,1,1,2,1,1,1,1,0,2,6,3,2,1,1,1,3,2,27
0,0,0,0,2,29681,1,1,1,1,2,1,1,2,1,0,2,0,0,1,12,0,0,2,0,1,0,4,1,1,1,1,1,1,-1,0,0,6,1,3,1,0,1,3,2,34
0,0,2,1,2,126,1,1,0,0,2,1,1,2,0,0,1,0,0,1,6,0,1,2,0,1,1,4,1,1,1,1,0,1,1,0,3,6,3,2,1,1,1,3,2,31
0,2,2,1,2,16319,1,1,1,2,2,1,1,2,1,0,0,0,0,1,1,0,1,0,0,1,1,4,1,1,2,1,1,1,0,0,2,6,4,3,1,0,3,3,0,27
1,0,2,2,2,6479,1,1,0,0,2,1,1,2,1,0,1,0,0,1,12,1,1,1,0,1,1,4,1,1,1,1,1,1,1,0,0,6,3,2,1,1,1,3,3,31
0,0,1,2,2,13618,0,1,1,2,2,1,1,2,1,0,0,0,0,1,4,0,1,0,0,1,1,4,1,0,2,1,1,1,0,0,3,6,2,2,1,2,1,3,0,34
0,0,2,1,2,2123,0,1,1,2,2,1,1,2,1,0,2,0,0,1,4,0,1,1,1,1,0,4,1,1,2,1,1,1,1,3,2,6,2,2,1,2,1,3,3,29
0,2,2,0,2,2651,1,1,0,0,2,1,1,2,1,0,1,0,0,1,4,1,1,1,2,1,1,4,1,1,2,1,1,1,1,0,2,3,4,3,1,1,3,3,2,31
0,2,2,2,1,-1,1,1,0,2,2,1,3,2,1,0,1,0,0,1,4,1,1,0,1,1,1,4,1,1,2,1,1,3,2,5,3,6,3,2,1,2,0,3,2,33
0,0,1,1,2,-1,1,1,0,0,2,1,3,2,1,0,1,0,0,1,4,0,1,1,0,5,1,2,0,0,1,2,1,1,2,2,2,6,3,2,1,1,1,2,1,33
0,0,2,1,2,5033,0,1,0,2,2,1,1,2,1,0,2,0,0,1,12,1,1,2,0,2,0,1,1,1,1,1,1,1,2,3,3,5,3,3,1,1,1,3,3,26
1,0,1,1,2,4061,0,1,1,1,2,1,1,2,1,0,2,0,0,1,4,0,1,0,1,2,0,2,1,0,2,1,1,1,1,2,3,6,3,3,1,0,0,3,3,32
0,0,1,1,2,1115,0,1,0,2,2,1,1,1,1,0,2,0,0,1,12,0,1,1,0,1,1,3,1,1,2,1,1,1,1,0,3,6,3,3,1,2,0,3,1,32
0,0,0,0,2,18763,1,1,1,1,2,1,3,1,1,0,2,1,4,1,12,0,1,2,1,1,1,4,1,1,2,1,0,1,0,0,3,5,1,3,1,0,1,3,1,25
0,0,2,2,2,37162,0,1,0,0,1,1,3,2,1,0,1,0,0,1,6,1,1,1,2,1,1,4,0,0,2,1,1,1,2,4,2,6,4,3,1,1,1,3,4,31
1,0,0,1,2,11489,1,1,1,0,2,1,1,2,1,0,2,0,0,1,12,0,1,1,0,1,0,2,0,0,2,1,1,1,1,0,1,5,2,2,1,1,3,1,4,19
0,2,3,2,2,9910,0,1,1,1,2,1,3,2,1,0,1,1,14,1,4,1,1,1,1,1,1,4,1,1,2,1,1,3,1,5,3,6,4,3,1,1,3,3,4,34
0,0,2,2,2,-1,0,1,0,0,2,1,3,2,1,0,2,0,0,1,12,0,1,2,0,1,0,4,0,1,2,1,1,1,1,0,3,6,4,2,1,1,0,3,2,34
0,0,1,2,2,495,0,1,0,0,2,1,1,2,1,0,2,0,0,1,12,0,1,1,1,1,1,4,1,1,2,1,1,1,0,0,0,6,4,2,1,2,3,3,0,27
1,2,2,2,2,14122,1,1,1,2,2,1,1,1,0,1,1,0,0,1,6,0,1,0,1,1,1,4,1,1,2,1,1,1,0,0,3,6,4,3,1,1,0,3,0,33
1,2,4,3,1,29021,1,1,0,0,2,1,3,2,0,1,1,0,0,1,12,1,1,0,2,1,1,4,1,1,2,1,1,1,1,0,3,6,4,3,1,1,1,3,2,32
0,0,1,1,2,4972,0,1,2,1,0,1,1,2,1,0,2,0,0,1,2,0,1,1,0,1,1,4,0,1,2,1,1,1,1,5,2,6,4,3,1,2,1,3,1,16
1,0,1,2,2,13360,0,1,2,1,2,1,3,1,1,0,1,0,0,1,6,1,1,2,2,1,1,4,1,1,2,1,1,3,1,0,3,6,3,3,1,3,1,3,4,34
0,0,0,1,2,1140,0,1,1,2,2,1,3,1,1,0,2,0,0,1,12,1,1,1,1,1,1,4,1,1,2,1,1,1,1,4,3,6,3,2,1,2,1,1,1,29
0,2,2,2,2,28040,0,1,0,0,2,1,3,2,1,0,1,0,0,1,12,1,1,1,1,1,1,4,1,1,2,1,1,3,2,3,2,6,4,3,1,1,3,3,3,33
0,0,2,3,2,4672,1,1,0,0,2,1,1,1,1,0,2,0,0,1,12,0,1,1,0,1,0,4,1,1,1,1,1,1,-1,0,1,6,4,3,1,2,1,3,2,28
1,2,2,2,1,25016,1,1,0,0,2,1,3,1,1,0,2,0,0,1,4,1,1,1,2,1,1,4,1,1,2,1,1,1,2,3,3,6,3,3,1,1,3,3,4,31
0,2,2,2,1,-1,0,1,0,0,2,1,3,1,1,0,1,0,0,1,3,1,1,2,2,1,1,4,1,0,2,1,1,1,1,0,2,6,4,3,1,1,0,3,3,31
1,2,1,2,2,4115,0,0,0,0,2,1,1,1,1,0,2,0,0,1,12,0,1,1,0,1,0,4,1,1,2,2,1,1,-1,0,2,5,3,3,1,2,1,3,2,31
0,2,1,3,2,7339,1,1,1,1,2,1,1,1,0,1,2,1,4,1,12,0,1,1,2,1,1,4,1,1,2,1,1,1,-1,5,3,6,4,2,1,1,1,3,1,33
0,0,0,2,2,8719,1,1,0,0,2,1,3,1,1,0,2,0,0,1,12,1,1,2,0,1,0,4,0,1,2,1,1,1,2,5,1,6,3,3,1,2,1,3,3,34
0,0,1,3,2,460,1,1,2,0,2,1,1,1,1,0,0,1,4,1,4,0,1,0,1,1,1,4,1,0,2,1,1,1,0,0,1,6,3,3,1,1,1,3,0,25
1,2,2,1,2,3041,1,1,0,0,2,1,1,1,0,1,1,0,0,1,12,1,1,2,0,1,0,4,0,0,1,1,0,1,1,0,3,6,3,3,0,1,1,3,4,30
1,0,1,3,2,30212,0,1,1,1,2,1,3,2,1,0,2,0,0,1,12,0,1,2,2,1,1,4,1,1,2,1,0,1,1,3,3,6,3,3,1,1,1,3,4,28
0,0,0,1,2,-1,0,1,0,0,2,1,1,1,0,0,1,1,1,1,4,1,1,2,0,1,0,2,0,1,1,2,0,1,1,0,1,6,3,2,1,0,3,3,4,26
1,0,0,1,2,-1,0,1,0,2,2,1,1,2,1,0,2,0,0,1,4,0,1,0,0,4,1,3,1,1,2,1,1,1,1,0,3,6,4,3,1,2,1,3,0,29
0,2,2,3,1,19223,0,1,0,0,2,1,1,2,1,0,1,1,2,0,0,1,1,0,1,1,1,4,1,1,2,2,1,1,0,0,1,6,3,0,0,3,0,1,4,0
1,0,1,2,2,-1,1,1,0,0,2,1,1,2,1,0,2,0,0,1,12,1,1,0,2,1,1,4,1,1,2,1,1,1,1,5,2,6,4,3,1,2,1,3,2,32
0,0,3,3,1,9002,1,1,0,0,2,1,3,1,1,0,3,0,0,1,12,1,1,1,2,1,1,4,1,1,2,1,1,1,-1,0,3,6,3,2,0,0,0,1,2,32
0,0,2,2,2,3472,0,1,1,2,2,1,1,1,0,0,2,0,0,1,4,0,1,1,0,1,1,4,1,1,2,1,0,1,0,0,2,6,4,2,1,2,3,3,0,33
1,2,3,3,2,4731,0,1,0,0,2,1,1,1,1,0,1,0,0,1,0,0,1,0,0,1,1,4,1,1,2,1,0,1,1,0,3,6,4,3,0,2,1,3,3,31
0,0,0,1,2,-1,0,1,1,0,2,1,1,2,0,0,2,0,0,1,2,0,1,0,0,4,0,0,0,1,1,2,0,1,1,0,1,3,3,2,1,0,1,3,0,34
1,0,3,2,2,-1,0,1,1,1,2,1,1,2,1,0,2,0,0,0,0,1,1,0,0,1,1,4,1,1,2,1,0,1,1,5,3,6,4,3,1,1,1,3,2,34
0,0,2,1,2,34418,1,1,4,2,2,1,3,2,1,0,2,0,0,1,4,1,1,1,0,4,1,4,1,0,2,1,1,1,0,0,1,6,4,3,1,0,1,3,4,30
1,1,2,2,2,-1,0,1,4,0,2,1,1,2,1,0,1,0,0,1,12,0,1,1,1,1,1,4,1,1,2,2,1,1,1,5,1,6,4,3,1,0,1,3,3,31
0,2,0,0,2,426,0,1,0,0,2,1,1,2,1,0,1,0,0,1,6,0,1,0,2,1,1,4,0,1,2,1,0,1,1,0,2,6,2,2,1,3,1,1,0,32
0,2,2,2,2,15071,1,0,1,2,2,1,3,1,0,0,2,0,0,1,12,0,1,1,2,1,1,4,1,1,2,1,1,3,2,4,3,6,3,3,1,1,3,3,3,32
1,0,0,0,2,3628,0,1,1,1,2,1,1,1,0,0,1,0,0,1,4,0,1,1,2,4,1,4,0,1,2,1,1,1,1,0,2,6,3,3,1,2,0,3,4,32
1,0,2,2,2,13059,0,0,0,0,2,1,3,2,1,0,2,0,0,1,6,0,1,0,1,1,0,4,1,1,2,1,1,1,1,0,2,6,3,3,1,2,1,3,2,31
1,0,2,3,2,5876,0,1,2,2,2,1,1,1,1,0,2,0,0,1,12,0,1,0,0,5,1,4,1,1,2,1,1,1,1,0,3,6,4,3,1,1,1,3,3,32
0,1,1,2,2,16086,0,1,0,1,2,1,3,1,1,0,2,0,0,1,12,1,1,1,1,1,1,4,0,1,2,1,1,1,1,0,3,6,4,3,1,3,1,3,4,26
0,0,2,3,2,31190,1,1,0,0,2,1,1,1,1,0,2,0,0,1,6,0,1,0,0,1,1,4,1,1,2,1,0,1,1,2,3,6,3,3,1,1,1,3,4,0
1,2,2,2,2,7120,1,0,0,0,2,1,1,1,1,0,0,1,1,1,6,0,1,0,2,1,1,4,1,0,2,1,1,1,0,0,2,6,3,3,0,1,1,3,0,33
1,0,3,3,2,-1,1,1,3,2,2,1,1,2,0,1,0,1,4,1,12,0,1,1,2,1,1,4,1,1,2,1,1,1,0,0,3,5,3,3,1,1,1,3,0,32
0,0,1,2,2,9102,0,1,0,0,2,1,3,2,1,0,1,0,0,1,4,0,1,1,0,4,0,4,1,1,2,1,1,1,1,0,2,6,4,3,1,2,1,3,1,34
0,0,0,2,2,2000,0,1,1,2,2,1,1,1,1,0,2,1,0,1,0,0,1,1,0,1,0,4,1,1,2,2,1,1,2,5,3,6,4,3,1,0,1,3,4,32
0,0,0,1,1,-1,1,0,1,0,2,1,3,2,1,0,1,1,12,1,12,1,1,2,0,1,0,4,1,1,2,1,1,3,-1,0,3,6,3,3,1,2,1,3,3,34
1,0,1,1,2,4612,1,1,2,2,2,1,1,2,1,0,2,0,0,1,12,0,1,1,0,1,1,4,1,1,1,1,1,1,0,0,3,6,4,3,1,2,3,3,2,31
1,0,0,1,2,-1,0,1,0,0,2,1,1,2,1,0,1,1,1,1,1,1,1,0,1,4,1,4,1,1,2,1,1,1,1,0,1,6,3,3,1,3,1,3,1,30
0,1,2,2,2,17947,1,1,0,0,2,1,3,2,1,0,3,0,0,1,12,0,1,2,1,1,1,4,0,1,2,1,1,1,2,1,3,6,3,3,1,1,0,3,3,33
0,0,0,2,2,8366,0,1,0,0,2,0,0,0,0,1,1,0,0,1,12,0,1,2,2,1,1,4,1,1,2,2,0,0,1,0,2,6,4,3,1,3,3,3,0,31
0,2,3,3,1,24826,1,0,0,0,2,1,3,1,1,0,1,0,0,1,12,1,1,2,2,1,1,4,1,1,2,1,0,3,2,4,1,6,3,2,0,1,0,3,4,32
0,0,1,2,2,36,0,0,1,1,2,1,1,2,1,0,1,0,0,1,4,0,1,2,1,1,1,4,1,1,2,1,1,1,1,0,2,6,3,2,1,2,3,3,2,32
1,2,2,3,2,-1,0,0,0,2,2,1,3,2,1,0,2,1,2,1,4,0,1,1,2,1,1,4,1,1,2,1,1,1,2,1,2,6,4,3,0,0,1,3,1,34
0,0,1,0,2,2016,1,1,0,0,2,1,3,2,1,0,1,0,0,1,10,1,1,1,0,1,1,4,1,0,2,1,1,1,1,0,1,6,4,2,1,1,1,3,4,34
0,0,2,2,2,6802,0,1,1,2,2,1,1,2,0,1,2,0,0,1,12,0,1,1,0,1,0,4,1,1,1,1,1,3,1,5,1,6,3,2,1,2,3,3,4,19
1,0,2,2,2,6758,0,1,1,1,2,1,1,1,1,0,2,1,12,1,8,0,1,1,2,1,1,4,1,1,2,1,1,3,1,1,3,6,4,3,1,2,0,3,4,29
1,2,2,2,2,51324,1,1,0,0,2,1,3,2,1,0,1,0,0,1,12,1,1,0,2,1,1,4,1,1,2,1,1,1,2,5,1,6,3,3,1,0,1,3,4,27
0,2,2,0,2,9997,0,1,1,2,2,1,3,2,1,0,2,1,6,1,6,1,1,1,0,1,1,4,1,0,2,1,1,1,2,5,2,5,2,3,1,2,1,3,3,33
0,0,3,2,2,13488,1,1,0,0,1,0,0,0,1,0,2,0,0,1,4,1,1,1,1,4,1,4,1,1,2,2,1,0,1,0,3,6,4,2,1,2,1,3,2,34
1,0,0,2,2,0,0,0,0,0,2,0,0,0,0,0,0,0,0,1,2,0,1,0,0,2,0,4,1,0,1,2,1,0,0,0,1,6,3,2,1,2,1,2,0,34
1,2,2,2,2,15822,1,1,0,0,2,1,1,1,1,0,2,0,0,1,12,0,1,1,2,1,1,4,1,0,2,1,0,1,1,1,2,6,4,3,1,3,3,3,1,29
0,0,2,3,2,13332,0,1,0,1,2,1,1,2,1,0,0,1,12,0,0,0,1,1,2,1,1,4,1,1,2,1,1,1,0,0,2,6,3,3,1,1,3,3,0,32
1,0,2,2,2,2754,0,1,1,1,2,1,1,2,1,0,0,0,0,1,6,1,1,0,2,1,1,4,0,1,2,1,1,1,0,0,1,6,4,3,1,1,3,2,0,33
1,0,1,2,2,10793,0,1,0,0,2,1,1,1,1,0,1,0,0,1,3,0,1,1,1,1,1,4,1,0,2,1,1,1,1,0,3,6,3,3,1,1,1,3,2,30
0,0,1,2,2,6918,1,1,0,0,2,1,1,2,0,1,2,0,0,1,1,0,1,1,0,1,1,4,1,1,2,1,0,1,1,0,3,5,3,3,1,0,1,3,0,29
0,2,2,3,2,13386,1,1,3,2,2,1,3,1,1,0,1,1,1,1,11,0,1,1,2,1,1,4,1,0,2,1,1,1,2,3,3,6,3,2,1,2,1,3,2,32
1,0,2,2,2,17072,1,1,0,0,2,1,1,2,1,0,2,0,0,0,0,0,1,1,0,1,1,4,1,1,2,1,1,1,1,2,3,6,3,3,1,2,1,3,4,32
0,1,0,0,1,-1,0,1,0,0,2,1,1,2,1,0,3,0,0,1,12,0,1,0,2,1,1,4,0,1,2,1,0,1,1,1,2,6,3,3,0,1,0,3,2,34
0,0,2,0,2,4940,0,1,0,0,2,1,1,1,1,0,1,0,0,1,12,0,1,1,2,1,1,4,1,1,2,1,1,1,2,5,2,6,4,3,1,1,1,3,2,32
1,0,2,2,2,6998,1,0,0,0,2,1,1,2,1,0,2,0,0,1,3,1,1,1,1,1,0,4,1,0,2,1,1,1,-1,0,2,6,3,3,1,2,1,3,1,33
1,0,1,2,2,11750,0,1,0,0,2,1,3,2,1,0,1,0,0,1,4,1,1,1,0,4,0,4,1,1,2,2,1,1,1,0,2,6,4,3,1,1,1,3,4,30
0,2,0,2,2,263,1,1,1,1,2,1,1,2,0,1,0,1,0,1,6,0,1,0,0,1,1,4,1,1,2,1,0,1,0,0,2,6,4,3,1,2,0,3,0,34
0,0,2,2,2,-1,1,1,0,0,2,1,1,1,1,0,0,1,1,1,8,0,1,1,1,1,0,4,1,1,2,1,1,1,0,0,2,6,3,2,1,2,1,3,0,30
1,0,2,2,2,10708,0,1,0,0,2,1,3,2,0,0,1,0,0,1,4,1,1,1,1,1,1,4,1,1,2,1,1,1,1,0,2,6,4,3,1,1,0,3,1,34
0,2,0,3,2,13365,1,1,0,0,2,1,1,2,1,0,0,0,0,1,6,0,1,0,2,1,1,4,1,1,2,1,1,1,0,0,2,6,4,3,1,3,1,3,0,33
1,2,2,2,1,17259,0,1,0,0,2,1,1,2,1,0,1,0,0,1,18,0,1,0,2,1,1,4,0,1,2,1,0,1,0,0,3,6,4,3,1,1,1,3,0,30
0,2,3,2,2,18145,1,1,1,1,2,1,3,2,1,0,2,1,12,1,12,1,1,2,2,1,1,3,1,1,2,1,1,1,1,3,3,6,4,3,1,1,1,3,3,34
0,0,1,2,2,33544,0,1,0,0,2,1,1,2,1,0,2,0,0,1,6,0,1,1,2,1,1,3,0,1,2,1,1,2,2,3,2,6,4,3,1,1,1,3,4,31
0,0,2,0,2,43869,1,1,0,0,2,0,0,0,0,0,1,0,0,1,12,0,1,1,0,1,1,4,1,1,2,1,1,0,1,0,1,6,3,2,1,1,1,3,3,34
1,0,2,0,2,9848,0,1,0,2,2,1,3,2,1,0,2,1,1,1,6,0,1,0,2,1,1,4,1,1,2,1,1,1,0,0,2,6,4,3,1,1,3,3,4,33
0,0,0,1,2,3773,1,1,1,1,2,0,0,0,1,0,1,0,0,1,2,1,1,0,1,4,0,3,0,1,1,1,1,0,1,0,2,6,3,2,1,2,1,1,1,32
1,0,1,2,2,4752,1,0,0,0,2,1,3,2,1,0,2,1,8,1,8,1,1,0,0,1,0,4,1,1,2,1,1,0,-1,0,2,6,3,3,1,0,1,3,2,34
1,0,0,1,2,-1,0,1,1,2,2,0,0,0,0,1,2,1,0,1,6,0,1,1,0,1,0,3,1,1,1,2,0,0,-1,0,1,6,4,2,1,2,1,1,0,34
1,0,1,1,2,568,0,1,0,0,2,1,1,2,1,0,2,0,0,1,12,0,1,1,1,4,0,4,1,1,1,1,1,1,1,3,0,6,4,3,1,2,1,3,1,29
1,0,1,2,2,6991,0,1,0,1,2,1,1,2,1,0,2,0,0,1,4,0,1,0,1,1,1,4,1,1,2,1,0,1,1,5,1,6,3,3,1,0,1,3,1,32
0,2,2,3,2,7808,0,1,3,1,1,1,1,2,1,0,2,0,0,1,10,0,1,1,1,1,1,4,0,1,2,1,0,3,1,5,2,6,3,2,1,0,1,3,2,32
0,2,1,2,1,70751,0,0,0,0,2,1,1,1,1,0,2,0,0,1,1,0,1,2,2,1,1,4,0,1,2,1,1,1,1,0,3,6,4,3,0,1,1,3,0,34
1,0,0,0,2,0,0,0,0,0,2,1,1,1,0,0,2,0,0,1,12,0,1,0,0,1,0,4,0,1,1,1,1,1,-1,0,1,3,2,2,1,2,1,3,0,29
1,0,2,2,2,14078,0,1,1,2,2,1,3,2,1,0,2,1,1,1,2,0,1,1,2,1,1,4,1,1,2,1,1,1,1,4,3,6,3,3,1,1,1,3,3,34
1,0,2,2,2,8818,1,1,1,2,2,1,3,2,1,0,1,0,0,1,12,0,1,0,1,1,1,4,1,0,2,1,1,1,1,0,2,6,4,3,1,2,1,3,2,31
1,2,3,2,2,20108,1,1,0,1,2,1,3,1,1,0,1,0,0,1,12,1,1,0,2,1,1,4,1,1,2,1,0,1,2,4,2,6,4,3,0,3,1,3,3,28
0,1,1,0,2,1219,0,1,1,1,2,1,1,2,1,0,1,0,0,1,4,0,1,1,1,1,1,4,1,1,2,1,1,1,2,4,2,6,4,3,1,3,1,3,4,26
0,0,2,2,2,27729,1,1,0,0,2,1,2,1,1,0,2,1,1,1,12,1,1,0,1,1,1,4,1,1,2,1,1,2,1,5,2,6,3,3,1,1,1,3,1,34
1,0,0,2,2,-1,0,1,1,2,2,1,3,1,0,1,2,0,0,1,12,0,1,1,0,1,1,4,1,0,1,2,0,1,1,3,1,6,3,2,1,2,3,1,2,34
0,2,2,3,2,11373,1,1,0,0,2,1,1,2,1,0,0,0,0,1,12,0,1,0,2,1,1,4,1,1,2,1,1,1,0,0,2,6,4,3,1,1,1,3,0,34
0,2,3,2,2,33991,1,1,1,2,2,1,1,2,0,0,1,1,4,1,4,0,1,1,2,1,1,4,1,1,2,1,1,3,2,5,2,6,4,3,0,3,1,3,4,29
0,0,0,2,2,71347,0,1,1,2,2,1,3,2,1,0,1,0,0,1,12,1,1,1,0,4,0,4,0,1,2,1,1,1,1,0,1,6,3,2,1,2,1,3,1,29
1,0,2,0,2,31504,0,1,0,2,2,1,3,1,0,1,1,0,0,1,6,1,1,1,0,1,1,4,1,1,2,1,1,1,2,3,3,6,4,3,1,2,1,3,1,34
0,1,0,2,1,33167,0,0,1,1,2,1,1,2,1,0,2,0,0,1,12,0,1,1,1,1,1,4,0,1,2,1,1,1,1,5,3,6,3,3,1,1,1,3,4,32
0,0,2,3,2,20521,0,1,1,1,2,1,3,1,1,0,1,1,3,1,4,1,1,1,2,1,1,4,1,1,2,1,1,3,2,5,2,6,4,3,1,3,1,3,4,34
0,0,3,0,2,19987,0,1,0,2,2,1,1,2,0,1,2,1,1,1,2,0,1,1,1,1,1,4,1,1,2,1,1,1,-1,0,3,6,4,3,1,0,1,3,4,33
0,2,3,3,2,7326,1,1,0,0,2,1,1,2,1,0,2,0,0,1,12,0,1,2,0,1,1,4,0,1,2,1,0,1,2,5,2,6,3,3,1,1,3,3,1,34
0,0,0,2,2,10420,1,1,1,2,2,1,1,2,1,0,2,0,0,1,12,0,1,0,1,1,1,4,1,1,2,1,0,1,1,2,3,6,3,3,1,1,3,3,3,25
0,0,1,3,2,-1,0,1,1,2,2,1,1,2,1,0,1,0,0,1,2,1,1,0,2,1,1,4,1,1,2,1,0,1,1,0,1,6,3,2,1,1,0,3,2,31
1,0,2,1,1,969,0,1,0,0,2,1,1,2,1,0,0,0,0,1,12,0,1,0,0,4,0,4,0,1,1,2,0,1,0,0,2,6,4,3,1,1,1,3,0,33
0,1,0,0,1,14060,0,1,0,0,2,1,1,2,0,1,1,0,0,0,0,1,0,0,2,1,1,4,1,1,2,2,0,0,2,3,0,6,1,0,0,3,1,1,4,0
1,2,2,3,2,83867,1,1,5,2,2,1,3,1,1,0,2,0,0,1,3,0,1,0,2,5,1,4,1,1,2,1,1,1,1,0,2,6,4,3,1,3,1,3,1,33
0,0,0,1,2,-1,0,0,0,0,2,1,1,2,1,0,1,0,0,1,4,0,1,2,0,4,0,1,0,0,1,2,0,1,1,0,1,6,3,2,1,0,1,3,0,26
0,0,1,2,2,12409,0,1,1,2,2,1,3,2,1,0,2,0,0,1,12,0,1,0,1,1,1,4,1,1,2,1,1,1,-1,0,0,6,4,2,1,1,1,3,0,32
1,0,2,2,2,255,0,1,0,0,2,1,1,2,1,0,1,0,0,1,4,0,1,1,1,1,1,4,1,0,2,1,1,1,0,0,2,6,3,3,1,2,1,3,2,34
1,0,0,2,2,10058,1,1,0,0,2,1,1,1,1,0,2,0,0,1,12,1,1,2,0,4,1,4,1,1,2,1,1,1,1,1,1,3,4,3,1,2,0,3,4,33
1,0,2,2,2,19020,0,1,0,0,2,1,1,2,1,0,2,0,0,1,4,0,1,2,1,1,1,4,1,0,2,1,1,1,-1,0,2,6,4,3,1,2,1,3,4,34
0,2,2,3,1,2275,1,1,0,0,2,1,1,2,1,0,1,0,0,1,12,0,1,1,1,1,1,4,1,1,2,1,1,1,2,5,2,5,3,3,1,1,3,3,1,27
0,2,1,3,2,-1,0,1,0,0,2,1,1,2,1,0,2,1,12,1,12,0,1,0,1,1,1,4,1,1,2,1,1,1,2,5,1,6,4,3,1,2,1,3,2,27
1,2,3,3,2,461,0,1,2,2,2,1,3,2,1,0,1,0,0,1,4,1,1,2,1,1,1,4,0,1,2,1,1,0,1,0,3,6,4,3,1,1,3,3,3,31
1,0,1,2,2,-1,0,1,0,1,2,1,1,2,0,1,2,0,0,1,4,0,1,0,1,1,1,4,1,1,2,1,1,1,1,4,2,6,3,3,1,1,1,3,1,28
1,0,2,2,2,7348,1,1,1,2,2,1,3,2,1,0,2,0,0,1,12,0,1,0,0,2,1,4,1,1,2,1,1,1,-1,3,2,6,3,3,1,2,1,2,2,32
1,0,1,1,2,0,0,1,0,0,2,1,1,2,1,0,2,0,0,1,4,1,1,2,0,1,1,2,0,0,1,1,0,1,1,5,3,6,3,2,1,1,1,2,4,0
0,0,0,0,1,0,0,1,0,0,2,1,1,2,0,0,2,0,0,1,2,1,1,1,0,2,0,0,1,1,1,2,0,1,-1,0,1,6,3,0,1,2,1,1,0,27
0,2,3,2,2,17664,0,1,0,0,2,1,1,1,1,0,2,0,0,1,12,0,1,1,1,1,0,4,1,1,2,1,1,1,1,4,2,6,4,3,1,1,1,3,1,31
0,1,0,0,1,21552,0,1,0,1,2,1,3,1,1,0,0,1,6,1,12,1,1,0,2,1,1,4,1,1,2,2,0,3,0,0,0,6,3,0,0,1,2,1,0,0
1,0,2,2,2,5901,1,1,1,1,2,1,1,2,1,0,2,1,12,1,12,0,1,1,1,1,1,4,1,1,2,1,0,3,1,5,2,6,4,2,1,3,1,3,3,34
1,0,2,2,2,-1,0,1,0,0,2,1,3,2,1,0,2,1,4,1,12,0,1,1,1,1,1,4,1,1,2,1,0,1,1,0,2,6,4,3,1,3,3,3,3,34
0,2,1,3,2,-1,0,1,0,0,2,1,3,1,1,0,1,1,4,1,12,1,0,1,1,1,1,4,1,1,2,1,1,0,2,3,1,5,1,3,1,1,1,3,3,34
1,0,2,0,2,8530,0,1,0,1,2,1,1,1,0,0,2,0,0,1,10,1,1,0,1,4,1,4,1,1,2,1,1,1,-1,0,1,6,3,3,1,0,3,3,1,33
0,2,4,0,1,-1,0,1,2,2,2,1,3,1,0,1,1,1,12,1,4,1,1,0,2,1,1,4,1,1,2,1,1,3,2,2,1,6,4,2,0,3,1,3,4,4
0,0,0,0,2,13262,0,1,1,2,2,1,3,1,1,0,2,0,0,1,6,0,1,1,0,1,1,4,1,1,2,1,0,3,2,5,1,6,4,3,1,1,1,1,2,32
0,0,1,3,2,6501,0,1,0,0,2,1,3,1,0,1,1,0,0,1,15,1,1,1,2,1,1,4,1,1,2,1,0,3,2,1,2,6,4,3,1,1,0,3,2,31
1,0,2,2,2,32047,1,0,1,1,2,1,1,2,1,0,2,0,0,1,12,0,1,0,1,1,1,4,1,1,2,1,1,1,-1,0,0,6,4,3,1,3,3,3,0,34
1,0,0,1,2,0,1,1,1,2,2,1,1,2,1,0,2,1,4,1,4,0,1,1,0,1,0,2,1,0,1,1,1,1,1,4,2,5,4,2,1,2,1,3,1,0
0,0,1,1,2,12900,1,1,1,1,2,0,0,0,1,0,2,0,0,1,12,1,1,1,0,1,1,4,1,0,2,2,1,0,1,0,2,6,4,2,1,2,1,3,4,34
1,0,2,2,2,8605,0,1,0,0,2,1,1,2,1,0,0,0,0,1,4,0,1,0,2,1,1,4,1,1,2,2,1,1,0,0,2,6,4,3,1,1,3,3,0,32
1,2,3,2,2,22295,1,1,1,2,2,1,3,1,1,0,1,0,0,1,12,0,1,0,2,1,1,4,1,1,2,1,1,3,2,4,2,6,3,3,1,1,0,3,4,34
1,0,2,2,2,5847,0,1,0,0,2,0,0,0,1,0,1,1,12,1,12,1,1,0,1,1,0,4,1,1,2,2,1,0,-1,0,0,6,3,3,1,2,1,3,3,31
0,0,1,2,2,9000,0,1,1,2,2,1,1,1,1,0,2,0,0,1,4,0,1,2,2,1,1,4,1,1,2,1,1,1,1,4,3,6,3,3,1,3,1,3,0,34
1,0,2,2,2,6343,1,0,0,0,2,1,1,2,1,0,0,0,0,1,12,0,1,0,1,1,1,4,0,1,2,1,0,1,0,0,2,6,4,3,1,1,1,3,0,31
0,1,0,0,2,28527,0,0,0,0,2,1,1,2,1,0,2,0,0,1,12,1,1,1,2,1,1,4,1,1,2,1,1,1,1,0,3,6,3,3,1,1,1,3,2,32
1,0,2,2,2,7264,0,1,0,0,2,1,2,2,0,0,2,0,0,1,12,0,1,1,0,1,0,4,1,1,1,1,1,3,0,0,1,6,4,0,1,3,3,3,4,27
1,0,2,2,2,19047,1,1,1,2,2,1,1,1,0,0,2,1,1,1,4,0,1,0,2,1,1,4,1,1,2,1,1,1,2,3,3,6,3,3,1,0,1,3,1,33
0,0,0,0,2,1982,0,0,0,0,2,1,1,1,1,0,0,0,0,1,2,1,1,0,1,1,1,4,0,1,2,1,1,1,0,0,1,6,2,2,1,1,1,3,0,28
0,0,1,2,2,-1,1,0,0,0,2,1,1,2,1,0,2,0,0,1,4,0,1,1,0,1,1,1,0,1,2,1,1,1,1,3,3,6,3,2,1,2,3,3,3,25
0,0,2,2,2,520,0,1,0,0,2,1,1,1,1,0,2,0,0,1,10,0,1,1,0,1,0,4,1,1,2,1,1,1,-1,0,3,6,4,2,1,2,1,3,4,25
1,0,2,3,2,541,0,1,0,0,2,1,3,2,0,1,1,0,0,1,6,1,1,2,0,1,1,4,1,0,1,1,1,1,1,0,1,6,4,3,1,1,3,3,4,25
0,0,0,2,2,17486,0,0,1,1,2,1,1,2,0,1,2,0,0,1,12,0,1,1,2,1,1,4,0,1,2,1,0,1,1,0,2,6,2,3,1,2,3,3,2,34
1,0,2,0,2,19670,1,1,0,0,1,1,3,2,0,1,1,0,0,1,12,1,1,0,1,1,0,4,0,1,2,1,1,1,1,0,2,6,2,3,1,2,1,3,2,31
0,0,2,2,2,4446,0,1,0,0,2,0,0,0,0,0,2,0,0,1,12,1,1,0,1,1,0,4,1,1,2,2,1,0,1,0,2,6,4,3,1,1,0,3,1,31
0,0,1,0,2,16117,0,1,0,2,2,1,3,2,0,1,1,0,0,1,6,1,1,1,1,1,1,4,1,1,2,1,1,1,1,0,3,6,3,2,1,1,1,3,2,34
0,0,2,0,2,4351,1,1,1,2,2,1,1,2,1,0,0,0,0,1,4,0,1,0,0,1,0,4,1,1,2,1,1,1,0,0,1,6,3,2,1,2,1,1,0,25
0,0,2,3,2,21031,0,0,2,1,2,1,3,1,0,0,1,0,0,1,2,1,1,2,1,1,1,4,1,0,2,1,1,1,1,0,3,6,4,3,1,1,1,3,2,27
0,2,2,3,2,5165,1,1,0,0,2,1,3,2,1,0,1,0,0,1,2,0,1,0,2,1,1,4,0,1,2,1,1,3,2,2,3,6,4,3,1,1,1,1,3,31
1,2,2,2,2,17726,1,1,0,0,2,1,1,2,1,0,2,0,0,1,2,0,1,0,2,1,1,4,1,1,2,1,1,1,0,0,2,6,4,3,1,3,1,3,0,33
0,0,0,2,2,0,0,1,0,0,2,1,1,2,1,0,1,0,0,1,4,0,1,1,0,1,0,4,1,1,1,1,1,1,1,5,3,6,4,3,1,2,3,3,2,33
1,0,1,1,2,9500,0,1,0,0,2,1,1,2,1,0,0,0,0,1,4,0,1,0,1,1,1,4,1,0,2,2,1,1,0,0,2,6,4,3,1,0,1,3,0,32
1,2,2,3,2,16210,0,1,4,2,2,1,1,1,0,1,2,0,0,1,2,0,1,0,1,1,1,4,1,1,2,1,1,0,1,4,3,6,3,3,1,2,1,3,3,34
0,2,2,0,1,-1,0,1,0,0,2,1,3,2,1,0,3,1,1,1,12,0,1,1,1,1,1,4,1,1,2,1,1,1,1,5,2,6,4,2,0,0,1,1,3,32
1,0,1,1,2,7434,1,1,0,0,2,1,3,1,1,0,2,0,0,1,12,0,1,1,0,1,0,4,1,1,1,1,0,1,-1,0,2,6,3,3,1,0,1,3,2,32
0,0,1,2,2,4024,0,1,0,0,2,1,1,2,1,0,1,0,0,1,12,0,1,0,0,1,1,4,1,1,2,1,1,1,0,0,3,6,3,2,1,3,1,3,0,33
0,0,1,3,2,3549,1,0,1,2,2,1,1,2,1,0,1,0,0,1,4,1,1,2,2,1,1,4,1,0,2,2,1,1,1,0,2,6,4,3,1,3,3,3,2,32
1,0,2,3,2,27964,1,1,0,2,2,1,3,1,1,0,1,0,0,1,12,1,1,1,0,4,1,4,1,1,2,1,1,1,2,1,3,5,3,3,1,2,1,3,3,26
0,2,2,2,2,23934,1,1,1,2,2,1,3,1,0,0,2,1,12,1,12,1,1,0,2,1,1,4,1,1,2,1,0,1,1,0,2,6,4,3,1,1,1,3,2,34
0,0,1,1,2,2081,0,1,1,2,2,1,3,2,1,0,1,0,0,1,10,0,1,2,1,4,1,4,1,1,1,2,1,1,1,0,2,6,3,3,1,1,1,2,2,31
1,2,2,2,2,31982,1,1,0,0,2,1,3,2,0,0,1,0,0,1,1,1,1,2,2,1,1,4,1,1,2,1,1,1,2,1,2,6,4,3,0,3,1,3,2,29
0,0,2,0,2,31401,0,1,2,0,2,1,3,2,0,1,1,0,0,1,6,0,1,2,0,1,1,4,1,1,2,1,1,1,0,0,3,6,3,2,1,2,1,3,2,34
1,0,2,2,2,49,1,0,0,0,2,1,1,2,1,0,2,0,0,1,12,0,1,0,2,1,1,3,1,1,1,1,0,1,-1,0,2,6,3,3,1,1,1,3,0,19
0,0,0,0,2,1664,0,0,2,1,2,1,1,2,1,0,2,0,0,1,12,0,1,1,0,1,0,4,1,1,1,1,0,1,1,0,2,6,3,3,1,2,1,3,0,33
1,0,2,3,2,10772,1,1,0,0,2,1,1,1,1,0,2,0,0,0,0,1,1,1,1,1,1,4,1,1,2,1,1,1,1,4,3,6,3,3,1,2,1,3,1,30
1,0,2,1,2,2863,0,1,0,0,2,1,3,1,1,0,2,1,3,1,12,0,1,1,0,1,0,4,1,0,2,1,1,1,1,5,3,6,2,2,1,2,0,3,3,29
0,0,1,1,2,11637,0,1,0,0,2,1,1,2,1,0,2,0,0,1,12,1,1,2,0,4,0,4,1,1,1,1,1,1,1,5,1,6,3,3,1,2,1,3,2,29
0,0,0,2,2,10682,0,1,0,0,2,1,1,2,0,1,0,0,0,1,12,0,1,1,2,1,1,4,1,1,2,1,1,1,0,0,2,6,2,2,1,2,1,3,0,33
0,0,2,2,2,629,0,1,0,0,2,1,1,1,1,0,2,0,0,1,4,1,1,0,2,1,1,4,1,1,2,1,1,1,1,0,2,6,3,3,1,1,3,3,4,32
0,0,0,1,2,0,0,1,0,0,2,1,1,2,1,0,1,1,1,1,4,1,1,2,0,1,1,3,0,1,1,1,1,1,1,0,3,0,3,2,1,1,1,1,3,0
1,0,2,2,2,5568,1,1,2,1,2,1,3,2,1,0,1,1,2,1,12,1,1,1,1,1,1,4,1,1,2,2,1,1,1,0,3,6,4,1,1,2,1,3,4,28
0,0,2,2,2,4935,0,1,0,0,2,1,1,2,1,0,1,0,0,0,0,0,1,1,0,1,0,4,1,1,2,1,1,1,1,5,2,6,3,0,1,1,3,3,3,31
0,0,1,0,2,13128,0,1,0,0,2,1,1,2,0,1,2,0,0,1,12,0,1,1,0,1,0,4,1,1,1,1,1,1,1,3,2,6,4,3,1,2,3,3,3,19
0,0,2,3,2,8184,1,1,1,2,2,1,3,1,1,0,2,0,0,1,6,1,1,1,2,1,1,3,1,1,2,1,1,1,2,5,3,6,3,2,1,1,3,3,2,34
0,0,1,1,2,161,0,1,0,0,2,1,1,2,1,0,2,0,0,1,12,0,1,1,0,4,0,1,1,1,1,1,1,1,-1,1,0,6,3,3,1,2,1,3,3,29
0,2,2,2,2,13345,1,1,0,2,2,1,1,2,1,0,0,0,0,1,4,0,1,0,2,1,1,4,1,1,2,1,1,1,0,0,3,6,4,3,1,3,1,3,0,33
0,0,2,0,2,1989,1,1,1,1,2,1,1,1,1,0,2,0,0,1,12,0,1,0,1,1,0,3,1,1,2,1,1,1,0,0,2,6,3,3,1,2,0,3,0,29
1,0,2,2,2,13257,0,0,0,0,2,1,3,2,1,0,0,0,0,1,4,1,1,0,0,1,1,4,1,0,2,1,1,1,0,0,1,6,4,3,1,1,3,3,0,32
0,2,2,3,2,179,1,1,0,0,2,1,3,2,1,0,1,0,0,1,4,0,1,0,2,1,1,4,1,1,2,1,0,1,1,0,3,6,4,3,1,1,1,3,4,31
1,2,2,2,2,17388,1,1,0,1,0,1,1,2,0,0,0,0,0,1,12,0,1,0,1,1,1,4,1,1,2,1,0,1,0,0,2,6,4,3,0,1,1,3,0,27
0,0,0,0,2,12256,0,0,0,0,0,1,1,2,1,0,0,0,0,1,4,1,0,1,0,4,1,4,1,1,1,2,1,1,0,0,2,6,1,2,1,1,1,3,0,31
1,2,2,2,2,33820,1,1,0,0,2,1,3,2,1,0,2,0,0,1,5,1,1,1,2,1,0,4,1,1,2,1,0,1,2,5,3,6,3,3,1,1,3,3,4,31
0,0,1,1,2,12527,0,1,0,0,2,1,3,1,1,0,1,0,0,1,12,1,1,1,2,1,1,4,1,1,2,1,1,1,1,0,3,6,4,3,1,1,1,2,2,33
0,1,1,0,1,1533,0,1,1,2,2,1,3,1,1,0,1,0,0,0,0,1,1,0,2,1,1,4,1,1,2,2,1,0,2,3,0,6,4,0,0,2,2,0,4,0
0,0,2,3,2,11278,0,1,0,0,2,1,1,1,1,0,1,0,0,1,12,0,1,1,2,1,1,4,1,1,2,1,1,1,0,0,2,6,4,3,1,3,1,3,0,32
0,0,0,3,2,13336,1,1,1,2,1,1,3,2,0,0,1,0,0,1,6,1,1,1,1,1,1,4,1,1,2,1,1,1,1,0,2,6,3,2,1,2,1,3,2,30
0,0,0,1,2,5004,0,0,1,0,1,1,1,2,0,1,2,0,0,1,4,0,1,1,0,1,1,4,1,1,2,2,1,1,1,5,1,5,4,2,1,1,1,3,0,22
1,0,2,2,2,7724,0,1,0,2,2,1,3,2,1,0,1,1,2,1,4,1,1,1,0,1,0,4,1,1,2,1,1,0,1,0,1,6,3,3,1,1,1,3,3,34
0,0,2,3,2,-1,1,1,3,1,2,1,1,1,1,0,2,0,0,1,12,0,1,1,1,1,1,4,1,1,2,1,0,1,1,4,3,6,3,3,1,1,1,3,0,32
0,2,3,3,2,13026,0,1,0,0,2,1,3,1,1,0,1,0,0,1,12,1,1,0,1,1,1,4,1,1,2,1,0,1,2,3,3,6,4,3,0,1,3,3,3,29
0,0,2,2,2,11102,0,1,1,1,2,1,1,2,1,0,2,0,0,1,4,0,1,1,2,1,1,4,1,1,2,1,1,1,1,0,0,6,4,2,1,1,3,3,1,32
1,0,2,1,2,11587,0,1,0,0,2,1,3,2,1,0,2,0,0,1,12,1,1,2,1,1,0,4,1,1,1,1,0,1,2,5,2,6,3,3,1,0,1,3,3,32
1,0,2,2,2,1890,0,0,0,0,2,1,1,2,1,0,0,0,0,1,4,0,1,0,0,1,1,4,1,1,2,1,1,3,0,0,0,6,4,2,1,1,1,3,0,33
1,0,2,2,2,38925,0,1,0,2,2,1,1,2,1,0,1,1,6,1,6,1,1,1,1,1,1,4,1,0,2,1,1,1,-1,0,2,6,4,3,1,3,3,2,4,33
1,0,3,3,2,-1,1,1,1,2,2,1,1,2,1,0,2,1,12,1,12,0,1,1,1,1,1,4,0,1,2,1,1,3,-1,0,3,6,4,3,1,3,1,3,0,33
1,0,1,0,2,12600,0,0,0,0,1,1,3,2,0,0,1,0,0,1,6,1,1,0,1,1,1,4,1,0,2,1,0,1,-1,0,2,6,3,3,1,2,1,3,0,34
0,0,1,2,2,8706,0,1,1,1,2,1,1,2,0,1,1,0,0,1,11,1,1,2,1,1,1,4,1,0,2,1,1,1,-1,0,2,6,2,3,1,1,1,3,2,33
1,0,1,2,2,4890,0,1,0,0,2,1,1,2,0,1,2,0,0,1,4,0,1,0,2,1,1,4,1,1,2,1,1,1,2,4,2,6,4,3,1,3,3,3,2,32
0,0,2,3,2,6472,0,1,0,0,2,1,1,2,0,1,2,0,0,1,4,0,1,1,1,1,1,4,1,0,2,1,1,1,-1,0,3,6,3,3,1,0,1,3,1,28
1,0,1,2,2,6836,1,0,0,0,2,1,3,2,1,0,1,0,0,1,12,1,1,1,1,1,1,4,1,1,2,1,1,1,1,0,2,6,3,3,1,1,1,3,3,28
1,2,1,3,1,14150,0,0,1,1,2,1,1,1,1,0,2,0,0,1,6,0,1,0,2,1,1,4,1,1,2,1,1,1,1,3,1,6,2,3,0,3,1,3,0,34
0,0,2,2,2,15595,1,1,3,2,2,1,1,2,1,0,2,0,0,1,12,0,1,1,2,1,1,4,1,1,2,1,1,1,1,3,3,6,3,2,1,3,3,3,0,32
0,0,1,2,2,15127,0,1,0,0,1,1,3,2,1,0,1,0,0,1,12,1,1,1,2,1,1,4,1,1,2,1,1,1,1,0,3,6,4,3,1,1,1,3,3,33
1,0,0,1,2,5559,1,1,1,2,2,1,1,2,1,0,2,1,0,1,12,1,1,0,0,1,1,4,0,1,2,2,0,3,2,2,2,6,3,3,1,0,1,3,3,30
1,0,2,0,2,7483,1,1,1,2,2,1,1,1,1,0,2,0,0,1,12,0,1,1,1,1,1,4,1,1,2,1,1,1,0,0,3,6,3,3,1,0,1,3,0,31
1,0,2,2,2,19932,1,1,0,0,2,1,1,2,0,0,2,1,1,1,3,0,1,1,2,1,1,4,1,0,2,1,1,1,1,3,2,6,4,3,1,1,1,3,1,34
0,0,1,1,2,1818,0,1,0,0,2,1,1,2,0,1,0,0,0,1,12,0,1,1,0,1,0,4,0,1,1,1,0,1,0,0,2,6,4,2,1,1,1,3,0,33
1,2,1,3,2,15242,1,1,1,0,2,1,3,1,0,0,1,0,0,1,4,1,1,0,1,5,1,4,1,1,2,1,1,1,2,3,2,6,3,3,1,1,1,3,4,29
0,2,2,3,2,7100,0,1,1,1,2,1,3,2,1,0,2,1,4,1,4,1,1,2,2,1,1,4,0,1,2,1,0,1,1,0,2,6,3,3,1,1,1,3,3,31
1,2,2,3,1,-1,0,1,1,1,2,1,3,2,0,1,1,0,0,1,12,1,1,2,2,1,1,4,1,1,2,1,0,1,1,0,3,6,3,3,1,1,0,3,3,33
0,0,0,1,2,2584,0,1,1,2,2,0,0,0,1,0,1,0,0,1,2,1,1,2,0,1,0,4,0,1,2,1,1,0,1,0,2,6,3,2,1,0,3,3,3,27
0,1,0,0,1,4198,0,1,0,0,2,1,1,2,1,0,0,0,0,1,4,0,1,1,1,1,1,4,1,0,2,2,1,1,0,0,0,2,4,0,0,1,3,1,0,0
0,0,2,2,2,0,1,1,0,0,2,1,3,2,1,0,1,0,0,1,4,0,1,2,0,1,1,4,1,1,2,1,1,1,1,2,3,6,4,3,1,2,3,3,4,33
0,0,2,3,2,9395,1,1,3,2,2,1,1,1,1,0,1,0,0,1,12,1,1,0,2,1,1,4,1,0,2,1,1,1,1,0,2,6,4,2,1,3,1,3,3,32
1,0,2,2,2,4573,0,1,0,0,2,1,1,2,0,1,0,0,0,1,12,0,1,1,1,1,1,4,1,1,2,2,1,1,0,0,1,6,4,3,1,1,3,3,0,22
0,0,0,1,2,9116,0,0,0,0,2,0,0,0,1,0,2,0,0,1,12,1,1,0,0,1,1,4,1,0,2,1,0,0,-1,0,2,6,3,3,1,3,1,3,2,34
0,2,3,2,2,21244,1,1,0,0,2,1,3,1,0,0,1,0,0,1,4,1,1,0,1,5,1,4,1,1,2,1,1,1,2,2,2,6,3,3,0,1,1,3,3,29
1,0,2,2,2,21209,0,1,0,0,2,1,1,2,1,0,2,0,0,1,4,0,1,2,0,1,1,4,1,1,2,1,1,1,-1,0,2,6,4,3,1,1,1,3,4,34
0,0,2,3,2,18553,1,1,2,2,2,1,1,2,1,0,2,0,0,1,6,0,1,1,1,1,1,4,1,1,2,1,1,1,1,4,2,6,3,3,1,1,0,3,4,34
0,2,2,3,1,14508,0,1,1,2,2,1,1,2,1,0,3,0,0,0,0,0,1,0,2,1,1,4,1,1,1,2,1,0,1,3,1,6,4,2,0,3,1,0,4,0
0,2,2,1,2,12309,0,1,3,0,2,1,3,1,0,0,2,0,0,1,12,1,1,0,0,1,1,4,1,1,2,1,1,1,-1,0,2,6,3,0,1,2,3,2,1,33
1,0,1,2,2,12853,0,0,0,0,2,1,1,2,1,0,2,1,6,1,6,0,1,1,2,1,1,4,1,1,2,1,1,1,2,5,2,6,4,3,1,1,3,3,1,31
1,1,0,0,2,-1,1,0,0,0,2,0,0,0,0,0,0,0,0,1,4,0,1,0,0,1,0,4,1,1,1,2,0,0,0,0,1,6,3,1,0,2,0,1,0,32
0,0,2,1,2,6105,1,1,0,0,2,0,0,0,1,0,1,0,0,1,12,1,1,1,0,1,1,4,1,1,2,1,1,0,1,0,3,6,4,3,1,2,1,3,4,32
0,2,2,3,2,12506,0,1,0,0,2,1,3,1,0,1,3,0,0,1,12,1,1,1,1,1,1,4,1,1,2,1,1,1,-1,3,2,6,3,3,0,3,1,3,2,34
1,0,1,2,2,270,1,1,1,1,2,1,3,2,1,0,2,0,0,1,4,0,1,1,0,1,0,4,1,1,2,1,1,3,1,0,2,6,3,3,1,2,0,3,3,33
1,2,2,2,2,17980,1,1,0,0,2,1,3,2,1,0,1,0,0,1,11,0,1,2,2,1,1,4,0,1,2,1,0,1,1,4,3,6,4,2,1,1,1,3,1,33
1,0,2,2,2,16897,0,1,0,0,2,1,3,2,1,0,1,0,0,1,6,1,1,1,2,1,1,4,1,0,2,1,1,1,2,3,1,6,3,3,1,1,1,3,1,34
0,0,2,3,2,750,1,1,0,0,2,1,3,1,1,0,2,0,0,1,12,1,1,1,1,1,1,4,1,1,2,1,1,0,2,1,1,6,4,2,1,3,1,3,4,33
1,2,1,2,2,7056,0,1,1,1,2,1,1,1,1,0,1,1,1,1,12,0,1,1,2,1,1,4,1,1,2,1,1,1,2,5,3,6,3,3,1,1,1,3,2,25
0,1,2,1,2,3215,1,1,0,2,2,1,1,1,1,0,1,0,0,1,12,0,1,2,1,1,1,4,1,1,1,1,1,1,2,5,3,6,3,3,1,3,1,1,3,32
0,0,1,2,2,13975,0,1,0,0,2,1,1,2,1,0,1,0,0,1,6,0,1,2,0,1,1,4,0,0,2,1,1,1,1,0,3,6,3,3,1,0,1,3,2,34
1,2,1,3,2,17519,0,1,0,0,2,1,3,1,1,0,2,0,0,1,12,0,1,1,2,1,1,4,1,1,2,1,0,1,2,3,3,3,4,3,1,1,3,3,3,32
1,0,2,3,2,12020,1,1,2,1,1,1,3,1,1,0,1,0,0,1,12,0,1,0,2,1,1,4,1,1,2,1,1,1,2,1,1,6,3,3,1,1,0,3,2,25
0,0,2,3,2,10325,0,0,0,0,2,1,1,2,0,1,0,0,0,1,5,0,1,0,1,1,1,4,1,1,2,2,1,1,0,0,2,6,3,3,1,1,3,3,0,32
1,0,2,1,2,125,0,0,0,0,2,1,1,2,0,0,2,0,0,1,2,0,1,1,0,1,0,4,1,1,2,1,1,1,1,0,2,0,4,2,1,1,3,3,1,33
1,0,1,3,2,17157,1,1,0,0,2,1,1,2,1,0,2,0,0,1,12,1,1,1,1,1,1,4,1,0,2,1,1,1,2,1,3,6,3,3,1,2,1,3,3,30
0,0,2,2,2,251,1,1,1,1,2,1,1,2,1,0,1,0,0,1,4,1,1,1,0,1,1,4,1,1,2,1,0,1,-1,0,1,6,3,3,1,1,1,3,1,34
0,0,2,3,2,36316,1,1,0,0,2,1,1,2,1,0,2,0,0,1,12,0,1,1,2,1,1,4,1,1,2,1,1,1,0,0,1,6,4,2,1,1,1,3,0,32
0,0,0,2,2,22600,1,0,1,2,2,1,3,1,1,0,2,1,2,1,1,0,1,2,1,1,1,4,1,1,2,1,1,1,2,3,2,5,3,3,1,1,3,3,3,34
1,0,1,1,2,0,0,1,1,2,2,0,0,0,0,1,2,0,0,1,12,0,1,2,1,4,1,4,1,1,1,1,1,0,1,0,1,6,3,3,1,0,1,3,2,33
0,0,1,1,2,-1,1,1,1,1,2,1,1,1,1,0,2,0,0,1,4,0,0,0,0,1,0,1,1,0,1,1,1,1,1,3,3,6,1,2,1,0,1,3,2,32
1,0,2,1,2,6569,0,1,0,0,2,0,0,0,0,1,1,0,0,1,12,1,1,2,0,4,0,4,0,1,1,1,1,0,1,0,2,6,3,3,1,2,1,3,1,32
0,0,2,3,2,32296,1,1,0,0,2,1,1,2,0,1,1,0,0,1,12,1,1,2,0,1,1,4,1,1,2,1,1,1,1,0,3,6,3,2,1,1,1,3,3,32
0,2,2,0,2,479,0,1,1,2,2,1,3,1,1,0,1,0,0,1,12,1,1,2,2,1,1,4,1,1,2,1,1,1,1,0,3,6,4,3,1,3,1,3,3,34
0,0,3,2,2,128,0,0,0,0,2,1,3,2,0,1,0,0,0,1,4,0,1,0,0,1,1,4,1,1,2,2,1,1,0,0,2,6,3,2,1,2,1,3,0,31
0,0,2,3,2,4198,0,1,0,0,2,1,3,1,1,0,1,0,0,1,12,0,1,2,2,1,1,4,1,1,2,1,1,3,1,2,2,6,3,2,1,1,2,3,2,31
0,0,1,2,2,9888,0,1,1,2,2,1,3,2,1,0,1,0,0,1,4,1,1,0,1,1,1,4,0,1,2,1,1,1,2,1,2,6,4,3,1,1,1,3,4,29
0,0,0,1,2,-1,0,1,1,0,2,1,1,2,0,0,1,0,0,1,3,0,1,0,0,2,0,1,1,1,1,1,0,1,1,0,1,3,2,2,1,2,1,1,0,27
1,0,3,0,2,-1,1,1,0,0,2,1,3,2,0,1,1,1,4,1,8,0,1,0,0,1,1,4,1,1,2,1,1,1,1,0,3,6,4,3,1,2,0,3,3,32
0,0,2,3,2,17469,0,1,1,0,2,1,1,2,1,0,2,0,0,1,12,0,1,0,1,1,1,4,1,1,2,1,1,1,0,0,1,6,4,2,0,3,3,3,3,33
1,0,1,1,2,10202,0,1,0,0,2,1,1,2,1,0,0,1,5,1,10,0,1,1,0,1,1,4,1,1,2,1,1,1,0,0,3,6,4,3,1,2,0,3,0,28
1,0,1,1,2,12512,1,1,0,0,2,0,0,0,1,0,1,0,0,1,12,0,1,2,1,4,1,4,1,1,2,1,1,0,1,0,3,6,4,3,1,3,3,3,4,33
1,0,2,2,2,3618,0,1,2,1,2,1,1,1,1,0,1,0,0,1,6,0,1,1,2,1,1,4,1,1,2,1,0,1,1,0,3,6,4,3,1,2,1,3,3,32
1,0,0,0,2,11040,1,1,2,2,2,1,1,2,1,0,2,0,0,1,4,0,1,0,0,4,0,4,1,1,2,1,0,1,1,3,1,6,3,2,0,3,1,3,1,28
0,2,2,2,2,6572,0,1,1,2,2,0,0,0,1,0,2,1,2,1,4,0,1,1,1,1,1,4,0,1,2,1,1,0,1,5,2,6,3,3,1,2,1,3,1,31
0,2,0,1,2,-1,0,1,0,0,2,1,1,2,1,0,0,0,0,1,12,1,1,0,0,5,1,4,1,1,1,2,0,1,0,0,3,6,3,3,0,1,1,3,0,33
0,0,2,0,2,8564,0,1,0,0,2,1,1,2,1,0,2,0,0,1,12,0,1,1,0,1,1,4,1,1,2,1,1,1,-1,0,2,6,3,3,1,2,1,3,0,33
1,0,1,1,2,9068,0,1,0,0,2,1,3,2,1,0,1,0,0,1,4,1,1,1,1,4,0,4,1,0,2,1,1,1,1,0,2,6,3,3,1,1,1,3,3,31
0,2,1,3,1,-1,0,0,1,2,2,1,3,2,1,0,2,0,0,1,12,0,1,1,2,1,1,4,0,1,2,1,1,1,1,0,3,6,3,3,0,1,1,3,1,34
0,2,0,3,1,17741,1,1,0,0,0,1,3,2,1,0,1,0,0,1,6,1,1,2,1,1,1,4,1,1,2,1,1,1,1,1,0,6,4,0,0,1,3,3,2,29
0,0,1,2,2,38125,0,1,0,0,2,1,1,2,1,0,2,1,3,1,12,0,1,1,1,5,1,4,1,0,2,1,1,1,0,0,3,6,4,3,1,0,3,3,2,34
0,2,2,2,2,13061,1,1,0,0,2,1,3,2,1,0,1,0,0,1,6,1,1,2,1,1,1,4,1,0,2,1,1,1,1,0,1,6,4,2,0,1,1,3,3,29
1,0,2,2,2,20916,0,1,1,1,2,1,3,1,1,0,2,1,12,1,12,0,1,0,2,5,1,4,1,1,2,1,1,1,1,0,3,6,4,3,1,1,1,3,4,33
0,0,2,2,2,11050,0,1,0,0,2,1,1,1,1,0,2,0,0,1,4,1,1,0,2,1,1,4,0,1,2,1,1,1,2,1,3,6,4,3,1,1,1,3,3,34
0,0,1,3,2,-1,0,1,0,0,2,1,3,1,1,0,1,0,0,1,6,1,1,1,2,5,1,4,1,1,2,1,1,3,1,0,2,6,4,2,1,3,3,3,4,30
0,0,2,2,2,23584,0,1,0,0,2,1,3,2,1,0,2,0,0,1,12,0,1,1,2,1,1,4,1,1,2,1,1,1,2,5,0,6,3,3,1,2,3,3,2,34
0,2,2,3,2,17360,0,1,1,0,2,1,1,2,0,1,2,0,0,1,6,0,1,0,2,1,1,4,1,0,2,1,1,1,-1,0,3,6,3,3,1,2,0,3,0,32
1,0,2,2,2,15318,0,1,1,1,2,1,1,2,1,0,2,0,0,1,4,0,1,0,1,4,1,4,1,1,2,1,1,1,1,1,2,6,3,3,1,0,3,3,1,32
0,0,0,1,2,600,0,1,1,2,2,1,1,2,1,0,2,0,0,1,4,0,0,2,1,2,0,4,1,1,1,1,1,1,0,0,0,6,1,2,1,0,1,3,0,33
1,0,2,2,2,4239,1,1,0,0,2,1,1,2,1,0,0,0,0,1,4,0,1,0,0,1,1,4,1,1,2,1,0,1,0,0,3,6,2,2,1,2,1,3,0,32
1,0,1,2,2,1534,0,0,1,2,0,1,1,2,1,0,2,1,3,1,3,0,1,1,2,1,1,4,1,1,2,1,1,1,-1,0,3,6,4,3,0,1,3,3,0,33
0,2,3,3,1,12924,1,1,0,0,2,1,3,1,0,1,2,0,0,1,12,1,1,2,2,1,1,4,1,0,2,1,0,1,2,2,3,6,4,3,0,1,1,3,4,29
0,0,0,2,2,3,0,0,0,0,2,1,1,2,1,0,2,1,12,1,4,0,1,0,2,1,1,4,0,1,1,1,1,1,2,5,1,6,3,2,1,1,1,3,2,33
0,0,0,2,2,2159,0,1,2,1,2,1,3,2,0,0,3,0,0,1,4,1,1,0,0,5,1,2,1,0,2,1,0,1,-1,0,1,6,3,2,1,2,1,3,0,34
1,2,2,0,1,44501,0,1,0,0,2,1,3,1,1,0,2,0,0,0,0,1,1,2,2,1,1,4,1,1,2,1,1,1,1,0,2,6,3,3,0,1,1,3,4,34
0,0,0,2,2,23079,0,1,0,0,2,1,3,2,1,0,1,0,0,1,3,0,1,1,2,1,1,4,1,1,2,1,0,3,1,5,2,6,3,3,1,1,0,3,4,28
1,0,2,3,2,21891,0,1,1,1,2,1,1,2,1,0,2,1,1,1,12,1,1,2,1,1,1,4,0,1,2,1,1,1,1,0,0,6,4,3,1,1,1,3,4,33
1,0,2,1,2,9648,1,1,0,0,2,1,2,2,1,0,2,0,0,1,12,1,1,0,0,1,1,4,1,1,1,1,1,1,2,5,2,6,3,3,1,2,1,3,3,32
1,0,0,2,2,10007,0,1,1,0,2,1,1,2,1,0,2,1,2,1,1,1,1,1,1,1,0,4,1,0,2,1,1,1,2,2,3,6,2,3,1,2,0,3,4,34
0,0,1,2,2,7355,0,1,0,0,2,1,3,1,1,0,2,0,0,1,12,0,1,0,0,1,1,4,1,1,2,1,1,1,1,0,3,6,3,3,1,2,3,3,2,27
0,2,0,2,2,12428,0,0,0,0,2,1,3,2,1,0,1,0,0,1,9,1,1,1,2,1,1,4,1,1,2,1,1,1,2,4,3,3,3,3,1,1,3,3,4,32
1,0,2,3,2,2156,1,1,1,2,2,1,3,1,1,0,1,0,0,1,12,1,1,1,2,1,1,4,1,1,2,1,1,1,2,5,3,6,4,3,1,1,1,3,3,32
1,0,0,1,2,4010,0,0,1,1,2,0,0,0,0,1,1,0,0,1,12,1,1,2,1,2,1,4,0,1,1,1,0,0,1,0,1,6,3,3,1,0,1,3,1,33
0,0,0,2,2,4887,1,1,1,2,2,1,3,2,0,1,2,0,0,1,4,1,1,1,2,1,1,4,1,1,2,1,1,1,1,0,3,6,3,3,1,1,0,3,2,34
0,0,2,3,1,1490,1,1,0,0,2,1,3,1,1,0,3,1,12,1,12,1,1,0,2,1,1,4,0,0,2,1,1,3,1,5,2,6,3,3,0,0,0,1,1,32
0,0,2,3,2,14882,1,1,2,2,2,1,1,2,0,1,0,0,0,1,12,0,1,0,2,2,1,4,1,1,2,1,1,3,0,0,2,6,4,2,1,3,1,3,0,32
1,0,2,0,2,22450,0,1,0,0,2,1,3,2,1,0,2,0,0,1,12,0,1,1,2,1,1,3,1,1,2,1,1,1,1,1,2,6,4,3,1,1,1,3,3,32
1,0,1,2,2,135,1,0,0,0,2,1,1,2,1,0,1,1,4,1,4,0,1,2,0,4,0,4,1,1,2,1,1,1,1,0,2,6,3,2,1,2,1,3,2,32
1,0,2,3,2,7758,1,1,0,0,2,1,3,2,1,0,2,0,0,1,12,0,1,1,2,1,1,4,1,1,2,1,1,1,-1,2,3,6,4,3,1,1,1,3,4,33
0,0,0,1,2,10410,0,0,1,1,2,1,1,2,0,1,2,0,0,1,4,0,1,0,0,1,0,1,1,1,1,2,0,1,-1,0,1,6,2,2,1,0,1,3,4,34
1,0,0,1,2,6444,1,1,1,0,2,1,1,1,0,0,2,0,0,1,4,0,1,1,0,1,0,4,0,1,1,2,0,1,1,0,1,6,2,3,1,2,1,3,1,34
1,0,1,1,2,10016,0,1,0,0,2,0,0,0,0,1,2,0,0,1,4,1,1,2,2,4,1,4,1,1,1,1,1,0,1,0,2,6,3,3,1,1,1,3,2,33
0,0,1,2,2,8020,0,1,1,1,2,1,1,2,0,0,2,0,0,1,12,1,1,0,1,1,1,4,0,1,2,1,1,1,1,5,2,6,3,3,1,2,1,3,1,34
0,0,3,3,2,-1,1,1,0,0,2,1,3,2,1,0,1,0,0,1,12,1,1,0,2,1,1,4,1,1,2,1,1,1,1,0,3,6,3,3,1,1,1,3,2,34
0,0,0,0,2,0,0,0,0,0,1,1,1,2,1,0,1,0,0,1,4,0,1,1,1,1,0,4,0,1,1,2,0,1,-1,0,1,6,2,2,1,0,1,3,1,26
0,0,1,0,2,14008,1,1,1,2,2,1,3,2,1,0,1,0,0,1,12,0,1,1,1,1,1,4,1,1,2,1,1,1,1,0,1,3,3,3,1,2,1,3,0,32
1,2,2,3,2,80,1,1,0,0,2,1,3,1,1,0,2,0,0,1,4,0,1,1,2,1,1,4,1,1,2,1,0,1,-1,0,3,6,3,3,0,3,0,3,2,30
0,0,2,3,2,14805,0,0,0,0,2,1,1,2,1,0,2,1,2,1,4,0,1,1,0,1,1,4,1,1,2,1,1,1,1,2,1,6,3,3,1,1,3,3,0,34
1,0,2,2,2,35159,0,1,1,2,2,1,1,2,1,0,2,0,0,1,12,0,1,1,0,1,1,4,1,1,2,1,0,1,1,4,3,6,4,3,1,1,1,3,2,28
1,0,2,2,2,5851,0,1,0,0,2,1,3,2,1,0,1,0,0,1,4,1,1,1,0,1,0,4,1,1,2,1,1,1,1,0,2,6,4,2,1,2,1,3,2,32
1,0,2,2,2,11904,0,1,0,0,2,1,1,2,1,0,3,1,3,1,12,0,1,1,1,1,0,4,1,1,2,1,1,1,-1,0,3,6,3,3,1,1,1,3,3,30
1,0,2,1,2,26566,0,1,0,0,2,1,1,2,1,0,1,0,0,1,4,0,1,0,1,4,1,4,0,1,2,2,1,3,1,0,3,6,4,2,1,1,3,3,2,34
0,0,2,2,2,38617,0,1,0,0,2,1,1,2,0,1,1,0,0,1,4,0,1,2,1,1,0,2,1,0,2,2,1,1,1,0,1,6,4,3,1,1,1,3,4,22
0,0,2,3,2,18092,1,1,0,0,2,1,3,2,1,0,1,1,1,1,12,1,1,2,2,1,1,4,1,1,2,1,1,1,1,0,3,6,4,3,1,1,1,3,4,27
0,2,1,2,1,21756,0,1,0,2,2,1,3,1,1,0,1,1,12,1,12,0,1,1,2,1,1,4,1,1,2,1,1,1,1,0,3,6,3,3,1,1,2,3,1,31
0,0,2,3,2,-1,0,1,1,1,2,1,1,2,1,0,2,1,4,1,4,0,1,1,1,1,1,4,1,1,2,1,1,1,-1,5,3,6,3,2,1,1,1,3,4,25
0,0,2,2,2,23744,0,1,1,2,2,1,3,2,1,0,2,0,0,1,4,1,1,1,2,1,1,4,1,1,2,1,1,1,2,4,3,6,4,3,1,1,1,3,1,33
0,0,1,3,2,-1,0,1,0,2,2,1,1,2,0,0,2,0,0,1,4,0,1,1,1,1,0,4,1,1,2,1,1,1,-1,0,2,6,3,3,1,1,1,3,1,28
1,0,1,2,2,23297,1,1,0,0,2,1,3,2,1,0,2,1,12,1,12,0,1,0,1,1,1,4,1,0,2,1,0,1,1,3,0,6,3,2,1,3,3,3,4,34
1,0,1,3,2,52098,1,1,0,0,2,1,1,2,1,0,2,0,0,1,12,0,1,1,1,1,1,4,1,1,2,1,1,2,2,2,1,6,4,3,1,1,1,3,1,33
0,0,1,2,2,5366,1,1,0,0,2,1,1,2,1,0,1,0,0,1,4,0,1,1,1,1,1,4,1,0,2,1,0,1,1,0,3,6,3,2,1,1,1,3,2,30
0,0,3,2,2,11358,0,1,1,2,2,1,1,2,0,1,2,1,0,1,4,0,1,1,2,1,1,4,1,1,2,1,0,1,1,1,3,6,3,3,1,0,1,3,1,33
0,0,2,1,2,33,0,0,0,0,2,1,1,2,0,0,2,0,0,1,2,0,1,0,0,2,1,3,1,1,2,1,1,1,1,0,1,6,2,2,1,2,1,3,0,27
0,0,2,2,2,-1,0,0,0,0,2,1,1,1,0,0,2,1,4,1,4,0,1,0,1,1,1,3,1,1,2,1,1,1,-1,0,3,6,3,3,1,2,0,3,4,32
0,0,0,0,2,-1,0,1,0,0,2,1,1,2,1,0,2,0,0,1,4,0,1,1,0,1,1,3,0,1,2,1,1,1,0,0,3,3,3,3,1,2,1,3,1,30
0,0,2,0,2,100,1,1,0,0,2,1,1,1,0,1,0,0,0,1,4,0,1,0,0,1,1,4,1,1,2,1,0,1,0,0,3,6,2,3,1,2,1,3,0,32
0,0,2,2,2,233,0,1,0,0,2,1,1,2,0,0,2,1,4,1,8,0,1,2,1,1,1,4,1,1,2,1,1,1,2,1,2,5,3,3,1,1,3,3,2,33
0,1,0,0,1,12533,0,1,0,0,2,1,1,2,1,0,1,0,0,0,0,0,1,1,1,1,1,4,1,1,2,2,1,0,2,4,1,6,3,2,0,1,1,1,4,0
0,0,1,3,2,6363,0,1,0,0,2,1,1,2,1,0,2,1,12,1,12,0,1,1,0,1,1,4,1,1,2,1,1,1,1,3,2,6,3,3,1,2,0,3,0,31
1,0,1,1,2,1425,0,0,1,1,2,1,1,2,1,0,2,0,0,1,6,0,1,1,1,1,1,4,0,1,2,1,0,1,-1,0,1,6,4,2,1,1,1,3,3,32
0,0,0,0,2,12012,0,1,1,0,2,1,1,1,0,0,2,0,0,1,9,0,1,0,1,1,1,4,1,1,2,1,0,1,-1,0,0,6,3,2,1,2,0,0,2,26
0,2,0,0,2,25,0,1,1,1,2,1,1,1,0,0,1,0,0,1,4,1,1,1,0,1,0,2,1,0,1,2,0,1,-1,0,1,6,3,2,1,2,1,1,3,32
0,2,0,2,2,17800,1,0,0,0,2,1,3,1,1,0,2,1,1,1,4,1,1,1,2,1,1,4,0,0,2,1,0,1,2,3,2,6,4,3,1,2,0,3,1,33
0,0,2,3,2,19663,0,0,2,1,2,1,1,2,1,0,2,1,1,1,12,0,1,1,1,1,1,4,1,1,2,1,1,1,-1,0,0,2,4,3,1,2,1,3,2,16
1,0,2,2,2,77,1,1,0,0,2,1,3,1,1,0,1,0,0,1,4,1,0,0,1,1,1,4,1,0,2,1,1,1,1,0,3,6,1,3,1,0,3,3,4,33
0,0,0,2,2,9239,0,0,1,2,2,1,1,2,1,0,1,0,0,1,1,0,1,1,1,1,1,4,0,1,2,1,0,3,2,1,3,6,3,3,1,1,3,3,3,32
1,2,2,2,2,7664,1,1,1,1,2,1,1,2,1,0,2,0,0,1,12,0,1,1,1,1,1,4,1,1,2,1,0,1,-1,0,2,6,3,3,1,1,3,2,2,31
1,2,2,2,2,15485,1,1,0,0,2,1,3,1,0,0,1,1,1,1,12,0,1,0,2,1,1,4,1,1,2,1,1,1,1,0,2,6,3,3,0,1,1,3,4,34
0,0,2,2,2,12964,0,1,0,0,2,1,3,2,0,1,1,0,0,1,12,1,1,0,0,5,1,3,1,1,2,1,1,1,1,0,3,6,3,3,1,3,1,3,2,33
0,0,0,0,2,16156,0,0,0,0,2,1,3,2,1,0,1,0,0,1,2,0,1,0,0,4,0,4,1,1,1,1,0,1,1,0,1,6,3,2,1,1,3,3,0,33
1,0,1,2,2,17613,0,1,0,0,2,1,1,2,1,0,2,1,12,1,16,0,1,0,1,1,1,4,1,0,2,1,1,1,2,5,3,6,4,3,1,1,1,2,3,33
0,0,1,2,2,-1,1,0,1,1,2,1,1,2,0,0,2,0,0,1,12,1,1,0,1,1,1,4,1,1,2,1,0,1,1,0,3,6,3,3,1,3,3,3,1,29
0,2,3,2,2,19473,0,1,0,1,2,1,1,2,1,0,2,0,0,1,4,1,1,2,2,1,1,4,1,1,2,1,1,1,1,0,2,6,4,3,0,1,3,3,1,27
0,2,0,2,2,41156,0,1,0,0,2,1,3,1,1,0,1,0,0,1,24,1,1,1,2,1,1,4,0,1,2,1,1,1,-1,5,3,6,4,3,1,3,3,3,4,31
1,2,2,2,1,14370,1,1,0,2,2,1,3,1,1,0,1,1,2,1,6,0,1,0,2,1,1,4,1,0,2,1,1,3,2,2,3,6,3,3,1,1,1,3,4,32
1,2,3,3,2,6998,1,1,2,2,2,1,3,1,1,0,1,0,0,1,4,1,1,1,1,1,1,4,1,1,2,1,1,1,-1,0,3,6,3,3,0,2,1,3,3,30
1,0,1,2,2,1313,1,1,0,0,2,1,1,2,1,0,2,1,4,1,4,1,1,0,0,2,1,4,1,1,2,1,1,1,2,3,2,5,3,3,1,2,3,3,2,33
1,2,0,1,2,2926,0,1,1,2,2,1,1,2,1,0,1,0,0,1,4,1,1,1,0,1,1,2,1,1,2,2,1,1,1,0,2,6,3,3,1,2,1,3,2,24
1,2,1,2,2,8774,1,1,0,0,2,1,1,2,1,0,2,0,0,1,12,0,1,1,2,1,1,4,1,1,2,1,1,1,1,5,3,6,4,3,1,1,3,3,1,30
0,2,1,3,1,10565,0,1,2,2,1,1,1,1,1,0,2,0,0,1,4,0,1,2,2,1,1,4,1,1,2,1,1,1,1,0,2,6,4,2,1,1,1,3,2,33
0,0,1,3,2,-1,0,0,0,0,2,1,3,1,1,0,1,0,0,1,2,0,1,2,0,4,1,4,1,1,2,2,1,1,1,0,1,6,3,2,1,2,0,0,3,26
0,0,1,2,2,64069,0,1,1,1,2,1,3,2,0,1,1,0,0,1,12,0,1,1,1,1,1,3,1,1,2,1,1,1,2,5,0,6,3,3,1,1,3,3,3,34
0,0,1,3,2,76676,1,1,1,2,2,1,1,2,1,0,0,0,0,1,12,0,1,0,0,1,1,4,1,1,2,1,1,3,0,0,2,6,3,2,1,0,1,3,0,33
0,0,2,3,2,-1,1,1,0,0,2,1,1,1,0,0,2,0,0,1,12,0,1,0,2,1,1,4,0,1,2,1,1,3,1,2,3,6,4,3,1,3,3,3,1,33
1,0,1,2,2,18717,1,1,0,0,2,1,1,2,1,0,2,0,0,1,12,0,1,2,1,1,1,4,1,1,2,1,1,1,1,0,3,6,4,3,1,2,0,3,2,32
1,0,1,2,2,-1,0,1,0,0,2,1,1,2,1,0,0,0,0,1,1,0,1,1,0,1,0,4,1,1,2,1,0,1,0,0,0,6,4,3,1,3,1,3,0,30
0,0,2,2,2,18545,1,1,0,0,2,1,3,1,1,0,2,0,0,1,4,1,1,1,2,1,1,4,1,1,2,1,0,1,2,4,2,3,3,3,1,1,3,3,3,29
0,2,2,3,2,18540,0,0,1,2,2,1,1,1,1,0,0,0,0,0,0,0,1,0,1,1,1,4,1,1,2,2,1,1,0,0,1,6,4,2,1,2,1,3,0,33
0,1,0,0,1,13447,0,1,1,0,2,1,3,1,1,0,0,1,6,1,12,1,1,0,2,1,1,4,0,1,2,2,0,3,0,0,0,6,3,0,0,1,2,1,0,0
1,0,1,3,2,11422,0,1,1,2,2,0,0,0,1,0,1,0,0,1,2,0,1,2,1,1,1,4,1,0,2,1,1,0,1,0,2,6,3,3,1,3,0,3,3,32
0,0,2,2,2,-1,0,1,0,0,2,1,1,2,1,0,2,1,12,1,12,0,1,1,1,1,0,4,1,1,2,1,1,1,1,5,2,6,4,3,1,1,3,3,2,32
0,2,0,1,2,4145,0,1,1,0,2,1,1,2,0,1,2,0,0,1,4,0,1,0,0,1,1,4,0,1,2,1,1,1,2,1,3,6,3,2,1,0,1,3,4,29
0,1,2,2,2,6363,0,1,0,2,2,1,3,2,1,0,2,0,0,1,12,0,1,1,2,1,1,4,1,1,2,1,1,1,1,0,3,6,3,3,1,1,1,3,2,26
0,0,0,0,2,11997,0,1,0,0,2,1,1,1,1,0,2,0,0,1,2,0,1,0,0,1,1,4,1,1,2,2,0,1,-1,0,1,3,2,2,0,0,0,3,1,28
1,2,1,2,1,11924,1,1,1,1,2,1,3,2,1,0,2,0,0,1,6,0,1,1,2,1,1,4,1,0,2,1,1,1,0,0,2,6,4,3,1,1,1,3,2,34
1,0,3,3,2,-1,1,1,0,1,2,1,3,1,1,0,1,0,0,1,18,0,1,0,1,1,1,4,1,1,2,1,1,1,2,5,3,6,3,3,1,0,1,2,0,33
0,0,0,1,2,5498,1,1,1,1,2,1,3,1,0,1,2,0,0,0,0,1,1,2,1,1,0,2,1,1,1,2,1,1,-1,0,2,6,3,2,1,1,3,1,4,31
1,2,3,3,1,52594,0,1,2,2,2,1,3,2,1,0,1,1,12,1,12,0,1,1,2,1,1,4,1,1,2,1,1,3,2,4,3,6,3,3,0,3,1,3,3,4
1,2,2,2,2,23399,1,1,1,2,2,1,1,2,1,0,1,0,0,1,3,0,1,2,2,1,1,4,1,1,2,1,1,1,0,0,1,6,4,3,1,3,0,3,0,33
1,2,1,0,2,11704,0,1,1,2,2,1,1,2,1,0,2,1,4,1,4,0,1,1,2,1,1,4,1,1,2,1,1,1,1,5,1,6,3,3,1,1,1,3,1,34
0,0,0,1,2,-1,0,0,0,1,2,1,3,2,1,0,1,0,0,1,4,1,1,2,0,2,0,4,1,1,2,2,1,1,1,0,0,6,3,3,1,2,1,3,3,29
1,1,2,2,2,5792,0,1,0,0,2,1,1,2,1,0,1,0,0,1,1,1,1,1,0,1,1,4,1,1,2,1,1,1,1,0,2,6,4,3,1,2,1,3,3,32
0,2,2,3,2,2666,0,1,0,0,2,1,1,2,1,0,2,1,11,1,22,1,1,1,2,1,1,4,1,1,2,1,1,1,1,5,3,6,4,3,1,3,1,3,4,25
1,0,1,0,2,14020,1,0,0,0,2,1,1,1,1,0,2,0,0,1,12,0,1,0,2,1,1,4,1,1,2,1,0,1,0,0,3,6,4,3,1,1,3,3,0,32
0,0,2,2,2,14946,0,1,1,1,2,1,3,1,0,0,2,1,6,1,6,1,1,1,1,1,1,4,1,1,2,1,1,1,1,0,2,6,4,3,1,2,1,3,4,24
0,2,1,0,1,1682,0,1,2,0,2,1,1,1,0,1,2,0,0,1,4,1,1,2,2,1,1,4,1,1,2,1,1,1,2,5,2,6,3,3,0,1,1,3,1,27
1,0,2,2,2,13331,0,0,0,0,2,1,1,1,1,0,0,1,1,1,12,0,1,1,1,1,1,4,1,0,2,1,1,1,0,0,2,6,3,3,1,1,1,3,0,34
1,0,0,1,2,10140,1,1,0,0,2,1,3,2,0,1,2,0,0,1,6,1,1,1,1,1,1,4,0,0,2,1,1,1,-1,0,2,6,3,3,1,1,1,3,1,32
0,0,2,3,2,7748,0,1,0,0,2,1,1,1,1,0,1,1,2,1,12,0,1,1,2,1,1,4,1,1,2,1,1,1,2,3,3,6,3,3,1,3,0,3,4,31
0,0,1,3,2,1222,1,1,0,0,2,1,1,2,1,0,2,0,0,1,12,1,1,0,0,1,1,4,1,1,2,1,1,1,1,0,2,6,3,2,1,1,0,3,1,30
0,0,2,3,2,1688,0,1,0,0,2,1,1,1,0,0,2,0,0,1,12,0,1,2,2,1,1,4,1,1,2,1,1,1,1,0,3,6,4,2,1,1,0,3,1,32
1,0,2,1,2,-1,1,1,0,0,2,1,3,2,1,0,1,0,0,1,12,1,1,1,1,1,0,4,1,1,1,1,0,1,1,0,2,6,2,3,1,1,1,3,2,14
1,0,1,2,2,-1,0,1,1,1,2,1,1,2,1,0,2,0,0,1,12,0,1,0,0,1,0,4,1,0,2,1,1,1,0,0,1,6,4,2,1,1,3,3,4,31
1,2,1,1,1,0,1,1,1,1,2,1,3,1,0,1,2,0,0,1,4,0,1,0,0,4,0,2,1,1,1,2,1,1,-1,1,1,5,4,2,1,2,1,2,4,32
0,2,2,3,1,79,0,0,1,2,2,1,3,2,1,0,2,1,4,1,4,1,1,1,1,1,1,4,1,1,2,1,1,1,-1,0,3,6,3,2,1,2,3,3,3,31
1,0,0,1,2,3183,1,1,0,0,2,1,1,2,0,1,1,0,0,0,0,1,1,2,1,1,0,4,1,1,2,2,0,2,2,5,1,6,3,2,1,1,1,3,1,33
1,2,2,2,2,19937,1,1,0,0,2,1,1,2,1,0,2,0,0,1,12,0,1,1,2,1,1,4,0,0,2,1,1,1,1,5,2,6,4,3,1,3,1,3,0,29
1,2,2,2,2,10323,0,1,0,0,2,1,3,1,0,1,2,1,12,1,12,0,1,0,1,1,1,4,0,1,2,1,1,1,2,3,2,6,3,3,1,1,0,3,1,31
0,0,0,1,2,4689,0,1,0,0,2,1,3,2,0,1,1,0,0,1,12,1,1,2,0,1,1,4,1,0,2,1,1,1,1,0,3,6,3,3,1,1,1,3,1,26
0,2,2,3,2,605,1,1,0,0,2,1,1,2,1,0,1,0,0,1,12,0,1,0,0,1,0,4,0,1,2,1,1,1,-1,0,2,5,1,2,1,2,1,2,0,25
1,0,3,3,2,15222,1,1,0,0,2,1,3,1,1,0,1,0,0,1,12,1,1,0,1,5,1,4,1,1,2,1,1,1,1,0,1,6,3,3,1,1,0,3,2,34
0,0,2,2,2,-1,0,1,1,2,2,1,1,2,1,0,3,0,0,1,6,1,1,1,2,1,1,4,1,1,2,1,1,3,0,0,2,6,3,3,1,1,0,3,3,34
0,2,2,0,1,12916,0,1,0,0,2,1,3,1,1,0,1,0,0,0,0,0,1,0,2,1,1,4,1,1,2,2,1,3,2,3,0,6,3,0,0,2,0,0,4,0
0,0,1,2,2,2505,1,1,0,2,2,1,1,2,1,0,2,0,0,1,4,0,1,0,0,1,0,3,1,1,2,2,1,3,0,0,2,6,3,2,1,2,1,3,1,33
1,0,2,1,2,8044,0,1,0,0,2,1,1,2,0,1,2,0,0,1,4,0,1,0,1,1,1,4,1,1,2,1,0,1,-1,0,2,6,3,3,1,2,1,3,2,31
1,0,0,1,2,9257,1,0,2,1,2,1,1,2,1,0,2,0,0,1,12,0,1,1,0,1,0,4,1,1,1,1,0,1,-1,0,2,6,3,3,1,2,1,3,0,33
1,2,2,2,2,5599,0,1,0,2,2,1,1,1,1,0,0,1,2,1,4,0,1,0,0,1,1,4,0,1,2,1,1,1,0,0,1,6,4,3,0,1,1,3,0,33
0,0,1,0,2,5868,0,1,0,0,2,1,3,1,1,0,0,0,0,1,4,0,1,0,0,1,0,4,1,1,2,1,1,1,0,0,2,6,4,3,1,2,0,3,0,30
0,1,0,0,1,-1,0,1,0,0,2,1,1,2,1,0,1,0,0,0,0,0,1,0,1,1,1,4,1,0,2,2,1,3,2,3,1,6,4,2,0,1,0,1,3,5
0,1,1,2,2,10560,0,1,1,1,2,0,0,0,0,0,2,0,0,1,4,0,1,0,0,1,0,2,1,1,1,2,0,0,2,3,1,5,3,2,1,2,0,1,1,32
1,0,2,2,2,16764,0,1,0,0,2,1,1,2,1,0,2,1,3,1,12,0,1,1,2,1,1,4,1,1,2,1,1,1,2,1,3,6,3,3,1,3,1,3,4,34
0,0,2,2,2,0,0,1,0,0,2,1,3,1,1,0,2,0,0,0,0,1,1,1,2,1,1,4,1,1,2,1,0,1,2,3,2,6,3,3,1,0,0,3,4,34
0,2,3,2,2,10947,0,1,1,2,2,1,1,2,0,1,2,0,0,1,4,0,1,2,2,1,1,4,1,1,2,1,1,1,1,0,2,6,3,3,0,1,1,3,0,27
0,0,2,0,1,3085,0,1,0,2,2,1,3,2,1,0,1,0,0,1,12,1,1,0,1,1,1,4,1,1,2,1,0,1,2,3,2,6,4,2,0,0,1,1,4,32
0,0,0,2,2,-1,1,1,0,0,2,1,1,2,1,0,2,0,0,1,2,0,1,0,1,5,0,2,0,1,2,1,0,1,-1,0,2,6,2,2,1,2,1,2,0,32
0,0,2,1,2,430,1,1,1,2,2,1,1,1,1,0,2,0,0,1,4,1,1,2,1,1,1,4,1,1,1,1,1,1,1,0,1,6,3,2,1,1,0,3,2,33
1,0,1,2,2,-1,1,1,1,2,1,1,3,1,0,0,1,0,0,1,3,1,1,0,0,1,1,4,0,1,2,1,1,1,1,0,2,6,3,3,1,2,0,3,2,34
0,2,2,1,1,5784,0,1,0,0,2,1,1,2,0,1,1,0,0,1,12,1,1,2,1,1,0,4,0,1,2,1,1,1,1,0,2,6,3,3,1,1,1,1,3,30
1,2,2,2,2,1743,1,1,1,2,2,1,3,1,1,0,2,1,4,1,12,0,1,1,2,1,1,4,1,1,2,1,1,1,2,1,3,6,3,3,1,1,2,3,4,0
1,2,2,2,2,17802,1,1,0,0,2,1,1,2,1,0,1,1,12,1,12,0,1,0,1,1,1,4,1,1,2,1,1,1,1,0,1,6,4,3,1,1,1,3,0,31
0,0,2,3,2,11723,1,1,1,2,2,1,1,1,1,0,2,1,1,1,12,0,1,2,1,1,1,4,1,1,2,1,1,1,1,5,2,6,3,3,1,1,1,3,1,34
1,0,3,2,2,991,1,1,1,1,2,1,3,2,1,0,2,1,4,1,4,0,1,2,2,1,1,4,1,1,2,1,1,1,2,5,2,6,4,3,1,3,3,3,4,34
0,0,2,3,2,0,0,1,5,2,2,1,1,2,0,1,2,0,0,1,2,0,1,2,1,4,1,4,1,1,2,1,1,1,-1,0,2,6,4,2,1,2,1,3,0,32
0,0,0,2,2,10437,0,0,0,0,2,1,1,2,1,0,2,1,3,1,4,0,1,0,1,1,1,4,0,0,2,1,1,1,1,1,1,6,4,2,1,2,1,3,3,22
0,2,0,0,2,-1,1,1,0,0,2,0,0,0,1,0,2,1,12,1,12,1,1,0,1,1,1,4,1,0,2,1,1,0,1,0,3,3,4,3,1,3,1,3,2,23
0,0,3,3,2,5373,1,1,0,1,2,1,3,1,0,0,1,0,0,1,12,0,1,1,2,1,1,4,1,1,2,1,1,1,2,2,3,6,3,3,1,1,1,3,3,31
0,2,2,3,2,10604,1,0,1,2,2,1,1,1,1,0,2,0,0,1,6,0,1,0,2,1,1,4,1,1,2,1,1,1,1,2,1,6,4,3,0,3,1,2,0,34
1,0,1,1,2,9126,1,1,0,0,2,0,0,0,0,1,1,0,0,1,12,1,0,2,1,1,1,4,0,1,2,1,1,0,1,0,3,6,1,3,1,3,3,3,2,33
0,0,1,2,2,17279,0,1,0,0,2,1,1,1,1,0,2,0,0,1,12,0,1,2,1,1,1,3,1,1,2,2,1,3,2,3,0,6,3,2,1,2,1,3,1,28
0,0,0,2,1,5929,0,1,2,1,2,1,1,2,1,0,2,0,0,1,4,0,1,0,0,1,0,4,1,1,2,1,0,3,1,3,1,6,3,3,1,1,1,3,0,22
1,0,2,2,2,12200,0,1,0,0,2,1,1,2,1,0,2,0,0,1,4,0,1,1,2,1,1,4,1,1,2,1,0,1,0,0,3,6,3,3,1,2,3,3,2,33
1,0,1,2,2,-1,0,0,1,1,2,1,1,2,1,0,1,0,0,1,4,0,1,0,2,2,0,4,1,1,2,1,1,3,-1,0,3,6,3,2,0,1,1,3,0,30
0,2,1,3,2,13191,1,0,0,0,2,1,3,2,0,1,1,0,0,1,4,0,1,2,2,1,1,4,1,1,2,1,1,1,2,3,3,3,4,3,1,1,3,3,2,29
1,0,1,0,2,10562,1,1,1,2,2,1,1,2,1,0,0,1,2,1,12,0,1,0,0,1,0,4,1,1,2,1,1,1,0,0,2,6,3,3,1,2,1,3,0,32
1,0,2,2,2,8206,1,1,1,1,2,1,1,2,1,0,1,0,0,1,4,0,1,1,2,1,1,4,1,1,2,1,1,1,1,0,3,6,3,3,1,2,1,3,3,28
0,0,0,1,2,5266,0,0,0,0,2,1,1,2,0,1,2,0,0,1,6,0,1,0,0,1,0,3,0,0,1,2,0,1,-1,0,1,6,3,2,1,1,1,2,2,33
0,2,3,2,2,29357,0,1,0,0,2,1,3,2,1,0,1,1,2,1,12,1,1,1,2,5,1,4,1,1,2,1,1,1,2,4,1,6,4,3,1,1,1,2,4,34
0,0,2,1,2,4772,0,1,0,0,2,1,1,2,1,0,1,0,0,1,4,0,1,1,1,1,1,4,1,1,2,1,0,1,1,0,2,5,4,3,1,1,3,3,1,34
0,0,3,2,2,17625,0,1,0,0,2,1,3,2,1,0,2,0,0,1,2,0,1,2,1,1,1,4,1,1,2,1,1,3,2,5,2,6,4,3,1,3,3,3,2,31
0,0,2,2,2,7943,1,0,0,0,2,1,1,2,1,0,0,0,0,1,4,1,1,0,1,1,1,4,1,1,2,1,0,1,0,0,2,6,3,3,1,2,3,3,0,32
0,2,2,3,2,-1,0,1,1,1,1,1,3,2,1,0,1,0,0,1,12,1,1,1,0,1,1,4,1,1,2,1,1,1,-1,0,3,6,3,2,1,3,1,3,3,33
1,1,1,0,2,413,1,1,0,0,2,1,3,2,1,0,2,1,12,1,12,1,1,1,2,1,1,4,1,1,2,1,1,1,1,0,1,5,3,3,1,1,1,3,1,33
0,0,0,2,2,-1,0,1,1,1,2,1,1,1,1,0,0,0,0,1,12,0,1,0,1,1,1,4,0,1,2,1,1,1,0,0,2,6,3,2,1,2,3,3,0,27
0,0,0,1,2,4321,0,0,1,2,2,1,1,1,1,0,2,0,0,1,11,1,1,2,2,1,0,4,1,1,1,2,1,1,-1,0,2,5,3,2,1,2,1,3,2,26
0,2,2,3,2,61563,1,1,0,1,2,1,3,2,1,0,2,1,4,1,4,1,1,1,1,1,0,4,0,0,1,1,1,1,2,1,2,5,3,3,1,1,1,3,1,31
0,0,0,2,2,-1,0,0,0,0,1,1,1,2,1,0,2,0,0,1,4,0,1,0,0,1,1,4,1,1,2,2,1,1,1,5,2,6,3,2,1,1,1,3,0,31
0,2,3,3,1,16618,1,1,0,0,2,1,3,2,0,1,1,0,0,1,12,1,1,0,2,1,1,4,1,1,2,1,1,1,2,2,3,6,3,3,0,1,1,3,3,29
0,0,1,3,2,24246,1,1,0,0,2,1,1,2,1,0,2,1,1,0,0,0,1,1,2,1,1,4,0,1,2,1,1,1,-1,0,3,6,3,3,1,2,1,2,3,29
0,0,3,2,2,9138,0,1,0,0,2,1,3,1,1,0,2,1,12,1,12,0,1,0,2,1,1,4,1,1,2,1,0,1,-1,0,3,6,4,3,1,1,1,3,4,32
0,0,2,0,2,24772,1,1,0,0,2,1,1,2,1,0,1,0,0,1,4,1,1,2,0,1,1,4,1,1,2,1,1,1,-1,0,2,6,3,3,1,1,3,3,4,31
1,0,2,2,2,3038,0,1,0,0,2,1,3,1,1,0,1,0,0,1,4,1,1,1,0,2,0,4,1,1,2,2,1,1,-1,0,1,6,3,3,1,2,1,3,2,34
0,0,2,1,2,7495,1,1,1,1,2,1,3,2,1,0,1,0,0,1,12,0,1,2,0,4,0,4,1,1,1,1,1,1,1,0,3,6,4,3,1,1,1,3,2,32
1,0,2,2,2,21264,1,1,0,1,2,1,3,2,1,0,1,1,6,1,6,0,1,1,2,1,1,4,1,1,2,1,1,1,2,3,3,6,3,3,1,3,1,3,3,31
0,0,2,3,2,3657,0,0,0,1,2,1,1,2,0,1,1,1,2,1,12,0,1,1,2,1,1,4,1,1,2,1,1,1,1,5,2,6,4,3,1,1,3,3,1,31
0,2,0,0,2,1660,1,1,1,2,2,1,1,2,1,0,2,1,2,1,4,1,1,2,0,4,0,1,1,1,1,1,1,1,1,5,1,5,3,2,1,2,1,3,4,32
1,0,1,1,2,7218,0,0,0,0,2,1,1,2,1,0,2,0,0,1,12,0,1,1,0,4,1,4,1,1,1,1,1,1,-1,0,3,6,3,3,1,2,1,3,3,32
1,2,2,2,2,26727,0,1,1,2,2,1,1,2,1,0,1,0,0,1,4,0,1,0,2,1,1,4,1,0,2,1,1,1,0,0,2,6,4,3,1,2,1,3,0,33
0,0,1,2,2,17227,0,1,1,2,2,1,1,2,0,1,2,1,2,1,4,1,1,1,2,4,1,4,1,1,2,1,1,1,2,3,2,6,3,3,1,1,1,3,3,34
0,0,3,3,2,17862,1,1,1,2,2,1,3,2,1,0,1,0,0,1,4,1,1,1,2,1,1,4,1,1,2,1,1,1,1,0,3,6,4,3,1,3,0,1,4,29
0,2,2,3,2,13347,1,1,0,2,2,1,3,1,1,0,2,1,1,1,12,0,1,2,2,1,1,4,1,0,2,1,1,3,2,5,2,6,4,3,1,1,1,3,2,32
0,0,1,3,2,-1,1,1,0,0,2,1,1,2,0,1,1,0,0,1,12,0,1,0,1,1,1,4,1,1,2,1,1,1,1,0,3,5,4,3,1,3,1,3,3,33
1,0,1,2,2,25085,0,1,0,1,2,1,1,2,1,0,2,1,8,1,8,0,1,0,2,1,1,4,1,1,2,1,1,1,1,4,3,6,4,3,1,1,1,3,4,33
0,2,2,3,2,6451,0,1,0,0,2,1,1,2,0,0,2,0,0,1,12,1,1,0,1,1,1,4,1,0,2,1,1,1,0,0,2,6,3,2,1,1,1,3,3,31
0,0,2,2,2,4992,0,0,0,0,2,0,0,0,0,0,1,0,0,1,12,1,1,1,0,1,1,4,1,1,2,1,1,0,1,0,3,6,4,3,1,2,1,3,1,30
1,2,2,2,2,15914,0,1,1,2,2,1,1,2,1,0,2,0,0,1,4,0,1,1,1,1,1,4,1,1,2,1,1,3,2,5,3,6,4,3,1,1,3,3,1,34
0,0,2,1,2,196,0,1,2,2,2,1,1,2,0,1,2,0,0,1,12,0,1,0,0,4,1,4,0,1,1,2,1,1,0,0,2,6,3,2,1,1,1,3,4,33
1,0,2,2,2,16585,0,1,1,1,2,1,1,1,1,0,2,0,0,1,6,0,1,1,2,1,1,4,1,1,2,1,0,1,1,5,2,6,4,3,1,1,3,3,1,31
0,0,1,3,2,-1,0,1,1,0,2,1,1,2,1,0,2,0,0,1,12,0,1,0,2,1,1,4,1,1,2,1,1,1,1,0,3,6,4,3,1,3,1,3,3,32
0,0,2,3,2,14465,1,1,1,1,2,1,3,2,1,0,1,0,0,1,12,1,1,1,0,1,1,4,1,0,2,1,1,1,1,0,1,6,3,3,1,3,1,3,2,33
0,0,1,3,2,565,0,1,0,2,2,0,0,0,1,0,1,1,12,1,12,1,1,0,2,1,1,4,1,0,2,1,1,0,1,1,3,6,4,3,1,1,0,3,3,31
1,0,1,1,2,11220,1,1,0,0,2,1,1,2,0,1,0,1,6,1,4,0,1,0,1,1,1,4,1,1,1,1,0,1,0,0,2,6,4,3,1,1,1,3,0,32
1,0,2,2,2,22556,1,1,1,2,2,1,1,2,1,0,2,0,0,1,6,1,1,1,1,1,1,4,0,1,2,1,1,1,1,0,2,6,3,3,1,3,1,3,2,32
0,0,2,3,2,4680,0,1,0,0,2,1,1,2,1,0,1,1,1,1,4,0,1,0,0,1,1,4,1,1,2,1,1,1,0,0,2,6,4,3,1,0,3,3,0,33
1,0,0,2,2,4766,0,1,0,0,2,1,3,2,1,0,1,0,0,1,12,1,1,0,0,1,1,4,1,1,2,1,1,1,1,0,2,6,4,3,1,2,1,3,2,31
1,0,1,2,2,4051,1,1,0,0,2,1,1,2,1,0,2,0,0,1,2,0,1,1,1,1,1,4,0,1,2,1,0,1,1,0,2,6,4,3,1,1,1,3,1,34
1,2,3,3,2,3695,0,1,2,2,2,1,3,1,1,0,1,0,0,1,12,1,1,1,2,1,1,4,1,0,2,1,1,1,2,3,3,6,4,3,1,1,1,3,0,31
0,0,1,2,2,3019,0,0,0,0,2,1,3,2,1,0,1,0,0,0,0,1,1,1,2,1,1,4,1,1,2,2,1,1,1,0,1,6,2,2,1,1,1,3,3,32
1,0,1,1,2,0,0,1,11,0,2,1,1,2,1,0,0,0,0,1,2,1,1,0,2,1,1,2,0,1,2,1,0,1,0,0,3,6,4,2,1,3,1,2,0,24
1,0,2,1,2,4036,0,1,1,2,2,1,1,2,1,0,1,0,0,1,2,1,1,0,0,4,1,4,1,1,1,1,1,1,1,0,1,6,3,3,1,3,1,3,2,31
0,0,0,2,2,5211,0,1,0,0,2,1,3,2,1,0,2,0,0,1,12,0,1,0,1,1,0,4,1,1,2,2,0,3,2,5,1,0,3,2,1,2,3,2,4,30
0,0,0,2,2,7558,0,1,0,0,2,1,1,2,1,0,2,0,0,1,6,0,1,1,0,1,0,4,1,1,1,2,1,1,-1,0,2,6,4,3,1,1,3,3,0,32
1,0,0,1,2,-1,0,1,1,1,2,1,1,2,1,0,0,0,0,1,2,0,0,0,0,4,0,1,0,1,1,1,0,3,0,0,3,6,1,3,1,1,3,1,0,32
0,0,2,2,2,8603,0,1,0,0,2,1,3,2,1,0,1,0,0,1,4,1,1,1,2,1,1,4,0,1,1,1,1,1,1,1,3,6,4,3,1,3,3,3,3,34
0,2,2,2,2,14558,1,1,0,0,2,1,3,1,1,0,1,1,3,1,12,1,1,1,1,1,1,4,0,1,2,1,1,1,2,1,1,6,4,3,1,3,1,3,4,34
1,0,1,1,2,6007,0,1,1,2,2,1,1,2,1,0,2,0,0,1,12,1,1,1,0,4,1,3,1,1,2,1,1,1,-1,0,3,6,4,3,1,2,3,3,4,18
1,1,1,1,2,5316,0,0,1,2,2,0,0,0,0,0,0,1,2,1,2,1,1,1,0,1,1,2,1,1,1,2,1,0,0,0,2,6,3,2,1,1,1,3,0,34
0,0,1,1,2,0,0,0,0,0,2,0,0,0,0,0,1,0,0,1,6,0,1,2,0,4,1,4,1,0,2,1,1,0,1,0,3,5,4,3,1,1,1,3,2,33
0,0,0,3,1,15754,0,1,1,2,2,1,3,2,1,0,3,0,0,1,12,1,1,1,2,1,1,4,1,1,2,1,1,1,2,2,3,6,4,2,0,3,1,3,4,34
0,0,1,1,2,9454,1,1,4,1,2,1,1,2,1,0,2,0,0,1,12,1,1,2,0,4,0,4,1,0,2,1,0,1,1,0,3,6,3,3,1,2,1,3,4,31
1,1,2,1,2,14396,0,0,1,1,2,1,1,2,1,0,2,0,0,1,3,0,1,0,0,2,0,4,0,1,2,1,1,1,1,3,2,0,2,3,1,2,0,3,2,32
1,2,1,0,1,21300,0,1,0,2,2,1,1,2,1,0,2,0,0,1,12,1,1,2,1,1,1,4,1,1,2,1,1,1,2,5,2,5,3,3,1,1,1,3,1,34
1,2,2,2,2,36149,1,1,0,0,2,1,3,2,1,0,1,0,0,1,12,1,1,1,1,2,1,4,1,1,2,1,1,1,2,3,2,6,4,3,1,1,1,3,1,27
0,2,3,3,2,-1,0,1,0,0,2,1,3,2,1,0,2,0,0,1,4,1,1,1,1,1,1,4,1,1,2,1,0,3,1,0,2,6,4,2,1,0,3,3,4,31
0,0,0,2,2,-1,1,1,2,1,2,1,1,2,1,0,2,0,0,1,12,0,1,0,1,1,1,4,1,1,2,1,1,1,-1,0,3,6,3,3,1,1,0,3,4,34
1,2,2,2,2,17440,0,1,1,2,2,1,3,2,0,1,1,0,0,1,12,1,1,2,1,1,1,4,1,1,2,1,1,1,1,0,2,6,3,3,1,1,1,3,1,32
1,0,1,3,2,0,0,0,1,1,2,1,1,1,1,0,0,1,3,1,12,0,1,0,0,1,0,3,1,1,1,1,1,1,0,0,2,6,2,2,1,0,1,3,0,29
1,0,2,1,2,-1,1,0,0,0,2,1,1,1,0,0,1,0,0,1,4,0,1,2,0,2,1,4,0,1,2,2,1,1,-1,0,1,6,3,2,1,0,1,3,3,23
1,0,2,2,2,6710,1,1,1,1,2,1,3,2,1,0,2,1,1,1,12,1,1,1,1,1,1,4,0,1,2,1,1,1,2,1,3,6,3,3,0,1,3,3,4,27
0,0,0,2,2,8413,0,1,0,0,2,1,1,2,1,0,2,0,0,1,12,0,1,1,0,1,1,4,0,1,2,1,1,1,0,0,2,6,3,3,0,2,1,3,0,32
1,0,0,2,2,2987,1,1,0,0,2,1,1,1,1,0,2,0,0,1,4,0,1,1,1,1,1,4,1,1,1,1,1,1,-1,0,3,6,3,3,1,1,1,3,4,26
0,0,0,2,2,-1,0,0,0,0,2,1,1,2,0,0,2,0,0,1,3,0,1,2,0,4,1,4,1,1,2,2,1,3,-1,0,3,6,2,2,1,2,1,3,1,32
1,2,2,2,2,17419,1,1,1,1,2,1,3,2,1,0,1,0,0,1,12,1,1,1,1,1,1,4,1,1,2,1,1,3,2,2,0,6,3,3,0,1,1,3,4,28
0,0,3,2,2,5499,0,1,1,1,2,1,3,2,1,0,2,0,0,1,4,0,1,1,2,1,1,4,1,1,2,1,1,1,1,0,2,6,4,3,1,3,1,3,3,29
0,2,1,2,2,25753,0,1,0,0,2,1,3,1,1,0,2,0,0,0,0,1,1,1,2,1,1,4,1,1,2,1,1,1,2,1,2,6,4,3,1,3,1,3,4,33
1,0,2,2,2,19906,0,1,0,1,2,1,1,2,0,1,2,0,0,1,6,0,1,0,2,1,1,4,1,1,2,1,1,1,0,0,2,6,4,3,1,0,1,3,0,24
1,0,2,2,2,-1,1,0,2,2,2,1,3,2,1,0,2,1,2,1,12,0,1,1,1,1,0,4,0,0,2,1,1,1,1,5,2,6,3,3,1,2,1,3,4,33
0,2,2,2,2,-1,0,1,0,2,2,1,3,1,1,0,1,1,1,1,1,0,1,0,2,1,1,4,1,1,2,1,1,1,1,0,3,6,3,3,0,3,1,3,4,31
1,2,2,2,2,12027,0,1,0,0,2,1,3,2,1,0,2,0,0,1,12,0,1,1,2,1,1,4,1,1,2,1,1,1,1,0,1,6,3,3,1,3,1,3,2,34
1,0,1,1,2,-1,0,1,1,2,2,0,0,0,0,0,1,0,0,1,4,1,1,1,1,4,1,2,1,1,1,1,0,0,1,0,2,6,3,3,1,2,1,3,2,19
0,0,0,0,2,29044,0,1,1,1,2,1,1,2,0,1,1,0,0,1,4,0,1,1,2,1,1,4,1,1,2,1,1,1,1,0,2,6,2,3,1,3,1,1,1,29
0,0,2,2,2,9688,1,1,1,2,1,1,1,2,1,0,2,0,0,1,11,0,1,0,2,1,1,4,1,1,2,1,1,1,0,0,3,6,4,3,1,1,1,3,0,34
0,0,2,2,2,11191,1,1,0,0,2,1,1,2,1,0,1,0,0,1,4,0,1,2,0,1,1,4,1,1,2,1,1,1,1,0,2,6,4,3,1,2,3,3,3,30
1,0,1,1,2,6198,0,0,1,2,2,1,1,1,0,0,2,0,0,1,12,0,1,0,0,1,1,4,1,1,2,1,1,1,-1,0,2,6,3,3,1,2,1,3,0,33
0,2,0,3,2,13505,1,1,0,2,2,1,1,2,1,0,2,0,0,1,12,0,1,1,1,1,1,4,1,1,2,1,1,3,1,5,2,6,4,2,1,1,1,2,1,31
1,2,1,1,1,0,1,1,0,0,2,1,1,1,1,0,0,1,6,1,12,0,1,0,1,1,0,2,0,1,1,1,1,3,0,0,2,6,4,2,0,1,3,3,0,30
0,0,1,1,2,6206,1,1,1,0,2,0,0,0,1,0,1,0,0,1,10,0,0,2,1,2,0,4,1,0,1,2,1,0,1,0,2,6,1,2,1,2,1,2,2,31
1,0,1,1,2,19371,1,1,1,2,2,1,3,1,1,0,0,0,0,1,3,0,1,1,1,1,1,4,1,1,2,2,1,1,0,0,1,6,4,2,1,2,1,3,0,31
0,2,2,3,2,4535,0,1,0,0,2,1,3,2,1,0,2,0,0,1,12,0,1,2,2,1,1,4,1,0,2,1,0,3,2,5,3,6,4,3,1,1,1,3,0,31
1,2,2,0,1,20781,0,1,0,0,2,1,1,2,1,0,1,1,1,1,6,1,1,0,2,1,1,4,1,1,2,1,1,3,2,5,0,6,3,0,0,3,1,3,4,29
0,0,2,2,2,11751,1,1,0,2,2,1,1,2,1,0,2,1,12,1,3,0,1,0,2,1,1,4,1,1,2,1,1,1,1,4,3,6,4,2,1,1,1,3,4,34
1,2,3,2,2,967,1,1,1,2,2,1,1,2,1,0,2,1,6,1,6,0,1,1,2,1,1,4,1,0,2,1,1,3,1,5,1,6,3,3,1,1,3,1,0,30
0,2,2,2,2,15428,1,1,0,0,2,1,2,1,1,0,3,1,5,1,5,0,1,2,1,5,1,4,1,1,2,2,1,2,2,2,2,6,4,3,0,3,1,3,3,34
0,0,0,1,2,3452,0,0,0,0,2,1,1,2,1,0,2,0,0,1,12,0,0,0,0,4,0,4,1,1,1,2,0,1,0,0,0,6,1,3,1,0,1,3,0,29
0,0,1,3,2,194,0,1,0,1,2,0,0,0,0,1,2,0,0,1,4,0,1,1,0,1,0,4,1,1,2,1,1,0,-1,0,3,6,4,3,1,3,1,3,1,28
1,2,2,2,2,6260,0,1,0,0,2,1,3,2,1,0,1,0,0,1,12,1,1,1,1,1,1,4,1,1,2,1,1,1,1,0,3,6,3,3,1,1,0,3,2,31
0,0,0,1,2,2163,0,0,0,0,2,1,1,2,1,0,2,0,0,1,12,0,1,1,0,1,0,0,0,1,2,2,1,1,1,1,1,5,2,3,1,3,1,3,3,33
0,0,2,3,2,8462,1,0,1,2,2,1,3,2,1,0,1,1,3,1,12,1,1,1,2,1,1,4,1,1,2,1,1,1,2,4,2,6,3,3,1,1,1,3,2,31
0,2,1,3,2,13209,0,1,0,0,2,1,3,2,1,0,1,1,12,1,12,1,1,0,2,1,1,4,1,1,2,1,1,3,2,5,2,6,4,3,1,1,1,3,3,32
0,0,2,3,2,3953,0,1,0,0,2,1,3,2,0,1,1,0,0,1,4,1,1,0,0,1,1,4,1,1,2,1,1,1,1,0,3,6,3,3,1,1,0,3,4,33
0,2,2,3,2,6046,0,1,1,2,2,1,3,2,1,0,2,0,0,1,12,1,1,0,1,1,1,4,1,1,2,1,1,1,1,0,1,6,3,0,1,1,1,3,2,31
1,0,2,3,2,-1,1,1,0,2,2,1,1,2,1,0,2,0,0,1,12,0,1,0,2,1,1,4,1,1,2,1,1,1,-1,0,3,6,4,2,1,3,1,3,0,33
0,2,2,2,1,528,0,1,0,0,1,1,3,2,1,0,1,0,0,1,4,1,1,2,1,1,1,4,1,1,2,1,1,3,1,0,2,6,4,3,0,1,3,3,1,34
0,0,2,2,2,-1,0,0,0,0,2,1,1,1,1,0,2,0,0,1,4,0,1,1,2,1,1,4,1,1,2,1,1,3,-1,3,3,6,3,2,1,2,3,3,3,25
0,2,3,2,2,-1,0,1,0,0,2,1,3,1,0,0,2,1,1,1,12,0,1,1,2,1,1,4,1,1,2,1,0,1,2,4,2,6,4,3,0,1,1,3,3,34
0,0,2,3,2,21831,1,0,1,2,2,1,3,2,1,0,1,0,0,1,12,1,1,1,0,1,1,4,1,1,2,1,1,0,1,3,3,6,4,2,1,1,1,3,1,31
1,2,2,3,1,48856,1,0,2,1,1,1,3,2,0,0,1,0,0,0,0,1,1,2,2,1,1,4,1,1,2,2,1,1,2,5,2,6,4,3,0,3,1,3,4,29
0,0,2,2,2,721,1,1,0,0,2,1,3,2,1,0,2,0,0,1,12,1,1,1,1,1,1,4,1,1,2,1,0,1,2,5,1,6,4,2,1,3,3,3,2,34
1,0,2,2,2,128,1,1,0,2,2,1,1,2,1,0,1,0,0,1,6,0,1,1,2,1,1,4,1,1,2,1,1,1,1,5,2,6,4,1,1,1,3,3,0,33
1,2,2,3,2,11703,0,1,1,1,2,1,3,2,1,0,2,0,0,1,4,0,1,1,0,1,1,4,1,1,2,1,1,1,-1,0,3,6,3,3,0,1,1,3,4,30
0,2,4,0,1,2012,0,1,4,2,2,1,3,2,1,0,2,1,12,1,12,1,1,0,2,1,1,4,1,0,2,2,1,3,2,3,2,6,4,3,0,3,1,3,4,5
0,0,0,1,2,3699,0,0,0,0,2,1,3,1,1,0,1,0,0,1,3,1,1,1,1,4,1,4,0,0,2,1,0,1,1,0,2,6,2,2,1,3,0,3,0,34
0,2,2,3,2,16817,1,1,1,2,2,1,3,1,1,0,1,0,0,1,12,1,1,0,1,1,1,4,1,1,2,2,1,1,2,5,1,6,3,2,1,1,1,3,2,31
1,0,2,2,2,23386,0,1,1,2,2,1,1,1,0,0,1,0,0,1,41,1,1,1,1,1,1,4,1,1,2,1,1,1,1,0,2,6,3,3,1,2,3,2,3,30
0,0,1,1,2,-1,1,0,0,0,2,1,1,1,1,0,2,0,0,1,2,1,1,1,2,1,1,4,1,1,2,1,1,1,-1,0,3,6,3,3,1,1,3,3,3,29
0,2,2,3,2,-1,1,1,0,0,2,1,1,1,1,0,2,1,1,1,6,0,1,1,1,1,1,4,1,1,2,1,1,3,1,5,3,6,4,3,1,3,1,3,1,32
0,0,0,3,2,3842,0,1,1,1,2,0,0,0,0,1,2,0,0,1,12,1,1,2,2,1,1,4,1,1,2,1,1,0,-1,0,2,5,2,2,1,1,1,3,2,32
1,0,2,1,2,5824,1,1,0,0,2,1,3,2,0,1,2,0,0,1,14,1,1,1,0,2,0,2,1,1,1,1,1,1,2,1,3,6,4,3,1,1,1,3,4,26
1,0,2,3,2,-1,0,1,1,2,2,1,1,1,0,0,2,0,0,1,3,1,1,1,1,1,1,4,1,1,2,1,1,1,1,3,1,6,4,3,1,0,1,3,2,34
1,2,3,2,2,12778,1,1,0,0,2,1,1,1,1,0,2,0,0,1,4,0,1,0,2,1,1,4,1,1,2,1,1,2,0,0,1,6,4,3,1,2,3,3,1,33
1,0,3,2,2,8721,0,1,0,0,2,1,1,2,1,0,2,0,0,1,6,0,1,0,2,1,1,4,1,1,2,1,1,1,0,0,2,6,4,3,1,1,1,3,3,33
0,2,2,2,2,4205,0,1,0,0,2,1,3,2,1,0,2,1,12,1,12,0,1,0,1,1,1,3,1,1,2,2,1,3,1,0,3,6,3,3,0,1,1,3,0,33
1,0,0,1,2,1831,0,1,0,0,2,1,1,2,1,0,2,0,0,1,12,0,1,1,1,4,1,3,0,1,2,1,1,1,1,0,2,6,3,2,1,1,1,3,2,33
1,0,2,2,2,20729,0,1,0,0,1,1,1,2,0,0,2,0,0,1,19,0,1,1,2,1,1,4,1,0,2,1,1,1,-1,0,2,6,3,3,1,3,1,3,2,31
1,0,1,2,2,9511,0,1,0,0,2,1,3,1,0,1,2,0,0,1,12,1,1,0,1,1,1,4,1,1,2,2,1,1,1,0,1,6,3,3,1,2,0,3,3,30
0,2,0,3,1,20129,0,1,0,0,2,1,3,2,1,0,2,1,6,1,6,1,1,0,1,5,1,4,0,1,2,2,1,1,-1,0,2,6,1,0,0,1,1,3,4,29
1,0,1,1,2,13826,0,1,1,2,2,1,1,2,1,0,2,0,0,1,12,0,1,1,1,4,1,4,1,1,1,1,1,1,-1,0,2,6,4,3,1,2,1,3,2,33
1,0,3,2,2,23720,1,1,0,0,2,1,1,1,1,0,1,1,2,1,6,1,1,2,1,1,1,4,1,1,2,1,0,1,1,0,2,6,3,3,1,2,0,3,1,31
0,0,2,3,2,-1,0,1,2,2,2,0,0,0,0,1,2,0,0,1,6,0,1,1,1,1,1,4,0,1,2,1,0,0,1,0,0,6,3,3,1,2,1,3,1,33
0,0,3,3,2,16923,1,1,0,2,2,1,3,2,1,0,1,1,1,1,12,1,1,0,2,1,1,4,1,1,2,1,0,3,1,0,2,6,4,3,1,1,1,3,3,33
1,0,2,2,2,15843,1,1,0,0,2,1,1,2,1,0,1,1,11,1,12,0,1,2,2,1,1,4,1,1,2,1,0,1,2,5,3,6,4,3,1,1,3,3,2,34
0,0,2,3,2,6915,1,1,1,2,2,1,3,2,1,0,1,1,3,1,12,0,1,1,0,4,1,4,1,1,2,1,1,1,1,0,3,6,3,2,0,2,1,1,3,33
1,0,2,2,2,10818,0,0,1,2,2,1,1,1,1,0,1,1,3,1,4,0,1,2,1,1,1,4,1,1,2,1,1,1,1,0,3,6,3,3,1,1,1,3,0,32
0,0,1,1,2,2197,0,1,0,0,2,1,1,2,1,0,0,0,0,1,4,0,1,0,0,1,1,4,0,1,2,1,1,1,0,0,3,6,4,2,1,2,1,3,0,32
1,0,3,3,2,-1,1,1,0,0,2,1,1,2,0,1,2,1,2,0,0,1,1,1,2,1,1,4,1,1,2,1,1,1,1,2,3,6,3,3,1,3,1,3,4,33
1,0,0,1,2,4205,0,1,0,0,2,0,0,0,0,0,2,0,0,1,4,0,1,1,0,4,1,2,1,1,1,1,0,0,1,0,2,6,2,2,1,2,0,3,3,33
0,2,1,2,2,28110,1,1,1,2,2,1,3,2,1,0,2,0,0,1,12,1,1,0,1,1,1,4,1,1,2,1,1,3,2,4,2,6,4,3,0,1,1,3,4,34
0,2,2,3,2,924,0,1,1,2,2,1,3,2,1,0,2,0,0,1,12,1,1,1,2,1,1,4,1,1,2,1,1,1,1,5,3,6,4,2,1,1,1,3,2,34
0,2,2,2,2,1677,0,1,0,0,2,1,3,2,1,0,1,0,0,1,6,0,1,0,2,1,1,4,0,0,2,1,1,0,1,0,2,6,4,3,0,1,1,3,2,34
0,0,0,2,2,4999,0,0,0,0,2,0,0,0,0,1,1,0,0,1,1,1,1,0,0,1,0,0,1,1,1,2,0,0,-1,0,1,6,3,2,1,2,1,2,1,27
1,0,1,2,2,22845,1,1,0,0,2,1,1,1,1,0,2,0,0,1,6,0,1,2,0,1,1,4,1,1,2,1,1,1,1,1,2,6,3,3,1,2,1,3,4,24
1,0,3,3,2,20594,1,1,0,0,2,1,3,2,1,0,2,1,0,1,12,1,1,1,2,1,1,4,1,1,2,1,1,1,1,0,3,6,4,3,1,1,3,3,3,34
0,2,1,2,2,26765,0,1,1,2,1,1,3,2,1,0,2,0,0,1,6,0,1,1,2,1,1,4,1,1,2,1,0,1,1,2,2,6,3,3,1,2,1,3,4,33
0,0,1,3,2,19211,1,1,0,0,2,1,1,2,1,0,2,1,0,1,12,0,1,1,2,1,1,4,1,1,2,1,0,1,1,5,3,6,3,3,1,2,1,3,1,29
0,2,1,2,1,7437,0,1,0,0,2,1,1,2,1,0,2,0,0,1,4,0,1,0,2,1,1,4,1,1,2,1,1,1,1,5,2,3,3,3,0,1,1,3,1,27
0,0,2,3,2,6372,1,0,0,0,2,1,1,1,0,0,2,1,1,1,12,0,1,1,1,1,1,4,1,1,2,1,1,1,-1,0,1,6,4,2,1,1,3,3,0,23
0,0,0,2,2,10021,0,1,0,0,2,1,3,1,0,0,2,1,6,1,6,0,1,0,0,1,0,4,1,1,2,1,1,1,1,3,2,6,3,3,1,1,3,3,4,28
0,2,3,3,2,-1,0,0,0,0,2,1,3,1,1,0,1,0,0,1,4,0,1,0,0,1,1,4,1,1,2,1,0,1,2,4,2,6,3,2,0,3,3,3,1,34
0,0,0,3,2,6510,0,1,0,0,2,1,3,1,1,0,1,0,0,1,12,1,1,0,0,1,1,4,1,0,2,1,1,3,2,3,3,6,3,3,1,1,1,3,3,31
1,0,2,0,2,20307,1,1,0,0,2,1,3,1,1,0,2,0,0,1,12,1,1,2,1,1,1,4,1,1,2,1,1,3,2,5,0,6,3,2,1,2,3,3,4,34
1,0,2,1,2,25026,1,1,1,2,2,1,1,1,0,0,2,1,3,1,6,1,1,0,1,1,1,4,1,1,2,1,0,1,2,2,2,6,3,3,1,1,1,3,4,28
0,1,2,3,2,3539,0,1,3,2,2,1,1,2,0,1,2,0,0,1,12,0,1,0,1,1,1,4,0,1,2,1,1,2,-1,0,2,6,4,2,1,1,1,3,0,34
0,0,2,2,2,4052,0,1,0,0,2,1,1,2,1,0,2,0,0,1,12,0,1,0,0,1,1,4,1,0,2,1,1,1,0,0,3,6,4,3,1,1,1,3,1,33
1,0,1,2,2,18723,1,1,0,0,2,1,3,2,1,0,1,0,0,1,1,1,1,0,0,1,1,4,1,1,2,1,0,1,1,0,2,6,3,2,1,2,1,3,4,32
1,0,2,2,2,14327,1,1,0,0,2,1,3,2,1,0,1,1,2,1,6,1,1,1,0,5,1,4,1,1,2,1,1,1,2,3,2,5,3,3,1,1,1,3,3,28
0,0,2,3,2,6952,0,1,1,1,2,1,3,2,1,0,2,1,3,1,12,1,1,1,2,1,1,4,1,1,2,1,1,1,1,0,3,6,3,2,1,1,0,3,2,34
1,0,1,2,2,28923,1,1,0,0,2,1,3,2,1,0,2,1,4,1,4,0,1,1,1,1,1,4,1,1,2,1,1,1,0,0,3,6,3,3,1,1,1,3,1,33
0,2,1,3,2,-1,0,0,1,2,2,1,1,2,1,0,2,0,0,1,4,0,1,2,2,1,1,4,1,1,2,1,1,1,0,0,2,6,4,3,1,2,1,3,2,31
0,2,1,3,2,8170,1,1,1,2,2,1,3,2,1,0,2,0,0,1,12,1,1,2,1,1,1,4,1,1,2,1,1,1,1,0,2,6,4,2,1,1,0,3,3,31
0,0,2,3,2,10106,0,1,1,2,2,1,1,1,1,0,2,0,0,1,3,0,1,0,1,1,1,4,1,1,2,1,1,1,2,2,1,6,4,2,1,1,1,3,4,22
0,2,3,2,1,22974,0,1,0,0,2,1,3,2,1,0,1,1,2,1,6,1,1,0,2,1,1,4,1,0,2,1,1,1,2,3,3,6,4,3,1,1,1,3,4,32
0,2,2,2,2,16564,0,1,0,0,2,1,1,2,1,0,1,0,0,1,4,1,1,0,2,1,1,4,1,0,2,1,1,1,1,0,3,6,3,3,1,1,3,3,0,34
0,2,2,2,2,21160,1,1,0,0,2,1,1,1,0,1,1,1,1,1,6,0,1,1,2,1,1,4,1,1,2,1,0,1,2,3,3,5,3,3,1,1,3,3,4,33
0,2,3,3,2,21560,1,1,1,1,2,1,3,1,1,0,2,0,0,1,6,1,1,0,2,1,1,4,1,1,2,1,1,1,2,1,2,6,4,3,0,3,1,2,3,29
0,0,0,2,2,11730,0,1,1,1,2,1,1,2,1,0,2,0,0,1,41,1,1,1,0,1,1,4,0,1,2,1,0,1,2,5,2,5,3,3,1,3,3,3,2,32
0,2,2,3,2,59740,0,1,0,0,2,1,3,1,1,0,1,0,0,1,12,1,1,0,2,1,1,4,1,1,2,1,1,3,2,4,3,6,4,3,0,1,1,3,3,0
1,0,2,2,2,21486,1,0,0,0,2,1,1,2,1,0,2,1,1,1,5,0,1,1,1,1,1,4,1,1,2,1,0,1,-1,0,1,6,4,3,1,1,3,3,0,30
0,2,3,2,2,8157,0,1,0,2,2,1,3,2,1,0,2,0,0,1,12,0,1,1,0,1,1,4,1,1,2,1,1,1,1,0,2,5,3,3,1,3,0,3,2,31
0,0,2,2,2,376,0,1,1,1,1,1,3,1,1,0,2,0,0,1,4,0,1,0,2,1,1,4,1,1,2,1,1,1,1,1,3,6,2,2,1,1,1,3,0,34
1,0,2,1,2,9287,1,1,1,2,2,1,1,2,1,0,2,0,0,1,12,0,1,1,0,1,0,4,1,1,1,1,1,1,-1,0,2,6,3,3,1,2,1,3,2,32
0,0,2,1,2,15137,0,1,0,0,2,1,1,1,1,0,2,0,0,1,4,0,1,0,0,4,0,4,1,1,2,1,1,1,1,5,2,6,3,3,1,2,1,3,1,32
1,0,0,1,2,-1,0,1,0,1,2,1,1,1,1,0,1,0,0,1,4,0,1,0,0,1,1,4,1,1,1,1,0,1,1,0,2,6,3,3,1,0,0,3,1,32
1,0,1,2,2,19886,0,1,0,0,2,1,1,1,0,0,2,1,1,1,6,1,1,1,1,1,1,4,1,1,2,1,1,1,1,1,3,6,3,3,1,1,0,3,2,30
0,0,2,3,2,6541,0,1,0,0,2,1,3,2,1,0,1,1,1,1,12,1,1,1,2,1,1,4,1,1,2,1,0,1,1,0,2,6,4,3,1,1,1,3,2,32
0,0,1,2,2,5240,0,1,0,0,2,1,1,2,1,0,0,0,0,1,4,0,1,0,1,1,0,4,1,1,2,1,1,1,0,0,1,6,3,2,1,1,1,3,0,33
0,0,2,2,2,3025,0,1,1,1,2,1,1,2,0,1,2,0,0,1,4,0,1,1,0,1,0,4,0,1,2,2,1,1,1,5,1,6,4,3,1,1,1,3,4,28
0,2,1,3,1,11295,1,1,0,1,2,1,1,1,1,0,2,0,0,1,12,0,1,0,2,1,1,4,1,0,2,1,1,1,-1,0,1,2,4,3,0,1,1,3,3,31
0,2,1,3,1,8161,1,0,1,2,2,1,3,2,1,0,2,1,12,1,12,0,1,1,2,1,1,4,1,0,2,1,0,1,1,5,3,6,4,3,1,3,1,3,2,34
0,0,1,3,2,36665,0,1,2,2,2,1,3,2,1,0,1,1,2,1,6,1,1,1,2,5,1,4,0,1,2,1,1,1,1,4,2,6,3,2,1,1,0,3,3,30
1,0,2,2,2,25312,1,1,0,0,2,1,1,2,1,0,2,0,0,1,12,0,1,1,1,1,1,4,1,1,2,1,1,1,1,0,2,5,4,3,1,3,0,3,3,29
0,0,0,0,2,-1,1,1,0,0,2,1,1,2,1,0,1,0,0,1,41,1,1,2,0,4,0,0,1,1,1,2,0,1,1,0,1,6,3,2,1,2,0,1,1,25
0,0,2,1,2,2440,0,1,0,0,2,1,3,1,1,0,0,0,0,1,4,1,1,0,0,1,0,4,1,0,2,1,1,3,0,0,0,6,3,2,1,2,1,2,0,33
0,2,2,2,2,18760,0,1,0,0,0,1,3,2,1,0,2,0,0,1,12,0,1,2,1,1,1,4,0,1,2,1,1,1,2,3,2,6,4,3,1,1,1,3,1,32
0,0,2,3,2,-1,1,1,0,1,2,1,1,2,1,0,0,0,0,1,4,0,1,0,1,1,0,4,1,1,1,1,1,1,0,0,0,6,4,2,1,2,1,2,0,25
1,2,2,0,1,12301,1,1,2,1,2,1,3,1,1,0,2,0,0,1,12,1,1,2,1,1,1,4,1,1,2,1,1,1,1,4,2,6,4,3,0,3,1,3,3,34
0,0,0,0,2,6901,0,1,0,0,2,1,1,2,1,0,1,1,2,1,2,0,1,0,0,1,0,4,0,1,1,2,0,1,1,0,1,6,3,2,1,2,1,2,2,33
0,0,2,3,2,1667,0,1,0,0,2,1,1,2,1,0,2,0,0,1,4,0,1,0,1,1,1,4,1,0,2,1,0,2,1,0,2,6,4,3,1,1,1,3,4,32
0,0,0,3,2,-1,1,1,1,2,2,1,1,2,1,0,0,0,0,1,12,0,1,1,1,1,1,4,1,0,2,1,1,1,0,0,1,6,3,2,1,3,1,3,0,27
0,0,2,2,2,-1,1,1,0,0,2,1,3,2,1,0,1,0,0,1,12,1,1,1,1,1,1,4,1,1,2,1,0,1,-1,0,3,6,3,3,1,1,1,3,4,32
1,0,1,2,2,17904,1,1,0,0,2,1,1,2,1,0,2,1,12,1,12,0,1,0,1,1,1,4,1,1,2,1,1,1,1,0,3,6,4,3,1,2,3,3,0,32
0,2,2,2,2,6094,0,1,0,0,2,1,1,2,0,1,2,0,0,1,6,0,1,0,1,1,1,4,1,1,2,1,1,1,1,5,2,6,3,3,0,1,3,3,3,34
0,0,2,2,2,9157,1,1,2,1,2,1,1,2,1,0,1,0,0,1,12,1,1,0,1,1,1,4,1,0,2,1,1,1,1,0,2,6,3,3,1,1,1,3,3,27
0,0,1,2,2,5126,0,1,0,0,2,1,1,2,1,0,1,0,0,1,12,1,1,0,0,4,1,4,1,1,2,1,1,1,-1,0,2,6,4,2,1,3,1,1,2,33
0,0,0,1,2,-1,0,1,1,2,2,0,0,0,0,0,1,1,1,1,4,1,1,2,1,4,0,2,1,0,2,1,1,0,1,0,1,6,3,2,1,1,1,3,4,28
0,0,1,1,2,1082,1,0,0,0,2,1,1,1,1,0,0,0,0,1,4,0,1,0,0,1,1,4,0,1,1,2,1,1,0,0,2,6,3,2,1,0,0,3,0,33
1,0,1,2,2,3366,0,0,1,2,2,1,1,1,1,0,0,0,0,1,6,0,0,0,0,1,0,4,1,1,1,1,1,1,0,0,3,6,1,2,1,2,1,3,0,33
0,1,2,3,1,3014,1,1,0,0,2,1,1,1,1,0,3,0,0,1,12,0,1,1,2,1,1,4,0,0,2,1,1,1,2,1,2,6,4,3,0,1,1,2,2,34
0,0,1,3,2,73106,1,1,1,1,2,1,3,2,1,0,1,1,1,1,12,1,1,1,0,1,1,4,1,1,2,1,1,1,1,0,2,6,3,3,1,1,3,2,3,32
1,0,1,2,2,18329,0,1,0,0,2,1,1,2,1,0,2,0,0,1,4,0,1,0,2,1,1,4,1,1,2,1,1,1,0,0,3,6,2,2,1,3,0,3,0,33
0,0,2,2,2,16969,0,1,0,0,2,1,1,2,0,0,2,0,0,1,4,0,1,1,1,1,1,4,0,1,2,1,1,1,2,3,3,6,4,3,1,0,1,3,1,33
0,0,2,0,2,686,1,1,1,0,2,1,1,2,1,0,2,0,0,1,12,0,1,1,2,1,1,4,1,1,2,2,1,2,1,4,2,6,4,3,1,0,1,3,0,32
1,0,1,2,2,567,1,1,0,0,2,1,1,2,1,0,2,0,0,1,12,0,1,1,1,1,1,4,1,1,2,1,1,2,1,1,3,6,4,3,1,3,3,3,0,28
1,0,1,2,2,36504,1,1,0,0,2,1,1,2,1,0,2,0,0,1,6,0,1,1,2,1,1,4,1,0,2,1,1,1,1,5,3,6,4,3,0,1,1,3,0,33
0,0,0,3,1,10257,0,1,0,0,1,1,3,1,0,0,3,0,0,1,12,1,1,0,2,1,1,4,1,1,2,2,0,1,1,0,3,6,3,2,0,0,2,1,3,32
1,0,0,1,2,11400,0,1,0,1,1,1,3,2,1,0,1,0,0,1,4,1,1,0,0,1,0,3,0,1,2,1,1,1,1,0,2,3,3,2,1,2,1,2,4,31
0,0,1,0,2,5019,0,1,0,0,2,1,3,2,0,0,2,0,0,1,4,1,1,0,1,1,1,4,0,1,1,2,0,1,1,5,2,5,3,2,1,3,3,3,2,26
1,1,0,1,2,-1,0,1,1,2,2,0,0,0,1,0,2,0,0,1,4,0,1,1,0,1,0,1,0,1,1,1,1,0,-1,0,2,6,3,2,1,1,1,1,2,31
0,0,0,3,2,4068,0,1,1,2,2,1,1,1,1,0,0,0,0,1,12,0,1,0,1,1,1,4,1,1,2,1,1,1,0,0,1,6,4,2,1,3,1,1,0,32
0,0,0,2,2,2339,0,1,0,0,2,1,1,2,0,1,2,0,0,1,4,0,1,1,0,1,0,4,1,1,2,1,1,3,1,5,3,6,3,3,1,1,2,1,0,33
0,0,0,1,2,-1,0,1,0,0,2,1,1,1,1,0,2,1,12,0,0,1,1,0,0,1,1,4,1,1,2,1,0,1,1,0,2,6,3,3,1,2,1,3,4,32
0,0,2,2,2,10217,0,1,0,0,2,1,3,1,1,0,2,0,0,1,12,1,1,1,1,1,0,4,1,1,1,1,1,1,2,5,3,6,3,3,1,1,1,3,2,32
0,0,2,3,2,1236,1,1,0,0,2,1,1,1,1,0,2,0,0,1,12,0,1,0,2,1,1,4,1,1,2,1,1,1,2,1,2,6,4,2,1,3,3,3,2,33
1,2,2,2,2,42605,1,1,0,2,2,1,3,2,1,0,2,0,0,1,6,1,1,0,1,5,1,4,1,1,2,1,1,3,2,5,3,6,4,3,1,3,3,3,3,29
0,2,2,0,2,31902,0,1,1,1,2,1,3,2,1,0,2,0,0,1,8,0,1,1,1,1,1,4,0,1,2,1,1,0,1,0,2,6,4,3,1,1,0,3,1,33
1,0,0,2,2,6297,1,1,0,1,2,1,3,1,0,0,2,1,6,1,6,1,1,1,0,1,0,3,0,1,1,1,1,1,1,0,3,5,3,3,1,2,0,3,3,34
0,2,0,2,1,11672,0,0,1,0,2,1,1,2,1,0,1,0,0,1,6,0,1,0,1,1,1,4,0,0,2,1,1,1,-1,0,2,5,3,3,1,2,3,3,0,34
1,0,2,2,2,5388,1,1,0,0,2,1,1,2,1,0,2,0,0,1,4,0,1,1,0,1,0,4,1,1,2,1,0,2,1,0,3,3,3,2,1,1,0,3,0,33
1,0,2,2,2,13792,1,1,0,0,2,1,1,1,1,0,2,0,0,1,12,0,1,1,2,1,1,4,1,0,2,1,1,1,0,0,3,6,3,3,1,1,1,3,3,33
0,0,0,2,2,583,0,0,1,1,2,1,1,2,0,0,2,0,0,1,4,0,1,2,2,1,1,4,1,1,2,1,1,3,1,3,3,6,4,2,1,3,3,1,2,32
0,2,2,2,2,1572,1,1,0,0,2,1,3,1,1,0,2,0,0,1,12,1,1,0,2,1,1,4,0,1,2,1,1,1,1,5,2,6,4,3,1,3,1,3,1,34
1,2,1,2,2,13104,1,1,0,0,2,1,3,1,1,0,1,0,0,1,12,1,1,0,1,1,1,4,1,1,2,1,1,1,2,4,2,6,3,3,0,1,1,3,4,34
0,0,1,2,2,10451,1,0,1,1,2,1,3,1,1,0,2,0,0,1,4,1,1,1,1,4,1,4,1,1,2,1,1,1,-1,0,1,6,4,3,1,2,1,3,2,32
1,2,2,3,2,25843,0,1,0,0,2,1,1,1,0,0,0,0,0,1,4,0,1,0,2,4,1,4,1,1,2,1,1,1,0,0,3,6,4,3,1,1,3,3,0,33
0,0,2,2,2,5291,1,0,0,0,2,1,1,1,0,0,2,0,0,1,6,0,1,1,0,1,1,4,1,1,1,1,1,1,1,0,2,6,4,3,1,1,1,3,4,24
0,0,1,1,2,2483,1,1,0,0,2,1,1,2,1,0,1,0,0,1,4,1,1,1,1,1,0,4,1,1,2,1,0,1,1,0,2,6,2,2,1,1,1,3,1,34
0,0,0,2,2,1315,0,1,2,1,2,0,0,0,0,0,1,0,0,1,4,0,1,1,2,1,1,4,1,1,2,1,1,0,1,3,3,6,3,3,1,1,1,3,3,34
1,0,0,1,2,-1,0,1,0,0,2,0,0,0,0,1,2,0,0,1,6,1,1,1,1,1,0,4,1,1,1,2,0,0,-1,0,2,6,4,2,1,0,1,2,0,34
1,0,3,2,2,3525,1,1,1,1,2,1,3,2,1,0,1,0,0,1,6,0,1,1,2,1,1,4,1,1,2,1,1,1,1,0,2,6,4,3,1,1,1,3,0,34
1,0,1,1,2,-1,1,1,1,2,2,1,1,2,1,0,1,1,1,1,4,1,1,1,1,4,1,2,0,1,2,1,1,3,1,0,2,5,4,3,1,1,1,3,1,34
0,2,0,0,1,11856,0,1,0,0,2,1,1,2,1,0,0,0,0,0,0,0,1,0,2,1,1,4,1,1,2,2,1,1,0,0,0,6,4,0,0,1,3,1,0,0
0,0,2,3,2,0,1,1,0,0,2,1,1,2,1,0,2,0,0,1,2,1,1,1,0,1,1,4,1,1,2,1,1,1,1,0,1,6,4,2,1,2,0,1,2,33
0,0,1,2,2,5384,1,0,0,0,2,1,1,2,1,0,0,0,0,1,4,0,1,0,1,4,1,4,1,0,2,1,1,3,0,0,3,6,4,3,1,2,1,3,0,32
0,2,2,2,2,21317,1,1,1,2,2,1,1,2,1,0,2,0,0,1,4,0,1,0,2,1,1,4,1,1,2,1,0,1,1,5,2,6,3,3,0,1,1,3,0,33
1,0,1,3,2,0,1,1,0,0,2,1,1,2,1,0,1,0,0,1,12,1,1,0,2,1,1,4,1,1,2,1,1,1,1,0,2,5,2,3,1,1,1,3,4,34
0,0,3,1,2,70,1,1,3,0,2,1,1,2,1,0,1,0,0,1,4,0,1,2,1,1,1,2,1,1,1,1,0,1,0,0,3,6,3,2,1,2,1,3,2,31
0,0,1,0,2,-1,0,1,0,0,2,1,1,2,1,0,2,0,0,1,4,0,1,1,1,1,0,4,1,0,1,1,1,2,1,4,2,6,4,2,1,1,1,3,0,33
0,2,0,2,2,12494,0,1,0,0,2,1,1,2,1,0,2,0,0,1,12,0,1,0,2,1,1,4,1,1,2,1,1,1,1,0,3,6,4,3,1,1,3,3,0,32
0,0,2,0,2,1994,0,1,0,0,2,1,3,2,0,1,1,0,0,1,2,0,1,2,0,4,0,4,1,1,2,1,0,1,1,0,1,6,4,3,1,2,0,3,4,32
1,0,2,3,2,12165,1,0,0,2,2,1,3,2,1,0,1,0,0,1,12,1,1,1,0,1,1,4,1,1,2,2,1,1,1,0,1,6,4,3,1,3,0,3,4,34
0,0,0,2,2,3491,0,1,0,0,2,0,0,0,0,0,2,0,0,1,2,0,1,2,0,1,1,4,1,1,2,1,1,0,-1,0,3,6,4,2,1,2,1,3,2,24
0,2,1,2,2,5174,0,1,0,0,2,1,3,1,1,0,1,0,0,1,2,1,1,1,1,2,1,4,1,1,2,1,0,1,1,0,3,6,4,3,1,1,0,2,3,33
0,0,1,3,2,1106,0,1,0,0,2,1,3,2,1,0,1,0,0,1,6,1,1,0,2,1,1,4,1,1,2,1,1,1,2,5,2,6,4,3,1,1,1,3,4,31
0,0,2,3,2,6215,0,1,0,0,2,1,1,2,1,0,2,0,0,1,12,1,1,0,2,4,1,4,1,1,2,1,0,1,-1,0,3,6,2,3,1,1,3,3,1,25
0,2,2,3,2,25162,1,1,0,0,2,1,3,2,1,0,1,0,0,1,12,1,1,1,0,1,1,4,1,1,2,1,1,1,1,5,2,6,4,3,1,1,3,3,4,33
1,0,2,2,2,-1,1,1,0,2,2,1,1,2,1,0,2,1,2,1,12,0,1,1,0,1,1,4,1,1,2,1,1,1,1,3,2,6,4,3,1,0,3,3,2,34
1,2,3,2,2,13214,1,1,1,1,2,1,3,1,1,0,1,0,0,1,12,1,1,1,2,1,1,4,1,1,2,1,1,1,1,0,2,6,3,3,1,1,1,2,4,34
1,0,2,2,2,13994,1,0,1,2,2,1,1,2,1,0,2,0,0,1,12,0,1,0,1,1,1,4,1,1,2,1,0,1,1,0,3,6,4,3,1,2,1,3,0,32
0,2,2,2,2,431,0,1,2,2,2,1,3,1,1,0,0,0,0,1,4,1,1,0,0,1,1,4,1,1,2,1,1,1,0,0,2,6,3,2,1,0,0,2,0,29
1,0,2,2,2,11545,0,0,0,1,2,1,1,1,1,0,2,1,2,1,6,0,1,2,1,1,1,4,1,1,2,1,1,1,2,4,3,6,4,2,1,1,3,3,3,34
1,0,1,2,2,-1,1,0,1,1,2,1,1,1,1,0,0,0,0,1,4,0,1,0,1,1,0,4,1,0,2,1,1,1,0,0,2,6,3,3,1,2,1,3,0,32
0,1,0,0,2,6890,0,0,1,1,2,1,1,2,1,0,0,0,0,1,3,0,1,0,0,1,0,0,0,0,1,2,0,1,0,0,1,3,3,2,1,2,3,0,0,33
1,0,2,2,2,7321,1,1,0,0,2,1,1,1,1,0,2,0,0,1,12,0,1,0,1,1,1,4,1,1,2,1,1,1,0,0,2,6,3,3,1,2,1,3,0,30
1,0,1,2,2,24387,1,1,2,0,2,1,1,2,1,0,2,0,0,1,12,0,1,0,1,1,1,4,1,1,2,1,1,1,-1,0,3,6,4,3,1,2,1,3,0,33
0,0,2,2,2,9604,0,1,0,0,2,1,3,2,0,0,2,0,0,1,12,1,1,0,0,1,1,4,1,1,2,1,0,1,-1,0,2,6,3,3,1,2,1,2,2,31
0,2,2,2,2,12283,0,1,0,0,2,1,3,2,0,0,1,0,0,1,12,1,1,2,1,1,1,4,1,1,2,1,1,1,2,3,2,6,4,3,0,3,0,3,4,34
0,0,1,2,2,2901,0,0,1,0,2,1,1,1,1,0,2,0,0,1,3,0,1,0,1,1,1,4,1,1,2,1,1,1,-1,0,2,6,4,3,1,1,1,3,3,32
0,0,1,2,2,8397,0,0,0,2,2,1,1,1,1,0,0,0,0,0,0,0,1,0,2,1,1,4,1,0,2,1,0,1,0,0,2,6,2,2,1,1,3,3,0,34
0,0,2,2,2,5601,1,1,0,0,2,0,0,0,0,0,2,0,0,1,3,1,1,2,1,1,1,4,1,1,1,2,1,0,1,0,1,6,4,2,1,2,1,3,1,34
0,0,1,2,2,4380,0,1,0,0,2,1,3,2,0,1,2,0,0,1,6,1,1,0,0,1,1,4,1,1,2,1,1,1,1,0,3,6,4,2,1,2,1,2,2,31
1,0,1,2,2,6790,0,1,0,0,2,1,1,2,1,0,2,0,0,1,6,1,1,1,0,1,0,4,1,0,2,1,1,3,2,1,2,6,3,3,1,2,3,3,4,34
0,0,1,3,2,1349,0,1,0,0,2,0,0,0,1,0,2,1,1,1,12,0,0,0,2,1,1,4,1,1,2,1,0,0,1,0,2,6,1,2,1,3,2,3,0,33
1,0,1,2,2,-1,0,1,0,0,2,1,1,1,0,0,1,0,0,1,2,1,1,2,0,1,0,4,1,1,2,1,1,3,1,0,2,6,3,3,1,1,1,3,0,32
0,0,2,2,2,394,0,1,0,0,2,1,1,2,1,0,1,0,0,1,12,0,1,0,2,1,1,4,1,0,2,1,1,1,1,0,2,6,3,3,1,3,3,3,0,32
0,0,0,2,2,-1,0,1,3,1,2,1,2,1,1,0,2,1,12,1,3,1,1,1,2,1,1,4,1,0,2,2,1,1,-1,0,3,6,3,3,1,3,2,2,0,28
0,1,0,1,2,5047,0,1,0,0,2,1,3,2,0,1,2,0,0,1,4,1,1,2,0,4,1,2,1,1,1,2,1,1,1,0,1,6,3,2,1,2,3,3,3,25
1,0,0,1,2,2728,0,1,1,1,2,1,3,2,0,0,1,0,0,1,4,1,1,0,1,2,0,4,1,0,1,1,1,1,1,0,1,3,3,2,1,1,0,3,3,33
0,0,2,2,2,5191,1,1,0,1,2,1,1,2,0,1,2,0,0,1,4,0,1,1,0,1,1,4,1,1,2,1,1,1,2,1,2,6,3,2,1,2,1,3,3,32
0,0,2,2,2,46450,0,1,1,1,2,1,1,2,1,0,0,0,0,1,12,0,1,2,2,1,1,4,1,1,2,1,1,3,0,0,3,6,3,3,1,1,0,3,0,32
0,0,0,1,2,-1,0,1,0,0,2,1,3,2,1,0,1,0,0,1,12,1,1,0,1,1,1,4,1,0,2,1,1,1,1,0,2,6,4,3,1,1,1,3,4,34
0,0,0,3,2,955,1,0,0,0,2,1,1,2,0,1,2,1,6,1,12,0,1,1,2,1,1,4,1,1,2,1,1,1,1,4,2,6,4,2,1,3,1,3,0,32
0,0,2,3,2,-1,0,1,0,0,2,1,2,1,1,0,2,1,2,1,6,0,1,1,1,1,1,4,1,1,2,1,1,2,1,5,3,6,3,2,1,0,0,3,1,25
0,0,1,1,2,3728,1,0,0,0,2,1,1,2,1,0,1,0,0,1,4,0,1,1,0,2,0,1,1,1,2,1,1,1,1,0,1,6,3,2,1,2,1,1,3,25
0,0,2,2,2,1753,0,1,0,2,2,1,1,2,1,0,2,0,0,1,4,0,1,0,2,4,1,4,1,1,2,1,1,1,1,5,3,6,4,3,1,1,1,3,0,34
0,0,2,2,2,14647,0,1,0,0,2,1,1,2,1,0,2,0,0,1,4,0,1,2,0,1,1,4,1,0,2,1,1,3,2,5,0,6,4,2,1,1,1,2,0,33
0,2,0,2,2,27918,1,1,0,0,2,1,1,2,1,0,2,1,4,1,4,0,1,1,1,1,1,4,1,1,2,1,1,2,1,5,3,6,3,3,1,1,3,3,3,32
0,2,2,3,2,8087,0,0,1,1,2,1,3,2,1,0,2,0,0,1,4,1,1,1,1,1,1,4,1,1,2,1,0,3,2,5,3,6,3,2,1,1,1,3,4,34
0,2,3,3,2,15073,1,1,2,1,2,1,3,2,1,0,1,1,6,1,6,1,1,0,1,1,1,4,1,0,2,1,1,1,2,5,0,6,3,2,0,1,1,3,3,29
1,0,2,3,2,13355,1,0,0,0,2,1,1,1,1,0,1,0,0,1,12,0,1,2,2,1,1,4,1,0,2,1,1,1,1,0,2,6,4,3,1,1,1,3,1,25
0,0,2,1,2,2319,0,1,0,0,2,1,3,2,0,0,2,0,0,1,12,0,1,2,0,1,1,4,1,1,2,1,1,3,2,1,2,6,3,3,1,1,0,3,4,34
0,2,2,2,2,-1,0,1,1,1,2,1,1,2,1,0,2,0,0,1,4,0,1,1,2,1,1,4,1,0,2,1,1,3,0,0,3,6,4,3,0,1,0,3,3,31
0,0,1,1,2,7019,1,0,1,1,2,1,1,1,1,0,2,0,0,1,4,0,1,1,0,1,0,4,1,1,1,1,1,1,-1,0,1,6,3,3,1,2,0,3,4,25
0,0,0,2,2,-1,0,0,2,2,2,1,1,1,1,0,0,0,0,1,12,0,1,0,0,1,0,4,1,1,1,2,0,1,0,0,0,6,3,0,1,2,3,3,0,22
0,0,0,0,2,4636,0,1,0,0,2,1,3,2,1,0,1,1,6,1,6,0,1,1,1,4,1,4,1,1,2,1,1,3,2,3,2,6,3,2,0,1,1,3,1,32
1,0,1,2,2,158,1,1,0,0,2,1,1,1,1,0,0,1,2,1,0,0,1,2,0,1,1,4,1,1,1,1,1,1,0,0,1,6,3,2,0,1,1,0,0,19
1,0,1,1,2,9247,1,1,2,2,2,1,1,2,1,0,1,0,0,1,4,1,1,1,0,1,0,4,1,1,1,1,1,1,1,5,2,5,4,3,1,2,1,3,4,31
0,0,2,3,2,73,0,1,0,0,2,1,3,2,1,0,2,1,2,1,5,0,1,0,1,1,1,4,1,1,2,1,1,1,1,5,2,6,4,3,1,2,1,3,1,32
1,0,1,1,2,8507,0,0,0,0,2,1,3,2,1,0,2,0,0,1,3,1,1,1,1,1,1,4,1,0,2,1,1,1,1,0,2,6,4,3,1,1,1,3,2,34
0,2,1,2,2,28496,0,1,0,0,2,1,3,2,1,0,2,1,4,1,12,1,1,1,2,1,1,4,1,0,2,1,1,1,2,4,2,6,3,3,1,1,1,3,4,33
0,0,2,2,2,381,0,1,2,2,2,1,1,2,1,0,2,0,0,1,4,0,1,0,2,2,1,4,1,1,2,1,1,1,1,1,2,3,3,0,1,1,3,3,3,32
1,0,2,1,2,9879,0,1,2,1,2,1,3,2,1,0,2,0,0,1,12,1,1,2,0,1,1,4,0,1,2,1,1,3,1,5,1,6,4,3,1,1,3,3,3,34
0,2,2,0,2,10856,0,1,1,1,2,1,3,2,1,0,1,1,2,1,12,1,1,1,2,1,1,4,1,1,2,1,1,1,-1,0,2,6,4,2,1,1,1,3,2,33
1,0,2,1,2,14878,1,1,0,0,2,1,1,2,1,0,2,0,0,1,4,1,1,1,1,1,0,4,1,1,1,1,1,1,1,5,3,6,3,3,1,1,1,3,2,30
0,0,2,2,2,6350,0,1,0,2,2,1,1,2,0,1,2,0,0,1,4,0,1,0,2,1,1,4,1,1,2,1,1,1,0,0,2,6,3,3,1,3,3,3,0,32
1,0,2,2,2,-1,0,1,1,0,2,1,3,2,1,0,2,1,12,1,12,1,1,2,1,1,1,4,1,1,2,1,1,1,2,3,2,6,4,3,1,3,0,3,3,32
1,0,2,2,2,14568,0,1,1,2,2,1,3,2,1,0,1,0,0,1,4,1,1,1,2,1,1,4,1,1,2,1,1,1,-1,0,2,6,4,3,1,1,1,3,1,30
1,0,2,2,2,6642,0,1,1,2,2,1,3,2,1,0,1,0,0,1,10,0,1,0,2,1,1,4,1,1,2,1,1,1,1,0,3,6,4,3,1,1,1,3,4,34
0,0,3,2,2,37641,1,1,0,0,2,1,3,2,1,0,1,0,0,1,6,0,1,1,0,1,1,4,1,1,2,1,1,3,1,4,3,6,3,3,1,2,2,3,1,33
0,2,1,3,2,-1,1,1,2,1,2,1,1,1,1,0,2,0,0,1,4,0,1,1,1,1,1,4,1,0,2,1,1,3,-1,0,3,6,4,3,1,1,1,3,0,34
0,2,2,3,2,2145,1,1,1,1,2,1,3,2,1,0,1,0,0,1,12,1,1,0,2,1,1,4,0,1,2,1,0,1,2,4,3,6,3,3,1,3,0,1,3,31
0,2,1,1,2,888,0,1,0,0,1,1,1,2,0,1,0,1,4,0,0,0,1,1,0,1,0,3,1,0,2,1,1,1,0,0,2,3,3,3,1,2,3,2,0,28
1,2,3,2,2,9669,0,1,0,0,2,1,1,2,1,0,2,0,0,1,6,0,1,1,0,1,1,4,1,1,2,1,1,1,-1,0,1,6,3,3,1,1,3,3,4,30
1,0,2,1,2,4262,0,1,0,1,2,1,3,1,1,0,1,0,0,1,6,1,1,1,1,1,0,3,1,0,1,1,1,1,2,5,2,6,4,2,1,1,0,3,2,34
0,2,1,3,2,3553,1,1,3,1,2,1,1,2,1,0,2,0,0,1,4,0,1,1,1,1,1,4,1,1,2,1,1,1,1,5,3,3,3,3,0,3,0,3,3,31
0,0,2,2,2,15260,0,1,0,0,2,1,1,2,1,0,2,0,0,1,6,0,1,1,2,1,1,4,1,1,2,1,1,1,1,5,1,6,4,3,1,3,3,3,1,31
0,2,2,2,2,20937,0,0,1,0,1,1,1,2,1,0,3,1,10,1,10,0,1,2,2,1,1,4,1,1,2,1,1,1,-1,0,3,6,3,3,1,1,3,3,0,32
0,0,0,1,2,5633,0,1,0,0,2,1,1,2,1,0,2,0,0,1,12,0,1,2,0,1,0,2,0,1,1,1,0,1,1,3,1,5,3,2,1,2,1,3,1,31
0,2,1,3,2,3223,1,1,1,1,2,1,3,1,1,0,1,0,0,1,12,1,1,2,2,1,1,4,1,1,2,1,1,3,1,0,3,6,3,2,1,1,1,3,3,33
1,0,0,0,2,1173,0,1,0,0,2,1,1,1,1,0,1,0,0,1,6,1,1,2,2,1,1,4,1,1,2,1,0,1,1,0,3,6,3,3,1,1,0,3,3,32
0,0,1,0,2,5140,0,1,0,0,2,1,1,1,0,0,2,1,3,1,12,0,1,1,1,1,0,4,1,1,2,1,1,1,-1,0,3,6,2,3,1,2,1,3,3,29
1,2,1,2,1,1221,1,1,1,2,2,1,1,2,1,0,2,0,0,1,7,0,1,0,2,1,1,4,1,1,2,1,1,3,2,4,2,6,4,3,0,3,3,3,4,34
1,2,2,2,2,21764,0,1,0,0,2,1,3,2,1,0,2,0,0,1,12,1,1,0,2,1,1,4,1,0,2,1,1,3,2,2,3,6,3,3,1,1,0,3,3,32
0,0,0,2,2,4644,0,1,0,0,2,1,3,2,1,0,1,0,0,1,4,1,1,2,1,1,0,4,0,1,2,2,0,3,-1,0,2,6,2,3,1,2,3,3,4,32
0,2,2,2,2,2105,0,0,1,2,2,1,1,1,0,1,2,1,1,1,6,0,1,0,0,1,1,4,0,1,2,1,1,1,1,0,3,6,4,3,0,2,1,3,2,31
0,0,1,1,2,6500,1,1,1,2,2,1,1,2,1,0,1,0,0,1,12,1,1,2,0,1,1,4,1,1,1,1,1,1,1,0,2,6,3,2,1,1,3,3,4,28
1,0,2,3,2,32059,0,1,0,0,2,1,1,2,1,0,2,0,0,1,6,0,1,0,2,1,1,4,1,1,2,1,1,2,0,0,3,6,3,3,1,1,3,3,0,33
1,1,2,1,2,10055,0,0,0,0,2,1,1,2,1,0,2,0,0,1,12,0,1,0,0,4,0,4,1,1,2,2,1,1,2,3,0,6,4,3,1,1,2,3,3,34
0,0,0,1,2,-1,0,1,1,1,2,1,3,2,1,0,2,0,0,1,5,1,1,0,0,1,0,2,1,1,1,1,1,1,1,0,2,6,3,2,1,3,0,3,1,30
1,0,2,1,2,18160,0,1,0,0,2,1,1,2,0,1,0,0,0,1,3,0,1,1,1,1,1,4,1,0,2,1,1,2,0,0,1,6,2,3,1,1,3,2,0,30
1,0,1,0,2,10570,1,1,1,1,2,1,3,1,1,0,2,0,0,1,3,0,1,0,0,1,1,4,1,1,2,1,0,1,1,1,2,6,3,3,1,2,3,3,1,32
0,0,1,3,2,17860,1,1,1,1,2,1,1,2,0,1,1,0,0,1,12,0,1,1,2,1,1,4,0,1,2,1,0,1,1,0,1,6,2,2,1,1,3,2,4,30
0,0,0,1,2,8040,0,0,0,0,1,0,0,0,0,0,2,0,0,1,4,0,1,0,0,1,0,0,1,0,1,2,0,0,-1,0,1,6,2,2,1,2,1,1,0,30
1,0,2,2,2,8139,0,1,1,2,2,0,0,0,1,0,0,0,0,1,4,0,1,1,1,2,1,4,1,1,2,1,1,0,0,0,3,6,3,3,1,2,1,3,0,30
0,0,2,1,2,12468,1,0,0,0,2,1,1,2,0,1,1,0,0,1,2,1,1,1,2,1,0,4,1,1,2,1,1,3,1,0,3,6,3,3,1,2,1,3,4,29
0,2,4,0,1,56853,0,1,5,2,2,1,3,2,1,0,1,1,1,1,12,0,1,1,2,1,1,4,1,1,2,1,1,3,2,3,3,6,4,3,0,1,1,3,4,0
0,0,2,2,2,8098,0,1,0,0,2,1,3,2,1,0,2,0,0,1,6,0,1,1,2,1,1,4,0,1,2,1,1,1,1,5,2,6,3,3,1,1,3,3,2,31
1,0,2,2,2,-1,0,1,1,1,2,1,1,2,1,0,2,0,0,1,4,0,1,1,1,1,0,4,1,1,2,1,0,1,2,5,2,6,3,2,1,0,1,3,0,31
0,2,1,3,1,6740,0,1,0,0,2,1,1,2,0,1,2,1,1,1,12,0,1,0,1,1,1,4,1,0,2,2,1,1,0,0,2,6,4,3,1,1,3,3,4,30
0,0,3,0,2,1994,0,0,0,0,2,1,1,1,1,0,0,0,0,1,4,0,1,0,0,1,1,4,1,1,2,1,0,1,0,0,2,6,4,2,1,1,1,3,0,28
0,0,0,1,2,3513,0,1,0,0,2,1,3,2,1,0,2,0,0,1,4,1,1,1,0,1,0,0,1,1,2,2,1,1,1,0,2,6,4,3,1,2,1,3,2,31
1,2,2,2,2,22559,0,1,0,0,2,1,3,1,1,0,1,0,0,1,12,1,1,0,2,1,1,4,1,1,2,1,1,2,2,2,2,5,4,3,1,1,1,3,3,32
1,2,2,2,2,222,0,1,0,1,2,1,1,2,0,1,2,0,0,1,6,0,1,0,1,1,1,4,1,1,2,1,1,1,0,0,2,6,3,3,1,1,1,3,0,33
0,0,1,3,2,8100,0,1,1,1,2,1,3,2,1,0,1,1,10,1,6,1,1,1,2,1,1,4,1,1,2,1,1,1,2,4,1,6,3,2,1,1,1,3,4,30
0,2,2,2,2,10295,1,1,0,0,2,1,1,2,1,0,1,0,0,1,12,0,1,1,0,1,1,4,1,1,2,1,1,1,1,1,2,6,3,3,1,1,1,3,0,29
0,0,1,3,2,-1,0,1,0,0,2,1,3,1,1,0,1,0,0,1,12,1,0,1,1,4,0,4,1,1,1,1,1,0,1,0,2,6,1,2,1,0,1,3,3,25
1,0,2,2,2,99007,0,1,0,0,2,1,3,1,1,0,1,0,0,1,12,1,1,0,1,1,1,4,1,1,2,1,1,1,1,0,2,6,3,3,1,2,1,2,3,27
0,0,3,2,2,26380,0,1,0,0,2,1,3,2,1,0,1,1,9,1,12,1,1,1,2,1,1,4,1,1,2,1,1,3,1,0,2,6,3,3,1,1,3,3,4,33
1,0,1,2,2,23500,0,1,0,2,2,1,1,2,0,1,2,0,0,1,6,1,1,2,1,1,0,4,1,0,2,1,0,3,1,1,2,6,3,3,1,1,0,3,1,33
0,0,2,3,2,7273,0,1,0,1,2,1,1,2,1,0,1,0,0,1,11,0,1,1,1,1,1,4,1,1,2,1,1,1,1,1,0,6,4,3,1,3,1,3,0,32
0,0,1,2,2,3041,0,1,0,0,2,1,1,2,1,0,2,0,0,1,4,0,1,0,1,4,0,3,1,1,2,1,0,1,1,3,2,6,4,0,1,2,0,3,1,34
0,2,3,3,2,23898,1,1,1,2,2,1,3,2,1,0,0,0,0,1,12,0,1,0,2,1,1,4,1,1,2,1,1,1,0,0,3,6,4,3,0,3,0,3,0,32
1,0,2,2,2,18417,0,1,0,0,2,1,3,1,1,0,2,0,0,1,12,0,1,2,2,1,1,4,1,1,2,1,1,1,-1,0,3,6,4,3,1,1,1,3,1,34
1,0,1,1,2,7069,0,1,1,2,2,1,1,1,1,0,1,1,12,1,12,0,1,1,0,1,1,4,1,1,1,1,0,0,1,0,3,6,3,3,1,2,1,3,1,32
0,0,2,0,2,1967,0,1,0,0,2,1,1,2,1,0,2,0,0,1,4,0,1,1,1,1,0,4,1,1,1,1,1,1,1,5,3,6,3,3,1,2,1,3,4,26
0,0,1,1,2,5083,0,1,0,0,2,1,1,2,0,0,2,0,0,1,4,0,1,2,1,2,1,4,1,1,2,1,1,1,-1,2,3,6,3,3,1,2,3,3,2,33
1,0,2,2,2,32768,0,1,0,0,2,1,1,2,1,0,2,1,1,1,1,0,1,0,1,1,1,4,1,1,2,1,1,1,1,5,2,6,3,3,1,1,1,2,1,33
0,2,1,3,1,21416,1,1,0,0,2,1,3,2,1,0,1,0,0,1,12,0,1,0,2,1,1,4,1,1,2,1,0,3,-1,0,2,6,3,3,1,1,3,3,3,33
0,2,2,3,2,15833,0,1,0,0,2,1,1,2,1,0,2,1,4,1,4,0,1,2,2,1,1,4,1,1,2,1,1,1,1,5,2,6,4,3,0,1,1,3,3,34
0,2,2,2,2,7568,0,1,0,0,2,1,3,2,0,1,3,1,6,1,6,0,1,2,2,4,1,4,1,1,2,1,1,1,1,0,2,6,4,3,1,1,1,3,1,33
0,0,2,3,2,27766,0,1,0,0,2,1,1,1,1,0,2,0,0,1,6,0,1,0,0,1,1,4,1,1,2,1,1,3,2,5,3,6,4,2,1,3,1,3,0,33
0,1,2,2,2,5410,1,1,0,0,2,1,3,2,1,0,1,0,0,1,12,1,1,1,1,1,0,4,1,1,1,1,1,1,1,0,1,6,3,2,1,1,1,3,1,29
0,2,2,3,2,3126,0,1,1,2,2,1,1,2,1,0,1,0,0,1,4,1,1,2,2,1,1,4,1,1,2,1,1,1,-1,0,2,6,4,3,1,3,1,2,2,31
1,2,2,0,1,-1,1,1,1,1,2,1,3,1,1,0,1,1,1,1,12,1,1,1,2,1,1,4,1,1,2,1,1,1,0,0,3,6,3,2,0,0,0,3,4,32
0,0,2,2,2,-1,1,0,1,1,2,1,1,1,1,0,0,0,0,1,6,0,1,0,1,1,1,4,1,1,1,1,1,1,0,0,3,6,3,3,1,3,1,3,0,33
0,0,1,2,2,4968,0,1,0,0,2,0,0,0,0,1,1,0,0,1,6,1,1,0,0,1,1,4,1,1,2,1,1,0,1,0,3,6,4,3,1,1,1,3,1,18
1,2,2,1,2,16650,0,1,0,0,2,1,1,1,0,0,1,0,0,1,12,0,1,2,0,1,1,2,0,1,1,1,1,1,1,0,2,6,3,3,0,1,3,3,0,30
0,2,2,3,2,16899,1,1,1,1,2,1,3,2,1,0,1,0,0,1,12,1,1,2,2,5,1,4,1,1,2,1,1,0,2,2,3,6,3,3,0,1,1,3,2,34
0,1,2,3,2,9808,0,1,0,0,2,1,3,2,1,0,2,1,12,1,12,1,1,0,2,1,1,4,1,1,2,1,0,3,1,5,3,6,3,3,1,1,1,3,3,25
0,0,2,2,2,-1,1,1,0,0,2,1,1,1,1,0,2,0,0,1,12,0,1,1,1,4,0,4,1,1,2,2,1,1,1,0,3,6,4,2,1,2,1,3,1,32
0,2,2,2,2,16507,1,1,1,2,2,1,1,2,1,0,1,0,0,1,12,0,1,0,0,1,1,4,1,1,2,1,1,3,-1,1,2,6,4,3,1,1,1,2,2,27
1,2,2,3,2,32277,1,1,0,0,2,1,1,2,1,0,2,0,0,1,5,0,1,0,2,1,1,4,1,1,2,1,1,2,-1,4,2,6,4,3,0,1,1,3,2,34
1,2,2,3,2,15692,0,1,0,0,2,1,1,1,1,0,0,1,10,1,10,0,1,2,2,1,1,4,1,0,2,1,1,1,0,0,3,6,4,3,1,1,1,3,0,31
0,2,0,3,2,13236,0,1,0,0,2,1,1,2,1,0,2,0,0,1,2,0,1,0,2,1,1,4,1,1,2,2,1,2,1,5,1,6,4,3,1,3,0,3,0,33
0,0,0,0,2,2991,0,0,0,1,2,1,1,2,1,0,1,0,0,1,4,1,1,1,1,1,0,4,0,1,1,1,0,1,1,0,1,6,3,3,1,0,3,3,3,26
0,2,2,2,2,34486,1,1,1,2,2,1,3,1,1,0,2,0,0,1,4,0,1,2,1,1,1,4,1,1,2,1,0,1,2,3,2,6,4,3,1,2,1,3,1,33
1,2,3,3,2,23812,0,1,0,2,2,1,1,1,0,1,0,0,0,1,6,0,1,0,2,1,1,4,1,1,2,1,0,1,0,0,2,6,4,3,1,1,1,3,0,33
1,0,2,2,2,5476,0,1,1,2,2,1,3,1,0,0,1,0,0,1,2,1,1,2,0,1,1,4,1,1,2,1,1,3,-1,0,3,6,3,3,1,1,1,2,1,33
0,0,3,3,2,-1,1,0,2,2,2,1,1,2,1,0,1,0,0,1,12,0,1,0,1,1,1,4,1,1,2,1,1,1,1,0,3,6,4,2,1,1,1,3,0,32
1,0,2,2,2,38488,0,1,0,0,2,1,3,1,1,0,2,0,0,1,12,0,1,0,1,1,1,4,1,1,2,1,1,1,1,0,2,6,4,3,1,1,0,3,2,34
1,0,0,2,2,19902,0,0,0,0,2,1,3,1,0,0,2,0,0,1,4,1,1,0,2,1,1,4,1,1,2,1,0,1,-1,0,2,6,2,3,1,1,0,3,4,31
0,0,0,2,2,0,1,0,2,1,2,1,3,2,1,0,2,0,0,1,12,0,1,0,1,1,1,4,1,0,2,1,0,1,-1,0,1,6,2,3,1,3,1,3,1,27
0,0,1,2,2,4266,0,1,1,0,2,1,3,1,1,0,2,0,0,1,12,1,1,1,0,4,0,4,1,1,1,1,1,3,-1,2,3,6,2,3,1,0,1,3,1,18
0,2,3,2,2,22965,1,1,0,0,2,1,3,2,0,1,1,0,0,1,4,1,1,0,2,1,1,4,1,1,2,1,1,1,2,2,3,6,3,3,1,1,3,3,4,33
1,0,2,3,2,12181,0,0,0,0,2,1,3,2,0,1,1,0,0,1,6,1,1,1,1,1,1,4,1,1,2,1,1,1,2,1,3,6,3,3,1,0,1,2,1,33
0,2,2,3,2,12217,1,1,0,0,2,1,3,2,0,1,1,0,0,1,4,0,1,0,1,1,1,4,1,0,2,1,1,3,2,3,3,6,4,2,0,3,1,3,4,29
1,0,3,2,2,8814,0,0,0,0,2,1,3,2,1,0,1,0,0,1,12,0,1,1,1,1,1,4,1,1,2,1,0,1,-1,0,2,6,3,2,1,1,1,3,2,31
0,2,2,2,2,35000,0,1,6,2,2,1,3,2,0,1,1,0,0,1,12,1,1,1,0,1,1,4,1,1,2,1,1,1,2,1,2,6,3,3,1,0,1,3,4,33
0,0,3,2,2,17990,0,1,0,1,2,1,1,2,1,0,2,1,1,1,6,0,1,2,0,5,1,4,1,0,2,1,1,3,2,2,2,6,4,3,1,1,1,3,4,28
1,0,2,2,2,23497,0,1,2,1,2,1,1,2,0,0,2,0,0,1,12,0,1,2,1,1,1,4,1,1,2,1,1,1,2,2,2,6,4,3,1,0,3,3,3,25
0,0,1,2,2,-1,0,0,0,0,2,1,1,1,1,0,2,0,0,1,4,0,1,1,2,1,1,4,1,0,2,1,1,1,1,3,3,6,3,2,1,2,2,3,1,25
0,0,1,2,2,3654,0,0,0,0,2,0,0,0,0,0,1,0,0,1,12,1,1,0,0,1,0,4,0,1,2,2,1,0,-1,0,0,6,3,2,1,2,3,3,0,31
0,0,2,3,2,8988,0,0,0,0,2,1,1,1,1,0,0,1,4,1,4,0,1,0,2,1,1,4,1,1,2,1,1,1,0,0,2,6,3,3,1,1,1,3,0,28
1,2,1,3,2,7077,0,1,1,0,2,1,1,2,0,1,2,0,0,1,2,1,1,0,0,1,1,4,1,1,2,1,1,1,2,1,3,6,4,3,1,0,1,3,4,29
0,0,2,2,2,4157,0,1,2,1,2,1,3,2,0,1,1,1,2,1,12,0,1,2,2,1,1,4,1,0,2,1,1,1,1,0,3,6,3,3,1,2,1,3,4,32
0,0,0,1,2,642,0,1,1,0,2,1,1,2,1,0,2,0,0,1,4,0,1,1,0,1,0,2,1,1,1,1,1,1,-1,0,1,6,3,2,1,1,1,1,2,33
1,0,1,3,2,25095,1,1,0,0,2,1,3,2,0,1,1,1,1,1,4,1,1,1,1,1,1,4,1,1,2,1,1,1,1,0,2,6,3,3,1,3,1,3,3,29
1,2,2,0,1,34173,1,1,0,1,2,1,3,2,1,0,2,0,0,1,4,1,1,0,1,1,1,4,1,1,2,1,1,1,2,3,3,6,3,3,1,0,3,3,4,31
1,0,1,1,2,3262,0,0,0,0,2,1,1,1,0,0,0,0,0,1,6,0,1,1,0,5,0,2,1,1,2,1,0,1,0,0,3,6,3,3,1,2,1,3,0,28
0,0,2,2,2,27978,1,1,2,2,2,1,3,1,1,0,2,0,0,1,6,0,1,1,1,1,1,4,1,1,2,1,0,1,-1,0,3,5,4,3,1,3,1,3,4,30
0,1,0,3,1,9968,1,1,1,0,2,1,3,2,1,0,3,0,0,1,12,0,1,0,1,1,1,4,1,1,2,2,1,1,1,1,3,6,3,3,0,3,3,3,2,34
0,0,2,3,2,-1,0,1,0,0,2,1,1,1,1,0,2,1,4,1,19,0,1,1,0,1,1,4,1,1,1,2,1,3,-1,0,2,6,2,2,1,2,0,3,2,0
0,0,2,3,2,45622,0,1,0,0,2,1,1,2,1,0,0,0,0,1,4,0,1,0,1,1,1,4,1,1,2,1,1,1,0,0,0,6,3,2,1,2,1,3,0,33
1,0,2,0,2,15922,0,1,0,0,2,1,1,1,1,0,1,0,0,1,3,0,1,1,1,1,1,4,0,1,2,1,1,1,1,0,2,6,3,3,1,2,1,3,4,32
0,0,1,2,2,-1,0,0,1,2,2,1,1,2,1,0,2,0,0,1,12,0,1,2,1,1,1,4,0,1,2,1,0,1,-1,0,2,6,4,3,1,1,1,3,3,32
0,2,1,2,1,29166,1,1,0,0,2,1,3,2,1,0,1,1,1,1,6,1,1,0,2,1,1,4,1,0,2,1,1,3,1,0,3,6,4,3,1,3,1,3,4,32
0,2,2,2,1,12364,1,1,1,2,2,1,3,1,0,1,1,1,4,1,4,1,1,2,1,1,1,4,1,1,2,1,1,1,1,0,3,6,4,3,1,3,0,3,3,33
1,0,2,1,2,3704,1,1,0,0,2,1,3,2,1,0,2,0,0,1,12,0,1,1,0,4,0,4,1,1,1,1,0,1,-1,0,2,6,3,3,1,0,1,3,2,32
1,1,3,2,2,17511,1,1,0,0,2,1,3,2,1,0,2,0,0,1,12,0,1,0,0,1,1,4,1,1,2,1,0,1,-1,0,1,6,4,3,1,1,1,3,4,29
1,0,1,2,2,14060,1,0,1,1,2,1,3,2,1,0,1,1,1,1,4,0,1,0,1,1,1,4,1,1,2,1,1,1,0,0,2,6,4,3,1,1,1,3,2,33
1,0,1,1,2,-1,1,1,0,0,2,1,1,2,0,0,2,0,0,1,5,1,1,1,0,1,0,4,1,1,1,1,1,1,-1,0,2,6,3,3,1,2,1,3,2,25
1,2,2,2,2,27538,1,1,0,0,2,1,1,2,1,0,2,0,0,1,12,0,1,0,2,1,1,4,1,1,2,1,1,1,0,0,3,6,4,3,0,3,0,3,3,33
0,1,2,3,2,1955,0,0,0,0,2,1,3,2,1,0,2,1,12,1,12,1,0,2,1,1,1,4,1,1,2,1,0,1,0,0,2,6,1,2,1,1,1,3,3,33
1,0,1,1,2,-1,1,1,0,1,2,1,3,2,0,0,2,1,1,1,4,0,1,1,0,1,1,4,1,1,2,1,1,1,-1,0,2,6,4,3,1,2,1,3,3,29
0,0,2,3,2,1804,1,1,1,2,2,1,1,2,0,1,2,0,0,1,3,0,1,1,2,1,1,4,1,1,2,1,1,1,-1,0,1,6,4,3,1,3,1,3,3,28
0,0,0,3,1,-1,1,1,0,0,2,1,3,1,1,0,3,1,12,1,12,0,0,2,1,1,1,4,1,1,1,1,0,1,-1,0,3,6,1,3,0,1,2,1,0,32
0,2,2,0,2,36095,0,0,1,2,2,1,3,1,1,0,1,1,12,1,12,0,1,1,2,1,1,4,0,1,2,1,1,1,2,1,3,6,3,3,1,0,3,3,2,31
1,2,2,2,2,6532,0,1,1,1,2,1,3,2,1,0,2,0,0,1,4,1,1,0,2,1,1,4,0,1,2,1,1,1,2,5,3,6,3,3,1,3,1,3,4,31
1,2,2,2,1,14629,0,1,0,1,2,1,3,2,1,0,2,0,0,1,12,1,1,0,2,1,1,4,1,1,2,1,1,1,1,0,2,6,3,3,1,3,3,3,2,31
1,2,2,2,2,1716,0,1,0,0,2,1,3,1,1,0,2,0,0,1,6,1,1,2,0,1,1,4,1,1,2,1,1,3,1,4,3,6,4,3,0,3,3,3,4,34
0,1,0,3,1,9281,0,1,0,0,2,1,1,2,1,0,1,1,4,0,0,1,1,0,2,1,1,4,1,1,2,2,1,0,2,4,0,6,4,0,0,3,3,1,4,0
1,0,2,2,2,5988,0,1,0,0,2,1,1,2,1,0,0,0,0,1,12,0,1,0,2,1,1,4,1,1,2,1,1,1,0,0,3,6,4,3,1,1,1,3,0,33
0,2,2,2,2,28242,0,1,1,2,2,1,3,2,1,0,2,0,0,1,12,1,1,1,1,1,1,4,1,1,2,1,1,3,2,5,3,6,3,3,0,3,1,3,4,34
1,0,2,2,2,15127,1,0,1,2,2,1,1,2,0,0,2,0,0,1,3,1,1,0,2,1,1,4,1,1,2,1,0,1,1,5,3,6,3,3,1,3,1,3,1,34
1,2,2,3,2,7810,1,1,0,0,2,1,3,1,1,0,1,0,0,1,12,1,1,0,2,1,1,4,1,1,2,1,1,1,1,0,2,6,3,3,1,0,1,3,1,34
1,0,1,3,2,16453,1,1,1,1,2,1,3,2,1,0,2,0,0,1,12,0,1,1,1,4,1,4,1,0,2,1,1,1,2,5,2,6,4,3,1,3,1,3,3,31
0,2,1,1,2,-1,1,1,0,0,2,1,3,2,1,0,1,0,0,1,4,1,0,0,0,4,1,4,1,1,1,2,1,3,-1,0,1,5,1,2,1,3,1,3,2,33
0,2,2,2,2,35486,0,1,1,2,2,1,3,2,1,0,1,1,12,1,12,1,1,1,2,1,1,4,1,1,2,1,1,3,2,4,2,6,4,3,1,1,3,3,4,33
0,0,0,2,2,724,0,1,0,0,2,1,3,1,1,0,2,0,0,1,12,1,1,1,1,1,1,4,1,1,2,1,1,1,1,0,0,6,3,2,0,3,1,3,3,27
0,0,1,3,2,262,1,1,0,0,2,1,1,1,1,0,1,0,0,1,3,0,1,1,1,4,1,4,1,1,2,1,1,1,1,0,3,6,3,2,1,1,0,3,0,29
0,0,3,1,2,6651,0,1,0,0,2,1,1,2,1,0,2,0,0,1,12,1,1,2,1,1,1,4,1,1,1,1,1,1,1,5,2,6,4,3,1,0,1,3,2,29
1,0,1,2,2,29163,1,1,1,1,2,1,3,2,1,0,1,0,0,1,12,1,1,0,1,1,1,4,1,1,2,1,1,1,1,0,3,6,3,3,1,1,1,3,2,31
0,0,0,0,2,-1,0,1,1,1,2,1,1,2,0,1,2,0,0,1,2,0,1,0,0,1,0,4,1,0,2,1,0,1,1,0,3,6,3,3,1,1,3,3,1,32
1,0,0,2,2,3907,0,0,0,0,2,1,1,2,0,1,1,0,0,1,4,0,1,1,0,1,0,4,1,1,1,1,0,1,0,0,3,6,3,2,1,1,3,3,4,31
0,2,2,2,2,277,1,0,0,0,2,1,3,1,1,0,2,1,4,1,6,0,1,1,2,1,1,4,1,1,2,1,1,1,-1,0,3,6,3,3,0,1,1,3,3,31
0,0,0,1,2,-1,1,1,2,2,2,1,1,2,1,0,2,0,0,1,1,1,1,0,0,4,0,4,1,1,2,2,1,1,2,3,3,6,3,0,1,2,0,3,0,32
1,0,1,3,2,929,1,1,3,0,1,1,1,2,1,0,2,0,0,1,12,0,1,1,1,1,1,4,1,1,2,1,1,1,-1,5,3,6,3,3,1,2,1,3,1,34
1,2,3,2,2,14984,1,1,0,0,2,1,3,1,1,0,1,0,0,1,6,0,1,0,2,1,1,4,1,0,2,1,0,1,-1,0,3,6,4,3,0,3,1,3,1,34
0,0,3,3,2,3714,0,1,0,0,2,1,1,2,1,0,2,0,0,1,8,0,1,2,1,1,1,4,1,1,2,1,1,1,2,3,1,6,3,2,1,2,1,3,3,33
0,2,1,2,2,1338,0,1,0,0,2,1,1,2,1,0,1,1,1,1,12,1,1,2,2,1,1,4,1,1,2,1,1,3,2,5,2,6,4,3,1,3,1,3,2,34
0,2,2,3,1,19333,1,1,1,2,2,1,1,2,1,0,1,0,0,1,12,1,1,1,2,1,1,4,1,1,2,1,1,1,2,3,3,6,3,2,0,0,0,3,4,32
0,0,1,2,2,5001,0,0,1,1,2,1,1,2,1,0,0,0,0,1,4,0,1,0,0,1,1,4,1,1,2,1,0,1,0,0,3,6,2,3,1,1,2,3,0,28
1,2,3,2,2,11620,1,1,0,0,2,1,1,2,1,0,0,0,0,1,12,0,1,0,2,1,1,4,1,1,2,1,1,1,0,0,3,6,4,3,1,1,1,3,0,31
0,0,2,2,2,6489,0,1,1,1,2,1,1,2,1,0,2,0,0,1,4,0,1,1,1,1,1,4,1,1,2,1,1,3,1,4,2,6,4,3,1,3,1,3,1,32
0,0,2,2,2,6142,0,1,2,0,2,0,0,0,1,0,2,0,0,1,12,0,1,1,1,1,1,4,1,1,2,1,1,0,-1,0,2,6,3,3,1,2,1,3,4,33
0,0,2,2,2,-1,1,1,0,0,1,1,3,2,0,1,1,0,0,1,12,1,1,1,1,1,0,4,1,1,2,1,1,1,1,0,1,6,3,2,1,2,1,3,4,33
0,0,2,1,2,22554,1,0,0,0,2,1,3,2,1,0,2,0,0,1,4,0,1,1,1,1,1,4,1,1,2,1,1,1,0,0,3,6,4,2,1,2,0,3,2,27
0,2,2,3,2,87762,0,1,0,0,2,1,1,2,1,0,2,0,0,1,4,1,1,2,2,1,1,4,1,1,2,1,1,3,1,0,2,6,4,3,1,3,3,3,1,31
0,0,0,1,2,-1,0,1,1,1,2,1,3,2,1,0,1,0,0,1,4,1,1,1,0,4,0,2,0,0,1,1,1,1,1,0,2,6,2,2,1,1,1,1,3,19
0,0,0,2,2,5200,1,1,0,0,2,1,1,1,1,0,0,0,0,1,4,1,0,0,0,1,0,4,1,1,2,1,1,1,0,0,3,6,1,3,1,1,0,3,0,28
1,0,1,2,2,1690,0,1,1,2,2,1,1,2,1,0,2,0,0,0,0,1,1,1,0,1,0,4,1,1,2,1,1,1,1,5,1,6,3,3,1,1,1,3,4,32
0,2,2,3,2,17979,0,1,0,0,2,1,1,2,1,0,0,0,0,1,4,0,1,1,1,1,1,4,1,0,2,1,1,1,0,0,2,6,4,3,0,1,3,3,0,34
1,0,0,3,2,0,1,1,1,1,2,0,0,0,1,0,1,0,0,1,12,1,1,2,2,1,1,3,1,1,1,2,0,0,1,5,1,6,3,2,1,1,1,3,4,28
1,0,2,2,2,-1,0,1,2,1,2,1,1,2,1,0,2,1,2,1,4,0,1,0,2,1,1,4,1,1,2,1,1,3,1,5,2,6,3,3,1,0,1,3,0,33
1,2,1,1,2,0,1,1,0,1,2,1,3,1,1,0,1,1,1,1,12,1,1,0,0,1,0,3,0,0,2,1,1,1,2,1,3,6,3,2,0,2,0,3,1,30
1,0,3,2,2,21746,1,1,0,0,2,1,1,2,1,0,2,1,2,1,12,0,1,1,1,1,1,4,1,0,2,1,1,1,1,3,2,6,4,3,1,3,3,3,2,33
1,0,2,1,2,8780,1,0,0,0,2,1,3,1,0,1,0,0,0,1,12,1,1,0,0,0,0,4,0,1,2,1,1,1,0,0,3,6,4,3,1,2,1,3,0,24
0,0,2,3,2,2137,1,1,0,0,2,1,1,2,1,0,2,0,0,1,12,0,1,1,2,1,1,4,1,1,2,1,0,1,1,5,3,6,3,3,1,1,1,3,4,32
0,0,1,2,2,4006,0,1,1,2,2,1,1,2,1,0,2,1,1,1,12,1,1,2,0,1,1,4,1,1,2,1,1,1,0,0,3,6,4,3,1,2,1,3,0,32
0,2,3,3,1,21242,1,1,2,2,2,1,3,1,0,1,1,1,5,1,6,0,1,0,2,1,1,4,1,0,2,1,1,1,2,2,1,6,4,3,0,1,1,3,2,34
1,0,0,1,2,6001,0,1,0,0,2,1,1,2,0,0,2,0,0,1,12,0,1,1,0,1,1,4,1,1,2,1,0,1,-1,0,3,6,3,2,1,1,3,3,3,29
1,0,0,0,2,1490,0,0,1,2,2,1,3,2,1,0,1,0,0,1,12,0,1,0,1,1,1,4,1,1,1,1,1,1,1,0,3,6,3,3,1,2,0,3,4,32
0,2,1,2,2,10424,0,1,1,0,2,1,3,1,1,0,2,0,0,1,2,1,1,0,0,1,1,4,1,1,2,1,1,1,-1,0,3,6,2,2,1,0,1,3,4,29
0,2,1,0,1,6156,0,0,0,0,2,1,1,2,0,0,0,0,0,1,5,0,1,0,2,1,1,4,0,0,2,1,0,1,0,0,2,6,4,3,0,2,1,3,0,34
0,0,1,1,2,9778,0,1,0,0,2,1,1,1,1,0,2,0,0,1,12,0,1,1,0,1,1,4,1,1,1,1,1,1,2,5,2,6,3,3,1,2,1,3,2,28
1,0,2,2,2,0,1,1,3,2,2,1,1,2,1,0,2,0,0,1,3,0,1,1,2,1,0,4,1,1,1,2,1,2,0,0,2,6,2,2,1,3,0,3,2,28
0,0,0,1,2,3507,0,1,1,2,2,1,1,2,1,0,0,0,0,1,4,0,1,0,0,1,0,4,0,0,1,1,1,1,0,0,2,6,3,2,1,2,1,3,0,32
0,0,2,3,2,13266,1,1,0,0,2,1,1,2,1,0,2,1,3,1,12,0,1,0,2,1,1,4,1,1,2,1,1,1,1,5,2,6,4,3,1,2,0,3,4,32
0,0,2,3,2,10768,1,1,1,2,2,1,3,1,1,0,2,0,0,1,4,0,1,1,1,1,1,4,1,1,2,1,1,1,-1,0,1,6,3,3,1,2,1,3,4,32
1,2,1,2,1,6454,0,1,1,2,2,1,3,1,1,0,2,0,0,1,8,0,1,1,1,1,1,4,0,1,2,1,1,1,0,0,2,6,3,3,0,1,1,3,3,34
0,0,0,2,2,2105,1,0,0,0,2,1,1,2,0,1,1,0,0,1,3,0,1,1,0,1,0,4,1,1,2,1,1,2,0,0,2,6,3,3,1,2,1,2,0,25
0,0,2,3,2,10063,1,1,0,0,2,1,3,2,1,0,1,0,0,1,12,1,1,2,2,1,1,4,1,1,2,1,1,1,2,2,2,6,4,3,1,1,1,3,4,31
1,0,1,3,2,-1,0,1,1,2,2,1,1,2,1,0,2,0,0,1,3,0,1,0,0,1,0,4,1,1,1,1,1,3,0,0,3,6,3,2,1,1,1,3,1,33
0,1,1,2,2,1280,0,1,0,0,2,1,1,2,1,0,1,0,0,1,12,1,1,1,0,1,1,4,1,1,2,1,0,1,1,0,2,6,4,2,1,3,3,3,2,26
1,0,1,3,2,-1,1,0,0,0,2,1,3,1,1,0,1,1,6,1,6,1,1,2,2,1,1,4,1,1,2,1,1,1,1,0,0,6,4,2,1,1,3,3,4,34
0,0,2,2,2,3325,0,1,0,0,2,1,1,1,1,0,2,1,13,1,13,0,1,2,0,1,0,4,1,0,2,1,1,1,1,0,2,6,3,2,1,1,3,3,0,27
1,0,4,3,2,8531,1,1,0,0,2,1,1,2,1,0,2,1,12,1,12,0,1,1,2,1,1,4,1,1,2,1,1,1,2,5,3,6,4,3,1,1,3,3,4,33
0,0,1,2,2,7624,0,1,0,0,2,1,1,2,1,0,2,0,0,1,4,1,1,0,0,1,0,4,1,1,2,1,0,1,-1,0,2,5,3,3,1,2,3,3,1,31
1,0,2,1,2,0,0,0,1,2,2,1,3,2,1,0,2,0,0,1,5,1,1,2,1,4,0,4,0,1,1,1,1,1,1,0,0,6,4,3,1,1,1,3,1,31
1,0,2,3,2,16409,0,1,1,1,2,1,1,2,1,0,2,0,0,1,12,0,1,1,2,5,1,4,1,1,2,1,1,3,1,5,3,6,4,3,1,1,3,2,4,25
0,2,2,3,2,6139,0,1,0,0,2,1,1,1,1,0,2,1,1,1,6,0,1,1,2,1,1,2,1,0,2,1,1,1,1,0,3,6,4,3,0,1,1,3,2,31
0,0,2,2,2,9934,0,1,0,0,2,1,1,1,1,0,2,0,0,1,4,0,1,1,2,1,1,4,1,1,2,1,1,1,1,2,3,6,3,3,1,3,1,3,0,33
1,0,1,1,2,3801,0,0,0,0,2,1,1,1,0,1,0,0,0,1,4,0,1,0,1,4,1,4,1,1,2,1,1,1,0,0,3,6,3,3,1,0,1,3,0,30
1,0,2,0,2,-1,0,1,1,1,2,1,1,2,1,0,2,0,0,1,4,0,1,1,1,1,1,4,1,1,2,1,1,1,-1,0,2,6,4,3,1,2,1,3,0,33
1,2,1,2,1,7588,0,1,0,0,2,1,1,2,1,0,1,0,0,1,6,0,1,2,1,1,1,4,1,1,2,1,1,1,1,0,2,6,3,3,1,1,1,3,1,34
1,0,1,3,2,-1,0,1,0,0,2,1,1,1,1,0,2,0,0,1,12,1,1,2,2,1,1,4,1,1,2,1,0,1,1,0,3,6,4,3,1,3,1,3,3,28
1,2,3,2,1,6237,1,1,0,0,2,1,1,2,1,0,1,0,0,1,12,0,1,0,2,1,1,4,1,1,2,1,1,1,1,5,2,6,4,3,0,1,3,2,2,30
0,0,0,2,2,1869,0,1,1,2,2,1,1,2,1,0,1,0,0,1,4,0,1,0,1,1,0,3,1,1,2,2,1,3,0,0,1,6,3,2,1,2,3,3,0,32
0,0,1,1,2,38,1,1,1,2,2,1,1,2,1,0,2,0,0,1,12,0,1,2,0,1,1,4,1,1,2,1,1,1,1,4,2,6,3,3,1,2,0,3,1,32
1,2,1,2,2,-1,1,1,0,0,2,1,3,2,1,0,2,1,4,1,12,1,1,1,2,1,1,4,1,1,2,1,1,1,1,3,1,6,4,3,1,1,0,3,2,34
1,0,1,3,2,3942,1,1,2,0,2,1,1,2,1,0,1,0,0,1,4,0,1,0,0,1,1,4,1,1,2,1,0,1,1,0,3,6,3,3,1,0,1,2,3,33
1,2,2,0,1,11049,0,1,0,0,0,1,3,2,1,0,1,0,0,1,12,0,1,2,1,1,1,4,1,1,2,1,1,3,1,0,2,6,4,3,0,1,1,2,3,34
1,0,2,2,2,18175,0,1,0,0,2,1,3,2,0,1,2,0,0,1,6,0,1,2,1,1,1,4,1,1,2,1,1,1,1,0,2,6,4,3,1,2,1,2,1,34
0,1,2,3,2,171,0,1,1,2,2,1,3,1,1,0,2,0,0,1,6,1,1,0,2,1,1,4,1,1,2,1,0,1,-1,0,3,6,3,3,0,1,1,3,0,31
0,0,0,2,2,18356,0,0,0,0,2,1,1,1,1,0,2,0,0,1,4,1,1,1,1,1,1,4,1,1,2,1,0,3,2,5,3,6,4,3,1,3,3,3,4,32
1,0,2,2,2,29541,1,1,0,0,2,1,3,2,1,0,2,0,0,1,13,1,1,1,1,1,1,4,1,0,2,1,1,1,1,0,3,6,4,3,1,3,1,3,3,31
0,0,0,2,2,9857,0,1,2,2,2,1,3,2,0,1,1,0,0,1,6,1,1,1,0,1,1,4,1,1,2,1,1,1,1,0,2,6,4,2,1,1,1,3,2,25
0,2,3,3,2,10141,0,1,0,0,2,1,1,2,1,0,2,0,0,1,12,0,1,1,2,1,1,4,1,1,2,1,1,1,1,4,3,6,3,3,1,3,3,3,0,25
1,0,3,3,2,-1,0,1,1,1,2,1,3,2,0,1,2,1,0,1,4,0,1,1,1,1,1,4,1,1,2,1,1,1,2,4,3,6,3,3,1,1,1,3,0,34
0,0,1,3,2,3562,1,1,0,2,2,1,1,2,1,0,2,0,0,1,12,0,1,0,2,1,1,4,1,0,2,1,1,3,-1,0,1,6,4,3,1,1,1,3,0,32
0,2,2,2,2,3796,1,1,0,0,2,1,3,1,0,0,1,0,0,1,6,1,1,1,1,1,0,4,1,1,2,1,1,1,2,3,3,6,3,3,1,0,1,3,4,32
0,0,2,2,2,5784,0,1,1,2,1,1,3,2,1,0,1,1,1,1,12,0,1,1,1,1,1,4,0,1,2,1,1,1,1,0,2,6,3,3,1,1,1,3,3,30
1,0,2,2,2,702,0,1,2,1,2,1,1,2,1,0,2,0,0,1,12,0,1,2,1,1,1,4,1,1,2,1,1,1,2,5,2,6,4,3,1,3,1,3,4,27
0,2,1,2,2,9653,0,0,0,2,2,1,1,2,1,0,1,0,0,1,4,0,1,1,2,1,1,4,0,1,2,2,1,1,-1,0,2,6,4,3,0,3,1,3,1,33
1,0,1,2,2,-1,1,1,0,0,2,1,1,1,0,1,0,0,0,1,3,0,1,0,1,1,0,4,1,1,2,1,1,1,0,0,3,6,3,3,1,1,1,3,0,32
0,2,2,3,2,15349,0,1,0,2,2,1,3,1,1,0,1,1,2,1,12,1,1,2,2,1,1,4,1,0,2,1,1,1,1,0,3,6,4,2,1,1,3,3,3,31
0,0,0,1,2,2827,0,1,1,2,2,0,0,0,1,0,2,0,0,1,4,0,1,0,0,1,0,2,0,1,1,1,1,0,1,0,2,6,3,2,1,2,1,3,1,29
1,2,1,2,2,52496,0,1,0,0,2,1,3,2,1,0,2,0,0,1,12,1,1,2,1,1,1,4,1,1,2,1,1,1,1,0,3,6,3,3,1,1,1,3,2,34
0,0,2,2,2,1559,0,1,0,0,2,1,1,2,1,0,2,0,0,1,12,0,1,1,1,1,1,4,1,1,2,1,0,1,1,5,3,5,3,3,1,2,1,3,1,26
0,2,0,2,2,1769,1,0,0,0,2,1,1,2,1,0,3,0,0,1,10,0,1,0,0,1,1,3,1,1,2,2,1,1,0,0,3,6,4,2,1,2,1,3,0,29
0,2,1,2,2,13290,0,1,0,2,0,1,1,2,0,0,2,0,0,1,12,0,1,1,0,1,1,4,1,1,2,1,1,1,1,0,1,6,3,2,0,2,1,3,1,27
1,0,1,0,2,5960,1,1,0,0,2,1,3,1,0,1,2,0,0,1,12,1,1,2,1,1,1,4,1,1,2,1,1,1,2,4,2,6,4,3,1,1,1,3,3,32
0,2,2,2,1,21473,1,1,1,2,2,1,3,2,1,0,2,1,6,1,6,0,1,2,2,1,1,4,1,1,2,1,1,1,2,5,3,6,3,3,1,1,1,3,0,33
0,2,2,2,2,15570,0,1,1,2,2,1,3,2,1,0,1,0,0,1,12,1,1,2,2,1,1,4,1,1,2,1,1,3,2,5,2,6,4,3,1,1,1,3,2,32
0,0,1,3,2,8988,1,1,1,1,2,0,0,0,1,0,2,1,6,1,6,0,1,1,2,1,1,4,1,1,2,2,1,0,0,0,3,6,4,2,1,1,1,3,0,34
0,0,2,3,2,888,1,0,2,2,2,1,1,1,0,0,2,0,0,1,21,1,1,1,2,1,1,4,1,1,2,1,1,1,1,3,1,6,4,3,1,3,3,3,4,33
0,0,2,2,2,18128,0,1,0,0,2,1,3,2,1,0,2,0,0,1,6,1,1,0,2,1,1,4,1,1,2,1,1,1,2,5,1,6,3,3,1,1,0,2,3,30
1,0,2,2,2,3357,1,0,1,1,2,1,1,2,1,0,2,1,2,1,4,0,1,1,1,1,1,4,1,1,2,1,1,1,2,2,3,6,3,3,1,1,1,3,4,32
0,2,0,1,2,-1,0,1,0,0,2,1,3,2,0,0,1,0,0,1,4,1,1,0,0,1,0,2,1,0,1,2,0,1,1,0,1,6,3,2,1,0,1,0,4,26
0,0,1,2,2,-1,0,1,0,0,1,1,1,1,1,0,2,0,0,1,4,0,0,1,0,1,1,4,1,1,2,1,1,1,1,5,2,6,1,2,1,2,3,3,3,25
1,0,2,2,2,28367,1,1,0,0,2,1,1,1,1,0,2,1,2,1,4,0,1,2,2,1,1,4,1,1,2,1,1,1,1,0,3,6,4,3,1,3,1,3,3,34
0,2,2,3,2,3052,0,1,0,0,2,1,1,2,1,0,2,0,0,1,12,0,1,1,1,1,1,4,1,1,2,1,1,1,1,5,3,6,4,2,1,1,1,3,3,32
0,1,0,1,2,2523,0,1,1,2,2,1,3,2,1,0,1,0,0,1,4,0,1,0,0,2,0,1,0,1,1,1,0,1,1,0,2,5,3,2,1,2,0,1,1,27
0,0,2,3,2,16200,1,1,0,0,2,1,3,1,0,0,2,1,2,1,12,1,1,0,2,1,1,4,1,0,2,1,1,3,2,4,2,6,4,2,1,1,1,3,4,33
0,2,1,3,2,5574,1,1,0,0,2,1,3,2,1,0,1,1,1,1,12,1,1,1,2,1,1,4,1,1,2,1,1,3,2,5,2,6,4,2,1,1,1,3,3,32
0,0,0,0,2,-1,0,0,1,1,1,0,0,0,0,0,2,0,0,1,2,0,1,0,0,2,0,0,0,0,1,1,0,0,-1,0,2,5,3,2,1,0,0,0,4,33
1,0,0,0,2,-1,0,1,0,0,2,0,0,0,0,0,0,1,1,1,10,0,1,0,0,4,0,2,0,1,1,1,1,0,0,0,2,6,3,2,1,0,1,3,0,30
0,0,1,2,2,40,0,0,1,0,2,1,1,2,1,0,2,0,0,1,3,1,1,2,0,1,0,4,1,1,2,1,1,1,-1,0,2,6,3,2,1,2,1,3,2,32
0,0,2,3,2,32000,1,1,0,0,2,1,3,1,0,0,1,1,2,1,12,0,1,2,2,1,1,4,1,1,2,1,0,1,1,0,3,6,4,3,1,1,0,3,3,31
0,0,3,0,2,12262,1,1,0,2,2,1,3,2,1,0,2,0,0,1,4,0,1,2,0,1,1,4,1,1,2,1,1,1,1,2,2,6,3,2,1,2,1,3,2,32
1,0,2,3,2,583,1,1,0,0,2,1,1,1,1,0,2,1,12,1,12,0,1,1,2,1,1,4,1,1,2,2,1,1,1,4,3,6,4,2,1,3,0,3,3,32
0,2,1,1,2,3382,0,1,0,0,2,1,3,2,1,0,1,0,0,1,4,1,1,1,0,1,1,4,0,1,2,1,1,1,1,0,3,6,3,3,1,2,1,2,2,33
1,2,2,2,2,7623,0,1,0,0,2,1,3,1,1,0,2,0,0,1,12,0,1,1,2,1,1,4,1,1,2,1,1,3,0,0,3,6,4,3,1,1,1,3,3,32
1,0,2,2,2,3873,0,1,0,0,2,1,1,2,0,1,0,0,0,1,4,0,1,0,0,1,0,4,1,1,2,1,1,3,0,0,3,6,4,3,1,2,3,3,0,34
0,2,1,1,2,3000,0,1,1,2,2,0,0,0,0,0,2,0,0,1,3,0,0,1,0,1,0,1,0,1,2,2,1,0,1,5,1,5,1,2,1,2,1,1,2,32
0,0,2,3,2,14848,1,1,1,1,2,1,3,1,0,0,1,0,0,1,12,0,1,2,1,1,1,4,1,1,2,1,1,1,1,0,3,6,4,3,1,1,1,3,3,32
1,0,1,1,2,-1,0,1,1,1,2,1,1,2,1,0,2,0,0,0,0,1,1,1,0,4,1,3,1,1,2,2,1,1,1,5,3,6,3,3,1,0,0,3,4,34
0,0,2,1,2,2745,0,1,0,0,2,1,1,2,0,1,2,0,0,1,12,0,1,1,0,1,0,4,1,1,2,1,0,1,-1,0,3,6,4,2,1,1,1,3,3,33
0,2,2,3,1,-1,1,1,0,0,2,1,3,1,1,0,1,0,0,1,12,1,1,0,2,1,1,4,1,1,2,1,1,1,2,1,3,6,4,3,0,3,0,3,4,32
0,0,0,1,2,3917,0,0,0,0,1,1,1,2,1,0,2,0,0,1,4,0,1,1,0,2,0,0,0,0,1,2,0,1,-1,0,1,6,3,2,1,2,3,0,1,33
1,2,2,2,2,39124,1,1,0,2,2,1,3,2,1,0,0,0,0,1,12,0,1,0,2,1,1,4,1,1,2,1,1,1,0,0,2,6,4,3,1,1,1,3,0,33
0,2,3,0,1,9360,0,0,1,2,2,1,3,2,0,1,1,0,0,1,12,0,1,2,2,1,1,4,1,1,2,1,1,1,1,5,1,6,4,3,1,3,1,3,3,34
1,2,3,2,2,20633,0,1,1,2,2,1,1,2,0,1,0,0,0,1,12,0,1,0,2,1,1,4,1,1,2,1,1,1,0,0,3,6,4,3,0,3,3,3,0,31
0,0,2,3,2,-1,0,1,2,2,2,1,1,2,1,0,2,1,1,1,12,0,1,0,2,1,1,4,0,1,2,1,1,1,1,0,3,6,3,2,1,1,1,3,2,32
1,0,0,2,2,12241,0,1,0,0,2,1,1,2,0,1,2,0,0,1,4,1,1,0,0,1,0,4,1,1,2,1,1,1,1,0,2,6,3,3,1,2,1,3,1,34
1,2,2,2,2,23441,0,1,0,0,2,1,3,2,1,0,2,0,0,1,2,1,1,2,2,1,1,4,0,1,2,1,1,1,1,2,1,6,4,3,1,3,1,3,2,34
0,0,2,1,2,-1,0,1,1,2,2,1,3,2,1,0,2,0,0,1,4,0,1,0,0,1,1,4,1,1,2,1,1,1,1,0,3,6,4,3,1,2,1,3,4,29
1,0,2,1,2,2095,0,1,0,0,2,1,1,2,1,0,2,0,0,1,5,0,1,2,0,1,0,4,1,1,2,1,1,1,-1,0,0,6,4,2,1,2,1,3,2,34
0,0,2,2,2,-1,0,1,1,2,2,1,1,2,0,0,1,1,1,1,4,1,1,1,0,1,0,4,1,1,1,2,1,1,-1,0,1,6,3,2,1,2,1,3,3,26
0,0,0,3,2,2054,1,1,0,0,2,1,1,2,0,1,0,0,0,1,4,0,1,0,1,1,1,4,1,0,2,1,0,1,0,0,2,6,3,3,1,2,1,3,0,32
0,0,3,3,2,9972,1,1,0,0,1,1,3,2,1,0,1,0,0,1,1,0,1,0,2,1,1,4,0,1,2,1,1,1,1,0,2,6,4,3,1,1,1,3,4,34
0,0,1,2,2,9947,0,1,1,2,2,1,3,2,1,0,2,1,2,1,2,0,1,1,1,1,1,4,1,1,2,1,1,1,2,2,0,6,3,2,1,2,1,3,2,27
0,0,0,0,2,3629,0,0,0,0,1,1,1,2,1,0,1,0,0,1,2,1,1,1,0,1,0,0,1,0,1,2,1,1,-1,0,1,5,2,2,1,0,1,0,2,27
0,1,0,1,1,6483,0,0,0,0,2,1,1,2,0,1,0,0,0,1,4,0,1,1,0,4,0,0,0,0,1,1,0,1,0,0,1,0,2,2,1,0,3,0,0,31
0,0,0,0,2,9942,0,1,1,2,2,1,1,2,1,0,2,0,0,1,6,1,1,1,1,1,1,4,1,1,2,1,1,2,2,5,2,5,3,3,0,3,1,3,2,32
1,2,3,0,2,1053,1,1,0,0,2,1,3,2,1,0,1,0,0,1,12,1,1,0,2,1,1,4,1,1,2,1,0,1,2,4,2,6,4,3,1,3,1,3,3,34
1,0,2,1,2,-1,1,1,1,2,2,1,3,1,0,0,1,0,0,1,4,1,1,1,0,1,1,4,0,1,1,1,1,1,1,0,2,6,3,3,1,2,0,3,2,34
0,0,3,2,2,-1,0,1,1,2,2,1,1,2,1,0,1,0,0,1,12,0,1,1,1,1,1,4,1,0,2,1,1,1,-1,0,3,6,4,2,1,1,1,3,1,33
0,2,2,3,2,2992,0,0,1,1,2,0,0,0,0,1,1,0,0,1,12,0,1,0,2,1,1,4,1,1,2,1,1,0,1,1,3,6,3,3,1,3,1,3,0,31
0,0,1,3,2,21796,1,1,0,0,2,1,3,2,1,0,2,1,2,1,12,0,1,2,2,1,1,4,1,1,2,1,1,1,1,0,2,6,4,3,1,1,1,3,1,33
0,0,0,2,2,918,1,1,0,0,2,1,1,2,1,0,2,0,0,1,4,0,1,0,0,1,0,4,1,0,2,2,1,1,0,0,1,6,2,3,1,2,1,3,0,33
0,2,2,3,2,8834,1,1,0,1,2,1,3,1,1,0,1,0,0,1,12,0,1,2,1,1,1,4,1,1,1,1,1,1,1,0,3,6,3,2,0,0,0,3,3,32
0,2,2,0,1,24290,1,1,0,0,2,1,3,2,1,0,1,1,12,1,12,1,1,0,2,5,1,4,1,1,2,1,1,1,2,3,2,6,4,3,1,1,1,3,4,34
0,0,1,3,2,12959,1,0,2,1,2,1,1,2,1,0,2,0,0,1,6,1,1,2,0,1,1,4,1,1,2,1,1,1,1,0,2,6,3,2,1,2,1,3,3,34
0,0,0,1,2,4091,0,1,1,1,2,1,1,2,1,0,0,0,0,1,4,0,1,0,0,2,0,3,0,1,2,1,1,1,0,0,3,6,3,2,1,2,1,3,0,33
1,0,3,2,2,35778,0,1,0,0,2,1,1,1,1,0,2,0,0,1,4,0,1,2,1,1,1,4,1,1,2,1,0,1,-1,4,3,6,4,3,1,3,3,3,4,30
0,0,0,1,2,6617,0,0,0,0,2,1,3,2,1,0,2,0,0,1,6,1,1,0,0,4,0,2,1,1,1,1,0,1,2,5,2,6,3,2,1,1,1,3,4,31
1,0,1,1,2,8383,0,1,0,0,2,1,1,1,1,0,2,0,0,1,12,1,1,1,0,1,1,2,0,1,2,1,0,1,2,4,1,6,3,3,1,0,1,3,2,34
0,0,3,2,2,35548,0,1,2,1,2,1,2,1,1,0,0,0,0,1,1,0,1,1,2,1,1,4,1,1,2,1,1,2,0,0,2,6,4,3,1,1,1,3,0,16
0,0,3,2,2,28644,0,1,0,0,2,1,1,1,1,0,0,0,0,1,4,0,1,0,2,1,1,4,1,1,2,1,0,1,0,0,3,6,4,2,1,1,1,3,0,29
1,0,2,2,2,13257,0,0,0,0,2,1,1,2,1,0,1,0,0,1,4,0,1,0,0,1,1,4,1,1,2,1,1,1,0,0,1,6,4,3,1,2,1,3,0,33
0,0,2,0,2,6691,1,1,1,1,2,1,1,2,1,0,2,0,0,0,0,0,1,0,0,1,1,4,1,1,2,1,1,1,-1,0,2,6,3,3,0,2,3,3,0,27
0,0,1,1,2,3818,0,1,1,1,2,1,1,1,1,0,0,0,0,1,4,0,1,1,1,1,1,4,0,1,2,1,1,1,0,0,1,6,4,3,1,2,1,3,0,18
0,0,1,2,2,6768,1,1,1,2,2,0,0,0,0,1,2,0,0,1,4,0,1,2,1,1,0,4,1,1,2,1,1,0,1,0,3,6,4,3,1,1,1,3,3,34
0,2,3,2,2,9666,0,1,0,0,2,1,1,2,1,0,2,1,4,1,4,0,1,0,2,1,1,4,1,1,2,1,0,1,1,5,2,6,4,2,0,0,3,3,0,34
0,0,1,3,2,5655,0,1,0,0,2,1,3,2,1,0,1,0,0,1,12,0,1,1,2,1,1,4,1,1,2,1,1,1,1,0,3,6,3,3,1,3,1,3,2,33
1,0,1,3,2,-1,1,1,2,2,2,1,1,2,1,0,1,0,0,1,4,1,1,1,2,1,1,4,0,1,1,1,1,1,1,0,3,6,3,2,1,1,0,3,3,34
1,2,2,3,2,6504,0,1,0,0,2,1,3,1,1,0,2,1,12,1,12,1,1,2,1,1,1,4,1,0,2,1,1,1,2,5,3,6,4,3,1,2,1,3,1,31
1,1,2,2,2,1230,0,1,0,0,2,1,3,2,1,0,1,0,0,1,3,1,1,2,2,1,1,4,0,1,2,1,1,1,1,0,1,6,3,2,1,1,1,3,4,33
1,0,2,2,2,12800,1,1,1,2,2,1,1,2,1,0,1,0,0,1,12,0,1,0,0,1,1,4,1,1,2,1,1,1,1,0,2,6,4,3,1,1,1,3,2,32
1,2,1,2,1,1688,0,0,0,2,2,1,1,2,1,0,2,0,0,0,0,1,1,0,2,4,1,4,1,0,2,1,0,3,2,5,3,6,3,3,1,2,1,3,4,34
1,0,2,2,2,28130,1,1,0,0,2,1,3,2,1,0,1,1,1,1,12,1,1,0,2,1,1,4,1,1,2,1,1,1,1,0,2,6,4,3,1,3,1,3,3,33
0,0,2,3,2,-1,0,1,1,1,2,1,1,2,1,0,2,0,0,1,1,0,1,1,0,1,1,4,1,1,2,1,0,1,2,1,3,6,3,3,1,2,1,3,4,34
0,0,0,0,2,620,0,0,0,0,2,1,1,2,1,0,1,0,0,1,4,0,1,2,1,2,0,0,0,1,1,2,1,1,1,0,1,6,2,2,1,2,1,1,1,33
0,2,2,3,2,6053,1,1,0,0,2,1,3,2,1,0,1,0,0,1,12,1,1,0,0,1,1,4,1,1,2,1,1,1,1,0,2,5,4,2,1,1,1,3,2,25
0,0,2,3,2,2593,1,1,1,1,2,1,1,2,1,0,2,1,1,1,12,0,1,1,2,1,1,4,0,0,2,1,1,2,1,4,1,6,3,2,1,1,1,2,3,32
0,0,0,2,2,-1,0,1,0,0,2,1,1,2,1,0,2,1,0,1,4,0,1,2,0,1,1,4,1,1,2,1,1,1,1,0,3,6,4,2,1,1,0,3,3,31
0,0,2,3,2,9848,1,1,0,0,2,1,1,1,0,0,0,0,0,1,4,0,1,0,2,1,1,4,1,1,2,1,1,1,0,0,3,6,3,2,1,2,1,3,0,29
0,0,2,0,2,20812,0,1,0,0,2,1,1,1,1,0,1,0,0,1,12,1,1,1,0,1,1,4,1,1,2,1,1,1,0,0,3,6,3,2,1,2,1,3,0,34
0,2,2,2,2,18632,0,1,0,0,2,1,1,1,1,0,1,0,0,1,4,0,1,0,1,1,1,4,1,1,2,1,1,1,1,0,3,6,3,3,1,1,3,3,4,34
1,0,0,1,2,37161,0,0,0,0,1,1,3,1,0,0,1,0,0,1,12,1,1,1,1,1,1,4,1,1,1,1,0,1,1,0,1,6,3,2,1,1,1,2,1,33
0,1,0,0,2,14678,0,1,0,0,2,1,1,2,1,0,2,0,0,0,0,0,1,1,0,1,1,4,1,1,2,1,1,1,2,1,2,6,3,3,0,3,1,1,1,3
0,1,0,0,2,10176,0,0,1,0,1,1,1,2,1,0,0,0,0,1,4,0,1,0,0,1,0,0,0,0,1,2,0,1,0,0,1,6,3,2,1,2,3,0,0,33
0,0,1,1,2,2660,1,1,1,2,2,1,1,1,0,1,2,0,0,1,4,0,1,1,1,1,0,2,1,1,1,2,1,1,1,0,2,6,4,2,1,1,1,1,4,32
0,0,1,2,2,13146,0,0,0,0,0,1,3,1,0,1,0,0,0,1,4,0,1,0,0,1,1,4,0,1,2,2,0,1,0,0,2,6,4,2,1,1,1,2,0,31
0,2,3,2,2,8510,0,1,0,0,2,1,1,2,1,0,0,0,0,1,4,0,1,0,1,1,1,4,1,1,2,1,1,1,0,0,2,6,4,3,1,3,1,3,0,33
1,0,2,3,2,23455,1,1,0,0,2,1,3,2,1,0,2,0,0,1,12,1,1,1,1,1,1,4,1,1,2,1,1,1,1,0,2,6,4,3,1,1,1,3,0,31
0,2,2,1,2,2865,0,0,1,2,2,1,3,1,0,0,1,0,0,1,12,1,1,1,1,1,1,3,1,1,2,1,1,1,2,2,2,6,4,3,1,1,3,3,4,33
1,0,0,2,2,391,1,1,0,0,2,0,0,0,0,0,0,0,0,1,6,1,1,1,0,1,0,2,1,1,2,1,0,0,0,0,3,3,3,2,1,1,0,3,0,29
0,0,0,1,2,9742,0,0,0,0,2,1,1,1,0,1,2,0,0,1,3,0,1,0,1,1,1,4,1,0,2,1,1,1,1,0,1,6,3,2,1,3,3,2,2,32
0,0,0,3,2,972,0,1,1,1,2,1,3,2,0,1,1,0,0,1,4,1,0,0,1,1,1,4,1,1,2,1,0,1,1,0,2,6,1,2,1,2,1,1,1,29
0,0,2,3,2,6259,0,1,2,1,2,1,1,2,1,0,2,0,0,1,4,0,1,0,0,1,0,4,0,1,2,1,1,1,-1,0,3,6,4,3,1,1,3,3,0,28
1,0,1,2,2,83164,0,1,0,0,2,1,3,2,0,0,2,1,3,1,4,0,1,2,1,1,1,4,1,1,2,1,1,1,1,0,3,6,3,3,1,2,0,3,4,30
0,2,0,1,2,-1,0,1,0,0,2,1,1,2,1,0,2,0,0,1,4,0,1,0,0,4,0,1,0,1,1,2,1,3,-1,0,1,6,4,2,1,1,1,1,0,32
0,0,0,2,2,5013,0,1,1,1,2,1,1,2,1,0,0,1,4,1,4,0,1,0,0,1,1,4,1,1,2,1,1,1,0,0,2,6,3,3,1,3,3,3,0,30
0,2,2,2,2,566,0,1,0,0,2,1,3,2,1,0,1,1,2,1,6,1,1,1,2,1,1,4,1,1,2,1,1,1,1,0,2,6,4,3,1,1,1,3,3,31
1,0,0,2,2,-1,0,0,0,0,2,1,1,2,1,0,2,0,0,1,12,1,1,0,1,1,0,4,1,0,2,1,1,1,-1,0,0,2,3,2,1,2,3,3,3,26
0,0,3,2,2,8204,1,1,1,1,2,1,3,2,1,0,2,0,0,1,3,0,1,0,0,1,1,4,1,1,2,1,0,1,2,2,2,6,4,3,1,1,1,3,2,32
0,0,2,2,2,2914,0,1,0,0,1,1,1,2,1,0,2,0,0,1,4,1,1,0,1,1,1,4,1,0,2,1,1,1,2,5,3,6,3,3,1,2,3,3,1,28
1,2,2,0,1,12321,0,1,2,1,2,1,1,2,1,0,2,0,0,1,12,1,1,0,2,1,1,4,1,1,2,1,1,3,2,5,2,6,4,3,1,1,0,3,2,33
1,0,0,0,2,2814,0,0,0,0,2,1,1,2,0,0,1,0,0,1,5,0,1,1,0,1,1,4,0,1,2,1,0,1,1,0,3,6,4,3,1,1,3,3,1,25
1,2,1,2,2,2382,1,1,0,0,2,0,0,0,1,0,0,0,0,1,4,0,1,0,1,2,1,4,1,0,2,1,1,0,0,0,3,6,4,3,1,3,1,3,0,30
0,2,3,3,2,25125,1,1,0,1,2,1,3,2,1,0,0,1,2,1,4,0,1,1,2,1,1,4,1,0,2,1,1,1,0,0,2,6,4,3,0,1,1,3,0,34
1,0,2,3,2,-1,1,1,0,0,2,1,1,1,0,1,1,0,0,1,6,1,1,2,0,1,1,4,1,1,2,1,0,1,2,2,3,6,4,2,1,3,1,3,1,29
0,2,2,2,1,-1,1,1,0,2,2,1,3,2,1,0,3,0,0,1,3,0,1,0,2,1,1,4,1,1,2,1,0,1,1,0,2,6,3,3,0,1,1,3,1,31
0,0,0,1,2,3129,0,0,0,0,2,1,1,2,1,0,1,0,0,1,4,1,1,1,0,1,0,2,0,1,1,2,0,1,1,0,2,5,3,2,1,2,1,0,2,32
0,0,1,2,2,21601,0,1,1,2,2,1,1,1,1,0,1,0,0,1,4,0,1,2,0,1,0,4,1,1,2,1,1,1,1,0,3,6,3,3,1,1,0,3,4,32
0,0,0,2,2,42155,0,0,0,0,2,1,1,2,1,0,2,0,0,1,4,0,1,1,1,1,1,4,1,0,2,1,1,1,0,0,2,6,3,2,1,1,1,3,1,25
0,1,0,0,1,11234,0,1,0,0,2,1,1,2,1,0,1,0,0,0,0,0,1,1,0,1,1,4,1,0,2,2,0,3,2,4,0,6,4,0,0,1,3,0,4,0
0,0,2,3,2,9114,0,1,0,0,2,1,3,2,1,0,2,0,0,1,12,1,1,1,2,1,1,4,1,1,2,1,1,1,1,0,1,6,3,2,1,1,0,3,4,30
0,0,1,0,2,21562,0,1,0,0,2,1,3,2,1,0,3,0,0,1,1,0,1,2,2,1,1,4,1,1,1,1,0,3,2,4,2,6,4,3,1,1,1,3,3,34
0,0,1,2,2,4924,0,0,0,0,2,1,1,2,1,0,1,1,2,1,4,0,1,2,0,1,1,4,1,1,2,1,1,1,1,0,3,6,3,2,1,2,3,3,2,32
1,0,2,2,2,12931,1,1,0,0,2,1,3,2,1,0,1,0,0,1,12,1,1,1,2,1,1,4,1,0,2,1,1,1,2,5,2,6,4,3,1,1,1,3,2,32
0,0,0,2,2,22041,0,1,1,2,1,1,1,1,1,0,2,0,0,1,6,0,1,1,2,1,1,4,1,1,2,1,1,1,1,3,3,6,3,2,1,3,1,1,2,32
0,2,2,3,1,580,1,1,1,2,2,1,3,2,1,0,1,0,0,1,12,1,1,1,2,1,1,4,1,1,2,1,1,1,1,0,2,6,4,3,0,0,1,3,4,32
0,2,4,0,1,70354,0,0,1,2,2,1,2,2,1,0,1,1,5,0,0,0,1,0,2,1,1,4,1,1,2,1,1,2,2,5,2,6,3,3,0,3,1,3,4,0
0,0,2,2,2,16899,1,1,0,0,2,1,1,1,1,0,0,1,2,1,4,0,1,0,0,1,0,4,1,1,2,2,0,1,0,0,3,5,2,3,1,2,1,3,0,32
0,0,1,3,2,462,1,1,1,2,2,1,1,2,1,0,2,0,0,1,12,0,0,1,2,1,1,4,1,0,2,1,1,1,1,4,3,6,1,2,1,1,1,3,0,32
1,0,2,2,2,29547,0,1,1,1,2,1,3,1,1,0,1,0,0,1,6,0,1,2,1,1,1,4,1,1,2,1,1,1,1,0,3,6,4,3,1,1,3,3,1,30
1,0,2,2,2,310,0,1,1,2,2,1,3,1,1,0,1,0,0,1,6,1,1,1,1,1,1,4,1,1,2,1,0,1,2,5,2,6,4,3,1,3,1,3,1,34
0,0,1,2,2,965,0,1,0,0,2,1,1,2,1,0,2,0,0,1,4,0,1,0,0,1,1,4,1,1,2,2,1,3,-1,0,1,6,3,2,1,2,0,2,2,33
1,0,1,3,2,9907,1,1,0,0,2,1,3,2,1,0,2,0,0,1,12,1,1,1,2,1,1,4,1,1,2,1,1,1,1,4,2,6,3,3,1,3,1,3,4,34
0,0,1,3,2,8427,0,1,1,2,2,1,1,1,1,0,2,1,1,1,12,0,0,1,2,1,1,4,1,1,2,1,0,1,-1,0,2,6,1,2,1,2,1,3,3,32
0,2,1,3,1,35487,1,1,1,1,2,1,3,1,1,0,1,0,0,1,12,1,1,1,2,1,1,4,1,1,2,1,1,1,2,5,2,6,3,3,0,0,1,3,4,32
1,0,2,2,2,25727,0,1,2,0,2,1,1,2,1,0,2,0,0,1,12,0,1,0,2,1,1,4,1,1,2,1,1,1,1,5,2,6,4,3,1,1,1,3,4,16
0,2,1,3,2,13218,1,1,1,1,2,1,1,2,1,0,0,0,0,1,6,0,1,0,2,1,1,4,1,1,2,1,1,1,0,0,1,6,3,3,0,2,1,3,0,34
0,0,2,3,2,4935,0,1,0,0,2,1,1,2,1,0,1,0,0,1,12,0,1,1,2,1,1,4,1,1,2,1,1,3,1,3,3,6,4,3,1,1,1,3,2,28
1,0,2,2,2,19394,0,1,1,1,2,1,3,2,1,0,2,0,0,1,12,0,1,1,2,1,1,4,1,0,2,1,0,1,-1,0,3,6,4,3,1,2,1,3,3,33
0,2,2,2,2,34507,0,1,0,1,2,1,3,1,0,1,1,0,0,1,6,1,1,0,2,1,1,4,1,1,2,1,0,3,2,3,3,6,3,3,1,1,2,3,1,29
0,0,2,3,2,4915,0,1,0,0,2,1,1,1,1,0,2,0,0,1,6,0,1,1,1,1,1,4,1,1,2,1,1,1,-1,0,1,6,3,2,1,2,3,1,1,33
0,0,2,3,2,581,1,1,1,2,2,0,0,0,1,0,1,1,16,1,6,0,1,0,2,1,1,4,1,0,2,1,1,0,0,0,3,5,3,2,1,0,0,3,0,34
1,0,1,0,2,152,1,1,1,1,2,1,1,1,0,0,1,1,12,1,12,0,1,2,0,4,1,4,1,1,2,1,1,1,2,5,2,6,3,3,1,2,1,3,2,29
0,2,0,0,1,16884,0,1,0,0,2,1,1,1,0,1,3,1,4,0,0,1,1,0,2,1,1,4,1,1,2,2,1,1,-1,0,0,6,3,0,0,3,1,1,4,0
1,2,2,3,1,33273,1,1,1,2,2,1,1,1,0,0,1,0,0,1,12,0,1,0,2,1,1,4,1,1,2,1,1,1,0,0,3,6,4,3,1,1,0,3,0,33
1,0,2,2,2,6058,0,1,0,0,2,1,3,1,0,1,1,0,0,1,12,0,1,0,0,1,1,4,1,1,2,1,1,1,2,4,2,6,4,3,1,1,1,3,0,33
1,0,2,3,2,8135,0,1,2,0,2,1,1,2,1,0,2,1,2,1,12,0,1,2,2,1,1,4,1,0,2,1,1,1,1,0,3,6,3,3,1,3,1,3,1,32
0,0,1,2,2,8608,0,1,0,0,2,1,1,2,1,0,2,0,0,1,12,0,1,1,1,1,1,4,1,1,2,1,1,2,0,0,3,6,3,3,1,1,1,3,0,34
1,0,2,2,2,21757,1,1,2,2,2,1,3,2,1,0,2,1,6,1,6,0,1,1,2,1,1,4,1,1,2,1,1,3,-1,0,2,6,4,3,1,1,1,3,4,34
1,2,2,3,2,23083,0,1,0,0,2,1,3,2,1,0,2,1,2,1,6,1,1,1,1,1,1,4,1,1,2,1,1,1,0,0,3,6,4,3,1,3,1,3,4,34
0,0,1,2,2,-1,0,1,0,1,2,1,1,1,0,1,2,0,0,1,4,0,1,1,1,1,1,4,0,1,2,1,1,1,-1,0,1,6,3,3,1,1,3,1,2,28
1,0,1,3,2,5764,1,0,0,0,2,1,3,2,1,0,1,0,0,1,12,1,1,0,0,1,1,4,1,1,2,1,1,1,2,5,1,6,3,3,1,0,1,3,4,31
0,0,2,3,2,3072,0,1,0,0,2,1,1,2,1,0,2,1,6,1,11,0,1,1,1,1,1,4,1,1,2,1,0,1,-1,0,3,6,3,2,1,1,1,3,1,32
1,0,2,2,2,4082,1,1,1,2,0,1,3,2,1,0,2,1,1,1,12,1,1,1,0,1,1,4,1,1,2,1,1,1,2,1,3,6,3,3,1,1,1,3,4,27
1,0,2,2,2,20650,0,1,1,1,2,1,3,1,1,0,2,1,6,1,6,1,1,1,2,1,1,4,1,1,2,1,1,1,2,4,3,6,4,3,1,1,1,3,3,31
1,2,1,2,2,10820,0,0,0,0,2,1,1,2,0,1,0,0,0,1,12,0,1,2,0,1,1,4,0,0,1,2,1,3,0,0,2,6,3,2,1,0,0,2,0,32
1,2,2,2,2,-1,0,0,0,0,2,1,1,2,0,1,2,0,0,1,12,1,1,1,2,1,1,4,1,1,2,1,1,1,1,5,2,6,4,3,0,1,1,3,2,34
0,2,2,3,1,15530,1,0,0,0,2,1,1,2,1,0,1,0,0,1,12,1,1,0,2,1,1,4,1,1,2,1,1,2,2,3,3,6,3,3,0,3,1,2,2,34
0,0,0,1,2,6104,0,1,1,1,2,1,3,2,0,1,2,1,1,1,12,0,1,2,0,1,0,4,0,1,1,1,1,1,0,0,3,6,4,3,1,1,1,3,0,32
1,0,2,1,2,245,0,1,1,1,2,1,1,2,1,0,1,1,6,1,6,0,1,1,1,1,1,4,1,1,2,1,1,1,1,0,3,6,4,3,1,1,1,3,3,32
0,0,1,3,2,40000,1,1,0,0,2,1,3,2,0,1,1,1,1,1,12,1,0,2,1,1,1,4,1,1,2,1,1,2,1,0,3,6,1,2,1,3,1,3,2,31
0,1,2,0,1,8028,0,1,1,0,2,1,1,2,1,0,1,0,0,0,0,0,1,0,2,1,1,4,1,1,2,2,1,0,2,3,0,6,3,0,0,3,3,0,4,0
0,0,2,2,2,4431,1,1,1,2,2,1,1,2,0,0,0,0,0,1,12,0,1,1,2,4,0,4,0,1,2,1,1,1,0,0,2,6,2,2,1,2,1,3,0,25
1,0,1,1,2,13124,0,1,1,0,2,1,1,2,1,0,0,0,0,1,5,0,1,0,0,4,0,2,1,1,2,1,1,1,0,0,3,6,4,3,1,2,1,3,0,33
0,0,2,3,2,17535,0,1,1,2,2,1,3,2,1,0,1,0,0,1,12,1,1,2,2,1,1,4,1,1,2,1,0,1,1,0,1,6,4,3,1,1,1,3,3,27
0,0,2,2,2,6670,0,1,0,0,2,1,1,2,1,0,1,0,0,1,12,0,1,1,0,1,1,4,1,1,2,1,1,1,1,0,2,3,3,3,1,2,3,3,4,33
1,0,1,2,2,2400,1,1,0,1,2,1,1,2,1,0,2,0,0,1,4,0,1,1,0,1,1,4,1,1,2,2,1,1,-1,0,2,6,3,3,1,1,1,3,4,29
1,0,2,2,2,14199,0,1,1,2,2,1,1,2,1,0,2,0,0,1,4,0,1,1,2,1,1,4,1,1,2,1,1,1,-1,5,3,6,3,3,1,1,3,3,0,34
1,0,1,3,2,3498,1,1,1,2,2,1,1,1,0,1,0,1,2,1,12,0,1,0,1,1,1,4,1,1,2,1,1,1,0,0,1,6,4,3,1,2,3,3,0,31
0,0,0,3,2,8673,1,1,0,0,2,0,0,0,0,1,2,0,0,1,3,0,0,0,1,1,1,4,0,1,2,1,0,0,-1,0,2,6,1,3,1,2,3,2,0,25
1,0,2,3,2,40612,0,1,1,1,2,1,3,2,1,0,1,1,2,1,6,1,1,1,2,1,1,4,1,1,2,1,1,3,2,4,3,6,3,3,1,3,1,3,4,32
0,2,1,1,2,6212,0,1,1,2,1,0,0,0,1,0,1,0,0,1,5,1,1,2,0,2,1,4,0,1,1,1,1,0,1,0,2,6,2,2,1,2,3,3,1,27
0,0,2,3,2,17499,1,1,2,0,2,1,1,2,1,0,2,1,1,1,12,0,1,1,1,1,1,4,1,1,2,1,1,1,-1,5,3,6,2,3,1,1,0,3,3,32
0,0,2,2,2,7995,1,1,0,0,1,1,3,1,1,0,3,0,0,1,4,1,1,0,1,1,0,4,1,1,2,1,0,1,1,0,2,6,3,3,1,2,1,3,1,31
0,2,1,1,2,2855,0,1,0,0,2,1,3,2,1,0,1,0,0,1,12,1,1,1,1,4,1,4,1,1,2,2,1,3,1,0,3,6,3,3,0,2,3,3,1,33
0,0,0,1,2,0,0,1,1,1,2,1,1,2,0,1,2,1,2,1,2,0,1,1,0,4,0,1,0,1,1,1,1,3,-1,0,2,3,2,2,1,2,1,3,1,34
0,0,0,2,2,3092,0,1,0,0,2,1,1,1,1,0,2,0,0,1,12,1,1,0,1,1,0,4,1,0,2,1,1,1,-1,0,1,6,2,2,1,2,3,3,2,26
0,2,2,0,2,11255,0,1,0,0,2,1,3,2,1,0,2,0,0,1,4,1,1,1,2,1,1,4,1,1,2,1,1,1,2,3,2,6,4,3,1,3,1,3,4,29
1,2,1,3,2,4301,1,1,3,2,2,1,1,2,1,0,1,0,0,1,4,0,1,1,0,1,1,4,1,0,2,2,1,1,1,0,1,6,4,2,1,1,0,3,2,30
1,0,0,1,2,4089,0,0,0,0,2,1,3,2,1,0,1,0,0,1,30,0,1,1,0,2,1,4,1,0,1,1,1,1,1,0,2,1,3,2,1,1,0,3,4,34
1,0,2,0,2,22614,1,1,1,2,2,1,3,2,1,0,1,0,0,1,4,1,1,1,0,1,0,4,1,1,1,1,1,1,1,0,3,6,3,2,1,1,1,3,2,33
1,0,1,2,2,15572,1,1,0,0,2,1,1,2,1,0,2,0,0,1,12,0,1,1,1,4,0,4,1,1,2,1,1,1,-1,0,1,6,4,3,1,1,1,3,2,29
0,2,2,3,2,1230,1,1,1,1,2,1,3,2,1,0,1,1,0,1,12,1,1,0,2,1,1,4,1,1,2,1,1,3,2,5,2,6,4,2,1,1,1,3,4,34
1,0,2,2,2,775,1,1,0,0,2,1,1,2,1,0,1,0,0,1,12,0,1,0,0,1,1,4,1,0,2,2,1,1,1,0,2,6,4,3,1,2,1,3,3,28
1,2,2,3,2,519,0,1,0,0,2,1,3,1,1,0,1,0,0,1,12,0,1,2,2,1,1,4,1,1,2,1,1,1,2,3,3,6,4,3,1,3,1,3,4,31
0,0,0,1,2,27706,0,1,3,1,2,0,0,0,1,0,2,0,0,1,1,0,1,2,0,1,0,4,1,1,2,1,0,0,-1,0,1,6,3,2,1,2,1,3,2,30
0,0,0,0,2,0,1,1,0,0,2,1,1,2,1,0,2,0,0,1,12,0,1,0,1,1,1,4,1,1,2,2,1,1,-1,0,1,6,4,2,1,1,1,2,1,29
1,0,0,1,2,-1,1,1,0,0,2,1,1,2,1,0,2,0,0,1,2,1,1,2,0,1,0,2,1,0,1,1,0,1,-1,0,2,3,4,2,1,1,1,3,3,33
0,2,3,0,2,22385,0,1,1,2,2,1,3,2,1,0,1,0,0,1,4,1,1,0,2,1,1,4,1,1,2,1,1,3,0,0,2,6,4,3,1,1,3,3,0,34
0,0,2,2,2,34178,0,1,3,2,2,1,1,2,1,0,2,0,0,1,4,0,1,1,2,1,1,4,1,1,2,1,1,1,1,5,3,6,4,3,1,3,3,3,4,33
0,2,3,0,1,1090,0,1,0,0,2,1,1,2,0,1,1,0,0,0,0,0,1,0,2,5,1,4,1,1,2,2,1,0,2,1,1,6,3,2,0,1,3,1,4,0
0,2,2,2,2,28985,1,1,0,0,2,1,3,1,0,0,2,0,0,1,4,1,1,2,2,1,1,4,1,1,2,1,1,1,2,3,2,6,3,3,0,1,1,3,2,29
0,2,0,3,2,17857,1,1,0,0,2,1,3,2,1,0,2,0,0,1,12,0,1,0,1,1,1,4,1,1,2,1,1,1,-1,0,3,6,4,2,1,1,3,2,0,31
0,0,0,1,2,15127,0,0,0,0,2,1,1,2,0,1,2,0,0,1,4,0,1,0,0,2,0,2,0,0,1,2,0,1,-1,0,1,6,2,2,1,0,3,0,4,34
0,0,2,1,2,16013,1,1,2,1,2,1,1,2,1,0,2,0,0,1,1,0,1,0,0,1,1,4,0,1,2,1,1,1,1,5,2,5,4,3,1,2,0,3,3,16
0,0,0,3,2,6596,1,0,0,0,2,1,3,1,0,0,1,0,0,1,4,0,1,0,0,4,0,4,0,1,2,1,0,1,1,0,2,6,3,3,1,0,1,3,2,33
1,2,0,1,2,3070,0,0,1,2,2,1,1,2,1,0,2,0,0,1,12,0,1,1,0,3,0,2,1,1,2,1,1,1,1,4,2,6,2,3,1,2,0,1,1,32
0,2,1,2,2,3752,0,1,0,0,2,1,1,1,1,0,0,0,0,1,12,0,1,0,1,1,1,4,0,1,2,1,0,1,0,0,3,3,3,2,0,2,1,3,0,34
1,0,1,0,2,0,1,1,0,0,2,1,1,2,1,0,1,1,12,1,12,0,1,0,1,1,0,4,1,1,2,1,1,1,1,0,2,6,3,2,1,0,1,3,4,29
1,2,1,3,2,18446,0,0,0,0,2,1,3,2,1,0,2,0,0,1,6,0,1,0,1,1,1,4,1,1,2,1,1,3,1,5,2,6,4,3,1,2,1,3,2,32
0,2,2,3,2,29705,0,1,0,1,2,1,3,2,1,0,2,1,12,1,12,0,1,0,0,1,1,4,1,1,2,1,1,1,2,1,3,6,3,3,1,1,1,3,3,31
0,0,2,2,2,11700,0,1,1,1,2,1,1,2,1,0,2,0,0,1,4,0,1,1,0,1,0,2,1,1,2,1,1,3,1,4,2,6,4,3,1,2,1,3,1,32
1,2,1,2,2,10187,0,1,0,0,2,1,1,2,1,0,1,1,2,1,4,0,1,2,0,1,1,4,1,1,2,1,1,1,1,0,3,6,3,3,1,1,3,3,4,29
0,2,1,0,2,-1,1,1,0,0,2,1,3,2,1,0,1,1,2,1,31,1,1,1,1,1,1,4,0,1,2,1,1,1,1,0,3,6,3,3,1,2,3,3,4,31
1,0,2,0,2,7036,0,0,0,0,2,1,1,2,1,0,2,0,0,1,12,0,1,0,0,1,1,4,1,1,2,1,0,1,0,0,2,6,3,3,1,2,1,3,0,33
0,0,2,2,2,12174,1,1,0,0,2,1,1,1,1,0,2,0,0,1,4,1,1,1,1,1,1,4,0,0,2,1,1,1,-1,0,2,6,4,2,1,2,3,3,1,32
0,0,3,2,2,11949,0,1,1,1,0,1,1,2,1,0,2,1,4,1,4,0,1,1,0,1,0,4,1,1,2,1,1,3,-1,0,2,6,3,3,1,2,1,3,3,32
0,2,2,3,2,10780,1,1,1,1,2,1,1,2,1,0,1,0,0,1,12,0,1,1,2,1,1,4,1,0,2,1,1,1,1,5,3,6,3,3,1,1,1,3,2,34
0,1,0,3,1,1708,0,1,0,0,2,1,1,2,1,0,2,0,0,0,0,0,1,0,1,1,1,4,0,1,1,2,1,1,-1,0,1,6,3,1,0,1,1,1,0,3
0,0,2,0,2,-1,0,0,2,2,2,1,1,1,1,0,2,0,0,1,4,0,1,1,0,1,1,4,1,1,2,1,1,1,0,0,3,6,3,3,1,2,0,3,1,33
1,2,3,2,2,4318,0,1,0,0,2,1,1,2,1,0,0,0,0,1,16,0,1,0,1,1,1,4,1,0,2,1,1,2,0,0,2,6,4,3,1,1,1,3,0,33
1,0,1,0,2,9996,0,0,2,1,2,1,3,2,1,0,1,0,0,1,12,1,1,1,2,1,1,4,1,1,2,1,1,1,1,0,3,5,3,3,1,1,1,3,3,33
0,2,2,2,2,3250,0,1,0,2,2,1,1,2,0,1,2,0,0,1,6,0,1,2,0,1,0,4,1,1,2,2,1,2,1,3,3,6,3,3,1,1,2,3,1,33
1,0,2,2,2,10097,0,1,0,0,2,1,3,2,1,0,1,0,0,1,6,1,1,1,2,1,1,4,1,1,2,1,1,1,1,0,2,6,4,3,1,1,3,3,2,34
0,2,1,2,2,17424,0,1,0,0,2,1,3,2,0,1,1,0,0,1,6,1,1,2,0,1,1,4,1,1,2,1,1,3,2,1,2,6,3,3,1,0,3,3,3,33
0,0,0,1,2,-1,0,0,0,0,2,0,0,0,0,0,1,0,0,1,4,1,1,2,0,1,0,2,0,0,1,2,0,0,1,0,2,5,2,2,1,3,1,3,2,26
1,2,2,2,2,39857,0,1,0,0,2,1,1,1,1,0,2,0,0,1,6,0,1,0,2,1,1,4,1,1,2,1,1,1,1,5,3,6,3,3,1,1,2,3,2,29
0,2,2,3,2,-1,0,1,0,0,2,1,1,2,1,0,0,0,0,1,4,0,1,2,2,1,1,4,1,1,2,1,1,1,0,0,2,6,4,2,0,0,3,3,0,34
1,2,2,2,2,10727,0,1,0,0,2,1,1,2,1,0,1,0,0,1,12,1,1,0,2,1,1,4,1,1,2,1,1,3,2,3,2,6,4,3,1,1,3,3,3,32
1,2,2,2,2,32915,0,1,0,2,2,1,1,2,1,0,1,0,0,1,12,1,1,1,2,1,1,4,1,1,2,1,1,1,2,2,3,6,4,3,1,1,0,3,3,34
0,1,2,2,2,6143,0,1,1,1,2,1,3,2,1,0,2,1,3,1,3,0,1,0,2,1,0,4,1,1,2,2,0,1,1,5,1,0,3,3,1,2,1,3,3,33
1,0,1,2,2,31577,0,1,0,1,2,1,1,2,1,0,2,0,0,1,6,0,1,1,1,1,1,4,1,0,2,1,1,3,2,5,3,6,4,3,1,1,3,3,2,32
0,2,2,3,2,7777,0,1,0,0,2,1,3,1,1,0,1,0,0,1,12,0,1,0,2,1,1,4,1,1,2,1,1,1,1,1,3,6,4,3,0,1,1,3,4,25
1,0,1,2,2,5459,0,1,2,2,2,1,1,2,0,1,1,0,0,1,12,0,1,0,0,1,1,4,1,0,2,1,1,3,1,0,3,6,3,3,1,1,1,3,0,32
0,0,1,2,2,6500,0,1,0,0,2,1,1,1,1,0,2,0,0,1,4,0,1,0,0,1,1,4,1,0,2,1,1,3,1,3,2,6,3,2,1,2,1,2,0,28
0,0,1,1,2,5866,0,1,2,2,2,1,3,2,1,0,1,0,0,1,12,1,1,2,1,1,0,4,1,0,1,1,1,1,1,0,2,6,3,2,1,0,1,3,4,25
0,0,2,1,1,3864,1,1,1,2,2,1,1,2,1,0,1,0,0,1,4,0,1,1,0,1,0,4,1,1,2,1,1,1,1,0,2,6,3,2,1,0,1,3,2,34
0,2,2,2,2,25115,0,1,1,1,1,1,3,2,1,0,2,0,0,1,12,0,1,0,1,1,1,4,1,1,2,1,1,1,2,3,3,6,3,3,1,2,1,3,2,34
0,2,3,3,1,8506,1,1,0,0,2,1,1,2,0,1,1,1,12,1,12,0,1,1,2,1,1,4,1,1,2,1,0,1,1,0,3,6,3,3,0,3,1,3,1,32
0,0,0,2,2,8550,0,1,1,2,2,1,1,2,1,0,0,0,0,1,3,0,1,0,2,1,1,4,1,1,2,1,0,1,0,0,2,6,4,3,1,3,3,3,0,33
1,0,2,3,2,85675,1,1,1,1,2,1,3,2,1,0,1,1,12,1,12,0,1,0,2,1,1,4,1,0,2,1,1,1,2,3,1,6,4,2,1,1,1,3,3,33
1,0,2,3,2,2745,0,1,2,1,2,1,1,2,0,1,2,0,0,1,4,0,1,1,1,1,1,4,1,1,2,1,1,1,0,0,3,6,3,2,1,2,1,3,0,25
1,0,2,1,2,3656,1,1,0,0,2,1,1,2,0,1,0,0,0,1,6,0,1,0,0,4,0,2,0,1,1,1,1,1,0,0,2,6,4,2,1,2,0,3,0,29
0,0,2,2,2,11535,0,1,0,2,2,1,1,1,1,0,0,0,0,1,4,0,1,0,2,1,1,4,1,1,2,1,0,1,0,0,3,6,4,3,1,3,1,3,0,32
0,2,0,2,2,0,1,1,0,1,2,1,3,2,0,0,2,1,12,1,12,0,1,0,2,1,1,4,1,1,2,1,0,1,1,0,3,6,3,2,1,1,3,3,3,23
1,2,2,2,2,23062,1,1,0,0,2,1,3,2,0,1,1,0,0,1,4,1,1,1,2,1,1,4,1,1,2,1,1,3,2,5,3,6,4,3,1,0,1,2,4,33
1,0,2,1,2,120,1,1,0,0,2,1,1,1,0,1,2,0,0,1,6,1,1,0,0,1,1,2,1,1,2,2,1,1,1,0,3,6,3,2,1,1,0,3,0,34
1,0,0,0,2,9629,0,1,0,0,2,1,1,2,1,0,0,0,0,1,12,0,1,0,2,1,1,4,1,1,2,1,1,1,0,0,3,6,3,3,1,1,1,3,0,32
1,0,2,3,2,-1,1,1,1,2,2,1,1,2,1,0,0,0,0,1,12,0,1,0,1,1,1,4,1,1,2,1,1,1,0,0,2,6,4,3,1,2,3,3,0,33
0,2,2,3,1,8485,0,1,1,2,2,1,1,2,1,0,1,0,0,0,0,1,1,0,2,1,1,4,1,1,2,2,1,1,2,4,0,6,4,0,0,0,1,0,4,3
0,0,2,2,2,5040,0,1,1,1,2,0,0,0,1,0,2,1,2,1,4,1,1,0,0,4,1,4,0,1,2,1,0,0,-1,0,1,6,3,3,1,1,3,3,0,30
1,0,0,2,2,3336,0,1,0,0,2,1,1,2,0,1,2,0,0,1,4,0,1,0,1,5,0,4,1,1,2,1,1,1,0,0,3,6,3,3,1,2,1,3,1,25
1,0,1,3,2,1205,0,1,1,0,2,1,1,1,1,0,2,0,0,1,12,0,1,1,1,1,1,4,1,1,2,1,1,1,1,0,3,6,3,3,1,1,3,3,1,34
0,0,2,3,2,73,1,1,1,2,2,1,1,2,0,1,2,1,3,1,12,0,1,2,1,1,1,4,1,1,2,1,1,1,-1,0,1,3,3,2,1,1,3,2,1,33
0,2,2,0,1,-1,0,1,0,0,2,1,3,1,1,0,1,0,0,1,31,1,1,1,2,1,1,4,1,1,2,1,1,3,-1,1,2,6,4,3,0,1,1,3,1,31
0,0,2,2,2,3583,0,1,0,0,2,1,1,2,1,0,1,0,0,1,12,0,1,1,1,1,1,4,1,1,2,1,1,2,-1,0,3,6,4,2,1,3,1,3,1,33
0,2,2,1,2,13498,0,1,0,0,2,1,3,2,1,0,2,0,0,1,12,0,1,1,0,1,0,4,1,0,2,1,0,1,2,5,2,6,4,2,1,3,1,3,4,33
1,0,0,1,2,-1,1,1,1,0,2,1,3,2,0,1,2,0,0,1,4,0,1,0,2,1,1,4,1,1,2,1,1,3,1,0,2,5,3,3,1,3,3,3,1,29
1,0,2,3,2,12194,1,1,1,2,2,1,1,2,1,0,2,1,1,1,12,1,1,0,1,1,1,4,1,1,2,1,1,1,1,0,3,6,3,3,1,1,1,3,1,27
1,2,2,2,1,-1,1,1,1,2,2,1,3,2,0,1,2,1,12,1,12,1,1,2,2,1,1,4,1,1,2,1,1,1,1,0,3,6,4,3,1,1,1,3,2,23
1,0,3,2,2,17433,1,1,2,0,2,1,1,2,1,0,2,0,0,1,12,0,1,1,2,1,1,4,1,0,2,1,1,1,1,4,2,6,3,3,1,1,1,3,2,33
1,0,1,2,2,8704,1,1,0,0,2,1,1,2,1,0,2,0,0,1,12,0,1,2,1,4,1,3,1,1,2,1,1,1,1,5,2,6,3,2,1,2,1,3,2,29
0,2,1,0,2,4876,0,1,0,0,2,1,1,2,1,0,2,1,12,1,12,0,0,2,2,1,1,4,1,0,2,1,1,1,1,0,3,6,1,3,1,1,3,3,1,33
0,0,1,2,2,-1,0,0,3,0,2,1,1,2,1,0,0,0,0,1,12,0,1,2,1,1,1,4,0,0,2,1,1,1,0,0,1,6,4,1,1,2,1,3,0,29
0,0,1,1,2,4625,0,0,0,0,2,1,1,2,1,0,2,0,0,1,1,0,1,1,1,4,0,4,1,1,2,2,1,1,-1,0,1,6,3,2,1,0,1,3,0,27
0,0,1,2,2,5453,0,1,1,2,2,1,1,2,1,0,1,0,0,0,0,1,1,1,1,1,1,4,1,1,2,1,1,1,1,0,2,0,3,3,1,1,1,3,4,34
0,0,0,1,2,8217,1,1,1,1,2,0,0,0,1,0,2,0,0,1,4,0,1,0,0,2,0,2,0,1,2,1,0,0,2,3,1,6,4,3,1,2,1,2,0,31
1,1,1,2,2,7261,0,1,1,1,2,1,3,1,1,0,2,0,0,1,12,0,1,1,1,1,1,4,1,1,2,1,1,1,0,0,2,6,3,3,1,3,1,3,0,26
0,2,2,2,2,7752,0,1,1,2,2,1,1,2,1,0,0,0,0,1,6,0,1,0,2,1,1,4,1,1,2,1,1,1,0,0,2,6,3,3,1,3,1,3,0,33
0,0,2,1,2,-1,0,1,0,0,2,1,1,2,1,0,0,1,2,1,12,1,1,0,1,1,1,4,1,1,2,1,1,1,0,0,2,6,3,3,1,2,1,3,0,32
0,0,0,1,2,3120,0,1,1,1,2,1,1,2,1,0,0,0,0,1,2,0,0,0,0,1,0,4,1,1,1,2,1,1,0,0,2,2,1,2,1,2,3,0,0,34
0,0,2,3,2,-1,0,1,0,0,2,0,0,0,0,0,2,0,0,1,12,0,1,0,1,1,1,4,0,1,2,1,1,0,-1,0,1,6,3,3,1,2,1,3,0,31
0,0,0,2,2,3468,0,1,1,1,2,1,3,2,1,0,2,0,0,1,12,1,1,2,0,1,0,4,0,1,2,1,1,1,1,0,2,5,3,3,1,2,1,3,2,34
1,2,4,2,2,34580,0,1,0,0,2,1,3,2,1,0,1,0,0,1,12,0,1,2,1,1,1,4,1,1,2,2,0,1,1,0,3,6,4,3,1,3,1,3,3,34
1,0,2,3,2,24,1,1,0,0,2,1,1,1,1,0,0,0,0,1,12,0,1,0,2,1,1,4,1,0,2,1,1,1,0,0,3,3,4,3,1,1,1,3,0,32
1,0,0,0,2,-1,0,0,2,2,2,1,1,1,0,0,0,0,0,1,4,0,1,1,0,1,0,3,0,1,1,1,1,1,0,0,2,5,3,2,1,2,0,0,0,31
1,0,2,2,2,4875,1,1,0,0,2,1,1,2,1,0,0,0,0,1,12,0,1,0,0,1,1,4,0,0,2,1,1,1,0,0,2,6,4,3,1,1,3,3,0,34
1,0,2,2,2,9212,0,1,0,0,2,1,1,1,1,0,2,0,0,1,12,0,1,0,0,1,1,4,1,1,2,1,1,1,1,5,2,6,3,2,1,2,1,3,0,33
0,0,2,2,2,17036,0,1,0,0,2,1,3,1,1,0,2,1,6,1,6,1,1,1,2,1,1,4,1,1,2,1,1,3,1,0,2,6,4,3,1,1,3,3,4,34
0,0,1,2,2,462,0,1,0,0,2,1,1,1,1,0,2,1,12,1,12,0,1,1,2,1,0,4,0,0,2,1,1,1,1,5,2,6,3,2,1,1,1,3,4,31
1,0,2,2,2,10554,0,1,0,0,2,1,3,2,1,0,2,1,8,1,6,0,1,2,1,1,1,4,1,1,2,1,1,1,2,4,3,6,3,3,1,1,1,3,2,31
0,0,0,2,2,2123,0,1,0,1,2,1,3,2,1,0,1,0,0,1,3,0,1,2,2,1,1,4,1,1,2,1,1,1,1,0,3,6,3,2,1,2,1,3,2,30
0,0,1,3,2,3137,1,1,1,2,2,1,1,1,1,0,2,0,0,1,2,0,1,2,0,1,1,4,1,0,2,1,1,1,1,0,3,6,3,2,1,1,1,3,1,24
1,2,2,2,2,25070,1,0,0,0,2,1,3,2,1,0,2,0,0,1,3,1,1,0,2,1,1,4,1,1,2,1,1,1,1,0,2,6,3,3,0,3,1,3,1,34
1,2,2,0,1,31357,1,1,0,0,2,1,3,1,1,0,1,0,0,1,4,0,1,1,2,1,1,4,1,1,2,1,1,1,2,4,2,6,4,3,0,3,1,3,3,29
0,0,2,2,2,372,0,0,0,0,2,1,1,1,0,1,2,0,0,1,12,1,1,2,1,1,0,4,1,1,1,2,1,1,0,0,2,6,3,2,1,2,3,3,2,32
0,0,2,2,2,-1,0,1,0,1,2,1,3,1,1,0,1,0,0,1,14,1,1,2,2,1,1,4,1,1,2,1,1,1,1,0,2,6,3,2,1,1,3,3,3,27
0,2,2,3,2,23008,1,1,1,1,2,1,3,2,1,0,1,1,4,1,4,1,1,1,1,1,1,4,1,1,2,1,1,1,2,4,3,6,4,3,1,2,1,3,4,34
0,0,0,2,2,9755,0,1,0,0,2,1,3,2,1,0,2,0,0,1,4,0,1,1,1,1,1,4,1,1,2,1,1,3,2,5,3,6,3,3,1,3,3,1,3,32
1,2,2,2,2,31202,0,1,0,0,2,1,3,2,0,1,3,1,3,1,3,1,1,2,2,1,1,4,0,1,2,1,1,1,1,5,3,6,4,3,1,1,3,3,3,31
1,2,1,3,1,11854,0,1,1,2,2,1,3,2,1,0,1,0,0,1,12,0,1,2,2,1,1,4,1,0,2,1,1,1,1,0,3,6,4,3,1,1,1,3,2,32
0,2,2,2,2,33735,0,1,1,1,2,1,2,1,1,0,2,1,2,1,6,1,1,0,1,1,1,4,1,1,2,1,1,2,2,1,2,6,4,3,1,1,1,3,4,34
0,0,0,0,1,32062,0,1,1,2,2,1,1,2,1,0,1,0,0,0,0,0,1,0,1,1,1,4,0,0,2,2,1,0,2,5,0,6,4,0,0,0,3,1,4,3
0,0,1,2,2,39354,1,1,0,0,2,1,3,1,1,0,2,0,0,1,4,0,1,1,1,1,1,4,1,1,2,2,1,1,1,2,3,6,3,3,1,1,3,3,4,33
1,0,2,3,2,26761,0,1,0,0,2,1,3,2,1,0,2,0,0,1,12,1,1,1,1,1,1,4,1,1,2,1,1,1,2,5,1,6,4,3,1,2,1,3,4,34
0,2,0,3,2,19433,1,1,0,0,2,1,3,1,1,0,1,0,0,1,12,1,1,0,2,1,1,4,1,1,2,1,1,1,2,4,3,6,3,3,0,3,0,3,3,34
1,0,0,2,2,0,0,1,0,0,2,1,1,1,0,0,2,0,0,1,12,0,1,1,2,4,1,4,1,1,2,2,0,1,-1,0,1,6,2,2,1,2,1,3,0,32
0,0,1,2,2,5667,0,1,0,0,2,1,1,2,1,0,1,0,0,1,12,1,1,1,0,1,1,4,0,1,2,1,1,1,1,0,0,6,2,2,1,1,1,3,3,27
1,2,2,2,1,19790,0,1,0,1,2,1,1,2,1,0,1,0,0,1,6,1,1,0,2,1,1,4,1,1,2,1,1,3,1,0,3,6,4,3,1,1,1,3,3,29
1,0,1,1,2,9636,1,1,0,1,2,1,1,2,1,0,2,0,0,1,4,0,1,1,1,1,1,4,1,1,1,1,1,1,-1,0,2,6,3,3,1,1,1,3,1,31
1,2,2,2,2,18218,0,1,0,2,2,1,3,1,0,0,1,0,0,1,6,1,1,0,1,1,1,4,1,1,2,1,0,1,1,0,3,6,4,3,0,3,3,3,4,34
1,0,2,3,2,-1,1,1,0,0,2,0,0,0,1,0,0,0,0,1,12,0,1,0,2,1,1,4,1,0,2,1,1,0,0,0,2,6,4,3,1,1,1,3,0,31
0,0,1,2,2,-1,0,1,0,0,2,1,1,2,1,0,2,0,0,1,4,0,1,1,2,1,1,4,1,0,2,1,1,1,1,5,3,6,4,2,1,2,3,3,3,25
0,0,2,3,2,11701,1,1,0,0,2,1,3,1,1,0,2,1,1,1,12,1,1,1,1,1,1,4,1,1,2,1,1,1,2,4,3,6,3,3,1,1,1,3,4,27
0,0,2,3,2,35627,0,1,1,1,2,1,3,1,1,0,1,0,0,1,12,1,1,1,1,1,1,4,1,0,2,1,1,1,1,0,3,6,4,3,1,1,1,3,2,27
0,2,0,1,2,7148,1,1,0,0,2,1,1,2,1,0,2,0,0,1,4,0,1,0,2,1,1,4,0,1,2,1,1,1,0,0,2,3,3,2,1,3,1,0,0,34
1,2,1,0,1,9137,0,0,2,1,2,1,3,2,1,0,1,0,0,1,12,1,1,2,2,1,1,4,1,1,2,1,0,3,2,2,2,6,3,3,0,2,1,3,1,34
0,0,1,3,2,13361,1,1,0,0,2,1,3,1,1,0,1,0,0,1,6,1,1,1,0,1,1,4,1,1,2,1,1,1,-1,0,2,6,3,3,1,2,1,3,1,25
0,2,2,2,2,12899,0,1,0,0,2,1,3,1,1,0,2,1,1,1,18,0,1,1,1,2,1,4,1,1,2,1,1,1,1,0,3,6,4,3,1,0,2,2,4,33
1,0,0,1,2,1206,1,1,0,0,2,1,1,1,1,0,2,0,0,1,4,0,1,0,0,2,0,4,0,1,1,2,0,1,1,0,1,6,3,2,1,2,1,0,1,32
1,0,1,0,2,-1,1,1,0,0,2,1,1,2,1,0,2,0,0,1,3,0,1,1,1,4,1,4,1,1,1,1,1,2,1,5,2,6,3,3,1,3,1,3,0,33
0,2,3,3,2,31600,1,1,1,1,2,1,1,2,1,0,1,0,0,1,4,0,1,0,1,1,1,4,1,1,2,1,1,1,1,0,2,6,4,3,0,1,1,3,1,33
0,2,2,0,1,17506,0,1,1,2,2,1,1,2,1,0,1,0,0,0,0,0,1,0,2,1,1,4,1,1,2,2,1,0,2,5,0,6,3,0,0,3,1,0,4,0
1,0,0,1,2,6175,0,1,0,0,2,1,1,1,1,0,2,0,0,1,12,0,1,1,0,4,1,2,1,1,2,1,1,1,-1,0,3,6,3,2,1,0,1,1,4,29
0,0,2,2,2,19922,1,1,0,0,2,1,1,2,1,0,2,0,0,1,7,0,1,0,2,1,1,4,1,1,2,1,1,1,1,0,3,3,4,3,1,1,3,3,1,33
1,2,1,2,1,11240,0,0,0,0,2,1,1,2,1,0,1,0,0,1,6,0,1,0,1,1,1,4,1,0,2,1,1,1,2,4,2,6,4,3,1,0,1,3,0,34
0,2,2,2,2,24315,0,1,1,2,2,1,3,2,1,0,3,0,0,1,12,1,1,2,1,1,1,4,1,1,2,1,1,3,2,4,2,6,3,3,0,1,1,3,3,34
1,0,2,1,2,7382,0,0,0,0,2,1,1,1,0,1,0,0,0,1,12,1,1,0,1,1,0,4,1,1,1,1,1,1,0,0,2,6,4,3,1,2,1,3,0,24
0,0,1,3,2,-1,0,0,0,2,2,1,3,2,1,0,2,1,12,1,12,1,1,0,1,1,1,4,1,1,2,1,1,1,2,1,3,6,4,3,1,1,0,3,4,34
0,0,2,3,2,1777,1,1,0,0,2,1,3,1,1,0,1,0,0,1,11,0,1,0,2,1,1,4,1,1,2,1,1,1,1,2,2,6,3,2,1,2,0,3,1,32
1,0,1,3,2,20022,0,1,0,0,2,1,3,1,1,0,2,1,2,1,12,0,1,0,2,1,1,4,1,1,2,1,1,1,1,0,2,6,2,3,1,1,1,3,1,33
0,0,2,2,2,23799,0,1,1,2,2,1,1,1,1,0,2,0,0,1,12,0,1,0,2,1,1,4,1,1,2,1,1,1,0,0,2,6,3,3,1,1,3,3,0,32
0,0,2,2,2,10914,0,0,2,2,2,1,2,1,1,0,2,0,0,1,12,0,1,1,0,1,0,4,1,1,2,1,1,2,1,5,2,6,2,3,1,2,3,3,0,16
0,0,1,2,2,7320,0,1,1,1,2,1,1,2,1,0,0,0,0,1,6,0,1,0,1,1,1,4,1,1,2,1,1,1,0,0,3,6,4,3,1,1,1,3,0,28
1,0,1,2,2,3069,0,1,0,0,2,1,1,2,1,0,2,0,0,1,12,0,1,1,0,1,0,4,1,0,1,1,0,2,-1,0,3,5,4,3,1,2,1,3,4,32
1,0,1,3,2,16452,0,1,0,0,2,1,3,2,1,0,1,0,0,1,12,1,1,0,1,1,1,4,1,1,2,1,1,1,1,0,3,6,3,3,1,1,1,3,2,33
0,0,2,0,2,2745,0,1,1,2,2,1,1,2,1,0,1,0,0,1,6,0,1,0,2,1,1,4,1,1,2,1,1,1,1,5,2,6,4,3,1,3,3,3,0,33
1,0,0,0,2,0,0,1,0,0,2,0,0,0,0,1,0,1,4,1,12,0,1,0,0,4,0,3,1,1,1,1,1,0,0,0,1,6,3,2,1,0,1,3,0,29
0,0,0,2,2,2192,0,0,0,0,2,1,1,2,0,0,2,0,0,1,12,0,1,1,0,1,1,4,1,1,2,2,1,1,1,0,3,6,4,3,1,1,1,3,2,32
1,2,3,2,1,16650,0,0,0,0,2,1,2,1,0,0,1,0,0,1,24,1,1,0,2,1,1,4,1,0,2,1,0,1,2,1,3,6,3,3,1,1,0,3,4,34
0,0,2,3,2,18869,0,1,0,0,2,1,1,2,1,0,1,0,0,1,12,0,1,0,2,1,1,4,1,1,2,1,1,1,0,0,3,6,4,3,1,1,1,3,0,31
0,0,2,1,2,300,0,1,0,0,2,0,0,0,1,0,0,0,0,1,3,0,1,0,2,1,1,4,1,1,2,2,1,0,0,0,2,6,2,2,1,2,3,3,0,34
0,0,2,1,2,5325,1,0,0,0,2,1,3,2,1,0,0,0,0,1,12,0,1,0,1,1,0,4,0,1,1,1,1,3,0,0,2,5,3,3,1,3,1,3,0,30
1,2,2,1,2,0,1,1,2,2,2,1,3,2,1,0,2,1,2,1,2,1,1,1,0,4,0,3,1,1,1,1,1,1,1,0,3,6,3,3,1,2,0,1,1,30
1,0,2,2,2,-1,0,1,0,0,2,1,3,2,0,1,1,0,0,1,6,1,1,2,2,1,1,4,1,1,2,1,1,1,2,3,3,6,3,3,1,1,1,3,1,34
0,0,2,0,2,3361,1,0,0,0,2,1,1,1,1,0,2,1,1,1,12,0,1,1,1,1,1,4,0,1,2,1,1,1,-1,0,2,6,4,3,1,2,0,3,2,32
0,0,1,2,2,3793,1,1,2,1,2,1,3,2,1,0,1,0,0,1,4,1,1,2,0,1,1,4,1,1,2,2,0,1,1,0,2,6,4,2,1,1,1,3,4,28
0,0,0,1,2,3067,1,1,0,0,2,1,1,2,1,0,2,1,12,1,12,0,1,0,0,1,1,0,0,1,2,1,1,2,1,0,2,6,4,2,1,1,1,3,2,29
1,0,2,1,2,5379,0,1,0,0,2,1,1,2,1,0,2,0,0,1,12,0,1,1,1,4,1,4,1,1,2,1,0,1,1,5,2,6,3,3,1,1,1,3,1,29
0,2,2,0,2,13464,0,1,1,1,2,1,3,2,1,0,1,0,0,1,4,1,1,2,1,1,1,4,1,1,2,1,1,1,1,4,3,6,3,2,1,1,3,3,4,31
1,2,2,2,2,30503,1,1,0,0,2,1,3,2,0,1,2,1,3,1,12,1,1,2,2,1,1,4,1,1,1,1,1,3,2,5,3,6,4,3,1,0,0,3,4,31
1,1,2,2,2,20324,1,1,0,2,2,1,1,2,1,0,2,0,0,1,12,1,1,2,1,1,1,4,1,1,1,1,1,1,1,0,3,6,3,3,1,1,1,3,4,32
0,0,2,2,2,736,1,1,0,0,2,1,1,2,1,0,2,0,0,1,12,0,1,1,0,1,1,4,1,1,2,1,0,1,1,0,1,5,2,3,1,0,1,3,4,34
0,0,2,0,2,14396,1,1,0,0,2,1,1,2,1,0,2,0,0,1,12,0,1,1,1,1,1,4,1,0,2,1,1,1,-1,4,2,6,3,2,1,2,0,3,2,31
1,0,1,2,2,8310,0,1,0,0,2,1,1,2,0,1,0,0,0,1,4,1,1,0,0,1,0,4,1,0,2,1,1,1,0,0,3,0,3,2,1,2,1,3,0,25
0,0,0,1,2,-1,1,0,0,1,2,1,1,1,1,0,0,0,0,1,4,0,1,0,0,4,0,1,0,1,1,2,1,1,0,0,1,6,3,2,1,2,0,0,0,33
1,0,2,0,2,13270,1,1,2,1,2,1,3,1,0,1,1,1,12,1,12,1,1,1,2,1,1,4,1,1,2,1,1,1,1,0,2,6,3,3,1,1,0,3,3,32
0,0,0,1,2,-1,1,1,1,1,1,0,0,0,0,0,1,1,1,1,4,0,1,0,1,4,0,2,0,0,1,1,1,0,1,0,2,3,3,2,1,2,0,1,0,30
1,2,3,2,2,-1,1,1,0,2,2,1,3,1,0,0,1,0,0,1,12,1,1,0,2,1,1,4,1,1,2,1,1,1,1,0,3,6,4,3,1,1,0,3,2,28
0,2,2,3,2,14036,0,1,3,2,2,1,1,2,1,0,1,1,12,1,12,1,1,1,2,1,1,4,1,1,2,1,1,3,2,3,3,6,4,2,1,1,2,3,3,34
0,2,0,2,2,3171,1,1,1,2,2,1,1,1,0,0,0,0,0,1,4,0,1,0,2,5,0,4,1,1,2,1,1,1,0,0,1,6,3,3,1,1,3,3,0,30
1,0,2,2,2,13616,1,1,0,0,2,1,3,2,1,0,3,0,0,1,12,0,1,0,2,1,1,4,1,1,2,2,0,3,2,5,1,6,3,3,1,0,1,3,3,30
1,0,3,2,2,19668,0,1,0,0,2,1,1,2,0,1,2,0,0,1,8,0,1,0,1,1,1,4,1,1,2,1,1,1,0,0,2,6,4,3,1,1,0,3,0,33
1,0,2,0,2,1238,0,1,0,1,2,1,3,1,1,0,1,1,1,1,5,1,1,1,1,1,1,4,1,1,2,1,1,1,-1,0,2,6,4,3,1,1,2,3,2,26
1,0,2,2,2,26363,0,1,2,2,2,1,3,2,1,0,1,0,0,1,12,1,1,0,2,1,1,4,1,1,2,1,1,1,1,0,3,6,3,3,1,3,1,3,2,33
0,0,3,3,2,-1,1,1,0,2,2,1,1,2,1,0,2,0,0,1,12,0,1,1,2,1,1,4,0,1,2,1,1,1,1,5,1,6,4,2,1,1,3,3,3,33
0,0,2,2,2,10382,0,1,0,2,2,1,1,2,1,0,0,0,0,1,5,0,1,1,2,1,1,4,0,1,2,1,1,1,0,0,2,6,3,3,1,1,1,3,0,32
1,2,2,2,2,40167,1,1,2,2,2,1,3,2,1,0,2,1,4,1,12,1,1,2,1,1,1,4,1,1,2,1,1,1,2,3,1,6,4,3,0,1,3,3,4,28
1,0,2,2,2,0,0,1,1,1,2,1,1,2,0,1,2,0,0,1,12,0,1,0,0,1,0,4,1,1,2,2,1,1,1,2,2,6,4,3,1,2,3,3,2,22
0,0,4,3,2,4064,0,1,0,0,0,1,3,2,1,0,1,0,0,1,4,1,1,0,0,1,1,4,1,1,2,1,1,1,1,0,3,6,3,3,1,2,3,3,2,29
1,0,2,2,2,9471,0,1,0,0,2,1,3,2,1,0,2,0,0,1,4,1,1,1,2,1,1,4,1,1,2,1,1,1,1,3,2,6,3,3,1,3,0,3,3,34
1,0,0,1,2,0,0,0,1,2,2,0,0,0,0,0,2,0,0,1,3,0,1,0,0,1,0,3,0,1,2,2,0,0,-1,0,1,6,4,0,1,1,1,1,0,34
0,0,1,3,2,13140,0,0,0,0,2,1,1,2,0,1,2,1,1,1,5,0,1,1,0,1,1,4,1,1,2,1,0,1,0,0,1,6,4,2,1,1,2,3,0,30
0,1,2,3,2,531,0,0,0,0,2,1,1,1,1,0,2,0,0,1,12,0,1,0,2,1,1,4,1,1,2,1,0,1,0,0,3,6,4,2,1,3,1,3,0,34
0,0,0,1,2,0,0,0,2,1,2,1,1,2,1,0,0,0,0,1,4,0,1,0,0,4,1,2,0,1,1,2,1,1,0,0,1,6,2,2,1,2,1,1,0,34
0,2,3,2,2,28564,1,1,1,1,2,1,1,1,1,0,0,0,0,1,4,0,1,0,1,1,1,4,1,1,2,1,1,1,0,0,3,6,3,3,1,2,1,3,0,34
0,2,2,3,2,3935,0,1,1,0,2,1,1,1,1,0,2,0,0,1,4,0,1,2,0,1,1,4,0,1,2,2,1,0,2,5,0,6,4,2,1,2,1,3,2,33
0,0,2,2,2,13841,1,1,0,0,2,1,3,2,1,0,2,0,0,1,12,1,1,0,1,1,1,4,1,1,2,1,1,1,1,5,2,6,4,3,1,3,3,3,3,34
0,0,2,2,2,46858,1,1,0,0,2,1,3,2,1,0,2,1,4,1,4,0,1,0,2,1,1,4,1,1,2,1,1,1,1,4,3,6,3,3,0,2,1,3,2,33
1,0,2,2,2,4791,1,1,2,2,2,1,3,2,0,1,2,1,1,1,1,1,1,1,1,1,0,4,1,1,1,1,1,1,1,0,2,6,3,2,1,1,0,3,3,34
1,0,1,0,2,-1,1,1,1,0,1,1,1,2,0,1,1,0,0,1,4,1,1,2,0,4,0,4,1,1,1,2,1,1,1,0,1,6,3,2,1,2,3,0,3,26
0,0,2,2,2,11143,0,1,1,2,2,1,1,2,1,0,2,0,0,1,4,0,1,2,1,1,1,4,1,1,2,1,1,1,2,4,3,6,4,3,1,2,1,3,1,33
1,0,2,3,2,14377,0,1,0,0,2,1,3,2,0,1,1,0,0,1,12,1,1,1,0,1,0,4,1,1,2,1,1,1,2,5,2,6,4,3,1,2,1,3,2,28
0,2,2,3,1,15154,0,1,0,2,2,1,1,2,1,0,2,0,0,1,12,0,1,0,0,1,1,4,1,1,2,1,1,1,1,0,2,6,4,3,0,1,1,3,3,34
1,2,1,2,2,7431,0,1,1,2,2,1,1,1,1,0,2,1,1,0,0,1,1,1,0,1,1,4,1,0,1,1,0,3,2,3,3,6,2,3,1,2,3,3,1,33
1,0,2,1,2,-1,0,1,1,1,2,1,3,1,1,0,1,1,12,1,12,0,1,1,0,5,1,4,1,1,1,1,1,1,1,0,1,6,4,3,1,1,1,3,0,31
0,2,1,2,1,9871,0,1,0,0,2,1,3,2,1,0,1,0,0,1,12,0,1,1,0,2,1,4,0,1,2,1,1,1,2,1,3,5,4,3,1,2,1,3,4,30
0,0,2,2,2,7839,0,1,0,1,2,1,1,2,0,1,1,0,0,1,3,0,1,0,2,1,1,4,0,1,2,1,1,1,0,0,2,6,4,2,1,3,1,2,0,32
1,0,2,1,2,8216,0,1,1,2,2,1,3,2,1,0,2,0,0,1,12,0,1,0,0,1,1,3,0,1,1,1,1,1,1,5,3,6,3,2,1,3,1,3,3,34
1,2,1,2,2,1437,1,1,0,2,2,1,3,2,1,0,3,0,0,1,6,1,1,2,2,1,1,4,1,0,2,1,1,1,2,2,3,6,4,3,0,3,1,3,3,34
0,0,0,1,2,5179,0,1,0,0,2,1,1,2,0,0,2,0,0,1,12,0,1,0,2,1,1,4,1,1,2,1,0,1,-1,0,1,6,3,3,1,2,1,1,3,28
0,0,0,1,2,14534,1,1,0,0,2,1,1,2,0,1,2,0,0,1,4,0,1,0,0,2,0,0,0,1,1,2,0,1,-1,0,1,6,3,2,1,2,3,0,3,34
1,0,3,3,2,27048,0,1,2,2,2,1,3,2,1,0,1,0,0,1,4,0,1,1,2,1,1,4,1,1,2,1,1,1,1,0,2,6,3,3,1,1,1,2,2,29
1,0,2,2,2,-1,0,1,1,2,2,1,3,2,1,0,1,0,0,1,12,1,1,1,1,1,0,4,1,1,2,1,0,1,1,0,3,6,3,2,1,3,0,3,2,34
0,2,2,3,2,1809,1,1,0,2,2,1,1,1,1,0,2,0,0,1,12,0,1,1,2,1,1,4,1,1,2,1,1,1,1,5,3,6,3,3,1,3,1,1,0,31
0,0,0,2,2,11013,0,1,1,1,2,1,3,2,1,0,2,0,0,1,6,0,1,1,2,1,1,4,1,1,2,1,1,3,2,4,2,5,3,3,1,3,3,3,2,32
1,2,2,2,2,14110,0,1,0,0,2,1,3,1,1,0,1,0,0,1,11,1,1,0,2,1,1,4,1,1,2,1,0,3,2,1,2,6,4,3,1,1,1,3,2,32
0,0,2,2,2,2206,1,0,0,0,2,1,1,2,1,0,2,0,0,1,12,1,1,1,2,1,1,4,0,1,2,1,1,1,0,0,2,6,2,3,1,1,1,3,0,32
1,0,0,3,2,20164,0,1,1,1,2,1,1,2,1,0,2,0,0,1,6,1,1,2,2,4,1,4,1,1,2,1,1,1,2,5,3,6,4,3,1,3,0,3,4,30
1,0,1,2,2,26097,0,1,0,0,2,1,1,1,1,0,2,0,0,1,6,0,1,0,1,1,1,4,1,1,2,1,1,1,1,5,2,6,3,3,1,3,3,3,4,30
0,2,1,3,2,8469,0,1,0,1,2,1,1,1,1,0,1,0,0,1,4,0,1,0,2,1,1,4,1,1,2,1,1,3,1,0,2,6,4,3,0,1,1,3,3,27
0,0,4,2,2,25676,1,1,0,0,2,1,3,2,1,0,2,0,0,1,12,0,1,1,1,1,1,4,1,1,2,1,1,3,1,0,3,6,4,3,1,3,1,3,4,33
0,0,2,0,2,-1,0,0,0,0,2,1,1,2,1,0,2,0,0,1,4,0,0,0,0,1,1,4,1,1,2,1,1,1,1,3,3,6,1,3,1,2,3,2,4,25
0,2,0,1,2,964,0,0,1,1,1,1,3,2,0,1,1,0,0,1,12,1,1,2,0,1,0,4,0,1,1,2,1,1,1,0,1,6,3,2,1,2,0,2,4,34
1,0,2,2,2,-1,0,1,1,2,2,1,1,1,0,0,2,1,2,1,4,0,1,0,1,1,1,4,1,0,2,1,1,3,1,2,2,6,3,3,1,2,1,3,3,34
1,2,2,2,2,17847,1,1,0,0,2,1,1,2,1,0,2,0,0,1,12,0,1,1,1,1,1,4,1,1,2,1,1,1,1,1,3,6,3,3,1,1,1,3,3,29
1,2,2,2,2,6579,1,1,0,0,2,1,1,2,1,0,2,0,0,1,4,1,1,1,0,1,1,4,1,1,2,1,1,1,1,0,3,6,4,3,0,1,1,3,4,34
0,1,2,0,1,23136,0,0,2,2,2,1,1,2,1,0,1,0,0,0,0,1,1,1,2,1,1,4,1,1,2,2,1,0,2,4,0,6,4,0,0,1,3,1,4,0
0,0,0,1,2,4114,0,1,0,0,2,1,1,2,1,0,2,0,0,1,12,0,1,0,0,4,0,0,1,1,1,1,1,1,1,0,0,6,4,3,1,0,1,3,1,29
1,0,2,2,2,25005,1,1,0,0,2,1,1,1,0,1,1,1,2,1,12,0,1,0,2,1,1,4,1,1,2,1,1,1,1,4,3,6,4,3,1,3,3,3,3,34
1,0,2,2,2,-1,1,0,0,0,2,1,3,2,1,0,1,0,0,1,2,1,1,0,1,1,1,4,1,1,2,1,1,1,1,0,3,6,3,3,1,2,1,3,3,33
0,0,2,3,2,3386,1,1,1,2,2,1,1,2,1,0,1,0,0,1,4,0,1,0,0,1,0,3,0,1,1,1,1,1,-1,0,1,6,4,2,1,1,1,1,3,33
0,2,0,2,2,4180,1,1,0,0,2,1,3,2,0,1,2,1,2,1,12,1,1,0,0,1,1,4,1,1,2,1,1,1,-1,0,3,6,3,3,0,1,1,3,1,33
1,2,2,2,2,11357,1,1,0,0,2,1,2,1,0,1,1,1,3,1,3,1,1,1,2,1,1,4,1,1,2,1,1,1,2,5,3,6,4,3,1,1,3,3,4,31
0,2,2,0,2,8046,0,1,1,1,1,1,3,2,1,0,1,0,0,1,3,1,1,2,1,1,1,4,1,1,2,1,1,2,2,3,3,6,4,3,0,1,1,0,4,2
0,0,2,2,2,13111,1,1,0,0,2,1,3,1,0,1,1,0,0,1,6,1,1,2,1,1,1,4,1,1,1,1,1,1,-1,0,1,6,3,3,1,2,3,3,4,25
0,0,3,2,2,18938,1,1,0,0,2,1,3,2,1,0,2,0,0,1,12,0,1,1,2,1,1,4,1,1,2,1,0,3,2,3,2,6,3,2,1,1,3,3,4,34
0,0,1,2,2,5839,0,1,0,0,2,1,1,2,1,0,2,0,0,0,0,1,1,1,1,1,0,4,1,1,2,1,1,1,-1,0,1,6,3,3,1,1,1,3,4,32
1,2,2,2,2,25814,1,1,0,0,2,1,1,2,1,0,1,0,0,1,18,0,1,1,0,1,1,4,1,1,2,1,1,1,2,5,2,6,3,3,1,3,1,3,4,33
1,0,2,2,2,29057,1,1,0,0,2,1,1,1,1,0,2,0,0,1,12,0,1,1,1,1,1,4,1,1,2,1,1,1,1,3,2,6,3,3,1,2,3,3,0,33
1,0,2,1,2,0,1,0,0,0,2,1,1,1,1,0,0,0,0,1,12,0,1,0,0,4,1,4,1,1,1,1,1,1,0,0,0,6,3,2,1,0,1,3,0,29
0,1,0,2,2,12381,0,1,1,1,1,1,3,2,1,0,1,0,0,1,6,1,1,2,2,5,1,4,1,0,2,1,1,1,1,0,3,6,3,3,1,1,3,3,4,32
0,0,0,1,2,6308,1,1,1,2,2,1,3,2,1,0,1,0,0,1,4,0,1,1,0,1,0,4,1,0,2,1,1,1,1,0,2,6,4,3,1,1,0,3,1,34
0,0,2,2,2,349,1,0,1,1,2,1,1,2,1,0,2,0,0,1,4,0,0,2,1,1,0,4,0,1,2,1,1,1,-1,0,2,6,1,2,1,2,1,3,3,25
1,0,2,1,2,-1,0,1,0,0,2,1,3,1,0,0,2,0,0,1,3,1,1,2,0,1,0,1,0,1,1,2,1,1,1,0,2,5,4,2,1,2,1,3,2,31
0,0,2,0,2,18933,0,0,0,0,2,1,3,1,1,0,1,0,0,1,5,1,1,2,2,1,1,2,1,1,2,1,1,1,1,0,2,5,3,3,1,1,3,2,2,33
1,0,2,1,1,-1,1,1,1,2,2,0,0,0,0,1,0,0,0,1,6,0,1,0,2,1,0,4,1,0,1,2,1,0,0,0,2,6,3,2,1,0,3,3,0,34
0,0,1,2,2,10641,0,0,1,2,2,0,0,0,0,1,2,0,0,1,3,0,1,1,1,1,1,4,1,1,2,1,1,0,0,0,1,5,3,2,1,3,3,3,0,22
1,2,2,2,2,15203,1,1,0,0,2,1,3,1,1,0,1,0,0,1,12,0,1,1,1,1,1,4,1,1,2,1,1,1,2,5,3,6,3,3,1,1,1,3,0,33
0,0,2,3,2,11023,1,1,1,2,2,1,3,2,1,0,1,1,12,1,12,1,1,1,1,1,1,4,1,0,2,1,1,1,1,0,2,6,3,3,1,1,1,3,3,33
0,0,2,3,2,23313,1,1,0,0,2,1,3,1,1,0,1,0,0,1,4,1,1,1,2,1,1,4,1,1,2,1,1,1,1,0,2,6,4,3,1,3,0,3,4,29
0,1,0,0,1,451,0,1,0,0,2,1,3,2,1,0,1,1,6,1,24,0,1,0,2,1,1,4,1,0,2,2,0,0,2,4,0,6,3,0,0,1,3,1,3,5
1,0,2,3,2,48045,1,1,1,2,2,1,1,1,1,0,1,1,1,1,12,0,1,1,2,1,1,4,1,1,2,1,1,1,-1,1,3,6,3,3,1,3,0,3,4,32
0,0,0,1,2,-1,0,1,1,2,2,1,3,1,1,0,1,0,0,1,4,1,1,1,0,1,0,2,0,0,1,1,1,1,1,0,2,5,3,2,1,2,1,3,3,33
1,0,2,3,2,-1,0,1,1,2,2,1,1,1,1,0,2,0,0,1,4,0,1,2,2,1,1,4,1,0,2,1,0,1,2,3,1,6,3,3,1,1,1,3,4,34
0,0,2,3,2,4468,0,0,0,0,2,1,1,2,1,0,2,0,0,1,12,0,1,0,2,1,1,4,1,1,2,1,1,1,1,5,2,6,4,3,1,1,1,3,1,32
1,2,2,2,2,15922,1,1,0,0,2,1,3,2,1,0,1,1,4,1,4,1,1,0,1,1,1,4,1,1,2,1,1,1,2,4,3,6,4,3,1,1,3,3,4,31
0,2,4,0,2,4549,1,1,1,2,2,1,2,2,1,0,1,1,2,0,0,0,1,2,2,1,1,4,1,1,2,2,1,3,2,4,3,6,4,3,0,3,1,3,2,5
1,2,3,0,1,-1,1,1,0,0,2,1,1,2,1,0,2,0,0,1,2,1,1,1,2,1,1,4,1,1,2,1,1,3,1,0,1,6,4,3,1,3,1,3,3,28
0,0,1,3,2,7103,1,0,0,0,2,1,3,1,1,0,1,0,0,1,12,1,1,2,1,1,1,4,1,0,2,1,0,3,2,3,3,6,3,2,1,2,3,3,4,31
1,0,3,2,2,18926,1,1,0,0,2,1,3,2,1,0,1,0,0,1,12,1,1,1,1,1,1,4,1,1,2,1,1,1,1,0,1,6,4,3,1,1,0,3,3,34
1,0,1,2,2,14004,0,1,1,2,2,1,3,1,0,0,1,0,0,1,12,1,1,2,0,5,1,4,1,1,2,1,1,1,1,0,2,6,3,3,1,2,1,3,3,32
0,0,0,1,2,479,0,1,1,2,2,1,1,1,0,0,2,0,0,1,2,0,1,0,0,1,0,4,1,1,1,1,1,1,1,2,2,3,2,2,1,0,1,1,1,28
1,0,1,3,2,609,1,1,2,2,2,1,1,1,1,0,2,1,1,1,3,0,1,0,0,1,1,4,1,1,2,1,1,3,1,1,1,6,3,3,1,1,1,3,4,27
1,0,2,2,2,1429,0,1,2,2,2,1,1,2,0,0,2,0,0,1,6,1,1,2,0,1,1,3,0,1,1,1,1,1,1,0,3,6,3,3,1,3,1,3,4,34
0,2,2,2,2,29380,1,1,1,1,2,1,3,1,0,1,1,0,0,1,12,1,1,1,1,1,1,4,1,1,2,1,1,1,2,4,2,6,4,3,1,0,1,3,3,34
0,0,0,2,2,3546,0,0,1,2,2,1,1,2,1,0,0,0,0,1,4,0,1,0,0,1,1,4,1,1,2,1,0,1,0,0,3,0,1,3,1,2,1,3,0,30
1,2,3,2,2,6761,0,1,0,0,2,0,0,0,0,1,1,0,0,1,12,1,1,2,1,1,1,4,1,1,2,1,1,0,2,4,2,6,4,3,1,3,1,3,4,33
0,0,2,2,2,-1,1,1,0,0,2,1,1,2,1,0,1,0,0,1,2,0,1,0,1,4,1,4,1,1,1,1,1,1,1,0,2,3,3,0,1,2,1,3,1,34
0,0,0,1,2,4265,0,1,0,0,2,1,3,1,0,0,2,0,0,1,4,1,1,2,0,4,1,4,1,1,1,1,1,1,1,0,1,6,3,2,1,0,1,3,4,33
0,2,2,2,2,24308,0,1,0,0,2,1,3,1,1,0,2,0,0,1,10,0,1,0,2,1,1,4,1,1,2,1,1,3,2,3,2,6,4,2,1,1,1,3,3,32
1,0,2,0,2,8900,1,1,1,1,2,1,1,2,1,0,2,0,0,1,12,0,1,0,0,1,1,4,1,1,2,1,1,1,0,0,1,6,3,2,1,3,3,3,0,27
1,2,1,3,2,3187,1,1,1,1,2,1,3,2,1,0,1,1,4,1,4,0,1,2,2,1,1,4,1,1,2,1,1,1,2,4,2,6,4,3,0,1,1,3,4,34
0,0,1,1,2,7657,0,0,0,0,2,1,1,2,1,0,0,0,0,1,12,0,1,0,0,4,1,4,1,1,1,1,1,1,0,0,3,6,4,3,1,1,1,3,0,33
0,0,1,1,2,-1,1,1,0,0,2,1,1,1,1,0,2,0,0,1,3,0,1,2,0,2,0,1,1,1,1,1,1,1,0,0,2,6,3,2,1,2,0,3,3,31
1,0,1,0,2,7360,1,1,1,1,2,1,1,2,1,0,2,0,0,1,12,0,1,0,1,1,1,3,1,1,2,1,1,1,0,0,2,6,4,2,1,2,1,3,0,29
1,0,2,3,2,6607,1,1,1,1,2,1,3,2,0,1,1,0,0,1,4,1,1,1,0,1,1,4,1,1,2,2,1,1,1,0,3,6,3,3,1,3,0,3,2,34
0,0,1,0,2,21986,0,1,2,2,2,1,3,2,1,0,2,0,0,1,12,0,1,0,1,1,1,4,0,1,2,1,0,1,-1,0,3,6,4,3,1,1,3,3,1,34
1,0,1,3,2,-1,0,1,1,1,2,1,3,1,0,0,1,0,0,1,4,1,1,0,2,1,1,4,1,1,2,2,1,1,2,3,3,6,4,3,1,2,1,3,4,26
1,0,2,2,2,20651,1,1,0,0,2,1,3,1,0,1,1,1,12,1,12,0,1,0,1,1,0,4,1,1,2,1,1,1,1,0,2,6,4,3,1,1,3,3,1,30
0,2,3,2,1,19602,0,1,0,0,2,1,1,1,1,0,1,0,0,1,4,0,1,0,1,1,1,4,1,1,2,1,1,1,0,0,3,6,4,3,1,1,3,3,0,34
1,2,1,3,2,659,1,1,0,0,2,1,1,1,1,0,2,0,0,1,12,0,1,1,2,1,1,4,1,1,2,1,1,1,1,4,3,6,4,3,1,1,1,3,0,32
1,0,1,3,2,22146,1,0,1,1,2,1,3,2,1,0,1,0,0,1,12,1,1,1,1,1,1,4,1,0,2,1,1,1,1,0,2,6,3,3,1,1,0,3,1,27
0,0,2,2,2,12097,0,1,0,0,2,1,1,1,1,0,2,0,0,1,12,0,1,0,1,1,1,4,1,1,2,1,1,1,1,5,0,6,3,2,1,1,3,3,2,27
1,0,1,2,2,2125,0,1,0,0,2,1,3,2,1,0,2,0,0,1,6,1,1,1,2,1,1,4,1,1,2,1,0,3,2,3,2,6,3,3,1,0,1,3,2,34
0,0,0,1,2,7374,0,1,2,2,2,1,3,2,1,0,2,0,0,1,4,1,1,2,0,1,1,3,1,1,2,1,0,1,-1,0,2,3,2,3,1,2,1,3,3,31
0,2,2,3,2,13397,1,1,1,2,2,1,1,2,1,0,2,0,0,1,12,0,1,1,2,1,1,4,1,1,2,1,1,1,-1,0,2,6,4,3,1,1,1,3,0,32
1,0,0,1,2,7559,1,0,1,2,2,1,1,1,1,0,1,0,0,1,11,1,1,2,0,4,0,4,1,1,1,1,1,1,1,0,2,6,3,2,1,3,0,3,1,32
0,0,0,0,2,8248,1,1,0,1,2,1,1,2,1,0,1,0,0,1,12,0,1,2,2,1,1,4,1,1,2,1,1,1,-1,0,3,6,4,3,1,1,1,3,1,34
0,2,2,3,1,8777,0,1,1,2,2,1,3,2,1,0,1,0,0,1,4,0,1,2,1,1,1,4,1,1,2,1,1,1,1,5,2,6,3,3,0,1,1,3,0,27
1,2,2,1,2,13749,0,1,0,0,2,1,3,1,0,0,1,0,0,1,12,1,1,1,1,1,1,4,1,1,1,1,1,1,1,0,2,6,3,3,1,3,1,3,2,32
0,0,0,2,2,7501,1,1,0,0,2,1,3,2,0,1,2,0,0,1,4,1,1,0,2,1,1,4,1,1,2,1,0,1,1,0,2,6,3,3,1,2,1,3,3,32
1,0,0,1,2,3474,0,0,0,0,2,1,3,1,0,1,1,0,0,1,12,0,1,0,2,1,0,2,0,1,1,1,1,1,1,0,3,6,3,3,1,1,1,1,1,33
0,2,2,2,2,9702,0,1,1,1,2,1,3,1,0,1,1,0,0,1,6,1,1,1,1,1,1,4,1,1,2,1,1,3,1,5,1,6,4,3,1,2,0,3,0,33
1,0,2,3,2,10353,1,1,1,1,2,1,1,2,1,0,2,0,0,1,4,0,1,1,1,1,1,3,1,1,2,1,1,1,1,0,2,6,3,3,1,1,1,3,0,30
1,0,1,1,2,0,0,1,1,0,2,0,0,0,0,0,1,0,0,1,12,1,1,2,1,1,0,2,0,0,1,1,1,0,-1,0,1,6,3,2,1,2,1,1,1,32
0,2,2,2,1,-1,0,1,0,0,2,1,1,2,0,0,2,0,0,1,6,1,1,0,0,1,1,4,1,1,2,1,1,1,1,0,3,6,4,3,0,3,1,3,1,34
0,0,0,1,2,10934,0,1,1,2,2,1,1,1,1,0,0,0,0,1,3,1,0,0,0,4,0,4,1,1,2,1,1,1,0,0,1,2,1,2,1,2,1,2,0,30
1,2,2,1,2,10319,0,1,0,0,2,1,1,2,1,0,0,0,0,1,4,0,1,0,0,1,1,3,0,0,2,1,1,1,0,0,2,6,3,3,1,3,3,1,0,34
0,0,0,2,2,-1,0,1,1,1,2,1,1,2,0,0,2,0,0,1,5,0,1,1,0,4,0,2,0,0,1,1,0,2,2,1,2,3,3,2,1,0,3,3,2,33
0,0,0,2,2,3963,0,1,2,1,2,1,1,1,1,0,2,0,0,1,4,0,1,1,1,1,0,4,0,1,1,1,1,1,1,0,3,6,3,2,1,1,3,3,1,25
0,1,0,1,2,-1,1,1,0,1,2,1,1,1,0,0,1,0,0,1,5,0,1,1,1,1,0,2,0,1,1,1,0,1,-1,0,2,5,3,3,1,1,1,2,1,34
0,0,0,1,2,-1,0,1,0,0,2,1,1,1,1,0,2,0,0,1,1,0,1,1,0,1,0,2,0,1,1,2,1,1,-1,0,1,6,2,2,1,0,1,1,0,27
1,0,2,0,2,1798,1,1,0,0,2,1,1,2,1,0,2,0,0,1,6,0,1,0,2,1,1,4,1,1,2,1,1,1,0,0,3,6,4,3,1,2,3,3,0,34
1,0,2,2,2,7507,0,1,0,2,2,1,3,1,1,0,1,0,0,1,13,1,1,1,2,1,1,4,1,0,2,1,1,1,1,0,3,6,3,3,1,1,1,3,3,31
1,0,2,1,2,-1,1,1,0,0,2,1,3,1,1,0,1,0,0,1,12,0,1,0,0,4,0,4,1,1,1,1,1,1,1,0,2,6,3,3,1,2,0,3,2,14
1,0,2,2,2,12302,0,1,0,0,2,1,1,2,0,1,0,1,12,1,4,0,1,0,0,1,1,4,1,0,2,1,1,1,0,0,3,6,3,3,1,2,1,3,0,28
0,0,1,1,2,10846,0,1,0,0,2,1,1,2,1,0,0,0,0,1,12,0,1,0,1,1,1,4,1,1,2,1,1,1,0,0,1,6,4,2,1,1,1,3,0,32
0,2,2,3,2,846,1,1,0,2,2,1,3,1,1,0,2,0,0,1,4,1,1,1,1,1,1,4,0,1,2,1,1,1,2,3,3,6,4,3,1,1,3,3,3,31
1,0,1,1,2,56729,1,1,1,1,2,1,1,2,0,1,2,0,0,0,0,0,1,2,0,1,0,4,1,1,1,1,1,1,1,5,2,6,3,3,1,2,1,3,3,25
1,2,2,2,2,0,0,1,1,2,2,1,3,1,0,1,2,1,12,1,12,1,1,2,0,4,0,4,1,1,1,1,1,1,-1,0,0,6,3,2,1,2,1,3,3,30
0,2,3,3,1,-1,1,1,0,2,2,1,3,2,1,0,1,1,12,1,12,1,1,1,2,1,1,4,1,1,2,1,1,3,2,4,1,6,3,3,0,3,1,3,4,0
0,0,2,3,2,-1,0,1,0,0,2,1,1,1,0,0,2,0,0,1,4,0,1,1,1,1,1,4,0,1,2,1,0,1,1,5,2,6,3,3,1,0,1,3,2,28
1,2,2,0,2,7495,0,1,0,0,2,1,1,1,1,0,0,0,0,1,4,0,1,1,2,1,1,4,1,1,2,1,1,1,0,0,3,6,3,3,1,1,1,2,0,33
1,0,0,0,2,13309,0,1,0,0,2,1,3,2,1,0,2,0,0,1,12,0,1,2,1,4,0,1,1,1,1,1,1,3,2,4,1,6,2,3,1,2,1,3,4,25
0,1,0,0,1,12281,0,1,0,0,2,1,1,2,1,0,1,0,0,0,0,0,1,1,2,1,1,4,1,1,2,2,1,0,2,4,1,6,4,2,0,1,1,1,4,0
1,0,3,2,2,25670,0,1,1,2,2,1,1,2,1,0,2,0,0,1,6,1,1,1,1,1,1,4,1,1,2,1,1,1,1,4,3,6,4,3,1,1,1,3,4,30
0,0,2,2,2,-1,0,0,0,0,2,1,1,2,1,0,0,1,6,1,6,0,1,0,1,1,1,4,1,0,2,1,1,1,0,0,1,6,3,3,1,3,3,3,0,33
1,0,2,3,2,7890,1,1,0,0,2,1,3,2,1,0,2,0,0,1,12,1,1,0,1,1,1,4,1,1,2,1,1,1,1,1,3,6,4,3,1,1,0,3,3,30
1,0,2,3,2,19680,0,1,0,0,2,1,1,2,1,0,1,0,0,1,6,1,1,1,2,1,1,4,1,1,2,1,1,1,1,0,2,6,4,3,1,1,3,3,0,33
1,0,0,1,2,1034,0,0,0,0,2,0,0,0,0,1,1,0,0,1,12,1,1,2,0,1,0,4,0,1,1,1,0,0,1,0,1,6,3,2,0,2,1,3,2,33
0,0,2,1,2,378,0,1,0,0,2,1,3,2,1,0,1,0,0,1,12,0,1,0,1,1,1,4,1,1,1,1,1,1,1,0,3,6,4,3,1,1,2,3,1,33
1,2,2,2,1,19056,1,1,0,0,2,1,1,2,1,0,1,0,0,1,12,1,1,0,2,1,1,4,1,1,2,1,1,1,1,1,2,6,3,3,0,2,3,3,0,30
1,0,1,3,2,-1,1,1,1,1,2,0,0,0,0,0,1,1,12,1,12,0,1,2,0,2,0,4,1,0,1,2,1,0,1,0,1,6,3,2,1,1,1,3,1,25
0,0,0,2,2,-1,1,1,0,2,2,1,1,1,1,0,1,0,0,1,4,1,1,1,2,1,0,4,1,1,1,1,0,1,1,0,0,6,3,2,1,2,1,2,0,33
0,2,0,3,1,15669,0,0,0,0,2,1,1,2,1,0,3,0,0,1,12,0,0,0,1,1,1,4,1,1,2,2,1,1,-1,0,0,6,1,0,0,1,1,1,0,4
1,0,1,2,2,18417,1,1,0,0,2,1,1,1,1,0,0,0,0,1,4,0,1,0,0,1,1,4,1,1,2,1,1,1,0,0,2,6,4,3,1,2,1,3,0,34
0,0,2,0,2,14983,1,1,1,1,2,1,1,1,1,0,2,1,3,1,12,0,1,1,2,1,1,4,1,1,2,2,1,1,-1,0,3,6,3,3,1,2,0,3,3,32
0,0,1,1,2,2856,0,0,0,0,2,1,1,2,1,0,0,0,0,1,6,0,1,0,0,1,0,0,0,1,1,1,0,3,0,0,2,6,3,2,1,2,0,3,0,31
1,0,2,2,2,1715,0,1,1,1,2,1,1,2,1,0,1,0,0,1,7,1,1,1,2,1,0,4,1,1,2,2,1,1,1,0,0,3,3,2,1,2,1,3,1,34
0,0,0,1,2,-1,0,0,0,0,2,1,1,2,1,0,3,1,1,1,4,1,1,2,0,1,0,2,0,1,1,2,0,1,0,0,1,6,2,2,1,0,1,0,3,33
1,0,1,2,2,8452,1,1,0,0,2,1,3,2,1,0,1,1,2,1,12,1,1,1,2,1,1,4,1,1,2,1,1,1,1,0,2,6,3,3,1,1,1,3,4,28
1,0,2,2,2,526,0,1,0,0,2,1,3,2,0,0,1,0,0,1,12,1,1,2,0,4,1,4,1,1,2,1,1,1,-1,0,2,6,3,3,1,3,1,3,3,32
0,0,1,2,2,19745,0,1,1,1,2,1,1,2,1,0,2,0,0,1,12,0,1,1,2,1,1,4,0,1,2,1,1,1,1,2,3,6,3,3,1,2,1,2,2,25
0,0,1,2,2,4253,0,1,2,1,2,1,1,2,1,0,2,0,0,1,4,1,1,1,1,1,0,4,1,1,2,1,1,3,1,5,1,6,4,3,1,2,3,3,3,30
0,0,1,2,2,4126,0,1,0,0,2,1,1,2,1,0,2,0,0,1,6,0,1,1,1,1,0,4,0,1,2,1,1,1,-1,0,3,6,3,2,1,1,0,3,2,34
1,2,2,3,1,42477,1,1,0,0,2,1,3,1,0,0,2,1,12,1,24,1,1,0,2,1,1,4,1,1,2,1,1,1,2,3,2,6,4,3,0,3,3,3,3,34
0,1,0,2,2,-1,0,0,2,1,2,1,1,2,1,0,1,1,1,1,6,0,1,2,2,1,1,4,1,1,1,1,1,1,1,0,3,5,3,2,1,1,1,3,0,32
1,0,1,2,2,26604,0,0,0,0,2,1,1,1,0,0,0,0,0,1,12,0,1,1,1,5,1,4,1,1,2,1,1,1,0,0,3,6,2,3,1,0,3,3,0,25
0,0,0,0,2,-1,1,1,1,1,2,0,0,0,0,0,0,0,0,1,6,0,1,0,0,4,0,4,1,1,1,2,1,0,0,0,1,6,2,2,1,2,2,0,0,26
1,0,1,2,2,1816,0,1,0,2,2,1,1,2,1,0,2,0,0,1,6,0,1,1,1,1,1,4,1,1,2,1,1,1,1,5,2,6,4,3,1,0,1,3,1,32
0,2,2,3,2,5871,0,1,0,1,2,1,3,2,1,0,2,0,0,1,4,1,1,1,1,1,1,4,1,0,2,1,1,3,1,0,3,3,4,3,1,0,3,2,1,31
1,0,0,1,2,8139,0,0,0,0,2,1,3,2,0,1,2,1,0,1,0,1,1,1,0,4,0,4,0,1,1,1,0,3,1,0,3,6,3,2,1,2,1,1,2,31
1,0,2,1,2,1756,0,0,1,2,2,1,1,1,0,0,2,0,0,1,4,0,1,0,2,1,1,4,1,0,2,1,1,1,-1,0,2,6,3,3,1,3,1,3,1,34
1,0,1,2,2,412,1,1,1,1,2,1,1,2,1,0,0,0,0,1,12,0,1,0,1,2,1,4,1,1,2,1,1,1,0,0,1,6,2,3,1,0,1,3,0,25
0,2,1,3,2,10065,1,1,0,0,2,1,1,2,1,0,1,0,0,1,12,0,1,2,0,1,0,4,1,1,2,1,1,2,2,1,2,3,3,2,1,2,1,3,2,27
0,0,1,2,2,7475,0,0,0,0,2,1,1,2,1,0,2,1,2,1,4,0,1,1,0,1,1,4,1,0,2,1,1,1,1,0,1,6,4,2,1,2,1,3,3,32
0,0,1,1,2,7044,0,1,1,1,2,1,1,2,1,0,2,0,0,1,3,0,1,0,1,1,1,4,1,1,2,1,1,1,-1,0,1,6,4,2,1,2,3,1,0,32
0,0,0,2,2,8355,1,1,2,2,2,1,1,2,1,0,0,0,0,1,4,0,0,0,1,1,1,4,1,1,2,1,1,1,0,0,3,6,1,3,1,2,1,3,0,28
0,2,1,2,2,23756,1,1,1,2,2,1,3,1,0,1,2,1,2,1,12,1,1,2,1,5,1,4,1,1,2,1,1,1,2,5,2,5,3,3,1,1,1,3,4,33
1,0,1,3,2,182,1,1,2,1,2,1,1,2,1,0,1,0,0,1,12,0,1,1,1,1,1,4,1,1,2,1,0,1,1,0,3,6,4,3,1,1,1,3,3,32
0,0,2,3,2,13815,1,1,0,0,2,1,1,2,1,0,2,0,0,1,6,0,1,1,0,1,1,4,1,0,2,1,1,1,1,5,2,6,4,2,1,1,1,2,4,0
1,2,3,3,2,-1,0,1,2,2,2,1,1,2,1,0,1,0,0,1,4,1,1,0,2,1,1,4,1,0,2,1,1,1,1,1,1,6,3,2,0,1,3,3,3,34
1,0,0,1,2,5572,0,1,1,2,2,1,3,2,1,0,1,0,0,1,40,1,1,2,1,1,1,4,1,1,2,1,1,1,2,2,3,6,4,3,1,3,0,3,3,32
1,0,2,1,2,872,0,1,1,2,2,1,1,1,0,0,2,0,0,1,8,1,1,1,1,4,0,2,0,1,1,2,1,0,-1,0,2,6,3,2,1,1,1,3,1,32
0,0,1,2,2,21437,0,1,1,2,2,1,3,2,1,0,1,0,0,1,12,1,1,1,0,1,1,4,1,1,2,1,0,1,1,0,3,6,4,2,1,2,1,3,2,34
0,0,2,2,2,6232,0,1,0,0,2,1,1,2,0,1,1,0,0,1,11,1,1,2,0,4,1,4,1,1,2,1,1,1,-1,0,2,6,3,3,1,0,1,3,3,33
1,2,2,2,2,20449,1,1,0,0,2,1,1,1,0,1,0,0,0,1,5,0,1,1,2,1,1,4,1,1,2,1,1,1,0,0,1,2,4,3,0,1,3,3,0,34
0,0,0,2,2,-1,1,1,1,2,2,0,0,0,0,0,1,0,0,1,4,0,1,0,1,1,0,4,1,1,2,2,1,0,1,0,1,6,2,3,1,1,1,1,4,26
1,2,2,2,2,22542,1,1,1,2,2,1,1,2,1,0,3,0,0,1,12,0,1,1,1,1,1,4,1,0,2,1,1,1,1,4,2,6,2,3,1,3,1,3,3,29
0,2,2,3,1,27163,0,1,0,0,2,1,1,2,1,0,0,1,12,1,12,0,1,0,2,1,1,4,1,1,2,1,1,1,0,0,3,6,4,3,1,0,1,3,0,31
0,2,2,3,2,20984,0,1,0,2,2,1,1,1,0,1,0,0,0,1,12,0,1,0,1,1,1,4,1,1,2,1,1,3,0,0,3,6,3,2,1,3,3,3,0,31
0,2,1,1,2,-1,0,1,0,0,2,1,3,2,0,1,2,0,0,1,12,1,1,0,1,4,1,4,1,1,2,1,1,1,1,0,3,6,3,2,1,1,1,3,2,25
1,2,2,3,2,28802,0,1,0,1,2,1,1,2,1,0,0,0,0,1,12,0,1,1,2,1,1,4,1,1,2,1,1,1,0,0,2,6,3,3,1,1,1,3,0,33
1,2,2,2,2,15544,0,1,0,0,2,1,3,2,1,0,2,0,0,1,4,1,1,2,2,1,1,4,1,1,2,1,1,1,2,5,3,6,4,3,1,1,0,3,4,29
0,0,2,0,2,25333,0,1,1,2,2,1,3,1,1,0,1,0,0,1,12,1,1,0,1,1,1,4,1,1,2,1,1,1,1,0,3,6,4,3,1,2,1,3,4,34
1,0,2,3,2,48,0,0,0,0,2,1,1,2,1,0,2,1,2,1,4,0,1,2,2,1,1,4,0,1,2,1,1,1,1,0,2,6,3,3,1,3,1,2,0,33
0,2,2,2,2,8079,0,0,0,0,2,1,1,1,0,0,1,1,6,1,6,0,1,2,2,1,1,4,1,1,2,1,1,1,1,0,3,6,4,3,0,3,1,3,0,34
0,0,0,1,2,0,0,0,1,2,2,1,1,2,0,1,0,0,0,1,4,0,1,0,0,1,1,4,1,1,1,2,1,1,0,0,1,6,2,2,1,2,1,3,0,28
0,0,1,2,2,8114,1,1,0,0,2,1,3,2,1,0,2,0,0,1,12,1,1,0,1,1,1,4,1,1,2,1,0,1,1,5,3,6,3,3,1,2,3,3,3,32
0,0,2,2,2,17048,1,1,1,1,2,1,1,1,1,0,2,1,3,1,12,1,1,1,2,1,1,4,1,1,2,1,0,3,1,0,2,6,4,3,1,3,3,3,1,33
0,1,3,3,2,26739,0,1,0,0,2,1,1,2,1,0,1,0,0,1,12,0,1,1,2,1,1,4,1,0,2,1,1,1,0,0,2,6,3,3,1,1,1,3,1,33
0,0,2,2,2,3749,0,1,0,0,2,1,3,1,0,0,0,1,1,1,4,1,1,0,0,4,0,4,1,1,1,1,0,1,0,0,2,6,3,3,1,2,1,3,0,32
1,0,1,2,2,4782,1,1,0,0,2,1,3,2,1,0,1,1,1,1,4,1,1,2,0,1,1,4,1,1,2,1,0,1,1,0,2,5,3,2,1,1,1,3,2,32
0,0,2,3,2,1577,0,1,0,0,2,0,0,0,0,1,0,1,10,1,6,0,1,0,2,1,1,4,1,1,2,1,1,0,0,0,2,6,4,2,1,0,0,3,0,34
1,0,1,1,2,10929,0,1,1,1,2,1,3,1,1,0,1,0,0,1,4,0,1,1,1,5,1,4,1,1,2,1,0,1,1,3,3,6,4,3,1,3,2,3,4,33
0,0,2,2,2,5920,0,1,1,2,2,1,3,2,0,1,2,0,0,1,12,1,1,1,2,1,1,3,1,1,2,1,0,1,-1,4,3,6,2,2,1,1,1,3,1,19
1,0,1,1,2,138,0,1,0,0,2,1,1,2,1,0,2,1,12,1,12,0,1,2,0,2,0,4,1,1,1,2,0,1,0,0,2,6,3,2,1,2,3,3,0,33
0,0,2,3,2,7282,0,1,0,0,2,1,1,2,1,0,2,0,0,1,4,0,1,1,0,1,1,4,1,1,2,1,1,1,-1,0,3,6,3,2,1,3,1,3,3,32
0,0,2,2,2,-1,1,1,0,2,2,1,1,2,1,0,2,0,0,1,12,0,1,1,1,1,0,4,1,1,2,1,1,1,-1,0,2,6,4,3,1,2,1,3,3,33
1,0,2,1,2,1467,1,1,2,2,2,1,1,1,1,0,1,0,0,1,6,0,1,1,1,1,1,4,1,1,2,1,1,1,0,0,3,6,4,3,1,2,1,3,0,33
0,0,2,3,2,15346,0,1,0,0,2,1,1,2,1,0,1,0,0,1,1,1,1,1,2,1,1,4,1,0,2,1,0,1,1,0,1,6,3,3,1,1,1,3,3,32
0,0,2,1,2,13724,0,1,0,0,2,1,1,2,1,0,2,0,0,1,12,0,1,1,0,1,1,4,1,1,2,1,1,1,1,5,2,6,2,3,1,1,1,3,0,16
0,0,0,3,2,3256,1,1,1,1,2,1,3,2,0,0,1,0,0,1,12,0,1,0,0,1,1,4,1,1,2,1,1,1,1,0,2,6,4,2,1,2,1,3,3,32
0,0,0,1,2,-1,0,1,1,2,2,1,1,2,1,0,1,1,3,1,12,1,0,2,2,1,1,4,0,0,1,1,1,1,1,0,3,6,1,2,1,3,3,1,4,28
1,1,2,1,2,0,0,1,0,0,2,1,1,2,1,0,2,0,0,1,6,1,1,2,0,1,0,4,1,1,1,1,1,1,1,5,3,6,3,2,1,1,1,3,4,25
1,2,1,3,2,24489,0,1,1,1,2,1,3,2,0,0,2,1,1,1,4,0,1,1,2,1,1,4,0,1,2,1,1,1,1,3,2,6,4,3,1,2,0,3,0,33
1,0,2,1,2,7785,1,1,1,1,2,1,1,2,1,0,0,0,0,1,4,0,1,0,1,1,1,4,1,0,2,1,1,2,0,0,3,6,3,3,1,1,3,3,0,25
0,0,0,0,2,8994,0,1,1,2,2,1,1,2,0,0,2,1,1,1,6,0,1,1,2,5,1,4,1,1,2,1,1,1,0,0,2,6,4,3,1,1,1,3,2,33
0,2,3,2,1,14623,0,1,2,1,2,1,1,2,1,0,1,1,5,1,12,0,1,2,2,1,1,4,1,1,2,2,1,1,2,2,3,6,4,3,1,3,1,3,0,34
0,2,0,3,2,3976,0,1,0,0,2,1,3,2,1,0,2,0,0,1,12,0,1,1,1,1,1,4,1,1,2,1,1,1,1,1,3,6,4,3,1,3,1,3,1,25
1,0,0,2,2,6306,0,1,0,0,2,1,3,1,0,0,0,0,0,1,12,1,1,2,0,1,1,4,1,1,2,1,1,1,0,0,2,6,3,2,1,2,0,3,0,33
0,0,2,2,2,7019,1,1,1,1,2,1,3,2,1,0,1,1,1,1,12,0,1,1,1,1,1,4,1,1,2,1,1,1,-1,0,2,6,4,3,1,3,1,3,3,30
0,0,0,1,2,6975,1,1,0,0,2,1,3,2,0,1,2,0,0,1,12,1,1,1,1,4,1,4,1,1,1,1,1,1,-1,0,2,6,3,3,0,2,0,3,3,31
0,0,0,1,2,6659,0,0,0,0,2,0,0,0,0,1,2,0,0,1,4,0,1,1,0,2,0,2,1,1,1,1,0,0,-1,0,1,6,2,2,1,2,1,0,1,31
0,0,2,2,2,5517,0,1,0,0,2,1,1,2,1,0,1,1,4,1,4,1,1,1,1,4,1,4,1,1,1,1,1,1,1,0,3,6,4,3,1,2,0,3,4,33
1,0,2,2,2,-1,1,1,1,1,2,1,3,2,1,0,0,1,1,1,2,0,1,0,0,1,0,4,1,1,2,1,1,1,0,0,2,6,3,3,1,3,1,3,0,30
0,0,1,0,2,9509,1,1,0,0,2,1,1,2,1,0,0,0,0,1,12,0,1,0,2,1,1,4,1,1,2,1,0,1,0,0,2,5,4,2,0,1,1,3,0,34
0,1,0,2,2,3703,0,1,0,0,1,1,1,1,1,0,1,1,4,1,4,0,1,2,0,1,0,3,0,1,2,1,1,1,1,0,1,6,3,2,1,2,2,3,2,31
0,0,2,3,2,-1,1,1,0,0,2,1,3,2,1,0,2,1,6,1,8,1,1,1,2,1,1,4,1,0,2,1,1,1,2,3,2,6,3,2,1,1,2,3,4,33
0,0,1,2,2,1415,1,1,0,0,2,1,3,2,1,0,1,0,0,1,4,1,1,2,1,2,1,4,1,0,1,1,1,1,1,0,3,6,3,2,1,1,1,3,2,31
0,0,0,1,2,7564,0,1,0,0,2,1,1,2,1,0,2,1,1,1,11,0,1,1,0,1,1,4,0,1,2,1,1,3,2,5,3,6,4,3,1,3,1,3,2,33
0,2,2,3,2,0,1,1,0,0,2,1,1,2,1,0,1,0,0,1,12,0,1,2,2,1,1,4,1,1,2,1,1,1,0,0,3,6,3,2,0,0,1,3,0,30
1,2,3,2,2,13277,1,1,0,0,2,1,3,2,0,1,0,0,0,1,12,0,1,0,2,1,1,4,0,1,2,1,1,1,0,0,2,6,4,3,0,1,3,3,0,31
0,2,1,2,1,254,0,1,0,0,2,1,1,2,1,0,0,1,11,1,11,0,1,0,1,1,1,3,1,1,2,1,1,1,0,0,3,6,4,3,0,2,1,3,0,33
0,0,2,3,2,721,1,1,1,2,2,1,3,2,1,0,1,0,0,1,12,1,1,0,0,1,1,4,1,1,2,1,1,3,-1,0,2,6,4,2,1,2,1,3,3,33
1,0,3,3,2,-1,1,1,0,0,2,1,1,1,1,0,2,1,2,1,2,1,1,1,1,1,1,4,1,1,2,1,1,3,2,1,1,6,3,3,1,1,1,3,3,33
0,0,1,2,2,7893,0,0,0,0,2,1,1,2,1,0,2,1,2,1,6,0,1,1,0,1,1,4,1,1,2,1,0,1,-1,0,1,6,3,2,1,2,3,3,0,30
0,0,2,3,2,10594,0,1,2,1,2,1,1,2,1,0,2,1,6,1,12,0,1,1,2,1,1,4,1,1,2,1,1,1,1,5,2,6,4,3,1,1,2,3,2,29
0,0,0,1,2,29348,0,0,0,0,2,1,1,2,0,1,2,0,0,1,4,0,1,0,0,1,0,1,1,1,1,2,0,1,-1,0,1,6,2,2,1,0,1,2,3,34
0,0,0,2,2,265,0,1,0,0,2,1,1,2,0,0,2,0,0,1,12,0,1,0,0,1,1,4,0,1,1,1,0,1,1,2,1,6,2,2,1,1,3,3,1,19
1,0,0,1,2,3850,0,1,1,2,2,1,1,2,1,0,2,0,0,1,6,1,1,1,1,1,1,4,1,1,1,1,1,2,1,0,2,6,3,3,1,2,3,3,1,34
1,2,3,2,2,24719,1,1,4,2,2,1,2,1,1,0,1,0,0,1,15,0,1,0,1,1,1,4,0,1,2,1,0,2,1,0,2,6,4,3,1,3,1,3,4,30
0,0,1,3,1,2509,1,1,0,0,2,1,3,2,1,0,3,0,0,1,2,1,1,2,2,1,1,4,1,1,2,1,1,1,1,2,2,6,3,2,0,1,1,1,1,32
0,0,1,0,2,17,1,1,1,1,2,1,1,2,1,0,2,0,0,1,12,1,1,0,0,1,0,4,1,0,1,1,1,1,1,0,2,6,3,2,1,2,1,2,1,30
1,0,2,3,2,6770,1,0,2,1,2,1,1,2,1,0,2,1,2,1,4,0,1,1,1,1,1,4,1,1,2,1,0,1,1,5,3,6,3,1,1,1,1,3,4,32
0,0,1,2,2,-1,0,1,0,0,2,1,1,2,1,0,0,1,6,1,6,0,1,0,1,1,1,4,1,1,2,1,1,3,0,0,2,6,3,3,1,1,3,3,0,33
0,0,1,1,2,-1,0,0,0,0,2,1,1,2,0,0,0,0,0,1,4,0,1,2,1,4,1,3,0,1,1,2,0,1,0,0,1,6,2,2,1,1,0,0,0,33
1,0,0,1,2,-1,0,1,0,0,2,1,3,1,1,0,1,0,0,1,4,1,1,2,0,4,0,2,0,1,1,1,1,1,1,0,2,6,4,2,1,2,0,0,3,33
1,0,4,3,2,12910,1,1,1,1,2,1,1,1,1,0,2,1,2,1,12,0,1,1,2,1,1,4,1,1,2,1,1,1,1,3,1,6,4,3,1,3,3,3,4,33
1,0,0,3,2,20825,0,0,5,1,2,1,1,1,1,0,0,1,4,1,12,0,1,1,1,1,1,4,1,1,2,1,0,1,0,0,3,6,3,3,1,0,0,3,0,25
1,0,2,2,2,4512,0,1,0,0,2,1,1,1,1,0,2,0,0,1,6,0,1,1,1,5,1,4,1,1,2,1,1,1,1,5,2,6,4,2,1,0,3,2,0,32
0,2,1,1,2,5034,0,0,0,2,2,1,1,2,1,0,0,0,0,1,12,0,1,0,0,4,1,4,0,1,2,2,1,1,0,0,2,6,3,2,1,1,0,3,0,27
1,2,1,2,2,10027,0,1,0,0,2,1,1,2,0,1,2,0,0,1,2,0,1,0,2,1,1,4,1,1,2,1,1,1,-1,0,2,6,4,3,1,3,1,3,2,34
1,0,1,2,2,31090,1,1,0,0,2,1,3,2,1,0,2,1,1,1,12,1,1,0,1,1,1,4,1,1,2,1,1,3,2,4,3,6,4,3,1,3,3,3,4,34
0,2,2,3,2,21997,1,1,0,0,2,1,3,2,1,0,1,0,0,1,12,1,1,1,2,1,1,4,1,1,2,1,0,1,2,2,3,6,3,3,0,1,1,3,2,34
0,0,2,3,2,8000,0,1,0,0,2,0,0,0,1,0,2,1,1,1,12,0,0,1,2,1,1,4,0,0,2,1,1,0,1,0,2,6,1,2,1,1,0,3,3,33
1,2,3,3,2,25190,1,1,0,0,2,1,3,2,0,1,1,0,0,1,4,1,1,2,1,1,1,4,1,1,2,1,1,1,2,5,2,6,3,3,0,1,1,3,4,29
1,2,2,2,2,-1,0,1,1,2,2,1,3,1,0,1,1,0,0,1,12,1,1,1,2,1,1,4,0,0,2,1,1,3,2,5,3,6,4,3,1,1,0,3,4,31
1,0,2,2,2,0,0,1,1,2,2,1,1,2,0,1,1,1,3,1,3,0,1,1,1,1,1,4,1,0,2,1,1,1,2,2,2,6,4,2,1,1,1,3,1,31
1,0,3,2,2,-1,0,1,0,0,2,1,3,2,1,0,2,1,1,1,12,1,1,0,1,1,1,4,1,0,2,1,1,3,2,4,2,6,4,3,1,0,3,3,4,34
1,2,2,2,2,32706,1,1,0,0,2,1,3,1,0,0,1,0,0,1,4,0,1,2,2,1,1,4,1,1,2,1,1,1,1,0,3,6,3,3,1,3,3,3,4,34
0,0,1,2,2,0,0,0,2,1,2,1,1,2,1,0,0,0,0,1,12,0,1,2,1,1,1,4,0,0,1,1,1,1,0,0,0,6,4,2,1,2,1,3,0,29
0,0,0,1,2,1955,0,1,0,0,2,1,1,2,0,0,0,0,0,0,0,0,1,0,0,1,0,4,1,1,2,1,1,1,0,0,3,6,3,3,1,1,1,3,0,32
0,0,3,2,2,23699,0,1,0,0,2,1,3,2,1,0,1,0,0,1,8,0,1,1,2,1,1,4,1,1,2,1,1,3,2,4,3,6,3,3,1,1,1,3,4,32
0,0,0,2,2,13965,1,1,1,2,2,1,3,2,1,0,1,1,1,1,4,1,1,1,0,4,1,4,0,1,2,1,0,0,1,0,3,5,3,3,1,2,0,1,3,33
1,0,1,2,2,4189,1,1,0,0,2,1,1,1,1,0,1,0,0,1,4,1,1,1,1,1,1,3,1,1,2,1,0,1,1,0,2,6,3,3,1,2,3,3,1,32
0,0,0,0,2,7258,0,1,0,0,2,1,3,1,1,0,1,0,0,1,4,1,0,2,2,1,1,4,1,1,1,1,0,1,2,5,1,6,1,2,1,1,2,3,4,33
0,0,2,3,2,-1,0,1,0,0,2,1,1,1,1,0,0,0,0,1,4,0,1,0,2,1,1,4,1,1,2,1,1,1,0,0,2,6,4,3,1,2,3,3,0,31
0,0,2,2,2,24043,0,0,0,0,2,1,3,2,0,1,1,0,0,1,4,0,1,0,1,5,1,4,1,1,2,1,1,1,1,0,1,6,4,3,1,1,1,3,2,27
0,0,0,1,2,2090,0,1,1,0,2,1,1,2,0,1,2,1,2,1,10,0,1,2,0,2,0,3,0,0,1,1,1,1,1,0,3,6,3,3,1,2,0,1,1,32
1,2,2,2,2,2276,0,1,0,0,2,1,1,1,1,0,0,0,0,1,3,0,1,0,1,1,1,3,1,1,2,1,1,1,0,0,3,5,3,3,1,2,3,3,0,28
0,2,2,3,2,3430,1,0,1,2,2,1,3,2,1,0,1,0,0,1,12,1,1,2,2,1,1,4,1,1,2,1,1,0,1,2,3,6,3,2,1,3,1,3,2,31
1,0,2,3,2,-1,1,1,0,0,2,1,3,1,1,0,1,0,0,1,5,0,1,2,1,1,1,4,1,0,2,1,1,1,2,1,2,6,4,2,1,2,3,2,2,32
1,0,3,0,2,5897,0,1,1,0,2,1,3,1,0,0,2,1,4,1,4,0,1,1,0,1,0,4,1,1,2,1,1,3,-1,0,1,6,3,3,1,0,1,3,1,32
0,2,2,2,2,16866,0,1,0,0,2,1,3,2,1,0,1,1,6,1,4,1,1,0,2,1,1,4,1,1,2,1,0,1,2,5,2,6,3,3,1,1,1,3,3,34
0,0,2,2,2,248,0,1,0,0,2,1,3,1,1,0,2,0,0,1,2,1,1,1,1,1,1,4,1,1,2,1,1,3,2,5,2,6,4,2,1,2,3,3,2,32
1,0,2,2,2,41417,1,1,0,0,2,1,3,2,1,0,1,0,0,1,4,1,1,1,0,1,0,3,1,1,2,1,1,1,1,0,2,6,4,2,1,1,1,3,4,34
0,2,1,3,2,4949,1,1,0,0,2,1,3,1,1,0,1,1,2,1,1,0,1,0,2,1,1,4,1,1,2,1,1,1,2,3,3,6,4,3,1,0,0,3,4,31
1,1,2,3,2,-1,0,1,1,2,2,1,3,2,1,0,2,0,0,1,6,1,1,2,2,1,1,4,1,0,2,1,1,1,2,5,2,6,4,3,0,3,3,3,3,34
0,2,0,3,2,18980,1,1,1,1,2,1,3,2,1,0,1,0,0,1,6,1,1,1,1,1,1,4,1,1,2,1,1,1,2,5,2,6,4,2,1,1,1,3,3,29
0,0,2,3,2,20235,0,1,0,0,1,1,3,1,1,0,1,0,0,1,12,1,1,2,2,1,1,4,1,1,2,1,1,1,1,0,1,6,4,2,1,1,3,3,4,34
1,0,0,1,2,-1,1,0,0,0,2,1,1,2,0,0,2,1,4,1,4,0,1,2,1,1,1,4,1,0,1,1,1,1,-1,0,3,5,3,2,1,1,1,3,2,29
1,2,2,2,2,3554,1,1,0,0,2,1,1,2,1,0,0,0,0,1,4,0,1,0,0,1,1,4,1,1,2,1,1,1,0,0,3,6,4,3,0,2,1,3,0,34
0,0,0,2,2,-1,0,0,0,0,2,1,1,2,1,0,2,0,0,1,2,0,1,1,0,2,0,4,0,0,2,1,1,1,-1,0,1,6,3,2,1,2,1,3,2,32
1,2,2,2,2,20463,1,1,0,0,2,1,1,2,1,0,2,0,0,1,12,0,1,1,0,1,1,4,1,1,2,1,0,3,2,4,2,6,4,3,1,1,1,3,4,29
0,0,2,2,2,692,0,1,1,1,2,1,1,2,1,0,2,1,4,1,4,0,1,0,1,1,1,4,1,1,2,1,1,1,1,0,2,6,4,2,1,1,3,3,2,32
0,0,0,1,2,6950,0,0,0,0,1,1,1,2,1,0,2,0,0,1,12,0,1,1,0,4,0,0,1,1,1,1,0,1,-1,0,1,5,3,3,1,2,3,3,1,32
0,0,0,2,2,10872,0,1,0,0,2,1,3,1,0,0,1,0,0,1,4,1,1,0,0,1,1,4,1,1,2,1,0,1,-1,0,1,6,2,3,1,2,3,3,1,31
0,2,2,2,2,-1,1,1,1,2,2,1,3,2,1,0,1,0,0,1,6,1,1,0,2,1,1,4,1,1,2,1,1,1,2,1,3,6,3,3,0,1,3,3,4,29
1,0,2,3,2,-1,0,0,0,0,2,1,3,1,0,0,1,1,2,1,2,1,1,1,1,1,1,4,1,0,2,1,1,1,1,0,3,3,2,3,1,2,0,3,4,30
0,0,0,0,2,3930,0,1,0,0,2,0,0,0,1,0,2,0,0,1,12,0,1,1,1,1,0,4,1,1,2,1,1,0,-1,0,2,6,3,3,1,0,1,3,0,33
1,0,0,1,2,22296,0,1,0,0,2,1,1,2,1,0,0,0,0,1,19,0,1,0,1,4,1,4,1,1,1,1,1,1,0,0,1,6,3,2,1,2,1,3,0,31
0,0,1,2,2,6994,1,0,1,1,2,1,1,2,1,0,0,0,0,1,4,0,1,0,0,1,1,4,1,1,2,1,1,1,0,0,1,6,3,3,1,1,3,3,0,28
1,0,2,2,2,-1,1,1,1,2,2,1,1,2,0,0,1,0,0,1,12,1,1,0,1,4,0,2,1,1,2,1,1,1,-1,0,2,6,3,3,1,1,3,3,3,33
1,1,2,1,2,3651,0,1,0,1,1,1,1,2,1,0,2,0,0,1,12,0,1,1,0,2,0,4,1,1,1,1,1,1,-1,0,2,5,2,2,1,2,1,3,3,32
1,0,1,3,2,18617,0,1,1,0,2,1,1,1,1,0,2,0,0,1,12,0,1,1,2,1,1,4,1,1,2,2,1,1,1,4,2,6,4,3,1,3,1,3,0,32
1,2,2,3,1,10011,0,1,0,2,2,1,3,1,1,0,1,0,0,1,12,1,1,0,0,1,1,4,1,1,2,1,1,1,1,0,2,6,4,3,1,1,0,3,2,31
0,0,3,2,2,1326,0,1,0,0,2,1,1,2,1,0,0,1,4,1,4,1,1,0,2,1,1,4,1,1,2,1,1,2,0,0,2,6,4,3,1,1,3,3,0,33
1,2,1,0,2,15075,0,1,0,0,2,1,3,2,1,0,1,0,0,1,4,0,1,1,2,1,1,4,0,1,2,1,1,1,2,2,2,6,4,3,1,3,1,3,4,29
0,0,2,3,2,-1,0,1,1,0,2,1,1,2,1,0,1,0,0,1,1,1,1,2,1,1,1,4,1,1,2,1,1,1,-1,0,2,6,4,2,1,1,1,3,3,31
1,0,2,1,2,7707,1,1,0,0,2,1,1,1,1,0,1,1,4,1,4,0,1,1,0,1,0,2,0,1,1,1,1,1,1,0,1,6,3,2,1,1,1,3,0,32
0,0,0,2,2,5438,0,0,1,1,2,1,1,2,1,0,2,0,0,1,12,0,1,1,1,1,0,4,1,1,2,1,1,1,-1,0,2,6,3,3,1,1,1,3,0,33
0,0,2,2,2,616,1,0,0,0,2,0,0,0,1,0,0,0,0,1,4,0,1,0,1,4,0,3,0,1,1,1,1,0,0,0,2,5,2,3,1,2,1,3,0,33
0,2,2,2,2,10719,0,1,0,0,2,1,1,2,1,0,2,1,1,1,6,1,1,2,0,1,1,4,1,0,2,1,1,1,1,0,3,6,3,3,1,2,1,3,3,33
1,0,2,2,2,1200,1,1,1,1,2,1,3,2,1,0,2,1,3,1,12,0,1,0,1,1,1,4,1,1,2,1,1,1,-1,0,2,6,4,3,1,2,3,3,2,29
1,0,0,1,2,1736,1,0,0,0,2,0,0,0,0,0,0,0,0,1,6,0,1,1,0,4,0,2,0,0,1,1,0,0,0,0,1,6,2,2,1,2,1,0,0,34
0,0,1,1,2,56722,0,1,1,1,2,1,3,1,1,0,2,1,0,1,4,1,1,2,1,4,0,3,1,0,2,1,1,1,2,2,1,0,3,3,1,2,0,2,2,30
1,0,0,1,2,0,1,1,0,0,2,0,0,0,0,0,2,0,0,1,4,0,1,0,0,1,1,2,0,1,1,1,0,0,1,0,1,6,3,2,1,2,0,3,0,25
0,0,1,3,2,10762,0,0,0,0,2,1,1,1,0,0,1,0,0,1,12,0,1,0,2,1,1,4,1,1,2,1,1,1,1,0,1,6,4,3,1,2,1,3,2,31
0,0,3,1,2,17297,0,1,1,0,2,1,1,2,1,0,2,0,0,1,8,1,1,1,2,1,1,4,1,1,2,1,1,1,-1,0,2,6,3,3,1,2,1,3,2,31
1,0,2,1,2,-1,0,1,1,1,2,1,3,2,0,1,2,0,0,1,8,1,1,1,0,1,0,4,0,1,1,1,1,1,-1,0,2,6,3,2,1,2,1,2,1,32
0,0,1,1,2,5541,1,1,1,1,2,1,3,2,0,1,2,0,0,1,6,0,1,0,1,1,1,4,1,0,2,1,1,1,0,0,1,6,4,2,1,3,1,3,1,18
0,0,1,3,2,18694,1,1,4,0,2,0,0,0,0,1,2,0,0,1,12,0,1,0,1,1,1,4,1,1,2,1,1,0,-1,0,2,3,4,2,1,1,1,3,3,34
0,0,0,1,2,2358,0,1,1,1,2,1,3,2,1,0,1,1,0,1,12,0,1,1,1,1,0,4,1,0,2,1,1,2,1,0,1,6,3,3,1,1,1,3,3,30
0,0,2,3,2,13797,1,1,1,2,2,1,3,1,0,0,1,1,1,1,12,1,1,2,1,1,1,4,1,1,2,1,1,1,2,5,3,6,4,3,1,1,0,3,4,27
0,0,0,2,2,13075,1,1,0,0,2,1,3,2,0,1,1,0,0,1,12,1,1,2,0,1,0,4,1,0,2,1,1,1,1,0,3,6,3,3,1,1,1,3,2,26
1,2,2,1,2,-1,1,1,1,2,2,1,1,2,0,1,2,1,2,1,12,0,1,1,2,1,1,4,0,1,2,1,1,1,1,0,3,6,3,2,1,3,1,3,1,23
0,1,2,3,1,16913,0,1,1,2,2,1,1,2,1,0,1,0,0,1,12,0,1,0,2,1,1,4,1,1,2,2,1,0,2,4,0,6,3,0,0,3,3,0,4,0
1,0,2,2,2,-1,0,1,0,0,2,1,3,2,0,1,1,1,4,1,12,1,1,1,1,1,1,4,1,1,2,1,1,1,1,0,2,6,4,3,1,2,1,3,3,28
1,2,4,3,2,-1,0,1,6,1,2,1,2,2,0,1,1,0,0,0,0,1,1,0,2,1,1,4,1,1,2,1,1,1,1,5,2,6,4,3,0,0,1,3,4,4
0,2,3,2,2,15598,0,1,0,2,2,1,3,1,1,0,1,1,2,1,6,0,1,0,2,1,1,4,1,0,2,1,1,1,2,2,2,6,4,3,1,1,1,3,4,32
1,0,1,0,2,49588,1,1,0,0,2,1,1,1,1,0,2,0,0,1,12,1,1,0,0,1,1,4,1,1,2,1,1,1,1,3,2,6,4,3,1,1,0,3,4,28
1,1,3,2,2,33182,0,1,0,1,2,1,3,1,0,0,1,1,2,1,6,1,1,0,1,1,1,4,1,1,2,2,0,1,1,0,3,6,4,3,1,1,1,3,1,29
0,0,0,0,2,2108,0,0,0,0,2,1,3,2,1,0,1,1,3,1,3,1,1,0,0,5,1,4,0,1,2,1,1,1,1,0,3,6,4,3,1,2,1,3,1,32
0,0,2,2,2,8987,0,1,2,0,2,1,1,2,1,0,1,1,4,1,4,0,1,1,2,4,1,4,1,1,2,1,1,1,2,1,2,6,3,2,1,1,1,3,4,30
1,0,1,3,2,0,0,1,0,2,2,1,3,1,1,0,1,0,0,1,11,1,1,2,0,1,0,4,1,1,2,1,1,1,1,0,2,6,3,3,1,2,1,3,4,31
0,2,0,1,2,2279,1,1,2,2,2,1,3,1,0,0,1,0,0,1,4,1,1,2,0,4,0,4,0,0,1,1,0,1,1,0,2,6,3,2,0,2,1,3,1,29
1,2,2,2,1,14208,0,1,0,0,2,1,1,2,1,0,1,0,0,1,12,1,1,0,2,1,1,4,1,1,2,1,1,1,1,0,2,6,3,3,1,1,1,3,3,34
0,1,2,0,1,2321,0,0,0,0,2,1,1,2,1,0,1,0,0,0,0,0,1,0,2,1,1,4,1,1,1,2,1,0,2,5,0,6,3,0,0,1,0,1,0,3
1,2,3,3,1,30257,1,1,1,1,2,1,3,1,1,0,2,0,0,1,12,1,1,0,2,1,1,4,1,1,2,1,1,3,2,5,1,6,4,3,0,1,1,3,4,29
1,0,2,1,2,-1,1,1,0,0,2,1,1,2,1,0,0,0,0,1,4,0,1,0,1,1,0,4,1,1,1,1,1,1,0,0,1,6,3,3,1,1,1,3,0,28
1,0,2,1,2,160,0,1,0,0,2,1,1,2,1,0,2,0,0,1,6,1,1,1,2,1,1,4,0,1,2,1,1,1,1,0,2,6,3,3,1,3,1,2,1,32
1,2,2,2,2,18651,0,1,1,1,2,1,3,2,1,0,2,1,2,1,4,1,1,0,2,1,1,4,1,1,2,1,1,3,2,5,3,5,4,3,1,1,1,3,4,31
1,0,2,2,2,10819,0,1,0,0,2,1,3,2,1,0,2,0,0,1,12,0,1,1,0,4,1,4,1,0,2,1,1,3,2,4,2,6,4,3,1,3,1,3,3,31
0,2,1,0,1,7918,0,1,0,2,2,1,3,1,1,0,1,0,0,1,12,1,1,1,2,1,1,4,1,1,2,1,1,1,2,2,2,3,4,3,1,1,1,3,4,34
0,0,1,3,2,-1,0,1,0,0,2,1,3,2,1,0,2,1,4,1,4,0,1,1,2,1,1,4,1,1,1,1,1,3,2,5,2,6,3,2,1,1,3,3,1,33
1,0,2,0,2,6605,1,1,0,0,2,1,3,2,1,0,1,0,0,1,4,0,1,1,1,1,0,4,1,1,1,1,1,1,2,4,3,6,4,2,1,2,1,2,3,34
1,0,2,2,2,24667,0,1,1,0,2,0,0,0,0,0,1,1,1,1,12,0,1,0,2,1,1,4,1,1,2,1,1,0,2,4,2,6,4,3,1,2,1,3,4,34
0,1,2,0,2,8014,1,1,0,0,2,1,3,2,1,0,1,0,0,1,12,0,1,1,2,1,1,3,1,1,2,1,1,1,2,3,3,3,3,3,0,2,0,3,1,33
1,0,2,2,2,7025,1,1,0,0,2,1,3,1,1,0,1,0,0,1,6,1,1,1,1,1,0,4,1,1,2,1,1,1,2,4,3,5,3,2,1,2,0,3,2,34
0,2,1,1,2,-1,0,1,0,0,1,1,3,2,1,0,1,0,0,1,12,1,1,1,0,1,0,3,1,1,1,1,1,1,-1,0,3,6,3,2,1,2,1,3,1,33
0,2,3,3,1,1804,0,1,0,0,2,1,3,2,1,0,1,1,1,1,12,1,1,2,0,1,1,4,0,1,2,1,1,1,1,0,2,6,4,2,1,0,1,3,4,30
0,2,2,3,2,9638,0,1,0,2,2,1,3,2,1,0,1,0,0,1,12,1,1,0,0,1,1,4,1,0,2,1,1,1,1,0,1,6,4,2,1,1,1,3,1,25
0,2,2,0,2,2652,1,1,0,0,2,1,3,1,0,0,1,0,0,1,12,1,1,0,2,1,1,4,1,1,2,1,1,0,2,4,3,5,3,3,1,3,0,3,3,33
1,0,2,2,2,-1,0,0,0,0,2,1,1,2,1,0,2,0,0,1,4,0,1,1,1,1,1,4,1,0,2,1,1,1,1,0,2,6,4,3,1,1,1,3,3,34
1,0,1,2,2,-1,1,1,1,2,2,1,1,2,1,0,0,0,0,1,4,0,1,0,0,1,0,4,1,1,2,1,1,3,0,0,2,6,3,2,1,2,1,3,0,30
1,2,2,2,2,20813,1,1,0,0,2,1,1,1,1,0,0,0,0,1,4,0,1,0,2,1,1,4,1,1,2,1,1,1,0,0,3,6,4,3,1,1,3,3,0,34
0,2,2,2,2,12318,1,1,1,1,2,1,1,2,0,1,1,1,1,1,6,0,1,0,2,5,1,4,1,1,2,1,1,1,1,0,2,6,4,3,0,1,1,3,0,33
0,2,2,2,1,7266,0,1,1,2,2,1,1,1,1,0,0,1,12,1,12,0,1,0,1,5,1,4,1,0,2,2,1,1,0,0,3,6,3,3,0,3,1,3,0,33
1,0,1,3,2,0,0,1,0,0,2,1,3,1,0,0,0,0,0,1,24,0,1,2,0,1,0,4,1,1,1,1,0,1,0,0,3,6,2,2,1,2,1,3,0,29
1,1,1,2,2,3195,0,0,0,0,2,1,1,2,0,1,0,0,0,1,12,0,1,0,0,1,1,4,1,1,2,2,1,1,0,0,3,6,3,2,1,0,1,3,0,31
0,0,0,2,2,10786,0,1,1,2,2,1,1,2,1,0,2,1,1,1,12,0,1,1,2,1,1,4,1,1,1,1,1,1,1,0,3,6,3,3,1,1,0,3,3,25
1,0,2,3,2,1029,0,1,0,0,2,1,1,1,1,0,0,0,0,1,12,0,1,0,2,1,1,4,1,1,2,1,1,1,0,0,3,6,3,3,1,1,1,3,0,32
0,2,1,2,2,16067,0,1,0,0,2,1,1,2,1,0,1,0,0,1,12,0,1,0,2,1,1,4,0,0,2,1,1,1,-1,0,2,6,4,3,1,3,3,3,2,32
1,0,2,2,2,2780,0,0,2,2,2,1,1,2,1,0,2,1,1,1,2,0,1,2,0,1,1,4,1,1,2,1,1,1,2,5,3,5,3,3,1,2,1,3,3,33
1,2,2,0,2,32903,0,1,0,1,2,1,1,1,1,0,1,0,0,1,10,1,1,0,2,1,1,4,1,1,2,1,1,1,1,0,3,6,2,3,1,1,3,3,3,32
0,2,3,3,2,-1,1,1,1,2,2,1,1,1,1,0,2,0,0,1,2,0,1,1,2,1,1,4,1,1,2,1,1,1,-1,0,3,6,3,2,1,1,1,3,1,34
0,2,2,2,2,7884,0,1,0,0,2,1,1,2,1,0,2,1,12,1,12,1,1,1,0,1,1,4,1,1,2,1,0,1,2,2,3,6,4,3,1,2,1,3,4,34
0,2,2,3,2,11103,1,1,0,0,2,1,1,2,0,1,1,0,0,1,12,0,1,2,2,1,1,4,1,1,2,1,1,1,2,5,3,6,4,3,1,0,1,3,1,31
1,0,1,3,2,8576,1,1,1,1,2,1,1,1,1,0,2,0,0,1,12,0,1,1,0,1,1,4,1,1,2,1,0,1,1,2,2,6,4,3,1,2,1,3,2,27
1,0,2,0,2,-1,0,1,0,0,2,1,1,2,1,0,0,1,3,1,4,0,1,0,0,5,1,4,1,1,2,1,1,1,0,0,3,6,3,2,1,1,3,3,0,32
0,0,2,1,2,6976,0,1,0,0,2,1,3,2,1,0,1,0,0,1,6,1,1,0,1,1,1,4,0,1,2,1,1,1,1,0,1,6,3,3,1,2,1,3,3,33
1,2,2,2,2,27192,1,1,0,2,2,1,3,2,0,1,1,0,0,1,4,1,1,0,2,1,1,4,1,1,2,1,1,1,2,5,3,6,4,3,1,1,0,3,4,33
0,0,1,1,2,3588,0,0,1,2,2,1,3,2,1,0,1,0,0,1,4,1,1,2,2,4,0,4,1,1,2,1,1,3,-1,0,2,6,3,3,1,1,1,3,3,31
1,0,2,3,2,7727,0,0,0,0,2,1,1,2,1,0,0,0,0,1,4,0,1,0,1,1,1,4,1,1,2,1,0,2,0,0,3,6,3,3,1,1,3,3,0,30
1,0,2,2,2,15793,0,0,0,1,2,1,3,2,0,0,2,1,3,1,4,0,1,1,2,1,1,4,1,1,2,1,1,1,1,4,3,6,4,3,1,1,1,3,0,34
1,1,2,0,2,8911,1,1,0,0,2,1,1,1,1,0,2,0,0,1,12,0,1,1,1,1,1,4,1,1,2,1,1,1,0,0,3,6,4,3,1,2,1,3,0,32
0,2,2,2,1,11066,1,1,1,1,2,1,1,2,1,0,1,0,0,1,12,0,1,2,2,1,1,4,1,1,2,1,1,2,2,5,3,6,4,3,1,1,0,3,0,33
0,0,2,0,2,225,1,1,1,1,2,0,0,0,1,0,1,0,0,1,6,0,1,1,0,1,1,4,1,0,2,1,0,0,2,3,2,3,4,2,1,2,0,3,4,34
0,2,1,3,2,1773,0,1,2,1,2,1,1,1,1,0,1,1,2,1,12,1,1,2,2,5,1,4,1,1,2,1,0,1,1,3,3,6,4,3,1,1,1,3,2,25
0,0,0,3,2,-1,1,0,1,2,2,1,1,2,1,0,2,0,0,1,12,0,1,0,2,1,1,4,1,1,2,1,0,1,-1,0,3,6,3,3,1,1,1,3,0,33
1,2,2,3,1,40261,1,1,0,0,2,1,1,2,0,1,1,0,0,1,12,0,1,0,2,1,1,4,0,1,2,1,1,1,1,0,2,6,4,3,0,1,0,3,3,32
0,2,2,3,1,8615,1,1,0,0,2,1,3,1,1,0,1,0,0,1,12,0,1,0,2,1,1,4,1,1,2,1,1,1,2,3,3,6,3,3,0,1,0,3,4,33
1,2,1,3,1,21829,1,1,0,0,2,1,1,2,1,0,2,0,0,1,6,1,1,0,2,1,1,4,1,1,2,1,1,1,1,4,2,6,3,3,0,3,1,3,2,34
1,0,2,0,2,12809,0,1,2,1,2,1,1,2,1,0,2,0,0,1,12,0,1,1,1,1,1,4,1,1,2,1,0,1,1,0,3,6,4,3,1,2,0,3,0,34
0,2,2,2,1,8685,0,0,0,1,2,1,3,2,1,0,1,1,3,1,3,0,1,2,2,1,1,4,1,1,2,1,1,1,0,0,3,6,3,3,1,1,1,3,0,33
0,2,0,2,2,23283,1,1,1,1,2,1,1,1,1,0,1,0,0,1,2,1,1,1,1,1,1,4,1,0,2,1,1,1,1,1,2,6,3,3,1,0,1,3,1,33
0,0,2,3,2,29551,0,1,1,2,2,1,3,1,0,0,2,0,0,1,12,0,1,1,0,1,1,4,1,1,2,1,1,1,1,3,2,6,4,3,1,2,1,3,2,31
0,0,2,3,2,0,1,1,1,1,2,1,3,1,1,0,1,0,0,1,12,1,1,2,0,1,1,4,1,1,1,1,1,1,1,0,3,6,3,2,1,2,3,3,3,34
1,0,2,2,2,22424,0,1,0,0,2,1,3,2,0,1,2,0,0,1,12,0,1,2,1,1,1,3,1,1,2,1,1,1,1,0,3,6,3,3,1,1,1,3,4,28
1,0,1,2,2,38696,1,1,1,1,2,1,1,1,1,0,1,1,12,1,12,1,1,1,0,4,0,4,1,1,2,1,1,1,2,4,1,5,3,3,1,0,1,3,1,29
0,0,0,1,2,2953,1,0,0,0,1,0,0,0,1,0,1,0,0,1,12,0,1,2,0,1,0,4,0,1,2,2,0,0,1,0,1,6,2,3,1,1,1,3,1,31
1,0,3,0,2,4028,1,1,0,0,2,1,3,2,1,0,1,0,0,1,12,1,1,2,2,1,1,3,1,1,2,1,1,0,1,0,1,6,4,2,1,1,1,3,4,33
1,0,2,2,2,2929,1,1,0,0,2,1,3,1,1,0,2,0,0,1,6,0,1,1,0,1,1,4,1,1,2,1,0,1,2,2,3,6,4,3,1,1,1,3,2,30
1,0,0,2,2,4032,0,1,1,2,2,1,1,1,1,0,0,0,0,1,4,0,1,1,1,1,0,4,1,1,2,1,1,3,0,0,3,6,3,3,1,2,1,3,0,28
1,0,2,0,2,538,0,1,1,2,2,1,1,2,0,1,2,0,0,1,5,0,1,0,2,1,1,4,0,1,2,1,1,3,1,5,2,6,4,3,1,3,1,3,3,33
1,0,0,1,2,2471,0,1,1,2,2,1,1,1,0,0,1,0,0,1,4,0,1,1,0,1,1,2,1,1,2,1,0,1,1,0,3,6,3,2,1,2,1,2,1,33
0,2,2,2,2,18045,0,1,0,0,2,1,3,1,1,0,1,1,12,1,12,1,1,0,2,1,1,4,0,0,2,1,1,1,2,4,3,5,4,3,1,2,1,3,4,34
0,1,1,2,2,-1,0,0,0,0,2,1,1,1,0,0,2,0,0,1,2,0,1,0,1,1,1,4,1,1,2,1,1,1,0,0,3,6,4,2,1,1,3,3,0,24
0,0,0,1,2,5189,0,0,1,0,1,0,0,0,1,0,2,0,0,1,4,0,1,0,0,2,0,2,1,0,1,2,0,0,-1,0,1,6,2,2,1,2,3,0,0,30
0,0,2,3,2,5615,0,1,0,0,2,1,1,2,0,1,1,0,0,1,12,1,1,1,1,1,1,4,1,1,2,1,1,1,1,0,2,6,4,3,1,2,3,3,4,34
1,1,0,3,2,8751,0,1,1,2,2,1,1,1,1,0,1,0,0,1,12,0,1,1,2,1,1,4,1,1,2,1,1,1,1,5,3,6,4,3,1,3,3,3,2,25
0,0,2,2,2,-1,1,1,0,0,0,1,1,1,1,0,1,0,0,1,12,0,0,1,0,1,1,4,1,1,2,1,0,3,1,2,2,6,1,3,1,2,3,3,1,28
0,2,1,2,2,12729,0,1,0,0,2,1,3,1,1,0,1,0,0,1,12,1,1,0,1,1,0,4,0,1,2,1,1,1,1,2,2,6,3,3,1,1,1,3,2,33
0,2,0,2,1,-1,0,0,0,0,2,1,3,1,0,1,1,1,20,1,13,1,1,0,2,1,1,4,1,1,2,1,0,3,1,0,3,5,3,2,1,1,3,3,3,23
1,0,2,1,2,137,1,1,0,0,2,1,3,2,1,0,2,0,0,1,12,0,1,1,1,1,1,4,1,1,2,1,1,1,1,1,1,6,3,3,1,3,1,3,4,34
1,2,1,3,2,18385,1,0,0,2,2,1,1,2,1,0,1,0,0,1,12,0,1,0,1,1,1,4,1,1,2,1,1,1,-1,0,3,6,4,2,1,1,1,3,4,33
1,2,1,3,2,-1,1,1,0,0,2,1,3,1,1,0,1,1,6,1,12,0,1,2,2,1,1,4,1,1,2,1,1,1,1,0,3,6,3,3,1,1,0,3,3,34
1,0,2,1,2,10293,1,1,3,1,2,1,3,2,0,0,2,0,0,1,12,1,1,0,0,1,1,2,1,1,1,1,1,1,1,1,2,3,3,3,1,1,1,3,4,31
1,0,2,3,2,8843,1,1,0,0,2,1,1,2,1,0,1,0,0,1,4,1,1,2,0,1,1,4,1,1,2,1,1,1,1,0,2,5,3,2,1,1,1,3,1,32
0,0,0,1,2,1240,0,1,1,2,2,1,3,1,1,0,1,0,0,1,2,0,1,1,0,2,0,4,1,1,1,1,0,1,1,0,2,6,2,2,1,2,1,1,1,27
1,2,1,2,2,4802,0,0,2,1,2,1,1,1,1,0,2,0,0,1,12,1,1,1,2,1,1,4,1,1,2,1,1,1,1,0,2,6,4,3,1,1,0,3,1,32
1,0,2,2,2,-1,0,1,3,2,2,1,1,2,1,0,2,0,0,1,12,0,1,1,2,1,1,0,1,0,2,2,1,2,-1,0,2,6,4,3,1,3,3,2,1,28
1,0,2,2,2,15099,0,1,1,1,2,1,3,2,0,1,2,1,2,1,12,0,1,1,2,5,1,4,1,0,2,1,1,1,1,5,3,6,4,3,1,0,3,3,2,25
1,0,3,2,2,6661,1,1,0,0,2,1,3,1,1,0,1,0,0,1,10,1,1,0,0,1,1,4,0,1,2,1,1,1,1,0,1,6,3,3,1,2,3,3,2,24
0,0,2,2,2,14099,0,1,1,2,2,1,1,2,1,0,2,0,0,1,4,0,1,2,2,1,1,4,1,1,2,1,0,1,1,4,2,6,4,2,1,1,1,3,2,34
1,0,2,2,2,19152,0,1,1,2,2,1,3,1,0,1,2,0,0,1,4,1,1,1,2,1,1,4,1,1,2,1,1,1,2,2,3,6,4,3,1,0,3,3,3,33
1,0,2,0,2,13237,0,1,0,0,2,1,3,1,1,0,1,0,0,1,4,0,1,0,2,1,1,4,1,1,2,1,1,1,1,0,2,6,3,3,1,2,3,3,3,30
0,2,1,2,2,25038,1,1,1,2,2,1,1,2,1,0,0,1,1,1,5,0,1,1,2,1,1,4,1,1,2,1,1,1,0,0,3,6,3,3,0,1,3,2,0,34
1,1,1,3,2,10978,0,1,1,1,2,1,1,1,1,0,0,0,0,1,4,0,1,1,2,5,1,4,1,0,2,1,1,3,0,0,3,6,3,3,1,3,3,3,0,25
0,0,2,3,1,13746,1,1,1,2,2,1,3,1,1,0,0,0,0,1,12,1,1,0,2,1,1,4,1,1,1,2,1,1,0,0,3,6,3,2,0,1,0,0,0,32
1,2,2,2,2,4320,0,1,1,2,2,1,1,1,1,0,3,0,0,1,3,0,1,1,0,1,1,4,1,1,2,1,1,1,1,4,2,6,3,2,1,1,1,3,3,28
0,0,2,2,2,14456,1,1,0,0,2,1,3,2,1,0,1,1,1,1,12,1,1,2,2,1,1,4,1,1,2,1,1,1,2,1,2,6,3,3,1,1,3,3,4,33
0,0,0,2,2,19479,0,1,0,0,2,1,3,2,1,0,2,1,3,1,4,0,1,0,0,1,1,4,1,0,2,1,1,1,1,2,3,6,3,3,1,1,1,3,0,34
1,0,1,1,2,1498,1,1,1,1,2,1,1,2,1,0,1,0,0,1,6,1,1,1,0,1,0,4,0,0,1,1,1,1,1,0,2,6,4,3,1,2,1,3,2,31
0,2,1,3,1,20202,0,1,1,2,2,1,3,2,1,0,1,0,0,1,12,0,1,0,2,1,1,4,1,1,1,1,1,1,2,5,2,3,4,3,0,1,0,3,3,34
1,0,1,3,2,522,0,1,0,0,2,1,1,1,1,0,2,0,0,1,12,0,1,1,1,1,1,4,1,1,2,1,1,1,2,2,2,6,3,3,1,1,1,3,2,33
1,0,0,1,2,3566,0,1,6,2,2,1,1,2,1,0,2,0,0,1,12,0,1,0,1,1,0,4,0,1,2,2,0,1,0,0,3,6,3,3,1,2,1,3,3,34
0,2,2,3,1,24919,1,1,0,0,2,1,1,2,1,0,1,0,0,1,12,0,1,0,2,1,1,4,1,1,2,2,1,3,1,0,3,6,4,3,1,0,1,3,1,34
1,0,2,1,2,17734,1,1,0,0,2,1,1,1,1,0,2,0,0,1,4,0,1,1,1,1,1,4,1,1,1,1,1,1,-1,0,2,6,4,2,1,1,0,3,1,31
1,0,2,2,2,3159,1,1,1,1,2,1,1,2,1,0,2,0,0,1,12,1,1,1,1,1,1,4,1,1,2,1,1,1,1,4,3,6,3,2,1,1,1,2,3,34
0,0,1,3,2,14529,1,1,0,0,2,1,3,2,1,0,2,0,0,1,12,1,1,1,1,4,1,4,1,1,2,1,1,1,2,3,3,6,4,2,1,3,1,2,2,31
1,0,2,1,2,7875,0,1,0,0,2,0,0,0,1,0,2,1,12,1,12,1,1,1,0,1,0,4,1,1,2,2,1,0,1,0,2,6,3,3,1,1,1,3,2,31
0,0,2,1,2,3933,0,0,0,0,2,1,1,2,1,0,0,0,0,1,4,0,1,0,0,1,1,4,1,1,2,2,1,1,0,0,2,6,3,2,1,1,1,3,0,34
1,0,2,2,2,-1,1,1,0,2,2,1,3,1,1,0,1,0,0,1,4,0,1,1,2,1,1,4,1,1,2,1,1,1,2,5,3,6,3,3,1,1,3,3,4,34
1,2,2,2,2,14500,1,1,0,0,2,1,3,2,0,1,1,0,0,1,7,1,1,2,2,1,1,4,1,1,2,1,1,1,2,1,3,6,4,3,0,1,3,3,4,31
1,0,3,2,2,5328,1,1,1,2,2,1,1,1,1,0,0,0,0,1,4,0,1,0,0,1,1,4,1,1,2,2,1,1,0,0,1,6,3,3,1,2,3,3,0,22
0,0,0,1,2,670,1,1,1,1,2,1,1,2,1,0,1,0,0,1,6,0,1,1,0,1,0,2,1,0,1,1,1,1,1,0,2,6,3,3,1,0,1,3,3,31
1,0,2,3,2,-1,1,1,1,1,2,1,3,2,1,0,1,0,0,1,4,1,1,1,0,1,1,4,0,1,2,1,1,1,1,0,3,6,4,3,1,2,0,3,3,34
0,0,2,3,2,10286,0,1,0,0,2,0,0,0,1,0,1,0,0,1,12,1,1,1,2,1,1,4,1,1,2,1,1,0,1,0,3,6,4,3,1,3,1,3,3,31
0,0,0,1,2,258,0,1,1,2,2,1,1,2,0,0,2,0,0,1,4,0,1,0,0,1,1,4,1,1,2,2,1,1,1,0,1,6,3,2,1,2,3,3,2,33
0,2,1,3,2,12000,0,1,0,0,2,1,1,2,1,0,2,0,0,1,4,0,1,1,1,1,1,4,1,0,2,1,1,1,0,0,3,6,4,3,1,1,1,3,0,31
1,0,2,1,2,2011,0,1,1,2,2,1,3,1,1,0,1,0,0,1,12,0,1,0,0,1,1,4,1,1,1,1,1,1,1,0,2,6,4,3,1,2,1,3,2,32
0,1,0,0,1,9974,0,1,0,0,2,1,1,2,1,0,1,0,0,0,0,0,0,0,1,1,1,4,1,1,2,2,1,0,2,3,0,6,1,0,0,0,3,1,4,0
1,0,2,3,2,-1,1,1,0,1,2,1,3,2,0,0,2,0,0,1,4,0,1,1,1,1,1,4,1,1,2,1,1,3,0,0,1,6,3,3,1,1,3,3,3,28
0,0,0,1,2,2655,1,1,0,0,1,1,3,1,1,0,1,0,0,1,12,1,1,0,0,1,0,4,1,1,2,2,0,1,1,0,2,5,3,3,1,2,1,3,2,30
1,0,2,2,2,9537,1,1,1,1,2,1,1,2,1,0,2,1,1,1,12,0,1,1,1,1,0,4,1,1,2,1,0,3,0,0,2,6,3,3,1,2,1,3,0,33
0,0,2,3,2,-1,1,1,1,1,2,1,3,1,1,0,2,0,0,1,12,0,1,1,2,1,1,4,1,1,2,1,1,3,2,3,3,6,4,2,1,3,3,2,2,33
0,2,2,2,2,15584,0,1,2,2,2,1,3,1,1,0,2,0,0,1,10,1,1,2,0,1,1,4,1,1,2,1,0,1,1,4,2,6,4,3,0,3,2,3,4,34
0,2,1,2,2,11234,0,1,0,0,2,1,3,1,0,0,2,0,0,1,4,1,1,1,1,1,1,4,1,1,2,1,1,1,2,4,2,3,3,2,1,1,1,3,3,33
1,0,0,2,2,-1,0,1,1,2,2,1,1,2,1,0,2,0,0,1,12,0,1,1,0,1,0,4,1,1,2,1,1,1,1,0,0,6,3,2,1,2,3,2,1,26
0,0,1,1,2,-1,1,1,1,0,2,1,3,1,1,0,1,0,0,1,12,0,1,1,0,4,1,4,1,1,1,1,1,1,1,0,3,6,3,3,1,2,0,3,1,14
1,2,1,2,2,17204,1,0,0,0,2,1,3,2,1,0,2,0,0,1,4,1,1,0,1,1,1,4,1,1,2,1,0,1,2,1,2,6,3,3,1,1,1,3,3,0
1,0,2,3,1,15260,1,1,1,2,2,1,1,2,1,0,1,0,0,1,4,1,1,1,0,1,1,4,1,1,2,1,1,1,1,0,2,6,4,3,1,2,1,3,3,34
1,0,1,2,2,8670,0,1,1,1,2,0,0,0,1,0,2,0,0,1,12,0,1,2,0,1,1,4,1,1,2,1,1,0,-1,0,2,6,3,3,1,2,1,3,3,33
0,0,1,2,2,8208,0,1,0,0,2,1,1,2,1,0,2,1,1,1,4,0,1,1,1,1,1,4,1,1,2,1,0,3,-1,5,3,6,3,3,1,2,1,3,2,26
1,0,2,0,2,9914,1,1,1,2,2,1,1,1,0,0,0,0,0,1,4,0,1,0,0,1,1,4,1,1,2,1,1,1,0,0,1,5,3,3,1,2,0,3,0,32
1,2,1,2,1,16311,1,0,0,0,1,1,3,2,1,0,1,0,0,1,12,1,1,2,0,1,1,4,1,1,2,2,0,1,1,0,3,6,2,3,0,2,0,3,2,33
0,0,0,1,2,-1,0,1,1,1,2,1,1,2,1,0,0,0,0,1,12,0,1,0,1,1,1,4,1,1,1,1,1,1,0,0,2,6,3,3,1,0,1,3,0,29
1,2,2,1,2,22572,0,1,0,0,2,1,1,2,1,0,1,0,0,1,6,1,1,2,0,1,1,4,1,1,2,1,1,1,1,0,1,6,3,3,1,1,1,3,4,33
0,0,0,2,2,10329,1,1,0,0,2,1,1,2,1,0,2,0,0,1,12,0,1,1,0,1,0,4,1,1,2,1,1,1,-1,0,2,6,3,2,1,2,0,3,1,33
0,0,0,3,2,750,0,0,0,0,2,1,1,2,1,0,2,0,0,1,12,0,1,1,1,1,1,4,1,1,2,1,0,3,1,1,2,6,3,2,1,1,3,3,1,22
0,0,1,3,2,-1,1,1,1,2,2,1,1,1,1,0,0,0,0,1,4,0,1,0,0,1,1,4,1,1,2,2,1,1,0,0,2,6,4,2,1,2,1,3,0,32
0,0,0,2,2,22943,1,1,1,2,2,1,3,1,1,0,1,1,1,1,12,0,1,1,2,1,1,4,1,1,2,1,1,1,1,5,2,6,3,3,1,3,1,3,1,31
0,2,2,1,2,3576,0,1,1,2,2,1,1,2,1,0,2,1,2,1,18,0,1,1,1,1,0,4,0,1,2,1,1,1,1,5,3,6,4,3,1,1,0,3,3,33
1,0,0,1,2,-1,0,0,1,1,2,1,3,1,0,0,1,0,0,1,2,0,1,1,0,1,1,1,1,0,1,2,0,1,1,0,1,5,3,2,1,2,0,2,2,32
1,0,2,2,2,15795,0,1,0,0,2,1,1,1,1,0,1,0,0,1,12,0,1,1,1,1,1,4,1,1,2,1,1,1,1,0,3,6,4,3,1,1,1,3,0,32
1,0,0,2,2,5260,0,0,1,2,2,1,1,1,0,0,0,1,4,1,4,0,1,0,1,1,1,4,1,1,2,2,0,1,0,0,2,6,3,0,1,1,3,3,0,34
0,2,2,3,2,6088,0,1,0,0,2,1,3,1,0,0,1,1,2,1,12,0,1,1,2,1,1,4,1,1,2,1,1,3,2,2,2,6,4,3,1,1,1,3,3,25
1,0,2,2,2,5158,0,1,0,0,2,1,1,1,0,1,2,0,0,1,4,1,1,0,0,1,1,4,0,1,2,1,1,1,0,0,3,6,3,3,1,0,1,3,0,32
1,2,1,2,2,11024,0,1,0,0,2,1,3,1,0,1,2,0,0,1,12,1,1,1,0,1,0,4,0,1,2,1,1,3,1,2,3,6,3,3,1,3,1,3,4,34
0,0,2,2,2,11483,0,1,0,0,2,1,1,1,1,0,2,0,0,1,4,0,1,0,1,1,1,4,1,1,2,1,1,1,1,5,2,6,3,3,1,2,1,3,0,33
0,2,2,2,2,14881,0,1,0,0,2,1,1,2,0,1,0,0,0,1,6,0,1,0,0,1,1,4,1,1,2,1,1,1,0,0,2,6,4,3,1,1,1,3,0,33
0,1,0,0,2,-1,0,1,0,0,2,1,2,2,1,0,2,0,0,0,0,0,1,1,1,1,1,4,1,1,2,1,1,3,2,1,2,6,3,3,0,3,1,1,1,3
1,0,3,3,2,23672,1,1,0,0,2,1,1,2,0,1,1,0,0,1,12,1,1,0,2,1,1,4,1,0,2,1,1,1,1,0,3,6,3,3,1,1,3,3,2,34
0,0,0,2,2,5361,0,1,1,2,2,1,1,2,1,0,2,1,2,1,6,1,1,1,2,1,1,4,0,1,2,1,1,3,2,4,3,5,3,3,1,3,3,3,3,32
0,0,2,3,2,9518,1,1,1,2,2,1,3,2,1,0,1,0,0,1,1,0,1,0,1,1,1,4,1,0,2,1,1,1,1,0,2,6,4,3,1,1,1,3,1,33
1,2,1,0,1,26667,1,1,0,0,2,1,3,2,0,1,1,0,0,1,12,1,1,1,2,1,1,4,1,1,2,1,1,1,2,5,3,6,4,3,1,1,3,3,2,34
0,2,0,1,2,0,0,1,1,2,2,1,1,2,0,0,0,0,0,1,1,0,1,0,0,1,0,0,1,0,1,1,0,1,0,0,1,2,2,2,1,2,1,1,0,32
0,0,1,1,2,2273,0,1,0,0,2,1,1,2,0,1,0,0,0,1,4,0,1,0,0,1,1,4,1,1,1,2,1,1,0,0,1,6,4,2,1,1,1,3,0,34
1,0,1,3,2,47397,1,1,2,1,2,1,3,1,1,0,1,0,0,1,12,0,1,1,1,1,1,4,1,1,2,1,1,1,1,0,3,6,3,3,1,1,1,3,4,34
0,2,2,2,2,14450,1,1,1,2,2,1,3,1,1,0,1,0,0,1,4,0,1,0,1,1,1,4,1,0,2,1,1,1,1,1,2,6,4,3,1,2,3,3,2,32
0,2,2,3,2,1675,0,1,1,1,2,1,1,2,1,0,2,0,0,1,11,0,1,2,2,1,1,4,1,1,2,1,1,1,1,3,3,6,3,3,1,0,1,3,1,31
0,0,2,3,2,20632,0,1,2,2,2,1,3,1,1,0,2,0,0,1,12,1,1,1,2,1,1,4,1,1,2,1,1,3,2,5,1,6,4,2,1,1,3,3,3,33
1,0,3,2,2,7637,1,1,0,2,2,1,1,2,1,0,0,1,2,1,12,0,1,0,0,1,1,4,1,1,2,1,1,1,0,0,3,6,3,3,1,1,1,3,0,33
1,2,1,0,2,11962,0,1,0,2,2,1,2,2,1,0,2,0,0,1,6,1,1,1,2,5,1,4,1,1,2,1,1,1,1,4,1,6,4,3,1,1,3,3,2,34
0,2,1,2,2,6864,0,1,0,0,2,1,3,1,1,0,2,0,0,1,3,0,1,2,1,1,1,4,1,1,2,1,0,1,2,5,2,6,4,3,1,1,0,3,1,33
0,0,2,2,2,2105,0,1,0,0,2,1,1,1,0,0,2,0,0,1,4,1,1,0,1,1,1,4,1,1,2,1,0,1,1,0,2,6,3,3,1,2,1,3,1,32
0,0,0,0,2,0,0,1,0,0,2,1,3,1,0,1,1,1,12,1,12,1,1,1,0,2,0,1,0,1,1,1,1,1,-1,0,3,6,3,2,1,1,1,3,1,30
0,0,1,2,2,23542,0,0,0,0,2,1,3,1,1,0,1,0,0,1,6,1,1,2,2,1,1,4,1,1,2,1,0,1,2,5,2,6,3,3,1,1,0,3,3,31
1,2,2,2,2,23985,0,1,0,0,2,1,3,2,0,1,1,0,0,1,12,1,1,2,1,1,1,4,1,1,2,1,1,3,2,5,3,6,3,3,1,3,1,3,3,32
0,2,1,2,2,20534,1,1,1,1,2,1,3,2,1,0,2,0,0,1,6,1,1,2,2,1,1,4,1,0,2,1,1,1,2,2,3,6,4,2,0,1,1,3,4,29
1,0,1,1,2,2779,1,1,1,1,2,1,1,2,1,0,1,0,0,1,6,1,1,0,0,1,0,2,1,1,2,1,1,1,1,0,2,6,3,3,1,2,1,3,2,31
0,1,0,1,2,-1,1,1,2,0,2,1,1,2,1,0,0,0,0,1,4,0,0,0,0,1,1,4,0,0,1,1,1,1,0,0,2,5,1,2,1,2,1,1,0,32
0,0,2,3,2,15445,0,1,1,1,2,1,3,2,1,0,2,0,0,1,12,1,1,2,2,1,1,4,0,1,2,1,1,1,1,1,2,6,4,3,1,2,1,3,4,34
1,0,0,1,2,0,1,0,0,0,2,1,2,1,0,0,0,0,0,1,12,0,1,0,0,1,0,1,0,1,1,1,0,2,0,0,0,6,2,0,1,2,0,1,0,29
0,0,2,0,2,7304,1,1,1,0,2,1,1,2,1,0,2,0,0,1,12,1,1,2,0,1,1,4,1,0,2,1,1,1,1,1,2,6,3,3,1,1,1,3,1,32
1,0,2,2,2,22049,1,1,1,1,2,1,3,2,1,0,2,0,0,1,12,0,1,2,0,1,1,4,1,1,2,1,1,1,1,0,2,6,4,3,1,3,1,3,1,34
0,2,1,0,2,9196,0,1,0,2,2,1,3,2,1,0,1,0,0,1,4,0,1,2,2,1,1,4,1,1,2,1,1,1,-1,0,2,6,4,3,0,1,1,3,3,27
0,0,3,3,2,122,1,1,0,0,2,1,1,2,1,0,2,0,0,1,12,0,1,1,2,1,1,4,1,0,2,1,1,2,1,3,2,6,4,3,1,1,1,3,2,33
1,0,2,2,2,0,1,0,2,1,2,1,1,2,0,0,2,1,2,1,2,0,1,2,1,1,1,4,1,1,2,1,1,1,1,0,3,1,3,2,1,2,3,2,0,25
0,2,0,3,2,418,0,1,1,2,2,1,1,2,1,0,2,0,0,1,2,0,1,1,2,1,1,4,1,1,2,1,1,1,0,0,2,6,3,2,1,3,3,3,0,31
0,2,2,3,1,16961,0,1,0,0,2,1,3,1,1,0,2,0,0,1,12,1,1,0,2,1,1,4,1,1,2,1,1,1,2,5,3,3,3,3,0,1,1,3,4,33
0,0,0,2,2,14559,1,1,0,0,2,1,3,2,1,0,2,0,0,1,12,1,1,2,1,1,1,4,1,1,2,1,0,1,2,5,2,6,4,3,1,2,3,3,2,34
1,0,1,1,2,19118,1,1,0,0,2,1,1,1,1,0,2,0,0,1,4,0,1,0,1,1,0,3,1,1,1,1,1,1,-1,0,1,5,2,2,1,2,1,3,0,30
1,2,2,3,2,502,1,1,1,2,2,1,3,1,0,0,1,1,6,1,6,1,1,0,2,1,1,4,1,1,2,1,1,1,1,0,3,6,3,3,0,3,1,3,4,29
0,2,2,1,2,17783,0,1,1,1,2,1,3,2,1,0,1,1,1,1,12,1,1,0,1,1,1,4,0,1,2,1,1,1,1,0,1,6,4,3,1,3,1,3,2,34
0,0,3,3,2,6560,1,1,0,0,2,1,1,2,1,0,2,1,1,1,6,0,1,1,2,1,1,4,1,1,2,1,1,1,1,5,3,6,4,3,1,3,3,3,2,33
0,0,2,2,2,-1,0,1,0,0,1,1,1,2,1,0,2,0,0,1,12,1,1,1,1,1,1,4,1,0,2,1,1,1,1,5,3,6,3,3,1,3,1,3,1,34
0,1,1,3,1,2977,0,1,1,2,2,1,3,2,1,0,3,0,0,1,12,0,1,0,2,1,1,4,1,1,2,1,0,1,-1,2,3,6,4,2,0,1,0,3,3,34
0,0,0,3,2,5095,0,1,0,0,2,1,1,2,1,0,2,0,0,1,12,0,1,1,1,1,1,4,1,0,2,1,1,1,-1,0,1,6,4,2,1,2,1,3,4,23
0,0,0,3,2,-1,1,1,0,0,2,1,3,1,1,0,1,1,2,1,18,1,1,2,0,1,1,4,0,1,2,1,1,1,1,0,3,6,3,3,1,1,0,3,1,31
0,0,1,1,2,3434,0,1,0,0,2,1,3,2,1,0,2,0,0,1,4,1,1,0,1,2,1,2,1,1,1,1,1,1,1,0,3,6,3,2,1,2,1,3,1,31
1,2,2,2,2,35902,1,1,0,0,0,1,3,2,1,0,2,1,2,1,12,1,1,1,2,1,1,4,1,0,2,1,1,3,2,3,3,6,4,3,1,3,1,3,2,34
0,0,2,3,2,24816,1,0,1,2,2,1,1,2,1,0,2,0,0,1,12,1,1,0,1,4,1,4,1,0,2,1,1,1,-1,0,3,6,2,3,1,2,1,3,4,33
1,2,1,3,2,20420,1,1,2,2,2,1,1,2,1,0,2,1,1,1,1,0,1,1,2,1,1,4,1,1,2,1,1,1,-1,0,2,6,4,3,0,3,0,3,1,34
0,0,0,0,2,109,0,1,0,0,2,1,1,2,1,0,1,0,0,1,6,0,1,1,0,1,0,4,1,0,2,1,0,2,1,0,2,6,3,2,1,2,1,2,2,34
0,0,0,2,2,-1,0,1,1,1,2,1,1,2,1,0,0,1,8,0,0,1,1,0,1,1,1,4,1,1,2,1,1,1,0,0,3,4,4,2,1,1,1,3,0,34
0,2,1,3,2,1715,1,1,1,1,2,1,1,1,1,0,2,1,1,1,12,0,1,1,2,1,1,4,1,0,2,1,1,1,1,4,3,6,4,3,1,3,1,3,3,32
1,2,2,1,2,9012,0,1,0,0,2,0,0,0,1,0,2,0,0,1,2,0,1,1,0,1,0,4,1,1,2,1,1,0,2,4,2,6,3,3,1,1,1,3,1,31
0,1,1,0,2,3755,0,0,0,0,2,1,1,2,1,0,2,0,0,1,6,0,1,0,1,1,0,4,1,1,2,1,1,1,1,2,3,6,3,3,1,3,0,3,0,33
1,0,2,1,2,8434,0,1,0,0,2,1,3,2,1,0,2,0,0,1,12,0,1,1,0,1,0,4,1,1,1,1,1,1,1,4,2,6,3,3,1,0,1,3,2,32
0,0,0,1,2,17,0,1,0,0,1,1,1,2,1,0,0,0,0,1,6,0,1,0,0,4,0,2,1,1,2,1,0,1,0,0,1,6,3,2,1,1,0,3,0,33
1,0,2,2,2,6567,1,1,0,0,2,1,1,2,1,0,2,1,3,1,12,0,1,1,2,4,1,4,0,1,2,1,1,1,1,0,3,6,4,2,1,1,1,3,1,29
1,2,3,2,2,24269,0,1,0,2,2,1,1,1,1,0,2,0,0,1,12,0,1,0,1,1,1,4,0,1,2,1,1,1,2,3,3,6,4,3,1,1,1,3,3,31
0,0,0,0,2,2849,1,1,0,0,2,0,0,0,1,0,1,0,0,1,2,0,1,1,0,4,0,2,0,1,1,1,0,0,1,0,3,6,3,3,1,1,1,3,1,30
0,2,1,2,2,13770,0,1,0,0,2,1,3,1,1,0,1,0,0,1,12,1,1,1,1,1,1,4,1,1,2,1,0,1,2,1,2,6,4,3,0,3,1,3,4,34
0,0,0,2,2,1995,0,0,1,1,2,1,1,2,1,0,2,0,0,1,4,1,1,2,0,1,0,4,1,1,1,1,0,1,1,4,1,5,3,3,1,2,1,3,4,22
1,0,0,2,2,19008,0,1,0,0,2,1,3,2,1,0,1,1,2,1,12,0,1,0,2,4,1,4,1,1,2,1,0,1,1,0,2,6,3,3,1,1,1,3,2,31
1,1,1,2,2,28064,0,1,0,0,2,1,1,2,1,0,2,1,1,1,6,0,1,1,2,1,1,4,1,1,2,1,1,1,1,3,0,3,3,3,1,2,3,3,4,32
1,0,0,1,2,10843,0,1,1,0,2,1,3,2,1,0,1,0,0,1,4,1,1,2,1,1,0,4,0,1,1,1,1,3,2,5,2,6,4,3,1,2,1,3,4,34
1,2,2,2,2,18787,0,1,1,2,2,1,1,1,1,0,2,0,0,1,4,0,1,1,0,1,1,4,1,1,2,1,1,1,1,0,2,6,4,3,1,1,1,3,3,31
1,0,2,2,2,10,1,1,1,0,2,1,2,1,1,0,2,0,0,1,4,0,1,0,2,1,1,4,1,1,2,1,1,1,1,3,3,6,3,3,1,1,1,3,2,34
1,0,2,2,2,21181,1,1,1,0,2,1,3,2,1,0,1,0,0,1,12,1,1,2,2,1,1,4,1,1,2,1,1,1,1,0,2,6,3,3,1,1,1,3,4,31
0,0,2,0,2,8499,0,1,1,1,2,1,1,2,1,0,3,1,6,1,6,0,1,1,0,1,1,4,1,1,2,1,0,3,1,0,2,6,4,3,1,1,0,3,4,30
1,0,2,2,2,53892,0,1,0,0,2,1,1,2,1,0,1,0,0,1,10,0,1,1,1,1,1,4,1,1,2,1,1,1,1,3,3,6,4,3,1,1,1,3,4,28
1,0,0,0,2,5141,1,1,1,1,2,1,1,2,1,0,1,0,0,1,12,1,1,1,2,1,1,4,1,1,2,1,1,1,1,0,0,6,3,3,1,1,1,3,1,32
0,1,2,2,1,15918,1,1,0,0,2,1,1,2,1,0,2,0,0,1,12,0,1,1,2,1,1,4,1,1,2,1,1,2,0,0,3,6,4,3,1,3,1,3,0,34
0,2,2,0,1,9032,0,1,2,2,2,1,3,2,1,0,1,1,1,1,6,1,1,0,2,1,1,4,1,1,2,1,1,3,2,2,3,6,4,3,0,0,1,1,3,2
0,2,2,3,1,37424,1,1,0,0,2,1,3,1,1,0,1,0,0,1,12,1,1,0,2,1,1,4,1,1,2,1,1,1,2,5,2,6,3,3,0,3,3,3,4,32
0,0,0,3,2,1638,1,1,0,0,2,1,3,2,1,0,3,0,0,1,12,0,1,1,2,5,1,4,1,0,2,1,1,1,-1,0,3,6,3,2,0,1,1,1,3,32
0,0,0,2,2,25548,0,1,0,0,2,1,3,2,1,0,2,0,0,1,4,0,1,1,1,1,1,3,1,0,2,1,1,1,2,3,3,6,3,3,1,1,1,3,3,32
0,2,1,3,2,23402,1,1,0,0,2,1,3,1,1,0,1,0,0,1,12,1,1,0,2,1,1,4,1,1,2,1,1,1,1,4,3,6,4,3,0,3,1,3,3,34
0,0,0,2,2,-1,1,0,1,0,2,1,3,1,0,0,0,0,0,1,2,0,1,0,1,4,1,4,0,1,1,1,1,1,0,0,2,6,3,2,1,2,0,3,0,34
0,1,0,0,2,0,0,1,1,1,2,1,3,1,0,0,2,0,0,1,6,1,1,1,0,1,0,4,1,1,1,2,1,1,1,1,3,6,3,2,1,2,3,3,0,25
1,0,0,1,2,11925,0,1,0,0,2,1,3,1,1,0,1,0,0,1,12,0,1,0,0,4,0,4,1,1,2,1,1,1,1,0,2,6,2,2,1,2,1,3,1,31
1,2,1,1,2,-1,1,1,0,0,2,1,1,2,0,1,0,1,12,1,2,0,1,2,2,1,0,4,0,1,1,1,1,1,0,0,3,6,3,2,1,3,1,3,0,23
1,0,1,1,2,8887,1,1,0,0,1,1,1,2,1,0,2,0,0,1,12,0,1,2,0,4,0,1,1,0,2,1,1,1,1,2,2,6,3,3,1,1,1,3,2,25
0,0,1,2,2,-1,1,1,1,1,2,1,1,2,1,0,2,0,0,1,12,0,1,1,0,1,1,4,1,0,2,1,1,2,0,0,1,6,4,3,1,1,0,3,0,33
0,2,1,2,2,10145,1,1,0,0,2,1,1,2,1,0,2,0,0,1,12,0,1,2,0,4,1,4,1,1,2,1,1,1,1,5,2,6,3,2,0,1,3,2,2,27
0,1,1,3,1,7549,0,1,0,0,2,1,3,2,1,0,1,1,2,1,12,1,1,0,2,1,1,4,1,1,2,1,1,1,2,4,3,3,4,3,0,3,1,3,4,34
0,0,0,3,1,3191,1,0,1,1,2,1,3,2,1,0,3,0,0,1,12,0,0,1,2,1,1,4,1,1,2,2,0,1,1,0,1,5,1,2,0,0,1,1,2,32
0,2,1,2,2,2235,0,1,1,0,2,1,1,2,1,0,0,1,4,1,4,0,1,0,1,1,1,4,1,1,2,1,1,1,0,0,3,6,3,2,0,1,1,3,0,30
0,0,0,1,2,1200,0,0,0,0,2,0,0,0,1,0,1,0,0,1,3,1,1,2,0,1,0,4,1,0,1,1,1,0,1,0,1,4,1,2,1,2,1,3,4,28
1,2,2,2,1,31238,1,1,0,0,2,1,1,1,1,0,1,0,0,1,4,0,1,1,2,1,1,4,1,1,2,1,1,1,1,0,3,6,4,3,1,3,1,3,0,34
1,0,0,2,2,5598,0,0,0,0,2,1,1,2,0,0,1,0,0,1,6,1,1,1,0,1,1,4,1,1,2,1,0,1,1,0,2,6,2,3,1,3,1,3,2,34
0,0,1,2,2,-1,0,1,0,0,2,1,1,2,1,0,2,0,0,1,12,0,1,1,1,1,1,4,1,0,2,1,1,1,-1,0,3,6,3,2,1,2,3,3,1,33
1,0,2,2,2,16783,0,1,0,0,2,1,3,2,1,0,2,0,0,1,6,1,1,0,2,1,1,4,0,1,2,1,1,1,1,0,2,6,4,3,1,1,1,3,4,34
1,0,0,1,2,973,1,1,0,0,2,1,3,2,0,1,1,0,0,1,6,0,1,2,1,1,0,3,1,1,1,1,1,1,1,0,3,6,3,2,1,0,1,2,2,31
0,0,2,3,2,39038,1,1,0,0,2,1,3,1,1,0,1,1,2,1,12,1,1,0,2,1,1,4,1,1,2,1,0,1,1,0,2,6,3,3,1,1,0,3,3,33
1,1,2,2,2,21631,0,1,0,0,2,1,1,2,1,0,2,0,0,1,4,0,1,0,1,1,1,4,1,1,2,1,1,3,1,0,2,6,4,3,1,0,3,3,0,34
1,2,2,2,2,21237,1,1,0,0,2,1,3,1,1,0,1,0,0,1,12,1,1,2,2,1,1,4,1,1,2,1,1,1,1,0,1,6,4,3,1,1,1,3,4,28
0,2,3,2,1,20795,0,0,0,0,2,1,1,2,1,0,1,0,0,1,5,0,1,0,2,1,1,4,1,1,2,1,0,3,2,3,3,6,4,3,0,3,3,3,4,34
1,0,1,2,2,9543,0,1,0,0,2,1,1,2,1,0,0,0,0,1,4,0,1,0,1,1,1,4,1,1,2,1,1,1,0,0,1,6,4,3,1,3,1,3,0,33
1,0,0,1,2,-1,0,1,0,0,2,0,0,0,0,0,2,0,0,1,4,0,1,1,1,1,0,2,0,0,1,2,0,0,-1,0,0,6,4,3,1,1,1,1,0,34
0,2,2,2,2,17921,0,1,0,0,2,1,3,2,1,0,2,0,0,1,12,0,1,1,2,5,1,4,1,1,2,1,1,1,1,0,3,6,3,3,1,1,1,3,4,33
0,0,0,0,2,4125,0,0,0,0,2,1,1,2,1,0,2,0,0,1,3,1,1,2,0,4,0,3,0,1,1,1,1,1,1,0,1,6,2,2,1,1,1,2,1,33
0,0,1,1,2,4453,0,1,0,0,2,1,3,2,1,0,1,0,0,1,12,1,1,1,0,4,0,4,1,1,1,1,1,3,1,0,3,6,4,2,1,1,1,3,3,25
0,1,2,3,2,5677,0,1,2,2,2,1,3,2,1,0,2,1,12,1,12,0,1,1,2,1,1,4,1,1,2,1,0,1,1,0,3,6,4,3,1,1,1,3,1,32
1,2,3,2,1,51552,1,1,0,2,2,1,3,2,1,0,1,0,0,1,6,1,1,0,2,1,1,4,1,1,2,1,1,1,1,0,2,6,3,3,0,3,0,3,4,31
1,2,1,2,1,11163,0,0,1,1,2,1,1,2,1,0,2,0,0,1,6,0,1,1,2,1,1,4,1,1,2,1,1,1,1,0,2,6,4,3,1,1,1,3,0,34
0,0,3,2,2,16356,1,1,0,2,2,1,1,1,1,0,2,0,0,1,4,0,1,0,2,1,1,4,1,1,2,1,1,1,1,0,3,6,4,3,1,1,3,3,3,34
1,0,2,2,2,14082,1,1,0,0,2,1,3,2,1,0,2,1,1,1,12,0,1,1,1,1,1,4,0,1,2,1,1,1,1,0,2,6,4,3,1,1,3,3,3,34
0,0,0,1,2,1795,0,0,0,0,2,1,3,2,1,0,1,0,0,1,4,1,1,1,1,4,0,2,0,1,1,1,0,1,1,0,2,6,3,2,1,1,0,1,1,32
0,2,1,3,1,9055,0,1,0,2,2,1,1,2,1,0,2,0,0,1,12,0,1,0,2,1,1,4,1,1,2,1,0,1,0,0,2,6,4,3,0,1,1,3,0,34
0,2,1,3,2,-1,1,1,2,2,2,1,3,2,1,0,2,0,0,1,10,0,1,1,0,1,0,4,1,1,2,2,1,1,1,0,1,3,3,2,1,2,0,3,4,27
1,0,0,2,2,7331,1,0,0,1,2,1,1,2,1,0,2,0,0,1,4,0,1,1,1,1,0,4,1,1,2,1,1,1,0,0,3,6,3,3,1,2,0,3,0,30
1,0,2,1,2,-1,1,1,1,2,2,1,1,2,1,0,0,0,0,1,4,0,1,2,0,2,0,2,0,0,1,2,1,1,0,0,2,6,4,2,1,2,1,3,0,31
0,0,2,3,2,1271,1,0,1,2,2,1,1,2,1,0,0,0,0,1,18,0,1,0,1,1,1,4,1,1,2,1,1,1,0,0,2,6,4,3,1,1,1,3,0,31
1,0,2,0,2,30956,1,1,1,1,2,1,3,2,1,0,2,0,0,1,4,0,1,0,2,4,1,4,1,1,2,1,1,1,1,1,2,6,3,3,1,1,3,3,1,32
1,0,1,2,2,1719,0,1,0,0,2,1,3,2,1,0,1,0,0,1,1,1,1,1,1,1,1,4,1,0,2,1,1,1,1,0,0,6,4,3,1,3,1,3,4,27
1,0,0,1,1,-1,1,1,2,2,2,0,0,0,1,0,0,0,0,1,4,0,1,0,1,4,0,2,1,0,1,2,1,0,0,0,0,6,2,0,1,0,1,1,0,34
0,2,2,2,1,14878,1,1,0,0,2,1,1,2,0,1,1,0,0,1,12,0,1,2,2,1,1,4,1,0,2,1,1,1,2,4,1,6,4,3,0,3,1,3,1,33
0,0,2,0,2,56000,0,0,0,0,2,1,1,1,1,0,2,1,6,1,6,0,1,1,1,1,1,4,1,1,2,1,1,1,1,0,2,6,3,3,1,3,2,3,3,30
1,0,1,3,2,19182,1,1,0,0,2,1,3,1,1,0,2,0,0,1,12,1,1,1,1,1,1,4,1,1,2,1,1,1,1,3,2,6,3,3,1,1,1,3,4,33
0,0,2,1,2,-1,1,1,0,0,2,1,3,2,0,0,1,0,0,1,6,1,1,2,0,1,0,1,0,1,1,2,1,1,1,0,1,6,3,2,1,0,1,1,1,33
1,2,2,0,1,13717,0,1,0,0,2,1,3,1,1,0,1,1,3,1,6,1,1,1,2,1,1,4,1,1,2,1,1,1,1,0,3,6,4,3,1,3,3,3,4,34
1,0,2,3,2,21402,0,1,0,0,2,1,1,1,1,0,0,0,0,1,4,0,1,0,1,1,1,2,1,1,2,1,1,1,0,0,3,6,3,3,1,1,0,3,0,32
0,0,2,2,2,3980,1,1,0,0,2,1,1,2,1,0,0,0,0,1,4,0,1,0,0,1,1,4,1,1,2,1,1,1,0,0,3,6,3,3,1,1,1,3,0,28
1,0,2,2,2,815,0,1,0,0,2,1,3,2,1,0,2,0,0,1,4,1,1,2,2,1,1,4,1,1,2,1,1,1,2,4,3,3,3,3,1,1,3,3,3,34
0,0,0,3,2,-1,0,0,2,1,2,1,3,2,1,0,1,0,0,0,0,0,1,2,2,1,1,4,1,1,2,1,1,1,1,0,1,6,4,2,1,1,1,3,3,27
1,0,1,1,2,7905,0,1,1,1,2,1,3,2,0,1,2,0,0,1,12,1,1,0,0,1,0,4,1,1,2,2,1,1,1,0,2,6,3,3,1,2,1,3,2,30
0,0,3,2,2,8304,0,1,0,0,2,1,1,2,0,1,0,1,2,1,4,0,1,0,2,1,1,4,1,1,2,1,1,1,0,0,2,6,4,3,1,1,3,3,0,32
0,0,1,3,2,7840,1,1,1,2,2,1,1,2,1,0,2,0,0,1,2,0,1,1,0,1,1,4,1,1,2,1,1,2,1,0,2,6,3,3,1,1,1,0,2,34
1,0,1,1,2,18136,1,1,0,0,2,1,1,1,1,0,2,0,0,1,12,0,1,1,2,4,1,4,1,1,1,1,1,1,1,3,3,6,2,3,1,3,1,3,3,33
0,0,0,1,2,5436,1,1,1,1,1,1,1,1,0,1,1,0,0,1,6,1,1,2,1,1,1,4,1,0,2,1,1,3,0,0,2,6,3,3,1,1,0,3,3,28
1,0,2,1,2,13146,0,1,0,0,2,0,0,0,0,1,1,0,0,1,6,1,1,0,0,2,0,4,1,1,2,1,1,0,-1,0,2,6,3,2,1,2,1,3,0,30
0,0,1,2,2,27,1,1,0,0,2,1,1,1,1,0,2,0,0,1,12,0,1,0,0,1,0,4,0,1,1,2,1,1,-1,0,2,6,4,2,1,3,1,3,1,28
0,0,2,0,2,8851,0,0,0,0,2,1,3,2,1,0,1,0,0,1,12,0,1,2,2,1,1,4,1,1,2,1,1,1,1,0,2,6,4,2,1,1,1,3,3,33
1,2,1,2,2,9105,0,0,0,0,2,1,1,2,1,0,0,0,0,1,3,0,1,1,1,1,1,4,1,0,2,1,1,1,0,0,2,6,3,2,1,1,1,2,0,34
0,0,2,3,2,14350,1,1,0,1,2,0,0,0,1,0,1,0,0,1,12,0,0,2,1,1,1,4,1,1,2,1,0,0,1,0,3,6,1,3,1,1,1,3,2,33
0,0,1,2,2,13982,0,1,0,0,2,1,1,2,1,0,2,0,0,1,4,0,1,0,1,4,0,4,1,1,1,1,1,1,-1,0,1,0,4,2,1,1,1,3,4,30
0,2,2,2,2,23441,0,1,1,2,2,1,1,2,1,0,2,1,4,1,4,1,1,2,0,1,1,4,1,1,2,1,1,1,2,3,3,6,4,3,1,1,3,3,0,34
1,0,0,0,2,3302,0,0,0,0,2,1,1,1,0,1,0,0,0,1,4,0,1,1,0,1,1,4,1,1,2,1,1,1,0,0,2,6,4,1,1,1,3,3,0,34
0,2,2,3,2,7643,1,1,1,2,2,1,3,2,1,0,2,0,0,1,12,0,1,0,0,1,1,4,0,1,2,1,1,1,1,0,2,6,3,3,1,1,1,3,4,25
0,0,2,3,2,20706,1,1,0,1,2,1,3,2,1,0,1,0,0,1,12,0,1,1,1,1,1,4,1,1,2,1,0,1,1,5,2,6,4,3,1,2,1,3,1,34
0,0,1,3,2,14077,0,1,1,2,2,1,1,2,1,0,0,1,1,1,12,0,1,0,1,1,1,4,1,1,2,1,1,3,0,0,2,6,4,0,1,3,0,3,0,32
1,0,2,2,2,3553,1,1,0,0,2,1,3,2,1,0,1,0,0,1,4,1,1,1,1,1,1,4,0,1,2,2,1,3,1,0,1,6,4,3,1,1,1,3,1,32
0,2,2,0,2,-1,0,1,0,0,2,1,1,1,0,0,2,0,0,1,4,1,1,0,1,1,1,4,1,1,2,1,1,1,-1,0,3,6,4,3,1,1,3,3,3,31
1,2,3,2,1,12949,1,1,0,0,2,1,3,2,1,0,1,1,2,1,6,1,1,1,2,1,1,4,1,0,2,1,1,1,2,5,3,6,3,3,1,3,0,3,4,32
1,2,2,2,2,8858,1,1,1,1,2,1,1,1,1,0,1,1,0,1,12,0,1,0,1,1,1,4,1,1,2,1,1,1,1,0,3,6,3,3,1,1,0,3,1,31
0,0,0,0,2,2899,0,1,3,0,2,1,1,2,0,1,0,0,0,1,12,0,1,0,1,1,0,3,1,1,2,1,1,1,0,0,2,5,3,3,1,2,1,3,0,33
1,0,2,3,2,3941,1,1,0,0,2,1,1,2,1,0,2,1,12,1,4,0,1,1,1,1,1,4,1,0,2,1,1,1,1,5,1,6,3,3,1,3,3,3,2,31
0,0,1,3,2,8814,1,1,1,2,2,1,1,1,0,0,1,0,0,1,4,0,1,2,1,1,1,4,1,0,2,1,1,1,1,0,3,6,3,3,1,1,1,3,2,30
0,0,0,0,2,3218,0,0,0,0,2,1,3,2,1,0,2,0,0,1,6,0,1,1,1,4,0,4,1,1,2,1,1,1,0,0,2,6,3,2,1,2,1,3,4,34
1,2,1,1,2,19588,1,1,0,0,2,1,1,2,1,0,1,0,0,1,12,0,1,0,1,1,1,4,1,1,1,1,1,1,1,0,2,6,4,3,1,1,1,3,2,31
0,0,0,1,1,6800,0,0,0,0,1,0,0,0,0,1,1,0,0,1,4,1,0,1,0,4,0,0,0,0,1,1,0,0,1,0,1,5,1,2,1,2,3,1,2,31
1,0,2,2,2,8265,0,1,1,1,2,1,1,1,0,0,1,0,0,1,4,0,1,2,1,1,1,4,1,0,2,2,1,1,1,0,2,6,3,3,1,1,3,3,1,22
0,2,2,0,2,8206,0,1,0,0,2,1,1,2,0,1,0,1,12,1,12,0,1,0,1,1,1,4,1,1,2,1,1,1,0,0,3,6,3,3,1,3,1,3,0,31
1,0,1,1,2,0,0,1,0,0,2,1,1,2,1,0,0,0,0,1,4,0,1,0,0,1,1,4,1,1,2,1,1,1,0,0,1,6,4,3,1,2,1,3,0,33
0,0,1,3,2,10579,1,1,1,1,2,1,1,2,0,1,0,1,2,1,6,0,1,0,1,1,1,2,0,1,2,1,1,1,0,0,3,6,4,2,1,1,0,3,0,34
0,0,2,2,2,-1,0,1,1,1,2,0,0,0,0,0,0,0,0,1,6,0,1,0,1,1,1,4,0,1,2,1,1,0,0,0,3,6,4,3,1,1,3,3,0,32
1,0,2,1,2,2577,1,1,0,0,2,1,1,2,1,0,2,0,0,1,12,0,1,2,0,1,1,1,1,0,1,1,1,1,-1,0,2,6,4,3,1,2,1,3,2,31
0,0,3,1,2,-1,0,1,0,0,2,0,0,0,1,0,2,0,0,1,5,1,1,0,0,1,1,4,1,1,2,2,1,0,1,0,3,6,3,2,1,2,2,3,3,34
1,2,2,3,2,13549,1,1,1,1,2,1,1,2,1,0,2,0,0,1,12,0,1,1,2,1,1,4,1,1,2,1,1,1,1,4,2,6,4,3,1,0,1,3,0,32
0,2,2,2,2,33769,1,1,0,0,2,1,3,2,1,0,1,0,0,1,12,1,1,1,2,1,1,4,1,1,2,1,1,1,1,0,2,6,4,3,1,1,1,3,2,33
1,0,2,3,2,352,0,1,0,0,2,1,1,2,1,0,2,0,0,1,12,0,1,1,1,1,1,4,1,1,2,1,1,1,-1,0,1,6,4,3,1,3,1,3,2,31
0,2,1,2,2,10241,0,1,0,0,2,1,1,2,1,0,2,0,0,1,6,0,1,0,2,1,1,3,1,1,2,2,1,3,-1,0,1,6,4,2,1,1,1,3,0,33
0,0,0,1,2,3686,1,1,0,0,2,0,0,0,1,0,1,0,0,1,2,0,1,0,0,1,0,2,1,0,2,1,0,0,1,0,3,6,3,3,1,2,3,3,3,32
0,2,3,3,2,-1,0,1,0,2,2,1,3,1,1,0,1,0,0,1,12,1,1,0,2,1,1,4,1,1,2,1,1,1,1,0,2,6,3,3,1,1,1,3,2,28
0,0,2,3,2,25102,0,1,0,0,2,1,1,1,1,0,2,0,0,1,4,0,1,1,2,1,1,4,1,1,1,1,1,1,1,2,2,6,3,3,1,1,1,3,4,34
0,0,0,1,2,-1,0,0,0,0,2,1,1,2,1,0,0,0,0,0,0,1,1,0,0,1,0,2,1,1,1,1,0,1,0,0,1,6,3,3,1,0,1,3,0,31
0,0,2,1,2,1923,0,1,1,2,2,0,0,0,0,1,0,0,0,1,6,0,1,0,0,4,0,4,0,1,1,2,1,0,0,0,3,6,4,3,1,2,1,3,0,30
1,2,2,1,2,-1,0,1,1,2,2,1,3,1,1,0,1,1,12,1,15,1,1,2,2,1,1,4,1,1,2,1,1,3,1,0,2,6,3,3,1,1,1,3,3,32
0,2,1,2,2,49063,0,1,0,0,2,1,1,1,1,0,0,1,12,1,12,0,1,1,1,1,1,4,1,1,2,1,1,1,0,0,2,6,4,3,1,2,1,3,0,31
1,0,1,3,2,8160,1,1,1,2,2,1,1,2,1,0,0,0,0,1,12,0,1,0,1,1,1,4,1,1,2,1,1,1,0,0,3,6,2,3,1,2,1,3,0,24
1,0,0,2,2,7032,1,1,0,0,2,1,1,2,1,0,0,0,0,1,6,0,1,0,1,1,1,4,1,1,2,2,0,2,0,0,3,3,3,3,1,1,3,3,0,31
0,0,0,2,2,17148,0,1,2,0,2,1,1,2,1,0,2,0,0,1,10,0,1,1,1,1,0,4,0,1,2,1,1,1,1,0,2,6,2,3,1,1,3,3,4,0
0,0,1,1,2,6441,0,1,0,0,2,1,3,2,1,0,2,0,0,1,4,1,1,0,0,4,0,4,1,1,1,1,0,1,1,0,1,6,3,3,1,0,1,3,3,33
1,2,3,2,1,12234,1,1,1,1,2,1,3,2,1,0,1,0,0,1,12,0,1,0,2,1,1,4,1,1,2,1,1,1,1,0,3,6,4,3,1,1,3,3,1,30
0,0,2,2,2,4864,1,1,0,0,2,1,1,2,1,0,1,0,0,1,12,0,1,1,1,1,1,4,1,0,2,2,1,1,1,0,2,3,4,2,1,2,1,3,2,34
1,0,2,1,2,15804,0,0,0,0,2,1,1,2,1,0,2,0,0,1,0,1,1,1,0,1,0,4,1,1,2,1,0,1,-1,0,2,6,4,2,1,2,1,3,2,30
0,0,2,2,2,4865,0,1,0,2,2,1,3,2,1,0,1,0,0,1,12,1,1,2,0,4,1,4,1,1,1,1,1,3,2,5,3,5,4,3,1,2,1,3,3,26
0,0,1,1,2,21650,0,1,0,0,2,1,1,2,1,0,2,0,0,1,12,0,1,2,1,1,1,3,1,1,1,2,1,1,-1,0,1,6,3,2,1,1,1,2,2,33
1,2,2,0,2,13677,0,1,1,2,2,1,1,2,1,0,2,0,0,1,6,1,1,1,2,1,1,4,1,1,2,1,0,3,1,0,2,3,4,3,1,3,1,3,3,33
0,2,0,2,2,29508,0,1,1,2,2,1,3,2,0,0,2,0,0,1,10,0,1,0,2,1,1,4,1,1,2,1,1,1,1,5,3,6,4,3,1,1,3,3,4,31
0,2,2,2,2,4788,0,1,0,0,2,1,1,2,1,0,2,0,0,1,4,0,1,0,1,1,1,4,1,1,2,1,1,1,1,0,3,6,3,2,1,2,1,3,0,33
1,0,1,3,2,44569,1,0,1,2,2,1,1,2,1,0,2,0,0,1,12,0,1,1,2,1,1,4,1,1,2,1,1,1,-1,0,2,3,4,3,1,1,0,3,4,32
0,0,2,3,1,14955,0,1,1,2,2,1,1,2,1,0,2,0,0,1,2,0,1,1,2,1,1,4,1,1,1,2,1,0,1,0,3,6,3,2,0,1,3,1,0,3
0,2,2,3,2,5254,1,1,0,0,2,1,3,2,1,0,1,1,4,1,4,1,1,1,2,1,1,4,1,1,2,1,1,1,1,0,3,6,4,2,1,1,3,3,3,31
1,0,2,1,2,17343,1,1,0,0,1,1,1,2,1,0,2,0,0,1,12,0,1,2,1,1,1,4,1,1,2,1,1,1,1,0,2,5,4,3,1,1,1,3,4,30
1,2,2,2,1,14955,0,1,0,0,2,1,3,2,1,0,2,1,4,1,4,1,1,0,2,1,1,4,1,1,2,1,1,3,2,4,3,6,4,3,1,1,1,3,4,31
0,0,1,2,2,15000,0,1,1,2,2,1,1,1,0,0,2,0,0,1,4,0,1,1,1,1,1,4,1,1,2,1,1,1,0,0,3,6,3,3,1,1,3,3,0,33
0,2,2,1,2,-1,0,1,0,0,2,1,1,2,1,0,2,1,4,1,4,0,1,1,1,1,0,4,1,1,2,1,1,1,-1,0,2,6,4,2,1,1,1,3,0,28
1,0,3,1,2,15619,0,1,0,0,2,1,3,2,1,0,2,1,4,1,4,1,1,1,1,4,1,4,0,1,2,1,1,1,1,0,3,6,3,3,1,1,3,3,2,33
1,0,2,2,2,30618,0,1,0,2,2,1,3,2,1,0,2,1,6,1,6,0,1,0,1,1,1,4,1,0,2,1,1,3,2,1,2,6,4,2,1,0,1,3,3,32
0,2,1,3,2,36200,0,1,0,0,2,1,3,2,1,0,2,0,0,1,12,1,1,1,2,1,1,4,1,1,2,1,1,1,1,5,2,6,3,3,0,1,0,3,4,34
0,0,2,3,2,10608,0,1,0,0,2,1,3,2,0,1,1,0,0,1,12,1,1,1,1,1,1,4,1,1,2,1,1,3,1,0,3,6,4,3,0,1,1,3,4,33
0,0,0,0,2,17183,1,1,2,0,2,1,3,2,1,0,0,0,0,1,12,1,1,0,0,1,1,4,1,1,2,1,0,1,0,0,2,6,4,3,1,1,1,3,0,32
0,0,1,0,2,310,0,1,0,0,2,1,1,1,1,0,2,0,0,1,12,0,1,1,0,4,1,4,1,1,1,2,1,1,0,0,1,6,3,2,1,1,3,1,0,31
1,0,1,1,2,-1,1,1,0,0,2,1,3,2,1,0,1,0,0,1,2,1,1,0,2,4,0,4,1,1,2,1,1,1,-1,0,2,6,3,3,1,1,1,3,3,30
0,2,2,3,1,174,1,1,0,0,2,1,1,2,1,0,1,0,0,1,12,1,1,2,1,1,1,4,0,1,2,1,1,1,1,0,3,6,3,3,1,1,1,2,1,31
0,0,0,2,2,6231,0,1,1,2,2,1,1,2,1,0,0,0,0,1,12,0,1,0,1,1,1,4,1,1,2,1,1,3,0,0,3,6,2,3,1,1,1,3,0,27
1,2,2,2,2,29386,0,0,0,0,2,1,3,2,1,0,2,1,6,1,6,0,1,1,2,1,1,4,1,1,2,1,1,1,2,4,2,6,4,3,0,1,1,3,2,34
0,0,2,2,2,-1,0,1,0,0,1,1,1,1,1,0,0,0,0,1,12,0,1,0,1,1,1,4,0,1,2,1,0,1,0,0,2,6,4,2,1,1,1,3,0,34
1,0,2,1,2,2016,1,1,0,0,2,1,1,1,1,0,0,0,0,1,4,0,1,0,0,1,1,4,0,1,2,1,1,1,0,0,3,6,3,2,1,0,1,3,0,33
0,2,1,2,2,489,0,1,2,2,2,1,3,2,1,0,2,0,0,1,6,0,1,1,1,1,1,4,1,1,2,1,1,1,1,0,2,6,3,3,1,1,1,3,1,33
1,2,2,2,2,21079,0,1,1,1,2,1,1,2,1,0,2,0,0,1,3,0,1,0,0,4,1,4,1,1,2,1,1,1,1,1,2,5,4,3,1,1,3,3,1,32
1,2,1,2,1,-1,1,1,0,2,2,1,3,2,0,0,1,1,2,1,12,1,1,1,2,1,1,4,0,1,2,2,1,1,1,0,3,6,4,3,1,1,1,3,4,23
1,0,2,2,2,-1,0,1,0,0,0,1,1,2,1,0,2,0,0,1,4,1,1,1,1,1,1,4,1,1,2,1,1,1,1,0,2,6,3,3,1,1,1,3,4,34
0,0,0,1,2,-1,0,1,2,1,2,1,2,2,0,1,1,0,0,1,4,1,1,2,0,4,1,2,0,0,2,2,1,1,1,0,1,5,3,2,1,2,1,0,1,34
0,0,0,0,2,434,0,0,1,1,2,1,1,2,1,0,2,0,0,1,3,0,1,2,0,1,0,0,0,1,2,1,1,1,0,0,1,6,3,3,1,2,0,3,2,32
1,0,2,2,2,3152,0,1,0,0,2,1,2,2,1,0,1,0,0,1,7,1,1,0,1,1,1,4,0,1,2,1,1,3,1,0,3,6,4,3,1,1,0,3,3,34
1,2,2,2,1,10969,0,1,0,0,2,1,1,2,1,0,1,0,0,1,3,1,1,1,2,1,1,4,1,1,2,1,1,1,1,0,3,5,3,3,1,1,1,3,4,34
1,2,1,2,2,23907,0,1,0,2,2,1,3,2,0,1,1,0,0,1,12,1,1,1,1,1,1,4,1,1,2,1,1,3,2,5,3,6,4,3,1,1,3,3,2,32
0,0,1,3,2,-1,1,1,1,2,2,1,1,2,1,0,2,0,0,1,12,0,1,0,1,1,1,4,1,0,2,1,1,1,-1,0,1,6,4,3,1,2,0,3,1,33
0,0,2,2,2,2851,0,0,1,0,2,1,1,2,0,1,1,0,0,1,4,1,1,1,0,1,0,4,1,1,1,2,1,1,1,0,1,6,2,2,1,2,0,2,4,26
1,2,2,2,2,15498,0,1,0,1,2,1,1,2,0,1,0,0,0,1,5,0,1,0,2,1,1,4,1,1,2,1,1,1,0,0,1,6,3,3,1,1,1,3,0,34
1,2,2,1,2,39477,0,1,0,2,2,1,3,2,1,0,1,0,0,1,12,0,1,0,0,1,1,4,1,1,2,1,0,1,1,5,2,6,3,3,1,1,1,3,1,27
1,0,0,1,2,274,0,1,0,0,2,0,0,0,0,0,1,1,1,1,4,1,1,2,0,1,0,4,1,1,2,1,1,0,1,0,2,6,2,2,1,1,1,3,4,28
0,0,2,2,2,9426,0,1,0,1,2,1,3,2,1,0,2,0,0,1,12,0,1,0,1,1,1,4,1,1,2,1,1,1,1,5,3,6,3,3,1,1,1,3,2,34
0,2,3,2,1,5513,0,1,0,0,2,1,3,1,0,1,1,1,4,1,4,0,1,0,2,1,1,4,1,1,2,1,1,1,1,0,2,6,3,3,1,1,3,3,3,32
1,0,1,1,2,5316,0,1,0,0,2,1,1,2,1,0,2,0,0,1,4,0,1,0,0,1,0,4,1,1,1,1,1,1,0,0,1,6,3,2,1,2,3,3,1,33
1,0,1,2,2,11450,1,1,1,1,2,0,0,0,0,0,0,0,0,1,9,0,1,0,0,1,0,4,1,1,2,1,1,0,0,0,2,5,3,3,1,2,1,3,0,30
0,0,0,1,2,-1,1,1,1,1,2,0,0,0,0,0,1,0,0,1,3,0,1,2,0,1,0,0,0,1,1,1,0,0,-1,0,1,6,2,2,1,2,1,3,0,25
0,0,2,0,2,9175,0,1,0,2,2,1,1,2,1,0,1,0,0,1,12,0,1,1,1,1,1,4,1,0,2,1,1,2,1,0,1,6,2,3,1,1,2,3,1,32
0,2,2,2,2,10433,1,1,1,2,2,1,3,2,0,0,1,1,2,1,6,1,1,1,0,1,1,4,1,1,2,1,1,3,2,1,3,6,3,3,0,1,1,3,4,29
0,2,1,2,2,395,0,1,1,0,2,1,1,2,1,0,2,0,0,1,9,0,1,1,0,1,0,4,0,1,2,1,1,1,1,0,3,6,4,3,0,1,1,3,0,34
0,0,2,3,2,1383,1,1,0,0,2,1,1,2,1,0,1,0,0,1,12,0,1,1,2,1,1,4,1,1,2,1,1,3,1,0,3,6,4,3,1,1,1,3,1,34
1,2,2,1,2,8000,0,0,0,0,2,1,3,2,1,0,1,1,1,1,12,0,1,2,1,1,0,4,0,1,2,1,1,1,1,0,3,6,2,3,1,0,0,2,4,33
0,0,2,2,2,9599,1,1,0,0,2,1,1,2,1,0,2,0,0,1,12,0,1,0,2,1,1,4,1,1,2,1,1,1,1,5,3,6,3,3,1,1,1,3,4,32
0,0,2,1,2,4497,1,0,0,0,2,1,3,1,0,0,1,0,0,1,3,0,1,1,1,0,0,4,0,0,2,1,1,1,1,0,2,6,3,2,1,1,3,3,1,34
0,0,2,2,2,23625,0,1,1,0,2,1,3,1,1,0,1,1,2,1,4,0,1,1,1,1,1,4,1,1,2,1,1,3,2,5,2,6,4,3,1,1,1,3,2,34
0,2,2,3,1,14405,1,1,0,0,2,1,1,2,1,0,0,1,12,1,12,0,1,0,1,1,1,4,1,1,2,1,1,2,0,0,3,6,3,3,0,1,1,3,0,33
0,2,2,2,2,120,0,1,0,0,2,1,3,2,1,0,2,0,0,1,6,1,1,2,2,1,1,4,1,1,2,1,1,3,1,0,3,6,4,3,1,1,1,3,3,32
0,0,2,3,2,20551,0,1,0,0,2,1,3,1,1,0,2,0,0,1,12,0,1,1,1,1,1,4,1,0,2,1,1,3,1,3,3,6,4,3,1,1,0,3,1,32
1,0,2,2,2,2424,0,1,0,0,2,1,1,2,1,0,2,0,0,1,4,0,1,2,0,1,1,4,1,1,2,1,1,1,1,5,3,6,3,3,1,1,1,3,1,26
1,2,2,2,2,32650,1,1,0,0,2,1,3,2,1,0,1,0,0,1,12,0,1,1,1,5,1,4,1,0,2,1,1,3,1,0,3,6,4,3,1,3,1,3,4,0
0,1,2,2,2,167,1,0,1,2,2,1,3,1,0,0,1,0,0,1,4,1,1,0,0,1,1,4,0,0,2,1,1,1,1,0,3,5,2,3,1,1,1,3,2,29
0,0,2,2,2,-1,1,1,0,1,1,1,1,2,1,0,2,0,0,1,12,1,1,0,2,1,1,4,1,0,2,1,1,1,1,5,3,6,4,3,1,1,1,3,0,34
0,0,0,2,2,3061,1,0,0,0,2,1,3,1,1,0,1,0,0,1,4,1,1,1,1,1,0,0,1,1,2,1,0,1,1,0,3,6,3,3,1,1,1,3,1,33
1,2,2,2,2,34413,1,1,0,2,2,1,3,2,0,1,1,0,0,1,4,1,1,0,0,1,1,4,1,1,2,1,1,1,2,4,3,6,3,3,1,1,1,3,3,33
0,0,0,2,2,-1,0,1,1,1,2,1,3,2,0,0,1,0,0,1,12,1,1,0,0,1,1,4,0,1,2,1,0,1,1,0,2,6,3,2,1,3,1,3,3,27
0,2,2,3,1,15096,0,1,0,0,2,1,1,2,0,1,1,0,0,1,12,0,1,0,1,1,1,4,1,1,2,1,1,3,0,0,2,6,3,3,1,1,1,3,0,33
0,0,1,2,2,7728,0,0,0,0,2,1,1,2,0,1,2,0,0,0,0,0,1,2,0,1,1,4,1,1,2,1,1,1,1,4,2,6,3,3,1,1,1,3,3,34
1,0,2,2,2,2675,0,1,1,1,2,1,3,1,0,0,1,1,3,1,3,1,1,2,1,1,0,4,1,1,2,1,1,1,1,0,3,6,4,3,1,2,2,3,3,32
1,0,0,1,2,11030,0,1,1,2,2,1,1,1,0,0,0,1,3,1,4,0,1,1,0,1,1,4,1,1,2,1,1,1,0,0,3,6,3,3,1,1,1,3,0,32
0,0,2,2,2,9111,0,1,1,1,2,1,3,2,1,0,1,1,2,1,12,1,1,0,1,1,1,4,1,1,2,1,1,1,1,0,2,6,4,3,1,2,1,3,2,31
0,2,1,0,2,9918,1,1,0,0,2,1,1,2,0,0,2,0,0,1,10,0,1,0,1,1,1,4,1,1,2,1,1,1,-1,0,0,6,4,2,1,1,1,2,0,26
1,0,3,2,2,38161,0,1,0,0,2,1,3,2,1,0,2,0,0,1,4,1,1,2,1,1,1,4,1,1,2,1,1,1,1,0,2,6,3,3,1,0,1,3,0,31
0,0,3,3,2,-1,0,1,1,2,2,1,3,2,1,0,2,0,0,1,12,0,1,1,1,1,1,4,1,1,2,1,1,1,1,3,2,6,4,3,1,1,3,3,4,32
0,1,2,2,1,9724,1,1,1,1,2,1,3,1,1,0,3,0,0,1,3,0,1,0,2,5,1,4,1,1,2,1,1,1,1,0,2,6,4,3,0,1,1,3,1,31
1,0,0,1,2,6961,0,0,0,0,0,1,1,2,1,0,1,0,0,1,12,1,1,0,0,1,1,4,1,1,1,1,0,1,1,0,2,6,3,3,1,1,1,3,4,31
0,0,0,2,2,7582,0,1,0,0,2,1,3,2,1,0,2,0,0,1,12,1,1,1,1,1,1,4,0,0,2,1,1,1,1,5,1,5,3,2,1,1,3,3,2,27
1,2,3,2,2,25242,0,1,0,1,2,1,3,2,1,0,1,0,0,1,12,0,1,1,2,1,1,4,1,1,2,1,1,1,2,1,3,6,4,3,1,1,3,3,1,33
1,0,1,0,2,7145,1,1,1,0,2,1,1,2,1,0,1,0,0,1,4,0,1,0,1,1,0,4,1,1,2,2,1,1,1,0,2,6,3,3,1,2,1,3,3,32
1,0,2,3,2,3215,1,1,0,0,2,1,1,2,1,0,2,1,1,1,12,1,1,0,0,1,1,4,0,1,2,1,1,1,2,5,3,6,4,3,1,2,0,3,4,33
0,0,2,3,2,9188,1,1,1,1,2,1,1,2,1,0,2,0,0,1,12,0,1,1,1,1,1,4,1,1,2,1,1,1,1,5,3,6,4,3,1,1,1,3,3,34
1,2,2,2,1,-1,1,0,2,2,2,1,3,1,1,0,2,1,9,1,22,1,1,0,0,1,0,4,1,1,2,1,0,1,1,0,3,6,3,3,1,1,1,3,3,23
0,0,1,1,2,9015,0,1,0,0,2,1,1,2,1,0,2,1,12,1,12,0,1,0,0,1,0,4,0,1,1,1,1,1,1,0,1,6,4,2,1,2,1,3,2,30
0,0,2,2,2,11409,0,1,0,0,2,1,1,2,1,0,2,0,0,1,4,0,1,1,0,1,1,4,1,0,2,1,1,3,-1,0,1,6,3,2,1,1,1,3,2,33
0,0,0,3,2,7251,0,0,1,2,2,1,1,1,0,1,1,0,0,1,4,0,1,1,2,1,1,4,1,1,2,1,0,1,1,0,2,6,3,2,1,1,1,1,3,29
1,2,1,2,2,12625,0,1,0,0,2,1,3,2,1,0,2,1,2,1,12,0,1,1,2,1,1,4,1,1,2,1,0,1,1,0,2,6,4,3,1,1,0,3,4,31
0,0,3,3,1,9411,1,1,0,0,2,1,3,2,1,0,3,1,1,1,1,1,1,1,1,1,1,4,1,1,2,1,1,1,0,0,3,6,3,2,0,0,1,3,1,32
0,0,0,2,2,-1,0,1,0,0,2,1,1,1,1,0,2,1,2,1,2,0,1,1,1,1,0,4,1,0,1,1,1,3,-1,0,0,6,3,2,1,2,1,3,2,26
0,0,0,1,2,1539,0,1,0,0,2,1,3,1,1,0,1,0,0,1,4,1,1,0,0,1,0,4,0,1,1,1,0,1,1,0,1,6,3,3,1,2,1,3,4,24
0,1,2,2,2,31550,1,1,0,0,2,1,3,2,1,0,1,1,6,1,12,0,1,2,0,1,1,4,1,1,2,1,1,3,2,4,2,6,3,3,1,2,1,3,2,27
1,2,2,2,2,19066,0,1,0,0,2,1,1,2,1,0,2,1,2,1,4,1,1,2,2,1,1,4,1,1,2,1,1,1,2,5,3,6,4,3,1,0,3,3,4,31
0,1,0,1,2,2989,0,1,0,0,2,1,3,1,0,0,1,0,0,1,2,1,1,0,0,1,0,4,1,1,1,1,1,1,-1,0,3,6,3,2,1,2,1,3,2,22
0,0,2,3,2,7995,0,1,1,2,2,1,3,1,1,0,1,0,0,1,12,1,1,1,0,1,1,4,1,0,2,1,1,1,2,5,2,6,4,3,1,2,1,3,4,31
1,0,1,2,2,0,0,0,0,0,2,1,1,2,1,0,2,0,0,0,0,0,1,1,1,1,0,4,1,1,2,1,1,1,2,5,2,5,3,3,1,2,1,1,2,34
0,0,2,1,2,5531,0,1,0,0,2,1,3,1,0,0,1,0,0,1,12,1,1,0,0,1,1,4,1,1,2,1,0,1,1,0,1,6,3,3,1,2,1,3,2,28
1,0,2,1,2,711,0,1,2,2,2,1,1,2,0,1,1,0,0,1,12,1,1,1,0,4,1,4,1,1,1,1,1,1,-1,0,2,6,3,2,1,2,1,3,4,29
1,2,1,2,2,26359,0,1,0,0,2,1,3,2,1,0,1,0,0,1,12,1,1,1,1,1,1,4,1,1,2,1,1,1,1,0,2,6,4,3,1,2,1,3,3,32
1,2,3,2,1,-1,0,1,0,0,2,1,3,2,1,0,2,0,0,1,3,1,1,1,2,1,1,4,1,0,2,1,1,1,1,0,3,6,3,3,1,1,0,3,3,31
0,0,2,2,2,12020,1,1,0,0,2,1,3,2,1,0,2,0,0,1,12,1,1,1,1,1,1,4,1,0,2,1,1,3,2,5,3,6,3,3,1,2,1,3,4,32
0,2,2,0,2,9305,1,1,0,0,2,1,3,2,1,0,1,1,4,1,4,1,1,1,1,1,1,4,1,1,2,1,1,1,2,5,3,6,4,3,1,0,3,3,4,31
1,2,1,2,2,4678,0,0,0,0,2,1,3,2,0,0,1,0,0,1,4,1,1,0,0,1,1,4,0,1,2,1,1,3,-1,0,2,6,3,3,1,1,1,3,1,29
1,0,2,2,2,15468,0,1,1,2,2,1,1,2,1,0,2,0,0,1,7,0,1,0,2,5,1,4,1,1,2,1,0,1,0,0,2,6,3,3,1,3,1,3,0,33
0,0,1,1,2,3450,0,1,0,0,2,1,3,1,1,0,1,0,0,1,12,1,1,2,0,1,1,4,1,1,2,1,0,1,1,0,2,6,3,2,1,0,0,3,4,25
1,0,1,1,2,-1,0,1,0,0,2,1,3,2,0,0,2,1,4,1,6,1,1,1,0,1,0,4,1,1,2,1,1,3,1,0,2,6,3,3,1,2,1,3,4,29
1,0,2,0,2,1202,0,0,0,0,2,1,1,2,1,0,2,0,0,0,0,0,1,2,0,1,1,4,1,1,2,1,1,3,-1,0,3,6,3,3,1,1,1,3,4,26
0,1,2,0,1,547,0,1,0,0,2,1,1,2,1,0,1,0,0,0,0,0,1,0,2,1,1,3,1,1,1,2,1,2,2,1,0,6,4,0,0,3,0,0,2,0
1,0,2,3,2,5968,1,1,1,1,2,1,3,1,1,0,2,0,0,1,6,1,1,1,2,1,1,4,1,1,2,1,1,3,2,4,3,6,4,3,1,3,3,3,3,32
1,0,2,0,2,20926,0,1,1,2,2,1,3,2,1,0,1,0,0,1,6,0,1,0,2,1,1,4,1,0,2,1,1,1,1,0,2,6,3,3,1,3,1,3,4,32
1,0,1,3,2,6138,1,1,1,0,2,1,3,2,1,0,2,0,0,1,4,0,1,2,0,1,1,4,1,0,2,1,1,1,0,0,3,6,3,3,1,2,1,3,0,33
0,2,0,1,2,4442,0,1,0,0,2,1,1,1,1,0,2,0,0,1,6,0,1,0,1,1,1,2,1,1,2,2,1,1,-1,0,1,6,4,2,1,2,1,3,1,33
0,0,2,2,2,7491,0,1,0,0,2,1,1,2,1,0,0,0,0,1,4,0,1,0,2,1,1,4,1,1,1,2,1,2,0,0,1,6,3,2,1,1,1,2,0,31
1,0,2,2,2,1025,0,1,0,0,2,1,3,2,1,0,1,0,0,1,12,1,1,0,1,1,1,4,1,1,2,1,1,1,1,0,3,6,4,3,1,1,1,3,1,33
1,2,4,3,1,22957,1,1,0,2,2,1,3,2,0,1,2,0,0,1,1,1,1,1,2,1,1,4,1,0,2,1,1,1,2,5,3,6,3,3,1,3,1,3,2,34
1,2,1,2,2,3299,1,0,0,0,2,1,3,2,1,0,2,0,0,1,12,0,1,1,2,1,1,4,1,1,2,1,1,3,2,2,3,6,4,3,1,0,1,3,4,31
1,0,0,1,2,2771,1,1,0,0,2,1,1,1,0,1,0,0,0,1,12,0,1,0,0,1,0,4,0,1,1,1,1,1,0,0,1,6,3,3,1,2,1,3,0,30
0,1,0,0,1,11961,0,1,0,0,2,1,1,2,1,0,1,0,0,0,0,0,1,1,2,1,1,4,1,1,2,2,1,0,2,4,1,6,4,2,0,1,1,1,4,0
0,0,1,2,2,16625,0,1,0,2,2,1,1,1,1,0,2,1,6,1,6,0,1,1,2,1,1,4,1,1,2,1,1,1,1,4,3,6,4,3,1,1,1,3,0,31
0,2,1,2,2,5950,0,1,0,0,2,1,3,2,1,0,1,0,0,1,4,1,1,1,1,1,1,4,1,1,2,1,1,1,-1,0,3,6,3,3,1,1,0,3,1,29
0,0,1,0,2,-1,0,1,0,0,1,1,1,1,0,0,0,0,0,1,4,0,1,0,0,1,0,4,0,1,1,1,0,1,0,0,0,6,2,3,1,2,1,3,0,33
1,0,2,1,2,5713,0,1,1,2,2,1,1,1,0,0,0,0,0,1,2,0,1,0,0,1,0,4,1,1,1,1,1,1,0,0,3,6,3,3,1,1,1,3,0,33
1,0,1,3,2,9562,1,1,0,0,2,1,3,2,1,0,2,0,0,1,12,1,1,1,1,1,1,4,1,1,2,1,1,3,2,4,3,3,4,3,1,1,3,3,4,34
0,2,0,2,2,39910,1,1,0,0,2,1,3,1,1,0,2,0,0,1,4,1,1,1,1,1,1,4,1,1,2,1,1,1,1,3,3,6,3,3,1,1,3,3,1,33
1,0,2,1,2,9537,0,1,0,0,2,1,3,1,1,0,1,0,0,1,4,1,1,1,1,4,1,4,0,1,1,1,1,1,1,0,1,6,2,3,1,0,1,3,2,28
0,0,0,2,2,-1,0,1,0,0,2,0,0,0,0,0,2,0,0,1,12,0,1,0,1,1,1,4,1,1,2,2,1,0,-1,0,2,6,3,3,1,2,1,3,0,31
0,0,2,2,2,9425,0,0,0,0,2,1,1,1,1,0,2,0,0,1,3,0,1,0,1,1,1,4,1,1,2,1,1,1,1,3,2,6,4,3,1,1,1,3,3,22
0,2,0,3,2,2414,0,1,0,0,2,1,3,2,1,0,2,1,3,1,4,0,1,0,2,1,1,4,1,1,2,1,1,1,1,4,3,6,4,3,1,1,3,3,2,31
0,1,0,0,1,4009,0,1,0,0,2,1,1,2,1,0,1,0,0,1,6,0,1,0,2,1,1,4,1,1,2,2,1,3,2,5,0,6,4,0,0,3,0,0,4,0
0,0,0,0,2,-1,1,1,1,2,2,1,3,1,1,0,1,0,0,1,6,0,1,0,2,4,1,3,0,1,1,1,1,1,1,0,2,6,3,2,1,1,1,2,2,32
0,2,0,2,2,189,1,1,0,0,2,1,1,1,1,0,1,0,0,1,12,0,1,1,1,1,1,4,1,1,2,1,1,1,1,0,2,6,4,3,1,3,1,3,2,33
0,2,2,3,2,2342,1,1,0,0,2,1,3,2,1,0,1,0,0,1,12,1,1,1,2,1,1,4,1,0,2,1,0,1,2,5,3,6,3,2,1,3,0,3,3,31
0,0,1,3,2,3000,0,1,1,2,2,1,1,2,1,0,1,0,0,1,12,1,1,1,2,1,1,4,1,1,2,1,1,2,2,2,0,6,4,3,1,1,0,3,4,24
1,2,1,1,1,0,1,1,0,0,2,1,1,2,1,0,2,1,2,1,1,1,1,1,0,1,0,2,1,1,1,1,0,1,-1,0,2,6,2,3,0,1,3,3,1,30
0,2,0,0,1,23928,0,1,1,2,2,1,1,2,1,0,1,0,0,0,0,1,0,0,2,1,1,4,1,1,2,2,1,0,2,3,0,6,1,0,0,1,3,1,4,0
0,0,2,2,2,20104,0,1,1,1,2,1,3,2,1,0,2,1,12,1,12,0,1,1,2,1,1,4,1,1,2,1,1,1,1,3,3,6,4,3,1,3,1,3,2,34
1,0,2,3,2,9062,1,1,1,2,2,1,3,2,1,0,1,1,1,1,12,1,1,1,0,1,1,4,1,1,2,1,1,1,2,4,3,6,3,3,1,2,1,3,1,27
1,0,2,0,2,609,0,1,1,2,2,1,1,2,1,0,2,0,0,1,12,0,1,1,1,1,1,4,1,1,2,1,1,1,-1,0,2,6,4,3,1,1,1,3,1,32
0,2,2,1,2,4112,0,1,1,1,2,1,1,2,1,0,2,0,0,1,4,0,1,0,1,1,0,4,0,1,2,1,1,1,0,0,3,5,3,3,1,1,1,2,2,34
1,2,2,3,1,3897,0,1,0,2,2,1,3,2,1,0,2,0,0,1,12,1,1,2,0,1,1,4,1,1,2,1,1,1,1,0,2,6,4,3,1,3,0,3,3,31
1,2,2,2,2,12704,0,1,2,2,2,1,3,1,1,0,1,0,0,1,12,1,1,1,1,4,1,4,1,1,2,1,1,1,1,0,2,6,4,3,1,1,1,3,3,32
1,2,3,2,2,21171,0,1,0,0,2,1,3,2,1,0,2,1,8,1,12,0,1,1,1,1,1,4,1,1,2,1,1,1,1,0,2,6,4,3,1,1,1,3,4,33
0,0,0,3,2,2124,1,0,1,2,2,1,3,2,0,1,2,0,0,1,12,1,1,0,0,1,1,4,1,1,2,1,0,1,1,0,2,6,4,2,1,2,3,2,2,34
0,2,1,2,2,42747,1,1,1,2,2,1,3,2,1,0,1,0,0,1,8,1,1,0,2,1,1,4,1,1,2,1,1,1,2,2,3,6,3,3,1,3,1,3,3,33
1,2,1,2,2,20637,1,0,0,0,2,1,1,2,1,0,1,0,0,1,11,1,1,1,2,1,1,4,1,1,2,1,1,2,1,0,3,6,4,3,1,0,1,3,2,33
0,0,0,1,2,4203,0,0,0,0,2,1,3,2,1,0,2,0,0,1,12,1,1,1,1,4,1,4,1,1,2,1,0,1,1,5,0,6,3,3,1,3,3,3,1,34
0,0,1,3,2,13079,0,1,0,0,0,1,1,1,1,0,1,0,0,1,12,0,1,2,2,1,1,4,1,1,2,1,1,1,1,0,2,6,3,3,1,1,2,3,1,30
0,0,0,2,2,-1,0,0,1,2,2,1,1,1,1,0,0,0,0,1,6,0,1,0,0,1,1,4,0,1,2,1,1,1,0,0,3,6,3,2,1,3,1,3,0,34
1,0,0,1,2,-1,0,0,0,0,2,1,3,1,1,0,2,0,0,1,4,1,1,2,0,4,0,2,1,0,1,1,0,1,-1,0,2,6,3,2,1,0,3,3,1,31
1,0,1,1,2,12792,0,0,0,0,2,1,1,2,1,0,1,0,0,1,12,1,1,0,2,1,0,4,1,1,2,1,1,3,1,0,2,5,3,3,1,1,1,3,2,28
1,0,1,0,2,5585,1,1,0,0,2,0,0,0,0,0,1,0,0,1,4,0,1,0,0,1,0,4,1,1,2,2,0,0,1,0,1,6,3,2,1,0,1,3,1,32
1,0,3,1,2,-1,1,1,0,0,2,1,1,2,0,0,0,0,0,1,4,0,1,0,1,1,0,3,1,1,1,2,1,1,0,0,1,6,3,2,1,3,1,3,0,34
0,0,2,3,2,33399,0,1,1,2,2,1,3,2,1,0,1,0,0,1,12,1,1,0,0,1,1,4,1,1,2,1,1,1,1,0,3,6,3,3,1,3,1,3,3,25
0,2,3,2,1,-1,1,1,1,2,2,1,3,2,1,0,1,0,0,1,12,1,1,0,2,1,1,3,1,1,2,1,0,1,1,0,2,6,4,0,1,3,0,3,2,34
0,2,2,3,2,7876,1,1,1,2,2,1,3,1,1,0,1,1,2,1,4,1,1,2,2,1,1,4,1,1,2,1,1,1,1,0,3,6,4,3,1,3,1,3,2,31
1,0,2,2,2,-1,0,1,0,0,2,1,1,2,1,0,2,1,2,1,2,0,1,0,0,1,1,4,1,1,2,1,0,1,-1,5,1,6,3,3,1,1,3,3,1,34
1,0,2,2,2,0,0,1,1,0,2,1,1,1,1,0,2,1,0,1,6,0,1,0,2,1,1,4,1,1,2,1,1,1,2,4,1,6,4,3,1,1,1,3,3,34
0,0,0,1,2,-1,0,1,0,0,2,1,1,2,1,0,1,0,0,1,3,0,1,1,1,4,0,4,1,1,1,1,1,1,1,0,2,3,4,2,1,1,1,3,0,33
0,0,0,2,2,-1,0,1,1,2,2,1,1,2,1,0,0,0,0,1,4,0,1,0,0,1,0,4,1,1,2,1,1,1,0,0,3,5,3,3,1,2,1,3,0,32
0,2,1,2,2,30253,0,1,2,2,2,1,3,2,1,0,2,0,0,1,12,1,1,1,2,1,1,4,1,1,2,1,1,1,2,4,2,6,4,3,1,1,3,3,1,33
1,0,2,2,2,13483,0,1,0,1,2,1,3,2,0,1,1,1,2,1,12,1,1,1,0,1,1,4,1,0,2,1,1,1,1,0,3,6,4,3,1,2,1,3,3,27
0,0,2,3,2,22807,1,1,0,0,2,1,3,2,1,0,2,1,2,1,4,1,1,1,1,1,1,4,1,1,2,1,1,1,1,0,3,6,3,3,1,1,1,3,4,33
0,0,1,1,2,-1,1,0,0,0,2,1,1,1,1,0,0,0,0,1,2,0,1,0,0,1,0,2,0,1,1,1,1,1,0,0,3,6,3,2,1,2,1,1,0,32
0,0,2,3,2,1514,1,1,1,1,2,1,3,1,1,0,1,0,0,1,12,1,1,2,0,1,1,4,0,1,2,1,1,0,1,0,3,5,4,2,1,2,1,3,4,33
0,0,1,1,2,3315,1,1,1,2,2,1,3,1,1,0,1,1,6,1,4,1,1,2,1,1,0,4,1,1,2,1,1,1,1,0,2,6,2,2,1,1,0,3,2,33
1,0,2,0,2,23080,1,1,0,0,1,1,1,1,0,1,2,1,2,1,12,0,1,0,1,1,1,4,1,1,2,1,1,1,1,2,3,6,4,3,1,1,1,3,1,30
1,2,2,2,2,-1,1,1,0,0,2,1,1,2,0,1,2,0,0,1,12,0,1,0,2,1,1,4,1,0,2,1,1,2,2,1,1,6,4,3,0,1,1,3,1,31
0,0,2,0,2,1286,1,1,2,2,2,1,3,2,1,0,2,0,0,1,12,1,1,1,2,1,1,4,1,1,2,1,1,2,1,0,2,6,3,3,1,1,1,3,2,33
0,0,1,2,2,8850,0,1,0,0,2,1,2,1,0,0,2,1,12,1,12,1,1,1,0,1,1,4,1,1,2,1,0,3,-1,0,2,6,3,3,1,3,3,2,2,27
0,0,1,0,2,-1,0,1,0,0,2,1,1,2,0,1,0,1,4,1,4,1,1,0,0,1,1,4,1,1,1,1,1,1,0,0,1,3,3,2,1,1,3,2,0,33
1,0,1,2,2,11182,1,1,0,0,2,1,1,1,1,0,0,0,0,1,12,0,1,0,1,1,1,4,1,1,2,1,1,1,0,0,3,6,4,3,1,1,0,3,0,33
0,0,1,0,2,1932,0,1,1,1,2,1,1,2,1,0,2,0,0,1,4,0,1,0,1,4,1,4,1,1,2,1,1,1,1,1,2,6,3,2,1,1,3,3,1,32
0,0,0,2,2,535,0,1,2,1,2,0,0,0,0,1,2,0,0,1,12,0,1,0,0,4,0,4,1,1,2,2,1,0,2,2,2,6,4,2,1,3,1,2,0,28
1,0,2,2,2,24552,0,1,0,0,2,1,3,2,1,0,2,0,0,1,6,1,1,1,1,1,1,4,1,1,2,1,1,1,1,0,2,6,4,3,1,1,1,3,2,34
0,0,0,1,2,17000,0,0,0,0,2,1,1,2,1,0,2,0,0,0,0,0,1,1,1,1,1,4,0,1,1,1,1,1,2,5,1,5,4,3,1,1,3,3,4,33
1,0,1,3,2,33907,1,1,0,0,2,1,3,1,1,0,1,0,0,1,12,0,1,2,1,1,1,4,1,1,2,2,0,1,1,5,3,6,3,3,1,2,1,3,4,33
0,0,0,1,2,-1,0,0,0,0,2,1,3,1,1,0,2,1,1,1,4,0,1,1,0,1,1,4,1,1,2,1,1,1,1,3,3,6,3,3,1,1,0,3,3,29
0,0,2,3,2,16126,0,1,0,1,2,1,1,1,1,0,0,1,4,1,12,0,1,1,2,1,1,4,1,1,2,1,1,1,0,0,3,6,4,3,1,1,0,2,0,32
1,0,0,2,2,29119,1,1,1,1,2,1,1,2,1,0,2,1,12,1,12,0,1,1,2,1,1,4,1,1,2,1,1,1,0,0,2,6,2,3,1,1,0,3,2,33
1,0,2,1,2,955,1,1,0,0,1,1,3,1,0,1,1,0,0,1,12,1,1,1,1,1,1,4,1,1,2,1,1,1,2,1,2,6,3,3,1,3,1,3,2,30
0,0,0,1,2,-1,1,1,1,1,2,1,1,2,1,0,0,0,0,1,1,1,1,1,0,4,0,2,0,1,1,1,1,2,0,0,2,6,4,2,1,2,1,2,0,33
0,0,2,3,2,-1,0,1,1,2,2,1,3,2,1,0,2,0,0,1,12,1,0,1,2,1,1,4,1,1,2,1,1,1,1,0,3,6,1,2,1,1,1,3,3,27
0,0,0,2,2,7256,0,1,0,0,2,1,1,2,1,0,2,0,0,1,12,1,1,2,1,1,0,4,1,1,2,1,0,1,1,5,0,6,3,2,1,1,2,3,0,27
1,2,1,2,2,16980,1,1,0,0,2,1,3,2,1,0,2,0,0,1,12,1,1,2,2,1,1,4,1,1,2,1,1,1,2,4,2,6,3,3,1,1,0,3,3,32
0,0,0,3,2,7583,1,1,0,0,2,1,1,2,1,0,2,1,12,1,12,0,1,2,1,1,1,4,1,1,2,1,1,1,1,5,2,6,3,3,1,1,3,3,2,34
1,2,2,3,2,13262,0,1,0,0,2,1,3,1,1,0,1,0,0,1,12,1,1,2,1,1,1,4,1,1,2,1,1,3,2,5,3,6,4,3,1,2,0,3,4,32
0,0,0,1,2,25,1,1,1,2,2,1,1,2,0,0,0,0,0,1,4,0,1,0,0,1,0,4,1,1,2,1,0,1,0,0,1,6,2,3,1,2,0,2,0,32
1,0,2,2,2,-1,0,1,1,2,2,1,3,2,1,0,2,0,0,1,10,0,1,1,0,1,1,4,1,1,2,1,1,1,1,5,3,6,3,3,1,1,1,3,2,28
0,0,2,2,2,6501,0,1,0,0,2,1,1,1,1,0,2,0,0,1,4,0,1,0,2,1,1,4,1,0,2,1,1,1,1,5,3,6,3,3,1,1,1,3,2,34
0,2,2,2,2,34563,1,1,1,2,2,1,3,2,1,0,2,1,2,1,6,1,1,2,2,1,1,4,1,1,2,1,1,1,2,5,3,6,4,3,1,1,1,3,2,32
0,2,2,0,1,22171,0,1,0,0,2,1,3,2,1,0,2,0,0,1,12,1,1,2,2,5,1,4,1,0,2,1,1,1,1,0,3,6,4,3,1,1,1,3,4,34
1,0,0,2,2,3057,0,0,0,0,1,1,3,2,0,1,2,1,3,1,3,0,1,1,0,1,1,4,1,0,2,1,0,1,1,0,1,5,1,3,1,0,1,3,2,34
1,2,4,2,1,22836,1,1,1,1,2,1,3,2,1,0,1,1,1,1,12,1,1,1,2,1,1,4,1,1,2,1,1,1,2,1,2,6,4,3,0,1,1,3,1,33
0,0,0,0,2,5355,0,1,0,0,2,1,1,2,0,0,2,0,0,1,12,0,1,1,1,4,0,4,1,1,1,1,0,3,1,5,2,6,3,3,1,2,1,3,3,25
0,2,2,3,2,21861,1,1,0,0,2,1,3,2,1,0,1,1,1,1,6,1,1,0,2,1,1,4,1,1,2,1,1,1,2,3,2,6,4,3,0,3,1,3,4,29
0,2,1,2,1,28586,0,1,1,2,2,1,3,2,1,0,2,0,0,1,4,1,1,2,2,1,1,4,1,1,2,1,1,1,1,0,2,6,4,3,0,1,1,3,1,27
0,0,1,1,2,4148,1,1,1,1,2,0,0,0,0,0,1,0,0,1,12,1,1,0,2,1,1,3,1,1,1,1,1,0,-1,0,1,5,4,3,1,0,1,3,2,30
1,0,2,3,2,23957,1,1,2,2,2,1,1,1,0,1,2,0,0,1,12,1,1,0,0,1,1,4,0,1,2,1,1,1,2,5,3,6,4,3,1,2,0,3,0,33
0,0,2,2,2,35811,1,1,0,0,2,1,3,1,0,0,1,0,0,1,3,1,1,1,2,1,1,4,1,1,2,1,1,1,2,3,3,6,3,3,1,1,1,3,3,29
1,2,2,2,1,1491,1,1,0,2,2,1,3,2,1,0,2,0,0,1,12,0,1,0,1,1,1,4,1,1,2,1,0,1,1,3,2,6,3,3,0,1,1,3,3,33
1,0,1,2,2,17754,0,1,1,2,2,1,1,2,1,0,2,0,0,1,12,0,1,1,1,3,1,4,1,1,2,1,1,3,-1,0,3,6,3,3,1,2,1,3,0,32
0,2,2,3,2,-1,1,0,1,0,2,1,1,1,1,0,0,1,2,1,6,0,1,0,0,1,1,4,1,1,2,1,1,1,0,0,2,6,4,3,1,1,1,3,0,33
0,0,0,1,2,1155,0,0,1,2,2,1,3,2,1,0,1,0,0,1,1,0,1,0,0,4,0,0,1,1,1,1,0,1,1,0,1,6,3,2,1,1,1,3,2,34
1,0,2,2,2,15927,0,1,0,0,2,1,1,2,1,0,2,0,0,1,3,0,1,2,0,1,1,4,1,1,2,1,1,3,2,5,1,6,4,2,1,3,1,3,1,33
1,0,1,3,2,4041,0,1,0,0,2,0,0,0,0,0,1,0,0,1,12,1,1,2,2,4,1,4,1,1,2,1,1,0,-1,0,2,6,4,3,1,1,1,2,2,30
0,0,1,2,2,-1,0,1,0,0,2,0,0,0,1,0,2,0,0,1,36,0,1,0,1,5,1,2,1,0,2,1,0,0,-1,0,2,6,3,3,1,2,1,3,1,32
0,2,4,0,1,94563,1,1,2,1,2,1,2,1,1,0,1,0,0,1,4,1,1,0,2,1,1,4,1,1,2,1,1,2,2,3,2,6,4,3,0,1,1,2,3,0
0,0,2,2,2,8066,0,0,1,1,1,1,3,2,0,1,1,0,0,1,12,1,1,1,1,1,1,4,1,1,2,1,1,1,1,5,2,6,3,3,1,3,1,3,1,33
0,0,2,2,2,8078,0,1,1,0,2,1,1,2,1,0,1,0,0,1,12,1,1,0,0,1,1,4,0,1,2,1,1,1,-1,0,1,6,3,2,1,1,1,3,2,27
0,0,1,3,2,5611,0,1,0,0,2,1,3,2,1,0,2,0,0,1,5,1,1,2,2,1,1,4,1,1,2,1,1,1,1,5,2,6,3,3,1,2,1,3,3,34
1,0,1,2,2,8665,1,0,0,2,2,1,3,2,1,0,1,0,0,1,12,1,1,2,0,1,0,4,1,1,2,1,1,1,1,0,1,6,4,3,1,2,1,2,3,34
0,0,1,1,2,265,0,0,0,0,2,1,1,2,1,0,2,0,0,1,12,0,1,0,0,1,1,4,1,1,1,1,1,1,-1,0,2,6,3,2,1,1,1,3,1,31
0,0,2,1,2,6266,0,1,0,0,2,1,1,2,1,0,1,0,0,1,12,1,1,2,1,4,1,4,1,1,1,1,1,1,-1,0,2,6,3,3,1,3,1,3,2,29
1,0,2,1,2,19125,0,1,0,0,0,1,3,2,1,0,1,0,0,1,12,1,1,0,1,1,1,4,1,1,2,1,0,1,1,0,2,6,3,3,1,2,1,3,2,30
1,0,1,2,2,-1,1,1,2,2,2,1,3,2,1,0,1,0,0,1,4,0,1,2,0,1,0,2,0,1,1,1,1,1,1,0,3,6,3,2,1,2,0,3,3,34
1,2,0,1,2,10721,0,1,1,1,2,1,3,2,0,1,2,0,0,1,12,1,1,1,1,2,0,4,1,1,1,1,1,1,1,0,2,6,4,3,1,2,1,3,3,32
1,0,2,2,2,3553,0,0,1,2,2,1,3,2,1,0,2,0,0,1,4,1,1,0,0,1,1,4,1,1,2,1,1,1,-1,0,3,6,3,3,1,3,0,3,0,32
1,0,1,2,2,21523,0,1,0,0,2,1,3,2,1,0,2,0,0,1,12,0,1,1,1,1,1,4,1,1,2,1,1,3,1,5,3,6,4,3,1,1,1,3,3,28
0,0,3,3,2,5444,0,1,2,1,2,1,1,2,1,0,2,0,0,1,12,0,1,1,0,1,1,4,1,1,2,1,1,1,0,0,3,6,4,3,1,2,1,3,0,32
1,0,1,2,2,4622,1,1,1,1,2,1,1,2,0,1,2,0,0,1,12,0,1,1,1,1,1,4,0,1,2,1,1,1,0,0,3,6,3,3,1,2,1,3,1,33
1,0,2,2,2,0,1,1,0,0,2,1,3,1,1,0,2,0,0,1,6,1,1,0,0,1,1,4,1,1,2,1,1,1,-1,0,1,6,3,3,1,1,1,3,2,34
0,0,1,1,2,2931,0,1,0,0,2,1,3,2,1,0,1,0,0,1,4,1,1,0,0,1,1,4,0,1,2,1,1,1,-1,0,2,6,3,3,1,1,1,3,3,32
0,0,0,1,2,-1,1,1,0,0,2,1,1,2,0,1,2,0,0,1,4,0,1,1,0,1,0,4,0,1,2,1,0,1,-1,0,1,6,2,3,1,0,1,3,2,25
1,0,3,3,2,27501,0,1,0,0,2,1,3,2,1,0,2,0,0,1,6,0,1,1,2,1,1,4,1,1,2,1,1,1,1,5,2,6,4,3,1,3,1,3,2,31
1,0,1,1,2,10321,0,1,0,0,2,1,1,1,0,0,1,0,0,1,4,0,1,2,1,1,1,4,1,1,2,1,1,1,1,0,3,6,1,3,1,1,3,3,1,32
0,0,0,3,2,34565,1,1,1,2,2,1,3,2,0,1,1,0,0,1,12,0,1,1,1,1,1,4,1,0,2,2,0,1,1,0,3,6,4,2,1,2,1,3,4,32
0,2,3,3,1,15175,0,0,0,0,2,1,3,1,1,0,1,0,0,1,12,0,1,0,2,1,1,4,1,1,2,1,1,1,2,5,2,6,4,3,1,1,0,3,1,33
1,0,2,2,2,2663,0,1,1,1,2,1,3,1,0,0,1,0,0,1,6,1,1,0,2,1,1,4,1,1,2,1,1,1,1,0,3,6,4,3,1,1,1,3,4,34
0,0,0,2,2,11866,1,0,0,2,2,1,1,2,0,0,2,1,12,1,12,0,1,2,2,1,1,4,1,0,2,1,1,3,1,3,1,6,3,3,1,1,2,3,2,34
0,2,2,3,2,-1,1,1,1,1,2,1,3,1,1,0,1,1,2,1,12,0,1,1,2,1,1,4,1,1,2,1,1,1,2,4,3,6,4,3,1,1,3,3,4,32
1,0,1,1,2,13048,0,1,0,0,2,1,1,1,0,1,1,0,0,1,12,0,1,2,0,4,0,4,0,1,1,1,1,1,1,0,2,6,3,3,1,2,3,3,2,32
0,2,0,3,2,7297,1,1,1,2,2,1,1,2,1,0,0,0,0,1,4,0,1,0,2,1,1,4,1,0,2,1,1,1,0,0,3,6,3,3,0,3,0,3,0,33
1,0,2,3,2,19659,0,1,1,2,2,1,3,2,0,0,1,0,0,1,2,1,1,2,1,1,1,4,1,1,2,2,1,3,1,0,1,6,3,3,1,2,3,3,0,30
1,2,2,3,2,-1,1,1,0,0,2,1,3,1,0,1,1,0,0,1,12,1,1,2,1,1,1,4,1,1,2,1,1,3,1,3,2,6,4,3,0,1,3,3,1,27
0,0,0,3,2,2891,0,0,1,1,2,1,1,1,0,1,0,0,0,1,12,0,1,0,0,1,1,4,1,1,2,1,0,1,0,0,1,6,3,3,1,2,3,3,0,31
0,0,1,1,2,0,1,0,0,0,1,0,0,0,0,0,2,0,0,1,3,0,1,0,0,1,0,0,0,1,1,1,0,0,-1,0,1,6,2,2,1,1,1,1,1,32
0,2,2,2,2,21606,0,1,1,1,2,1,1,2,0,1,2,0,0,0,0,0,1,1,1,1,1,4,1,1,1,1,1,1,1,0,2,6,4,3,1,1,1,3,2,33
0,0,0,0,2,-1,0,0,0,0,2,0,0,0,0,0,0,0,0,1,2,0,1,0,0,4,0,0,0,0,1,2,0,0,0,0,1,2,2,2,1,2,3,0,0,26
1,2,2,2,2,390,0,1,1,1,2,1,1,1,1,0,1,0,0,1,4,0,1,0,1,1,1,4,1,1,2,2,1,1,-1,0,3,6,3,3,0,1,1,3,0,34
1,0,2,0,2,6786,1,1,1,2,2,1,3,2,1,0,1,0,0,1,12,0,1,1,2,4,1,4,1,1,2,1,1,1,1,0,2,5,2,2,1,1,3,2,3,30
0,0,2,2,2,16733,1,1,0,2,2,1,3,2,1,0,2,0,0,1,3,0,1,1,1,1,1,4,1,1,2,1,1,1,1,0,3,6,4,3,1,1,0,3,2,34
1,0,2,1,2,7782,0,0,0,0,2,1,3,2,0,1,3,0,0,1,4,1,1,2,1,1,0,4,1,1,1,1,1,1,1,0,3,6,3,3,1,1,1,3,4,26
0,0,0,3,2,-1,1,1,0,2,2,1,1,2,1,0,0,0,0,1,18,0,1,2,1,1,1,4,1,1,2,2,1,1,0,0,2,6,4,2,1,2,1,2,0,33
0,0,3,3,2,26379,0,1,1,2,2,0,0,0,1,0,2,0,0,1,4,0,1,0,2,1,1,4,0,1,2,1,1,0,0,0,3,6,3,3,1,3,3,3,4,32
0,0,2,2,2,19538,0,1,2,2,2,1,3,2,1,0,2,0,0,1,12,0,1,1,2,1,1,4,1,1,2,1,0,1,1,0,3,3,4,3,1,0,1,3,3,29
0,0,2,2,2,-1,1,1,1,0,2,1,3,2,0,1,1,1,3,1,4,1,1,1,2,1,1,4,1,1,2,1,1,1,2,5,3,6,4,3,1,1,3,3,3,29
1,0,2,3,2,27783,1,1,0,0,2,1,3,2,0,0,1,0,0,1,12,1,1,0,2,1,1,4,1,1,2,1,1,1,1,0,2,6,4,3,1,1,3,3,4,33
0,2,3,3,2,53181,0,1,0,0,2,1,3,2,1,0,2,1,2,1,12,1,1,2,2,1,1,4,1,1,2,1,1,1,2,2,3,6,4,3,1,1,1,3,4,34
0,2,0,2,2,1866,0,1,0,0,2,1,1,1,1,0,0,0,0,1,4,0,1,0,0,1,0,4,1,1,2,2,1,1,0,0,1,5,3,2,1,2,0,3,0,27
0,0,0,1,2,0,0,0,1,1,2,1,1,2,0,0,1,0,0,1,4,0,0,0,0,4,0,2,1,1,1,1,0,1,1,0,2,6,1,2,1,0,1,0,4,33
0,2,3,2,2,2137,0,1,1,2,2,1,3,2,1,0,1,1,3,1,12,0,1,2,2,1,1,4,1,1,2,1,1,1,1,0,2,6,4,3,1,1,1,3,3,34
1,0,2,1,2,-1,0,1,1,0,2,1,3,1,0,0,2,1,1,1,4,0,1,0,1,4,0,4,1,1,1,2,1,1,-1,0,2,6,3,3,1,1,0,3,0,31
1,0,1,2,2,0,0,1,0,0,2,1,3,2,1,0,0,0,0,1,4,0,0,0,0,1,1,4,1,1,2,2,0,1,0,0,0,6,1,0,1,2,3,0,0,31
1,0,1,2,2,-1,1,1,0,0,2,1,1,2,0,0,1,0,0,1,30,1,1,2,0,2,1,4,1,0,2,1,1,1,-1,0,0,6,3,2,1,0,3,3,2,32
0,0,2,2,2,16040,1,1,0,0,2,1,3,2,0,1,1,1,1,1,4,1,1,2,1,1,1,4,1,1,2,1,1,1,1,0,2,3,4,3,1,2,3,3,4,31
0,0,2,3,2,5096,1,1,1,2,2,1,3,1,0,0,1,0,0,1,4,0,1,2,0,1,1,4,1,1,2,2,1,3,-1,0,2,6,3,3,1,1,3,3,4,32
1,0,2,3,2,9758,1,1,0,0,2,1,3,2,1,0,1,1,6,1,6,0,1,1,2,1,1,4,1,1,2,1,1,1,2,2,2,6,4,3,1,3,1,3,2,32
0,0,0,2,2,26979,0,1,1,2,2,1,3,2,1,0,2,0,0,1,6,1,1,1,1,1,1,4,1,0,2,1,1,3,2,4,3,6,4,2,1,1,3,1,4,32
0,0,1,0,1,22650,1,1,1,2,2,1,3,1,1,0,3,0,0,1,12,1,1,0,2,1,1,4,1,1,2,2,1,0,2,4,2,6,4,3,0,3,3,3,2,34
0,0,0,0,2,-1,0,1,1,1,2,1,3,1,1,0,1,0,0,1,12,1,1,0,0,4,0,3,1,1,1,1,1,1,1,0,2,6,3,2,1,2,1,3,1,32
0,2,2,3,1,41009,1,1,0,2,2,1,3,2,1,0,2,0,0,1,12,0,1,0,2,1,1,4,1,1,2,1,1,1,-1,0,3,6,4,3,0,1,3,2,0,31
0,0,3,2,2,11575,1,1,1,1,2,1,3,2,1,0,2,0,0,1,12,0,1,1,0,4,1,4,1,1,1,1,1,1,1,0,3,6,4,2,1,2,0,3,1,25
0,0,0,0,2,289,0,0,0,0,2,1,3,1,1,0,0,0,0,1,6,1,1,1,0,1,0,1,1,1,1,2,0,1,0,0,3,6,2,2,1,2,0,3,0,32
0,0,1,1,1,-1,0,0,0,1,2,0,0,0,0,0,0,1,1,1,9,0,1,0,0,4,0,2,0,1,1,1,0,0,0,0,2,6,3,2,1,2,0,0,0,30
0,0,0,1,2,6454,0,0,0,0,2,1,1,2,1,0,2,0,0,1,4,0,1,2,0,1,0,0,1,1,1,2,0,1,-1,0,1,3,3,2,1,2,3,0,0,33
0,2,2,2,1,13522,0,1,0,0,2,1,1,1,0,1,1,1,2,1,6,0,1,2,2,1,1,4,1,1,2,1,1,1,1,0,3,6,3,3,1,1,0,3,0,33
0,0,1,2,2,8535,1,0,1,1,2,1,1,1,1,0,2,0,0,1,12,0,1,1,0,4,0,4,1,1,2,1,1,1,-1,0,2,6,3,2,1,2,1,3,0,31
0,2,2,2,1,1183,1,1,0,0,2,1,1,2,1,0,1,0,0,1,12,1,1,0,1,1,1,4,1,0,2,1,1,1,1,4,2,6,4,3,0,1,1,3,3,30
0,0,2,3,1,1888,0,1,0,0,2,1,3,2,1,0,2,0,0,1,2,0,1,0,1,1,0,4,1,1,2,2,1,3,1,5,0,6,3,0,0,0,3,1,4,0
0,0,1,1,2,9889,0,1,1,1,2,1,3,1,0,0,1,1,2,1,2,1,0,2,0,4,1,4,1,1,1,2,0,1,0,0,3,6,1,2,1,1,1,0,1,34
0,1,0,0,2,-1,0,1,0,0,2,0,0,0,0,1,2,0,0,0,0,0,1,2,1,1,1,4,0,1,2,1,0,0,1,0,0,6,3,0,1,2,1,3,0,33
1,0,2,2,2,7976,1,1,0,0,2,1,1,2,1,0,1,0,0,1,4,0,1,2,1,1,1,4,1,1,2,2,1,1,1,0,3,6,4,3,1,1,1,3,1,34
0,0,2,2,2,0,0,1,1,2,2,1,3,2,1,0,2,0,0,1,2,1,1,1,1,4,1,2,1,1,2,1,1,3,-1,0,0,5,3,3,1,1,1,3,4,27
0,0,2,2,2,185,1,1,0,0,2,1,1,2,1,0,1,0,0,1,4,0,1,0,1,1,1,4,1,1,2,1,1,1,1,0,3,6,4,3,1,2,1,3,3,30
0,0,2,2,2,-1,0,0,1,2,2,1,3,2,0,1,1,0,0,1,3,1,1,0,0,4,0,2,1,1,1,2,1,1,1,0,3,6,3,3,1,2,1,3,2,5
0,0,3,0,2,15880,0,0,1,1,2,0,0,0,1,0,2,0,0,1,4,1,1,0,0,4,1,4,1,0,2,1,1,0,1,5,2,6,3,3,1,1,3,3,1,32
0,0,2,2,2,21082,1,1,0,0,2,1,3,1,1,0,1,1,3,1,12,1,1,1,2,1,1,4,1,1,2,1,1,1,1,0,2,6,4,3,1,1,3,3,4,33
1,0,1,3,2,3387,0,1,0,0,2,1,1,1,1,0,2,1,1,1,12,1,1,1,1,1,1,4,1,1,2,1,1,1,-1,0,3,6,4,2,1,2,1,3,3,32
1,2,1,2,2,20111,1,1,0,0,2,1,1,2,1,0,2,0,0,1,12,0,1,1,2,1,1,4,1,1,2,1,1,1,1,5,1,6,3,3,0,1,3,3,2,31
1,1,1,2,2,127,0,0,1,2,2,1,1,2,1,0,0,0,0,1,6,0,1,0,0,1,1,4,1,1,1,1,1,1,0,0,2,6,4,3,1,1,1,3,0,32
1,0,2,3,2,7337,1,0,1,2,2,1,3,1,1,0,1,0,0,1,4,1,1,1,0,1,1,4,1,1,2,1,1,1,1,0,3,6,3,3,1,1,1,3,4,31
0,0,0,2,2,19302,0,1,0,0,2,1,3,2,0,0,1,0,0,1,6,0,1,2,1,1,0,4,1,1,2,1,1,3,2,4,2,6,3,3,1,2,2,3,3,33
0,2,4,3,2,26692,1,1,0,0,2,1,3,2,0,1,1,0,0,1,12,0,1,2,2,1,1,4,1,1,2,1,1,1,1,0,3,6,4,2,1,3,2,3,4,31
0,0,2,1,2,607,1,1,0,0,2,1,1,1,1,0,0,1,2,1,4,0,1,0,2,1,1,4,0,1,2,1,0,1,0,0,2,6,4,3,1,1,3,2,0,32
0,0,2,3,2,2018,0,1,2,1,2,1,1,2,1,0,0,0,0,1,12,0,1,0,1,1,1,4,1,0,2,1,1,1,0,0,2,6,2,3,1,2,3,3,0,32
1,0,1,3,2,10989,0,1,1,1,2,1,1,2,1,0,2,0,0,1,4,0,1,2,2,1,1,4,1,1,2,1,1,1,2,1,3,6,2,2,1,1,3,3,3,33
0,0,0,2,2,15173,1,1,0,0,1,1,1,2,1,0,0,0,0,1,11,0,1,2,0,1,1,4,0,1,1,1,1,1,0,0,3,4,3,3,1,1,3,3,0,33
1,2,2,2,1,14700,0,1,1,0,2,1,3,2,1,0,1,0,0,1,6,0,1,0,2,1,1,4,1,1,2,1,1,1,1,0,2,6,3,3,1,1,1,3,2,34
0,0,2,3,2,23371,0,1,0,2,2,1,1,2,1,0,2,0,0,1,12,0,1,1,0,1,1,4,1,0,2,1,1,2,-1,0,2,6,4,3,1,2,3,2,0,33
0,2,2,0,2,28868,1,1,0,0,2,1,3,2,1,0,1,0,0,1,12,1,1,0,2,1,1,4,1,1,2,1,1,1,1,0,2,6,3,3,0,0,1,3,2,32
1,0,2,2,2,-1,0,1,0,0,2,1,1,1,0,1,2,1,4,1,4,0,1,1,2,1,1,4,1,0,2,1,1,1,1,3,3,3,4,3,1,1,2,3,1,34
1,2,1,2,1,1621,1,1,0,2,2,1,1,2,1,0,2,1,2,1,12,1,1,1,2,1,1,4,1,1,2,1,1,1,2,2,2,6,4,3,0,1,1,3,4,33
1,0,1,2,2,21412,1,1,0,0,2,1,3,2,1,0,1,0,0,1,12,1,1,1,1,1,1,4,1,0,1,1,1,1,1,0,3,6,4,3,1,2,1,3,2,31
0,1,0,3,1,555,0,1,0,0,2,1,3,2,1,0,1,1,6,1,24,0,1,0,2,1,1,4,0,1,2,2,1,0,2,4,0,6,4,0,0,1,1,1,3,5
0,1,1,2,2,16817,0,1,0,0,1,1,1,1,1,0,1,0,0,1,4,0,1,0,1,4,1,4,1,1,2,1,1,1,1,3,2,6,3,3,1,1,3,3,4,32
1,2,2,2,2,32638,1,1,3,2,2,1,1,1,1,0,2,0,0,1,12,0,1,1,2,1,1,4,1,1,2,1,1,1,1,0,3,6,4,3,1,1,1,3,0,34
1,0,2,2,2,7279,1,1,0,0,2,1,1,1,0,1,1,0,0,1,4,0,1,0,0,1,1,4,1,1,2,1,1,1,1,0,2,6,3,3,1,1,1,3,3,30
1,0,1,3,2,5992,0,1,0,0,2,1,1,2,1,0,2,0,0,1,12,0,1,2,0,4,0,4,1,1,1,2,1,1,-1,0,3,6,2,2,1,2,1,3,2,25
0,0,1,3,2,-1,0,1,0,0,2,0,0,0,0,1,0,0,0,1,12,1,1,0,1,1,1,4,1,1,1,1,1,0,0,0,2,6,3,3,0,1,1,3,0,33
0,0,2,3,2,14539,0,0,0,0,2,1,1,2,1,0,2,0,0,1,12,1,1,1,1,1,1,4,1,1,2,1,1,1,2,5,1,6,4,2,1,2,0,3,3,30
0,0,2,2,2,22212,0,1,2,2,2,1,1,2,1,0,1,0,0,1,4,0,1,1,1,1,1,4,1,1,2,1,1,1,1,0,1,6,4,3,1,1,1,2,2,32
1,0,0,1,2,5409,1,1,1,2,2,1,1,2,0,0,1,0,0,1,4,0,1,0,0,1,0,4,1,1,2,1,1,1,1,0,1,6,2,3,1,2,0,3,1,32
1,2,2,2,1,12719,0,1,1,1,2,1,3,2,1,0,2,0,0,1,12,1,1,1,2,1,1,4,1,0,2,1,1,1,2,3,2,6,3,3,1,3,1,3,3,34
1,0,1,2,2,13394,0,1,2,2,2,1,3,1,1,0,1,0,0,1,12,1,1,2,1,1,1,4,1,1,2,1,1,1,1,0,2,6,3,3,1,1,1,3,1,27
1,2,2,0,2,11763,0,1,0,0,2,1,1,2,1,0,0,0,0,1,4,0,1,0,2,1,1,4,0,1,2,1,1,2,0,0,3,6,4,3,1,3,1,3,0,33
1,0,2,2,2,37848,1,0,1,2,2,1,3,1,1,0,1,0,0,1,12,0,1,1,2,1,1,4,1,1,2,1,1,1,1,0,3,6,4,3,1,3,1,3,4,25
0,0,0,2,2,708,0,0,0,0,2,1,1,2,0,1,2,1,11,1,4,0,1,1,1,1,1,4,1,1,2,1,1,3,1,5,1,6,3,2,1,2,1,3,2,33
0,0,1,2,2,5579,0,1,1,2,2,1,3,2,0,1,1,0,0,1,12,1,1,2,0,1,1,4,0,1,2,2,1,1,1,0,3,6,3,2,1,1,1,3,4,26
0,0,0,2,2,6096,0,1,0,0,2,1,1,2,0,1,1,0,0,1,6,0,1,1,1,1,0,4,1,1,2,1,1,1,1,0,2,6,4,3,1,1,1,3,4,32
1,0,2,1,2,6198,0,1,1,2,2,1,1,2,1,0,2,1,1,1,2,0,1,1,0,1,1,4,1,1,2,1,0,1,2,5,3,6,3,3,1,1,3,3,1,33
0,0,1,3,2,2567,1,1,12,2,2,1,1,1,1,0,2,0,0,1,4,0,0,0,2,1,1,4,1,1,2,1,1,2,-1,0,1,6,1,2,1,2,1,3,0,32
1,0,1,3,2,40846,1,0,0,0,2,1,3,2,1,0,1,0,0,1,12,0,1,0,1,1,1,4,1,1,2,1,1,1,-1,0,2,6,3,3,1,2,3,3,2,31
1,2,1,2,2,17183,0,1,0,0,2,1,3,2,1,0,2,0,0,1,12,0,1,0,2,1,1,4,1,1,2,1,0,3,1,2,3,6,4,3,1,1,1,3,2,32
0,2,1,2,2,5462,0,1,0,0,2,1,1,2,0,1,2,0,0,1,12,0,1,2,2,1,1,4,1,0,2,1,1,1,1,3,1,6,3,2,1,2,1,3,1,31
0,0,0,1,1,-1,0,0,0,0,2,0,0,0,0,1,0,0,0,1,3,0,1,0,0,2,0,1,0,0,1,2,1,0,0,0,1,5,3,2,1,2,1,0,0,32
1,0,0,0,2,6694,1,1,0,0,2,1,3,1,1,0,1,0,0,1,9,1,1,0,0,1,1,4,1,0,2,1,1,1,1,0,1,6,3,3,1,2,1,3,2,24
0,0,2,2,2,-1,0,1,0,0,2,1,1,1,1,0,0,0,0,1,4,0,1,0,0,1,1,4,1,1,2,1,1,1,0,0,3,6,3,3,1,1,1,3,0,32
1,2,0,2,2,4098,1,1,0,2,2,1,1,2,1,0,2,0,0,1,4,0,1,1,2,1,1,4,0,1,2,1,1,1,2,5,2,6,3,3,1,1,3,3,2,33
0,2,2,0,1,16727,1,1,0,0,2,1,3,1,1,0,1,1,1,1,12,0,1,0,2,1,1,4,1,1,2,1,1,1,-1,0,2,6,3,3,1,1,1,3,1,33
1,0,2,2,2,9421,0,1,0,1,2,1,1,2,1,0,1,0,0,1,12,0,0,2,2,1,1,4,1,1,2,1,1,1,1,0,3,6,1,3,1,2,3,3,3,28
0,0,3,2,2,3556,0,1,0,0,2,1,3,1,1,0,2,1,2,1,4,0,1,1,2,1,1,4,1,1,2,1,1,1,2,5,2,6,3,2,1,1,1,3,4,33
0,2,0,0,2,4799,0,1,0,0,2,1,3,1,1,0,2,0,0,1,12,0,1,0,0,4,0,4,1,1,1,1,1,1,1,4,2,6,3,3,1,1,1,3,3,25
0,2,1,0,2,16193,1,1,0,0,2,1,2,1,1,0,2,0,0,1,12,0,1,1,1,1,1,4,1,1,2,1,0,2,1,4,3,6,4,3,1,1,3,3,0,32
0,0,0,1,2,3718,0,1,1,2,2,1,1,1,1,0,2,1,4,1,4,1,1,1,0,1,0,3,0,1,2,1,1,1,1,0,2,6,3,3,1,2,1,3,1,29
0,2,2,3,1,2156,0,1,0,2,2,1,1,2,1,0,0,0,0,1,1,1,1,0,1,1,1,4,1,1,2,1,1,3,0,0,3,6,4,3,0,2,1,3,0,31
1,2,1,2,2,5329,0,0,0,0,2,1,1,1,0,1,2,0,0,1,0,1,1,1,1,1,0,4,1,1,1,1,1,3,0,0,1,6,3,3,1,1,1,3,2,31
0,0,3,3,2,25306,1,1,0,0,2,1,3,2,0,1,2,0,0,1,2,1,1,1,2,1,1,4,1,1,2,1,1,1,1,2,2,6,3,3,1,2,1,3,3,32
0,0,2,0,2,57735,1,1,0,0,2,1,3,1,1,0,1,0,0,1,4,1,1,0,0,1,0,4,0,0,1,2,1,1,1,0,3,6,3,3,1,2,1,3,4,28
0,0,1,0,2,-1,0,1,1,1,2,1,3,1,1,0,2,1,1,1,12,1,1,1,1,1,1,4,1,1,2,1,1,1,2,3,2,6,4,3,1,1,1,3,3,32
0,2,2,3,1,15768,1,1,1,2,2,1,3,2,1,0,1,0,0,1,12,1,1,1,2,1,1,4,1,1,2,1,1,1,2,5,3,6,4,3,0,3,1,3,3,34
1,0,2,0,2,12168,0,1,0,0,2,1,1,2,1,0,1,0,0,1,12,0,1,1,0,1,0,4,0,1,2,1,1,1,0,0,3,6,3,3,1,1,1,3,1,32
1,2,3,2,2,15712,1,1,0,0,2,1,3,2,0,0,1,0,0,1,12,1,1,2,2,1,1,4,1,1,2,1,1,3,2,4,3,6,3,3,1,1,1,3,3,34
1,0,1,0,2,5671,0,1,1,2,2,1,3,2,0,1,1,0,0,1,3,1,1,1,0,1,0,4,1,1,1,2,0,1,1,0,2,6,3,3,1,1,1,3,1,33
0,2,2,3,1,-1,0,1,1,2,2,1,3,2,1,0,2,0,0,1,6,1,1,1,2,1,1,4,1,1,2,1,0,1,1,0,2,6,4,3,0,1,1,3,1,33
0,2,1,2,1,-1,1,0,0,0,2,0,0,0,0,1,1,1,11,1,14,1,1,0,2,1,1,4,1,1,2,1,0,0,1,0,3,6,3,2,1,1,1,3,3,23
0,0,0,2,2,-1,0,1,1,1,2,1,1,2,1,0,2,0,0,1,12,0,1,1,0,1,1,4,1,1,2,1,1,1,-1,0,2,6,4,3,1,1,1,3,4,32
0,2,3,3,2,10060,0,0,1,2,2,1,3,1,1,0,2,0,0,1,12,1,1,0,2,1,1,4,1,1,2,1,0,0,1,0,1,6,3,0,1,1,1,3,1,31
1,0,1,1,2,-1,1,1,0,0,2,1,1,2,0,1,1,0,0,1,6,1,1,1,0,5,0,2,1,1,1,2,1,1,-1,0,3,5,4,3,1,2,0,3,2,34
0,0,1,2,2,3638,0,1,2,0,2,1,1,2,0,1,1,1,2,1,4,0,1,1,0,1,0,4,1,0,1,1,1,1,1,0,2,6,4,2,1,0,1,3,1,26
0,2,2,3,2,19094,1,1,0,0,2,1,3,2,0,0,1,0,0,1,6,0,1,2,1,1,1,4,1,1,2,1,0,1,1,3,3,6,3,3,1,1,3,3,3,33
0,0,2,3,1,-1,1,1,1,1,2,1,3,2,0,1,3,1,12,1,12,1,1,0,2,1,1,4,0,1,2,1,1,3,2,1,1,6,3,3,0,3,1,1,2,34
0,0,2,3,2,4772,0,1,1,2,2,1,3,2,1,0,1,1,12,1,12,1,1,2,1,1,1,4,1,1,2,1,1,1,1,0,2,6,3,3,1,1,1,3,4,33
0,0,0,2,2,-1,1,1,1,2,2,1,1,1,1,0,1,0,0,1,4,0,1,1,1,4,0,4,1,1,1,1,1,1,-1,0,2,3,4,3,1,1,3,3,2,34
0,0,1,3,2,6646,1,1,1,1,2,1,3,2,1,0,3,0,0,1,12,1,1,1,1,1,1,4,1,1,1,1,1,1,-1,0,3,6,2,2,0,0,3,1,1,32
0,0,2,2,2,21051,0,1,0,2,2,1,3,2,1,0,2,0,0,1,4,0,1,2,0,1,1,2,1,1,2,1,0,1,-1,0,3,6,3,3,1,3,1,3,3,34
0,0,1,3,2,5151,1,0,1,2,2,1,1,2,1,0,2,0,0,1,6,1,1,2,0,1,1,4,1,1,1,1,1,2,1,0,2,6,2,2,1,1,1,3,2,34
0,2,0,2,1,8613,0,1,0,0,2,1,3,2,1,0,1,0,0,1,12,0,1,0,1,1,1,4,0,1,2,1,1,1,1,5,1,6,3,3,0,3,1,3,2,34
0,0,2,0,2,-1,0,1,0,0,2,1,3,2,1,0,2,1,6,1,6,1,1,0,0,1,1,4,1,1,2,1,1,1,1,0,3,6,4,2,1,0,1,3,1,32
1,2,1,3,1,17258,1,1,0,0,2,1,3,2,1,0,1,0,0,1,5,1,1,1,2,1,1,4,1,1,2,2,1,1,2,3,3,6,3,3,0,3,0,3,4,29
1,0,2,1,2,-1,0,1,0,0,2,1,1,2,0,0,1,1,1,1,4,1,1,0,0,1,1,4,1,0,2,1,1,1,1,0,2,6,3,3,1,2,1,2,3,31
0,0,0,2,2,3997,0,1,0,0,2,1,1,2,0,1,2,0,0,1,4,0,1,1,1,1,0,4,1,0,2,1,1,1,1,5,1,6,3,2,1,2,1,3,0,22
1,0,1,1,2,7877,1,1,0,0,2,0,0,0,1,0,1,0,0,1,12,1,1,1,0,1,0,4,1,1,2,1,1,0,1,0,3,6,4,3,1,2,1,3,0,32
0,2,1,2,2,16871,0,0,0,0,2,1,3,2,1,0,2,1,12,1,12,1,1,0,2,1,1,4,1,1,2,1,1,1,1,5,2,6,3,3,1,1,1,3,2,32
0,2,2,3,2,43191,1,1,0,0,2,1,1,1,0,0,3,1,4,1,6,0,1,0,2,1,1,4,1,1,2,2,1,0,1,2,3,6,4,3,0,1,1,3,3,34
0,1,2,2,2,2214,1,1,0,0,2,1,3,2,0,1,1,0,0,1,4,1,1,2,0,1,1,4,1,1,2,1,1,1,1,0,1,2,4,2,1,2,3,3,4,33
1,0,2,1,2,1151,0,1,0,2,2,1,1,1,1,0,1,0,0,1,12,0,1,1,1,4,0,4,0,1,2,1,1,1,1,0,2,6,3,3,1,1,1,3,3,33
0,2,2,2,2,9511,1,1,0,2,2,1,2,1,0,0,2,1,5,1,5,0,1,0,1,1,1,4,1,1,2,1,0,1,-1,0,3,6,3,3,1,1,1,3,0,31
0,0,0,2,2,19837,1,1,0,0,2,1,3,2,1,0,2,1,2,1,12,0,1,2,1,1,1,4,0,1,2,1,1,1,2,5,2,6,4,3,1,1,1,3,4,34
0,0,0,1,2,-1,1,0,1,1,1,1,3,1,1,0,0,0,0,1,4,0,1,0,0,1,1,2,1,0,1,1,1,1,0,0,3,6,3,2,1,2,1,3,0,31
0,2,1,2,2,-1,0,1,1,2,2,1,3,2,1,0,1,0,0,1,6,0,1,0,2,1,1,4,1,1,2,1,1,1,2,2,2,6,3,3,0,3,1,3,4,33
1,0,3,3,2,8606,1,1,0,0,2,1,3,1,1,0,2,1,6,1,6,1,1,1,2,1,1,4,1,1,2,1,1,0,2,5,3,6,4,3,1,3,1,3,3,31
1,2,3,2,2,-1,0,1,0,2,2,1,2,1,0,0,1,0,0,1,4,0,1,1,2,1,1,4,1,1,2,1,0,2,2,3,3,6,3,2,0,2,3,3,1,34
1,0,2,1,2,7823,0,0,1,1,2,1,1,2,1,0,2,1,1,1,12,0,1,0,1,1,1,4,1,1,2,1,1,1,-1,0,1,6,3,3,1,2,3,3,0,31
1,0,2,2,2,66652,0,0,3,2,2,1,1,1,1,0,3,0,0,1,1,1,1,2,2,1,1,4,1,1,2,1,1,1,0,0,2,6,4,3,1,2,1,2,2,34
1,2,2,2,2,10815,0,1,0,0,2,1,3,2,1,0,1,1,12,1,12,1,1,2,2,1,1,4,0,0,2,1,1,3,2,5,1,6,3,3,0,3,2,2,4,31
1,1,1,2,2,0,0,1,0,0,2,1,1,2,1,0,0,0,0,1,6,1,1,0,0,1,1,4,1,1,2,1,0,1,0,0,2,5,3,3,1,0,1,3,0,33
0,0,2,0,2,-1,0,1,2,2,2,0,0,0,1,0,1,0,0,1,6,1,1,1,0,1,1,4,1,1,2,1,0,0,1,0,1,6,4,2,1,2,1,3,1,25
1,0,2,2,2,14752,1,1,0,0,2,1,3,2,1,0,2,0,0,1,12,0,1,1,1,1,1,4,1,1,2,2,0,1,1,0,3,6,4,2,1,1,1,3,2,31
1,2,2,0,2,14113,0,1,2,2,2,1,1,2,0,1,1,0,0,1,12,1,1,1,1,1,1,4,0,0,2,1,1,3,1,0,2,6,3,3,1,1,3,2,3,33
1,0,2,1,2,11651,1,1,0,0,2,1,1,2,1,0,2,1,1,1,6,0,1,1,2,1,1,4,1,1,2,1,1,1,1,1,2,3,4,3,1,1,0,3,1,33
1,0,0,0,2,-1,0,1,0,0,2,1,1,2,1,0,0,1,2,1,44,0,1,0,0,1,1,4,1,1,2,1,1,1,0,0,3,6,3,2,1,2,0,3,0,34
1,0,0,1,2,186,0,1,0,1,2,1,3,1,1,0,1,0,0,1,12,1,1,2,0,1,1,4,1,1,1,1,0,1,1,0,2,6,3,3,1,2,1,3,4,23
0,0,2,3,2,20200,0,1,0,0,2,1,3,1,1,0,1,0,0,1,6,1,1,1,2,5,1,4,1,1,2,1,1,1,1,0,2,6,4,2,1,3,3,3,4,30
0,0,2,2,2,2814,0,1,1,2,2,1,1,2,1,0,2,0,0,1,4,0,1,1,0,1,0,4,1,1,2,1,1,1,1,5,1,6,3,2,1,1,1,2,2,32
1,0,2,2,2,22289,0,1,12,1,2,1,3,2,1,0,2,0,0,1,12,1,1,1,2,1,1,4,1,1,2,1,1,1,1,5,2,6,4,3,1,1,1,3,0,34
0,0,2,1,2,3251,0,1,0,0,2,1,3,2,1,0,1,0,0,1,12,0,1,1,0,4,0,4,1,0,1,1,1,3,1,0,3,6,4,2,1,0,0,3,1,25
1,0,1,1,2,195,0,1,0,0,2,1,1,2,0,1,2,0,0,1,12,0,1,2,0,1,0,4,1,1,1,1,0,1,1,1,1,6,4,3,1,0,1,3,4,29
0,0,0,2,2,-1,0,0,0,0,2,0,0,0,0,0,1,0,0,1,12,0,1,0,0,1,0,4,1,1,1,2,0,0,1,0,1,6,3,2,1,2,1,3,1,34
0,2,1,2,1,35,0,1,0,0,2,1,1,2,1,0,0,0,0,1,12,0,1,2,0,1,0,4,1,1,2,1,1,1,0,0,3,6,3,3,0,1,1,3,0,33
0,2,0,2,2,15730,0,1,1,2,2,1,1,2,1,0,1,0,0,1,4,0,1,2,2,1,1,4,1,1,2,1,1,1,0,0,2,6,4,3,1,0,0,3,1,33
0,0,2,2,2,20387,0,1,0,0,2,1,1,2,0,0,2,1,12,1,4,0,1,0,1,1,1,4,1,1,2,1,0,2,-1,0,2,6,4,2,1,2,3,3,3,32
0,2,2,2,2,11423,0,0,0,0,2,1,1,2,1,0,2,0,0,1,6,0,1,0,1,1,1,4,1,1,2,2,1,1,2,5,1,6,3,2,1,1,3,3,0,33
0,0,0,1,2,2801,0,1,0,0,2,1,1,2,1,0,0,0,0,1,6,0,1,1,0,4,0,2,1,0,2,1,1,1,0,0,2,6,3,2,1,2,1,1,0,28
1,0,0,1,2,11883,0,1,0,0,2,1,3,1,1,0,1,0,0,1,12,1,1,1,0,4,0,4,1,1,1,1,1,1,-1,0,2,6,3,3,1,2,1,3,3,32
0,0,2,2,2,82855,0,1,0,0,2,1,1,1,1,0,2,0,0,1,12,0,1,1,1,1,1,4,1,1,2,1,1,1,0,0,2,6,4,3,1,1,3,3,0,32
0,0,1,2,2,9137,0,1,0,0,2,1,1,2,1,0,2,0,0,1,6,0,1,0,1,1,1,4,1,1,2,1,1,1,0,0,2,6,4,3,1,1,1,3,0,31
0,1,2,2,2,8243,1,1,0,0,2,1,1,2,1,0,2,0,0,1,6,0,1,2,0,1,1,4,1,0,1,1,1,1,2,4,2,6,4,3,1,1,1,3,2,32
0,0,0,3,2,6968,1,1,0,0,2,1,1,2,1,0,0,1,5,1,6,0,1,0,1,1,1,4,0,1,2,1,1,1,0,0,3,5,3,2,1,0,0,3,0,34
0,0,3,0,2,8344,0,1,0,0,2,1,1,2,1,0,0,0,0,1,12,0,1,1,2,1,1,4,1,1,2,1,1,1,0,0,3,6,4,2,1,1,1,3,0,31
1,0,1,2,2,8988,0,1,1,1,2,1,3,2,1,0,1,0,0,1,4,1,1,2,0,1,0,4,1,1,2,2,1,1,1,0,2,6,4,3,1,2,0,3,4,27
0,2,2,2,1,14724,1,0,0,0,2,1,3,2,1,0,1,1,2,1,6,1,1,0,2,1,1,4,1,0,2,1,1,1,2,4,3,6,3,3,1,3,1,3,2,32
1,0,2,2,2,13780,1,1,1,1,2,1,1,2,0,1,2,0,0,1,4,0,1,0,2,1,1,4,1,1,2,1,1,1,2,2,3,6,4,3,1,1,3,3,1,34
1,0,2,1,2,15352,1,1,1,2,2,1,1,1,0,0,1,0,0,1,10,1,1,2,0,1,0,4,1,1,2,1,1,1,1,0,2,3,3,3,1,1,0,3,2,31
0,0,2,3,2,25248,1,1,1,0,2,1,3,1,1,0,2,0,0,1,12,1,1,2,2,4,1,4,1,1,2,1,1,1,2,4,3,6,4,3,1,1,3,3,4,33
0,2,2,2,2,2080,0,1,0,0,2,1,1,2,1,0,1,0,0,1,12,0,1,1,0,1,1,4,0,1,2,1,0,1,1,0,2,6,4,3,1,1,1,3,0,33
1,0,2,2,2,22031,1,1,0,0,2,1,3,2,1,0,2,0,0,1,12,0,1,2,2,1,1,4,1,1,2,1,0,1,1,3,2,6,3,3,1,1,1,3,4,33
1,0,2,2,2,11158,0,1,0,1,2,1,3,1,1,0,1,1,1,1,1,1,1,1,0,1,1,4,1,1,2,1,1,1,1,0,2,5,3,3,1,2,1,3,3,28
0,0,1,1,2,-1,0,1,1,0,2,1,1,1,1,0,2,0,0,1,12,0,1,2,0,1,1,4,1,1,2,1,1,1,-1,0,0,6,4,0,1,2,3,3,4,31
0,0,2,3,2,6338,0,0,1,2,2,1,1,1,0,1,2,1,1,1,12,0,1,2,1,1,1,4,1,1,2,1,1,1,2,5,1,6,4,3,1,1,0,3,1,34
1,0,0,0,2,5230,0,0,0,0,2,1,3,2,0,1,1,0,0,1,4,1,1,2,0,1,0,2,1,0,1,2,0,1,1,0,2,6,3,3,1,0,3,3,1,33
0,2,1,3,1,21035,0,1,0,0,2,1,1,2,1,0,1,0,0,1,15,0,1,0,2,1,1,4,1,1,2,1,1,1,0,0,3,6,3,3,1,1,1,3,0,30
0,0,2,3,2,1385,0,0,0,0,2,1,3,2,1,0,1,0,0,1,12,1,1,2,1,1,1,4,1,1,2,1,0,1,2,1,1,6,3,3,1,1,1,3,2,34
0,0,3,3,2,7825,0,0,2,1,2,1,1,2,0,1,2,0,0,1,3,0,1,0,1,1,1,4,1,1,2,1,1,2,-1,0,2,6,4,2,1,2,3,2,0,25
0,0,1,1,2,0,0,0,0,0,2,0,0,0,0,0,1,0,0,1,4,1,1,2,0,4,0,2,1,1,1,2,1,0,1,0,2,6,3,2,1,1,1,0,2,32
1,0,2,2,2,14000,0,1,0,2,2,1,3,2,1,0,1,0,0,1,4,1,1,0,1,1,1,4,1,1,2,1,1,1,2,2,3,6,4,3,1,1,0,3,1,31
0,0,0,3,2,4969,0,1,2,2,0,1,1,2,0,1,2,1,1,1,6,0,1,0,0,1,1,4,1,1,2,1,1,1,1,5,3,6,4,2,1,1,3,3,0,28
0,2,1,3,2,9533,0,1,1,1,2,1,3,2,1,0,2,0,0,1,12,1,1,1,2,1,1,4,1,1,2,1,1,1,-1,2,3,2,3,2,1,1,1,3,4,34
0,0,2,3,2,0,1,1,2,2,2,0,0,0,0,1,1,0,0,1,12,0,1,1,0,1,1,4,1,1,1,2,1,0,-1,0,2,6,4,2,1,3,1,2,3,32
0,0,0,0,1,8222,1,0,0,0,2,1,3,1,1,0,3,0,0,1,12,0,1,1,2,5,1,4,1,1,2,1,0,1,-1,0,3,6,3,2,0,1,0,3,1,32
0,2,4,3,2,13892,1,1,0,1,2,1,3,2,1,0,1,0,0,1,12,1,1,0,2,1,1,4,1,1,2,1,1,1,2,1,3,6,4,3,0,1,3,3,1,29
1,0,1,2,2,11079,1,1,0,0,2,1,3,1,1,0,1,0,0,1,4,1,1,1,0,1,0,4,1,1,2,1,0,1,1,0,2,6,3,3,1,1,1,3,4,34
1,1,2,2,2,25066,0,1,0,1,2,1,1,2,1,0,1,1,2,1,12,0,1,1,1,1,1,4,1,0,2,1,1,3,2,1,2,6,3,3,1,1,3,3,4,32
1,0,2,1,2,12571,1,1,0,0,2,1,3,2,1,0,2,0,0,1,4,1,1,1,2,1,1,4,1,1,2,1,1,1,1,0,3,6,3,3,1,1,3,3,2,29
0,1,2,1,2,2529,0,1,1,1,2,1,3,1,1,0,0,0,0,1,12,1,1,1,1,4,0,4,0,1,2,1,1,3,0,0,2,6,3,3,1,1,1,1,0,30
1,2,3,2,2,-1,0,1,0,0,2,1,1,1,1,0,2,1,2,1,4,0,1,0,2,1,1,4,1,1,2,1,1,1,1,1,3,6,4,3,0,1,1,3,0,34
1,0,1,2,2,8722,0,0,0,0,2,1,1,1,1,0,2,0,0,1,12,0,1,1,2,1,1,4,0,1,2,1,0,1,2,1,2,6,4,3,1,2,0,3,3,30
0,0,1,2,2,4716,1,1,0,0,2,1,1,2,1,0,0,0,0,1,12,0,1,1,1,1,1,4,1,1,2,1,0,1,0,0,0,6,4,2,1,1,1,3,0,28
0,2,2,3,2,-1,1,1,0,0,2,1,3,2,1,0,1,0,0,1,12,1,1,1,2,1,1,4,1,1,2,1,1,1,2,1,3,6,4,3,1,3,1,3,4,34
1,2,2,2,2,611,1,1,1,2,2,1,3,2,1,0,1,1,12,1,12,1,1,2,2,1,1,4,1,1,2,1,0,1,2,5,1,5,4,3,1,0,1,3,4,34
1,0,2,3,2,-1,0,1,1,1,2,1,3,1,1,0,1,0,0,1,6,1,1,2,2,4,1,4,1,1,2,1,0,1,1,0,2,6,4,3,1,1,1,2,2,34
1,0,2,2,2,28536,0,1,1,2,2,1,1,2,1,0,2,0,0,1,6,0,1,1,1,1,1,3,1,1,2,1,1,3,1,5,2,6,3,3,1,2,3,3,3,32
0,0,2,2,2,9536,1,1,0,0,2,1,3,2,1,0,2,0,0,1,12,1,1,0,1,1,1,4,1,0,2,1,0,1,1,1,2,6,3,3,1,3,3,3,0,34
1,0,0,2,2,-1,0,0,0,0,2,1,1,2,1,0,0,0,0,1,12,0,1,0,0,1,0,4,1,1,2,1,1,1,0,0,2,6,3,2,1,0,3,0,0,19
1,0,3,1,2,460,1,1,0,0,2,1,3,2,0,1,1,0,0,1,12,1,1,1,0,1,1,4,0,1,1,1,1,1,1,0,2,6,3,2,1,2,0,3,3,29
1,0,3,3,2,5803,1,1,0,0,2,1,1,2,0,1,2,0,0,1,4,0,1,0,2,1,1,4,1,1,2,1,1,1,1,5,3,6,4,3,1,1,0,3,3,34
0,2,2,2,1,16486,0,1,1,0,2,1,1,2,1,0,2,0,0,1,12,0,1,1,1,1,1,4,1,1,2,1,1,1,1,1,2,6,4,3,1,0,1,3,3,27
0,2,2,2,2,25159,1,1,0,0,2,1,3,2,0,1,1,0,0,1,4,1,1,0,1,1,1,4,1,1,2,1,1,3,1,0,3,6,3,3,1,3,0,3,1,33
0,0,1,2,2,812,1,0,0,0,2,1,1,2,1,0,2,0,0,1,4,0,1,0,0,1,1,4,1,1,2,1,0,1,1,0,2,6,3,3,1,1,1,3,0,33
0,2,2,3,2,-1,0,1,2,2,2,1,1,2,1,0,2,1,2,1,12,0,1,0,1,1,1,4,1,1,2,1,0,1,1,5,3,6,4,3,1,2,1,3,1,31
1,0,0,1,2,7659,0,1,1,2,2,1,3,2,1,0,2,0,0,1,12,0,1,1,0,1,0,4,0,1,2,1,1,1,1,0,2,6,4,3,1,3,1,2,4,30
0,0,3,3,2,18488,1,1,0,0,1,1,1,2,1,0,1,1,2,1,12,1,1,1,2,5,1,4,1,1,2,1,1,3,2,5,2,6,4,3,1,3,1,3,3,33
0,0,0,0,2,8063,0,1,0,0,2,1,1,2,1,0,0,0,0,1,12,0,1,2,1,1,0,4,1,1,2,1,1,1,0,0,2,6,2,3,1,2,1,3,0,33
0,0,0,2,2,8894,0,1,0,0,2,1,1,2,1,0,2,1,0,1,6,0,1,2,1,1,1,4,1,1,2,1,1,1,1,0,3,6,3,3,1,3,0,3,4,32
1,2,2,2,2,22798,0,1,0,2,2,1,1,1,1,0,0,1,2,1,6,0,1,0,1,1,1,4,1,1,2,1,0,1,0,0,3,6,3,3,1,2,1,3,0,31
1,0,2,2,2,15981,0,0,0,0,2,1,1,2,1,0,2,0,0,1,6,0,1,0,0,1,1,4,1,1,2,1,1,2,0,0,0,6,4,3,1,1,3,3,0,30
1,0,0,1,2,0,1,0,0,0,2,0,0,0,0,0,1,0,0,1,4,0,1,0,1,4,0,2,1,1,1,2,0,0,1,0,1,6,2,2,1,2,1,2,2,33
1,0,3,2,2,9242,1,0,0,2,2,1,1,2,1,0,2,1,8,1,3,0,1,0,1,1,1,4,1,1,2,1,1,1,2,5,3,6,3,3,1,1,1,3,3,34
0,2,2,2,2,5930,0,1,0,0,2,1,1,2,0,0,2,1,2,1,4,0,1,1,1,1,1,4,0,1,2,1,0,1,1,1,2,6,3,3,1,1,3,3,3,34
1,0,1,2,2,1336,0,1,0,0,2,1,1,2,1,0,2,0,0,1,4,0,1,0,1,1,0,4,1,1,2,1,1,1,0,0,2,6,4,3,1,1,1,3,1,33
1,0,0,1,2,3123,0,0,0,0,1,1,3,1,0,0,2,1,2,1,8,0,1,1,0,4,1,2,0,0,1,1,0,1,1,0,1,6,3,2,1,2,1,3,2,30
1,2,3,2,2,42737,1,1,0,0,2,1,3,1,0,0,1,0,0,1,4,1,1,2,2,1,1,4,1,0,2,1,0,1,2,4,2,6,3,3,0,1,0,3,4,29
1,2,2,2,2,-1,1,1,0,0,2,1,3,2,1,0,2,0,0,1,12,0,1,2,2,1,1,4,1,1,2,1,0,1,0,0,3,6,3,3,1,3,1,3,4,33
0,0,3,3,2,23862,1,1,1,2,2,1,3,2,1,0,1,1,12,1,12,1,1,1,2,1,1,4,0,1,2,1,1,1,1,0,3,6,4,3,1,2,1,3,3,33
0,0,2,3,2,4888,1,1,1,1,2,1,3,2,1,0,2,0,0,1,4,1,1,1,1,1,1,4,1,0,2,1,1,1,1,0,2,6,4,3,1,1,0,3,4,33
0,2,0,1,2,-1,0,0,0,0,2,1,1,1,1,0,0,0,0,1,6,0,1,0,0,4,0,1,1,0,1,1,0,1,0,0,0,6,3,2,1,1,1,3,0,31
0,2,3,3,1,11601,1,1,0,0,2,1,1,2,0,1,2,1,1,1,12,0,1,0,1,1,1,4,1,1,2,1,1,1,2,5,2,6,4,3,1,2,0,3,4,34
1,0,0,2,2,3574,0,0,1,1,2,1,1,2,1,0,2,1,1,1,6,0,1,1,1,1,1,3,0,1,2,1,1,1,1,5,1,6,3,3,1,2,1,3,3,32
1,0,1,2,2,-1,0,1,2,2,2,1,1,2,1,0,0,0,0,1,4,0,1,1,0,1,1,4,1,0,2,1,1,1,0,0,3,6,3,3,1,2,1,3,0,32
0,2,2,3,1,19067,1,1,1,2,2,1,3,1,0,1,2,0,0,1,6,0,1,1,1,1,1,4,1,1,2,1,1,1,1,0,3,6,3,3,0,1,1,3,4,29
0,2,1,2,1,14879,0,1,0,0,2,1,1,2,1,0,0,0,0,1,6,0,1,0,2,1,1,4,1,1,2,1,1,1,0,0,2,6,4,3,0,1,1,2,0,34
1,0,3,2,2,20935,0,1,1,1,2,1,3,2,0,1,1,0,0,1,4,0,1,1,1,1,1,4,1,1,2,1,1,1,1,0,3,6,4,3,1,0,1,3,4,33
0,0,2,2,2,25249,0,1,1,1,2,1,3,2,1,0,1,1,1,1,12,0,1,1,1,1,1,4,0,1,2,1,1,1,-1,0,1,6,3,3,1,3,1,3,3,30
1,0,3,3,2,-1,1,1,1,1,2,1,3,1,1,0,2,1,1,1,12,1,1,1,2,1,1,4,0,1,2,1,1,1,-1,0,0,6,3,3,1,1,3,3,4,33
1,0,1,2,2,11688,1,1,0,0,2,1,1,2,1,0,0,0,0,1,12,0,1,0,0,1,1,4,1,1,2,1,1,1,0,0,2,6,3,3,1,1,1,3,0,34
1,1,1,0,1,22780,1,1,0,1,2,1,3,2,1,0,1,1,2,1,6,1,1,1,1,5,1,4,1,1,2,1,1,1,2,2,2,6,3,3,0,1,0,3,3,28
0,0,1,3,2,-1,1,1,1,2,2,1,3,1,1,0,2,1,1,1,14,0,1,0,1,1,1,4,1,1,2,1,1,1,-1,0,0,5,3,2,1,1,1,2,2,28
1,1,0,1,2,8365,0,1,1,2,2,1,3,1,1,0,2,0,0,1,4,1,1,1,1,4,0,4,1,1,1,1,0,1,-1,0,2,3,3,3,1,1,0,3,4,25
0,0,1,2,2,1709,1,1,1,1,2,1,3,1,1,0,1,0,0,1,12,0,1,1,1,1,1,4,0,1,2,1,1,1,1,0,2,6,3,3,1,1,1,3,2,33
1,2,1,0,2,6361,0,1,0,0,1,1,1,2,1,0,3,0,0,1,12,0,1,1,1,1,0,4,1,1,2,1,1,3,1,0,0,6,3,3,1,2,1,2,1,31
1,0,3,3,2,-1,1,1,1,2,2,1,3,2,1,0,2,1,2,1,12,0,1,1,2,1,1,4,1,1,2,1,1,1,1,1,1,5,4,2,1,3,3,2,1,33
0,2,0,2,2,9490,1,1,1,2,2,1,1,1,1,0,2,0,0,1,6,0,1,1,1,5,1,4,1,1,2,1,1,1,-1,0,2,6,4,3,1,0,0,3,1,33
1,0,2,1,2,6886,1,1,0,0,2,1,3,1,1,0,2,0,0,1,6,1,1,1,1,1,1,4,1,1,2,1,1,1,1,0,3,6,4,3,1,1,3,3,3,31
0,2,2,2,2,17693,0,1,0,2,2,1,3,2,1,0,1,0,0,1,6,1,1,0,0,1,1,4,1,1,2,1,1,2,2,3,3,6,4,3,1,2,0,3,3,32
1,0,2,1,2,3549,1,1,1,2,2,1,1,2,0,1,2,0,0,1,12,0,1,1,1,1,1,4,1,1,2,1,1,1,1,2,3,6,4,3,1,3,1,3,0,19
0,0,0,2,2,8954,1,1,1,2,2,1,3,1,0,0,2,0,0,1,12,1,0,2,0,1,1,3,1,1,2,2,1,3,1,0,1,6,1,3,1,3,0,3,2,27
1,0,3,2,2,2109,0,1,1,2,2,1,1,2,1,0,0,0,0,1,6,0,1,0,2,1,1,4,1,1,2,1,1,1,0,0,3,6,4,3,1,1,1,2,0,33
1,0,1,0,2,-1,0,1,2,1,2,1,3,1,1,0,2,1,1,1,4,1,1,1,1,1,1,4,1,1,2,2,1,1,2,2,2,6,3,2,1,1,1,3,2,28
0,0,2,3,2,15180,1,1,0,0,2,1,3,2,1,0,1,0,0,1,12,1,1,1,2,1,1,4,1,1,2,1,1,1,1,3,1,6,4,3,1,3,1,3,1,33
0,0,1,2,2,17628,0,0,0,0,2,1,3,1,1,0,2,0,0,1,4,0,1,0,0,1,0,4,1,1,2,1,1,1,1,0,2,6,3,3,1,1,3,3,1,32
0,0,2,0,2,22498,0,0,1,2,2,1,1,2,1,0,2,0,0,1,4,0,1,1,2,1,1,4,1,1,2,1,1,1,2,1,3,6,4,3,1,1,1,3,4,33
1,0,1,2,2,2467,1,1,0,0,2,1,3,2,1,0,1,0,0,1,12,0,1,0,1,4,1,4,1,1,2,1,1,1,1,3,3,6,3,3,1,1,1,3,3,32
0,0,0,1,2,7714,1,1,2,1,2,1,1,2,1,0,1,1,3,1,4,0,1,0,1,4,1,3,1,1,1,1,1,1,-1,0,3,6,4,3,1,3,1,3,4,33
1,0,3,2,2,8730,0,1,0,0,2,1,3,2,0,0,2,0,0,1,4,0,1,1,2,1,1,4,1,1,2,1,1,1,2,1,2,6,4,3,1,1,1,3,4,34
0,0,1,3,2,-1,0,1,1,2,2,1,1,2,1,0,1,0,0,1,2,0,1,0,0,4,1,4,0,1,2,1,1,1,0,0,3,5,2,2,1,1,1,3,0,33
0,0,3,3,2,9959,1,1,1,2,2,0,0,0,0,1,1,1,1,1,1,1,1,2,1,1,1,4,1,1,2,1,1,0,2,5,3,6,4,3,1,2,0,3,4,32
0,2,2,2,2,33240,0,1,0,2,2,1,3,2,1,0,0,0,0,1,11,0,1,2,2,1,1,4,1,1,2,1,1,1,0,0,3,6,4,3,1,1,3,3,0,31
1,0,1,3,2,20322,0,1,0,0,2,1,3,1,1,0,2,0,0,1,12,0,1,0,1,1,1,4,1,1,2,1,1,1,1,0,3,6,4,3,1,2,1,3,3,34
0,0,2,3,2,7406,1,1,0,0,2,1,1,1,1,0,1,1,12,1,12,1,1,1,1,1,1,4,1,1,2,2,1,1,1,0,1,6,3,3,1,1,0,3,4,27
1,0,1,3,2,1482,1,0,0,0,2,1,3,2,0,1,2,0,0,1,12,0,1,1,1,1,1,4,1,1,2,1,1,1,2,5,3,6,4,3,1,2,3,3,1,32
1,2,2,3,1,32557,1,1,0,1,2,1,3,2,1,0,1,0,0,1,12,0,1,2,2,1,1,4,1,1,2,1,1,1,0,0,1,6,4,3,1,1,3,3,0,33
0,0,0,2,2,7148,0,1,0,0,2,1,3,1,1,0,2,0,0,1,1,1,1,0,0,4,0,4,0,1,1,1,0,0,0,0,3,3,3,3,1,1,1,3,3,34
1,0,2,1,2,10406,1,1,1,2,2,1,3,2,0,1,2,0,0,1,3,1,1,0,0,1,0,4,1,1,2,1,1,1,1,1,3,6,3,2,1,1,1,3,2,34
0,0,1,2,2,6696,1,1,0,0,2,1,1,2,1,0,1,0,0,1,4,0,1,0,0,1,0,4,1,0,2,1,1,1,1,0,3,6,3,2,1,0,1,3,1,33
0,2,2,3,1,28647,0,1,1,2,2,1,1,2,1,0,0,0,0,1,12,1,1,2,2,1,1,4,1,1,2,1,0,2,0,0,2,6,4,3,1,1,1,3,0,33
1,0,2,2,2,26665,0,1,0,0,2,1,3,2,1,0,2,0,0,1,6,1,1,1,2,1,1,4,1,1,2,1,1,1,-1,0,1,6,4,3,1,1,1,3,4,34
1,0,2,2,2,9129,1,1,0,0,2,1,1,2,1,0,2,1,3,1,6,0,1,1,1,1,1,4,1,0,2,1,1,1,-1,3,3,6,3,3,1,2,1,3,3,33
0,2,2,3,2,19268,1,1,0,0,2,1,3,2,1,0,2,0,0,1,4,0,1,1,0,1,1,4,0,0,2,1,1,1,2,3,2,6,4,2,0,1,3,3,3,34
0,0,0,0,2,-1,1,1,0,0,2,1,1,1,1,0,2,0,0,1,4,0,1,2,1,1,0,4,1,1,1,1,1,1,1,3,1,3,3,2,1,2,0,3,0,25
1,2,2,3,2,11284,1,1,1,2,2,1,1,2,1,0,1,0,0,1,12,0,1,2,2,1,1,4,1,1,2,2,1,2,1,0,3,6,3,3,1,1,1,3,3,33
0,0,1,3,2,9868,0,1,0,0,2,1,3,1,1,0,2,0,0,1,12,1,1,2,0,1,1,4,1,1,2,1,1,1,1,1,3,6,4,2,1,2,0,3,4,33
1,0,1,1,2,28216,0,1,0,0,2,1,1,1,1,0,1,0,0,1,12,1,1,1,0,4,1,4,1,1,2,1,0,1,1,0,1,6,3,3,1,0,1,3,2,28
0,0,2,0,2,6863,0,1,0,2,2,1,1,1,0,0,0,0,0,1,4,0,1,0,1,1,1,4,1,1,2,1,1,1,0,0,2,6,3,2,1,3,1,3,0,25
0,2,2,2,2,12981,1,1,0,0,2,1,1,1,1,0,2,0,0,1,4,0,1,2,1,1,1,4,1,1,2,1,1,1,2,5,3,6,3,3,0,2,1,3,2,33
0,0,2,3,2,1070,1,1,1,2,2,1,1,2,0,1,1,1,3,1,12,1,1,0,0,1,1,4,0,1,2,1,0,1,-1,4,3,6,3,2,1,1,1,3,2,34
0,0,1,3,2,-1,0,1,0,0,2,1,1,2,0,1,2,0,0,1,1,0,1,0,1,1,1,4,1,1,2,1,1,1,-1,0,1,6,3,3,1,3,3,3,1,33
0,0,0,3,2,11494,0,1,1,2,2,0,0,0,1,0,1,0,0,1,12,1,1,1,2,1,1,4,1,1,2,1,1,0,1,0,3,6,3,3,1,3,1,3,3,31
0,0,2,3,2,14201,0,1,0,0,2,0,0,0,1,0,2,0,0,1,12,0,1,2,0,1,1,4,1,1,2,1,1,0,0,0,3,6,4,3,1,2,1,3,0,32
0,0,1,0,2,30337,0,1,1,0,2,1,1,1,0,0,0,0,0,1,4,0,1,0,2,1,1,4,1,1,2,1,0,1,0,0,3,6,4,2,1,1,3,3,0,32
1,0,3,3,2,745,1,1,0,0,0,1,1,2,1,0,0,0,0,1,12,0,1,0,0,1,1,4,1,1,2,1,0,1,0,0,2,3,4,3,1,1,3,3,0,32
0,2,2,2,2,15666,0,1,0,0,2,1,3,1,0,0,2,0,0,1,12,1,1,1,1,1,1,4,1,1,2,1,1,1,2,1,2,6,4,3,0,0,1,3,3,34
1,2,1,1,2,19702,1,1,0,0,2,1,1,2,1,0,0,0,0,1,12,0,1,1,1,1,1,4,1,1,2,1,1,1,0,0,3,6,3,3,1,1,1,3,0,27
1,2,2,3,2,24320,1,1,0,0,2,1,3,2,1,0,2,0,0,1,12,1,1,1,2,1,1,4,1,0,2,1,1,1,1,5,2,6,3,3,1,1,1,3,4,33
0,0,0,1,2,1243,0,1,0,0,2,0,0,0,1,0,1,0,0,1,12,0,1,2,0,4,0,0,0,1,1,1,1,0,1,0,1,6,2,2,1,2,1,0,3,33
0,0,2,2,2,-1,0,1,0,1,2,1,1,2,0,1,1,0,0,1,6,1,1,2,0,1,1,4,1,1,2,1,1,1,1,0,2,5,3,2,1,2,1,3,4,25
1,0,2,3,2,-1,0,1,0,0,2,1,3,1,1,0,2,1,3,1,12,1,1,1,1,1,1,4,0,0,2,1,1,1,-1,0,1,6,4,2,1,1,1,3,1,33
1,2,2,2,2,-1,1,1,1,1,2,1,3,2,0,1,1,0,0,1,5,0,1,0,2,1,1,4,0,1,2,1,1,1,0,0,2,6,4,3,0,3,1,3,2,33
1,2,2,0,1,11325,1,1,0,0,2,1,1,2,1,0,1,0,0,1,12,1,1,0,1,1,1,4,1,1,2,1,1,2,2,3,2,6,4,3,0,1,1,3,2,30
1,0,0,1,2,13720,0,1,2,1,2,1,1,2,1,0,2,0,0,1,2,1,1,2,0,1,1,4,1,1,2,1,0,1,1,0,1,6,3,3,1,2,1,3,0,32
1,0,1,0,2,-1,0,1,1,1,2,1,1,2,1,0,2,0,0,1,4,0,1,1,1,1,0,4,1,1,2,1,1,3,1,1,1,6,3,2,1,1,3,3,3,25
1,1,1,0,2,19000,1,1,1,2,2,1,3,2,1,0,2,0,0,1,12,1,1,2,2,1,1,4,1,1,2,1,1,1,1,0,2,6,3,3,1,1,0,3,4,34
1,0,2,0,2,7357,1,1,0,0,2,1,3,2,1,0,1,0,0,1,12,0,1,0,0,1,1,4,1,0,2,1,0,1,1,0,2,6,3,3,1,1,0,3,4,32
1,0,1,1,2,6397,0,1,0,0,2,1,1,2,1,0,2,0,0,1,6,1,1,1,1,1,1,4,1,1,2,2,1,1,1,0,1,6,3,3,1,2,2,3,2,34
1,0,2,1,2,3717,0,1,1,0,2,1,3,2,1,0,2,0,0,1,2,1,1,1,0,0,0,4,1,1,1,1,1,1,-1,0,2,6,4,3,1,0,1,3,4,32
0,0,0,2,2,4842,0,1,0,0,2,1,1,2,1,0,0,0,0,1,4,0,1,0,0,1,1,4,1,1,2,1,1,1,0,0,2,6,3,3,1,1,0,2,0,30
1,0,2,3,2,-1,1,1,1,1,2,1,3,2,1,0,1,0,0,1,6,1,0,0,2,1,1,4,1,1,2,1,1,1,2,1,1,6,1,3,1,3,1,3,3,31
0,2,1,3,2,9684,1,1,2,2,2,1,1,2,0,1,1,0,0,1,12,0,1,0,1,1,1,4,1,1,1,1,1,1,1,0,2,6,4,2,1,3,1,3,1,33
1,2,2,2,2,11525,1,1,0,0,2,1,3,2,1,0,2,1,10,1,12,1,1,1,2,1,1,4,1,1,2,1,1,1,-1,5,3,6,4,3,1,0,3,3,4,31
1,0,0,1,2,5634,1,1,0,0,2,1,3,2,1,0,2,0,0,1,12,0,1,1,1,1,1,4,1,1,2,2,1,1,2,5,0,6,3,2,1,3,1,3,2,34
0,0,0,1,2,1255,1,1,1,0,2,1,1,2,1,0,1,0,0,1,1,0,1,0,0,4,0,4,1,1,1,2,0,1,1,0,2,6,4,2,1,1,0,2,1,31
0,0,2,3,2,9386,0,0,1,0,2,1,1,2,0,1,2,0,0,1,5,0,1,0,1,1,1,4,1,1,2,1,0,1,-1,0,2,6,4,2,1,1,3,3,0,25
0,0,0,1,2,3156,0,1,1,2,2,0,0,0,0,1,2,0,0,1,4,1,1,2,1,1,0,4,1,1,2,1,0,0,1,0,3,6,3,3,1,1,1,3,1,34
0,2,0,2,2,12492,0,1,0,0,2,1,1,2,1,0,2,0,0,1,3,0,1,0,2,1,1,4,1,1,2,1,0,1,1,4,1,5,4,3,1,1,3,3,2,34
1,2,2,3,2,12768,1,1,1,1,2,1,1,2,0,1,1,1,2,1,2,0,1,1,2,1,1,4,0,1,2,1,1,3,1,5,2,6,4,3,1,1,3,3,1,34
0,2,2,3,2,8060,1,1,1,1,2,1,3,1,1,0,1,0,0,1,12,1,1,2,2,1,1,4,0,0,2,1,1,1,2,1,1,6,4,2,0,1,1,3,3,34
1,0,2,2,2,14011,1,1,1,2,2,1,3,2,1,0,1,0,0,1,4,1,1,1,0,1,1,4,1,1,2,1,1,1,1,0,3,6,3,3,1,2,1,3,4,34
0,0,2,2,2,-1,0,0,0,0,2,1,1,2,1,0,2,1,2,1,4,1,1,1,0,1,1,4,1,1,2,1,1,1,1,5,3,6,3,2,1,2,1,3,1,25
0,0,1,1,2,7352,1,1,0,0,2,1,1,2,0,1,0,0,0,1,6,0,1,0,1,1,0,4,1,1,1,1,1,1,0,0,3,6,4,3,1,3,1,3,0,30
0,0,1,2,2,387,0,1,1,1,2,1,1,2,1,0,2,1,4,1,4,0,1,1,0,4,1,4,1,1,2,1,1,1,2,5,1,6,3,3,1,2,1,3,0,33
0,0,2,2,2,14249,0,0,0,0,2,1,1,2,1,0,2,0,0,1,6,0,1,2,1,0,1,4,1,1,2,1,1,1,0,0,1,6,4,3,1,2,1,3,2,24
0,0,0,1,2,0,0,0,0,0,2,0,0,0,0,1,1,0,0,1,15,1,1,0,0,1,0,1,0,0,1,2,1,0,-1,0,2,0,2,2,1,2,1,1,1,32
0,0,3,3,2,7484,1,1,0,0,2,1,1,2,1,0,0,0,0,1,6,0,1,0,0,1,0,4,1,1,2,1,0,1,0,0,3,6,3,3,1,2,1,3,0,33
1,0,2,2,2,12152,0,1,0,0,2,1,3,1,0,0,2,0,0,1,6,1,1,1,1,1,0,4,1,1,2,1,1,1,1,4,3,6,3,3,1,2,1,3,3,31
0,0,0,1,2,2578,0,0,0,0,2,1,3,2,1,0,1,1,8,1,8,1,1,0,0,1,0,4,1,0,1,1,0,1,-1,0,2,6,2,3,1,0,1,3,2,34
1,1,3,2,2,17161,1,1,0,0,2,1,1,2,1,0,2,1,12,1,2,0,1,1,1,1,1,4,1,1,2,1,1,1,1,5,3,6,3,3,1,1,1,3,4,29
1,2,1,1,2,32888,0,1,0,0,2,0,0,0,0,0,1,0,0,1,4,0,1,1,0,4,0,1,1,0,2,2,1,0,1,0,2,6,4,2,0,1,3,3,1,33
1,0,0,1,2,6061,1,1,0,0,2,1,3,2,0,1,2,0,0,1,4,1,1,1,0,4,0,2,0,1,1,1,1,1,1,0,2,6,2,2,1,1,1,3,2,32
1,2,1,2,1,-1,1,1,0,0,2,1,3,1,0,0,1,0,0,1,6,1,1,2,1,1,1,4,0,1,2,1,1,1,1,0,2,6,4,3,0,2,1,3,4,34
0,0,0,1,2,0,0,0,1,1,2,1,1,2,1,0,1,0,0,1,4,0,1,2,0,4,0,2,0,1,1,1,0,1,1,0,2,6,2,2,1,0,0,3,4,33
0,0,3,2,2,18141,1,0,0,0,2,1,3,1,1,0,2,0,0,1,12,0,1,1,2,1,1,4,1,1,2,1,1,1,-1,1,2,6,4,2,1,1,1,3,2,31
1,2,2,2,2,14746,0,1,0,0,2,1,1,2,1,0,2,1,12,1,4,0,1,2,2,1,1,4,0,1,2,1,1,3,-1,5,2,6,3,3,1,1,1,3,1,31
0,0,1,2,2,11639,1,1,0,0,2,1,3,2,1,0,2,0,0,1,1,0,1,0,0,1,1,4,1,1,2,1,1,1,1,4,1,6,3,3,1,2,1,2,1,32
0,1,2,0,1,13080,0,1,0,0,2,1,3,2,1,0,1,0,0,1,4,1,1,0,2,1,1,4,1,1,2,2,1,1,2,3,0,6,3,0,0,3,1,0,3,0
0,2,1,1,1,7173,0,1,0,0,2,1,3,2,1,0,2,0,0,1,12,0,1,2,2,4,1,4,0,1,1,1,1,1,1,0,3,6,4,3,0,1,0,3,3,33
0,2,1,2,2,28364,1,0,1,1,2,1,1,2,1,0,1,1,6,1,6,0,1,0,2,1,1,4,1,1,2,1,1,3,1,2,3,6,3,3,1,1,3,3,1,33
0,2,3,3,2,24873,0,1,0,0,2,1,3,2,1,0,3,1,4,1,4,0,1,1,2,1,1,4,1,0,2,1,1,1,2,2,1,6,3,3,1,3,3,3,3,34
0,0,0,2,2,19578,1,1,0,0,2,1,1,1,1,0,0,0,0,1,6,0,1,1,1,1,1,4,1,1,2,1,0,1,0,0,3,6,3,3,1,1,1,3,0,33
0,0,0,0,2,5880,1,0,0,0,2,1,3,1,1,0,2,0,0,1,6,1,1,1,1,1,1,4,1,1,2,1,0,1,1,0,2,6,4,2,1,1,0,2,4,34
0,0,0,1,2,-1,1,0,1,2,2,1,1,2,0,1,1,0,0,1,12,0,1,2,1,4,1,4,1,1,2,1,0,1,-1,0,1,6,2,3,1,0,1,3,0,33
1,0,1,1,2,-1,0,1,0,0,1,1,3,2,0,1,2,0,0,1,12,1,1,1,1,1,1,4,1,1,1,1,0,1,1,0,3,6,3,3,1,1,3,3,4,31
1,2,3,3,2,14578,0,1,1,1,2,1,1,2,1,0,2,0,0,1,6,0,1,0,2,1,1,4,1,0,2,1,1,1,-1,0,3,5,4,3,1,1,1,3,0,33
1,0,1,1,2,414,0,1,0,0,2,1,1,2,1,0,1,0,0,1,4,1,1,2,0,4,1,2,1,1,1,2,1,1,1,0,1,6,3,2,1,2,1,3,2,25
1,0,2,3,2,4964,0,1,0,2,2,1,1,2,1,0,2,1,2,1,2,0,1,1,2,1,1,4,1,1,2,1,1,1,2,1,3,6,4,3,1,1,3,3,0,33
1,0,2,1,2,1336,1,0,6,0,2,1,3,1,1,0,2,0,0,1,12,0,1,0,0,1,1,4,1,1,2,1,1,1,-1,0,3,6,3,3,1,3,1,3,2,31
1,2,2,2,2,19578,1,1,0,0,2,1,1,2,1,0,2,0,0,1,12,1,1,1,2,1,1,4,1,1,2,1,0,1,1,5,3,6,4,3,1,1,1,3,0,33
0,0,2,2,2,52000,0,1,1,2,2,1,1,2,0,1,2,0,0,1,12,0,1,1,0,1,1,4,0,1,2,1,0,1,1,5,3,5,4,3,1,1,3,3,2,28
0,0,2,3,2,4539,1,1,0,0,2,1,3,1,1,0,2,0,0,1,12,1,1,0,0,1,0,4,1,1,2,1,1,1,1,0,3,6,2,2,1,2,0,3,2,27
0,2,2,2,2,17770,1,1,0,2,2,1,3,1,0,1,2,0,0,1,4,0,1,0,2,1,1,4,0,1,1,1,1,1,-1,0,2,6,4,3,0,3,1,3,4,33
0,0,0,1,2,5497,0,1,0,0,2,1,1,1,0,1,1,1,3,1,3,1,1,1,0,1,0,4,1,0,2,1,0,1,-1,0,2,6,3,3,1,1,0,3,2,30
0,2,0,2,2,8324,1,1,0,0,2,1,1,2,1,0,2,1,2,1,6,0,1,0,0,1,0,4,1,1,2,1,1,1,0,0,2,6,4,3,1,1,1,3,0,33
0,2,1,2,2,8205,0,1,1,2,2,1,1,1,1,0,1,0,0,1,3,1,1,1,0,1,0,4,1,1,2,1,1,1,1,0,3,6,2,2,1,2,1,3,2,22
1,2,2,2,2,9910,1,0,1,0,2,1,1,1,0,0,0,0,0,1,4,0,1,0,2,1,1,4,1,1,2,1,1,1,0,0,2,6,3,3,1,3,1,3,0,32
0,0,2,3,2,10000,0,1,2,2,2,0,0,0,1,0,0,0,0,1,2,0,1,1,0,1,1,4,1,1,2,1,1,0,0,0,3,6,3,2,1,2,1,2,0,34
1,0,2,2,2,8180,1,0,0,0,2,1,1,2,1,0,2,0,0,1,12,1,1,1,1,1,1,4,1,1,2,1,0,1,1,0,3,6,3,3,1,3,2,3,4,34
0,0,1,2,2,11830,0,0,0,0,2,1,3,2,0,1,1,0,0,1,11,1,1,2,1,1,1,4,1,1,2,1,1,1,-1,0,2,6,2,3,1,0,0,3,3,33
1,0,1,2,2,2784,0,1,0,0,2,1,1,2,1,0,0,1,12,1,12,1,1,0,0,1,1,4,1,0,1,1,1,1,0,0,2,6,3,3,1,1,1,3,0,34
0,2,2,2,2,42879,1,1,1,2,2,1,3,2,0,0,1,0,0,1,12,0,1,2,2,1,1,4,1,1,2,1,1,1,-1,0,2,6,4,3,1,1,1,3,4,31
1,2,1,1,2,353,1,1,1,0,2,1,3,1,1,0,1,1,1,1,12,1,1,0,2,1,0,3,0,1,2,1,1,1,1,0,2,2,4,3,1,1,3,1,2,30
1,0,2,3,2,30179,1,0,0,0,2,1,3,1,1,0,2,0,0,1,12,1,1,1,1,1,1,3,1,1,2,1,1,1,1,0,3,6,4,3,1,1,0,3,3,31
0,0,2,2,2,3157,0,1,0,0,2,0,0,0,1,0,1,0,0,1,12,0,1,1,0,1,0,4,1,1,2,2,0,0,1,0,1,6,4,2,1,2,1,3,2,31
1,0,2,3,2,2562,1,1,2,2,2,1,1,2,1,0,2,0,0,1,12,0,1,2,2,1,1,4,1,1,2,1,1,1,1,3,3,6,4,3,1,1,1,3,0,34
0,0,1,3,2,1712,1,1,0,0,2,1,3,2,1,0,1,1,1,1,4,1,1,0,2,1,1,4,1,1,1,1,1,1,1,0,3,6,3,3,1,3,0,1,3,29
0,2,4,0,2,-1,0,1,11,2,2,1,3,1,1,0,1,1,12,0,0,1,1,0,2,1,1,4,1,1,2,1,1,3,2,3,3,6,4,3,0,1,1,3,4,0
1,0,3,3,2,-1,0,1,0,0,2,1,3,1,0,0,1,1,12,1,12,0,1,0,1,1,1,4,1,1,2,1,1,1,2,5,2,6,3,3,1,3,1,3,1,34
0,0,3,2,2,8000,0,0,1,2,2,1,1,2,0,1,2,0,0,1,6,0,1,2,1,1,1,4,1,1,2,1,1,1,1,3,2,6,4,3,1,1,1,3,4,32
0,0,1,0,2,37037,1,1,1,1,2,1,3,1,1,0,1,0,0,1,5,1,1,1,1,1,0,4,1,1,2,2,1,1,1,5,1,6,4,3,1,1,1,3,2,34
0,0,1,1,2,0,0,1,1,2,2,0,0,0,0,0,1,0,0,1,4,1,1,2,1,1,0,2,1,1,1,2,0,0,1,0,2,6,3,2,1,2,0,0,1,32
0,0,0,0,2,12643,0,1,0,0,2,1,1,2,1,0,2,0,0,1,6,0,1,0,2,1,1,4,1,1,2,1,1,3,0,0,2,6,4,3,1,3,3,3,1,33
0,0,0,3,2,11156,0,1,0,0,2,1,1,2,1,0,1,1,12,1,12,0,1,2,0,4,1,4,1,1,2,1,1,3,2,5,3,5,3,3,1,1,0,3,3,33
0,2,1,2,2,22824,0,1,0,2,2,1,3,2,1,0,1,0,0,1,12,0,1,1,0,4,1,4,1,1,2,1,1,1,2,2,2,6,4,3,0,3,0,3,4,34
0,0,2,2,2,-1,0,1,0,0,2,1,1,2,1,0,2,0,0,1,12,0,1,1,0,1,0,4,1,1,2,1,1,1,1,1,2,6,4,3,1,3,1,3,1,32
0,0,1,2,2,1392,0,0,0,0,2,1,1,2,1,0,0,1,6,1,6,0,1,0,1,1,1,4,1,1,2,1,1,1,0,0,1,6,4,3,1,3,1,3,0,33
0,0,2,2,2,9320,0,1,0,0,2,1,3,1,1,0,2,0,0,1,6,1,1,1,0,1,1,4,1,1,1,1,1,1,1,0,1,6,4,3,1,3,1,3,2,31
0,0,3,3,2,8061,1,1,2,1,2,1,1,1,1,0,0,0,0,1,11,0,1,1,2,1,1,4,1,0,2,1,1,3,0,0,1,6,3,3,1,3,1,3,0,32
1,2,2,1,2,0,0,1,1,2,2,1,1,2,1,0,2,0,0,1,12,0,1,1,1,1,0,4,1,1,2,1,1,3,1,0,3,6,2,3,0,3,1,3,3,30
0,2,2,2,2,-1,0,1,0,2,2,1,3,2,1,0,1,0,0,1,3,0,1,0,2,1,1,4,1,1,2,1,1,1,1,0,3,6,3,3,0,1,1,3,0,31
0,2,1,2,2,0,0,1,1,1,2,1,3,2,1,0,2,0,0,1,12,1,1,1,1,1,1,4,1,1,2,1,1,1,0,0,2,6,4,2,1,1,1,2,2,30
0,2,2,0,1,35203,0,1,2,1,2,1,3,2,1,0,0,0,0,1,12,0,1,0,2,1,1,4,1,1,2,1,1,1,0,0,3,6,3,3,1,1,1,3,0,31
0,2,2,3,2,1046,0,1,0,0,2,1,3,2,1,0,1,1,12,1,12,1,1,0,2,1,1,4,1,1,2,1,0,0,1,0,3,6,4,3,1,3,1,3,3,31
0,0,0,2,2,-1,0,1,0,0,2,1,1,2,1,0,2,0,0,1,12,0,1,1,1,1,1,4,0,1,2,1,0,1,-1,0,2,6,3,3,1,3,1,3,3,32
0,0,1,3,1,12434,0,1,0,0,2,1,1,2,1,0,3,0,0,1,12,1,1,1,2,1,1,4,1,1,2,1,1,1,0,0,3,6,3,2,0,0,1,1,1,32
0,0,1,3,2,8078,1,1,1,0,2,1,1,1,1,0,0,0,0,1,4,0,1,0,2,1,1,4,1,1,2,1,1,1,0,0,2,6,4,2,1,1,1,3,0,34
1,0,1,2,2,-1,1,0,0,0,2,1,1,1,1,0,2,0,0,1,2,0,1,0,0,4,0,4,1,0,2,1,1,1,-1,0,2,6,3,2,1,0,1,3,1,32
0,0,1,3,2,42568,0,1,1,2,2,1,3,2,1,0,1,0,0,1,6,0,1,1,2,1,1,4,1,1,2,1,1,1,2,3,3,5,3,3,1,2,1,3,4,31
0,0,1,3,2,5137,0,1,1,1,2,0,0,0,1,0,1,0,0,1,12,0,1,2,2,1,1,4,1,1,2,2,1,0,1,0,1,6,4,2,1,1,1,3,3,31
1,0,2,0,2,28528,0,1,0,0,2,1,3,1,1,0,1,1,12,1,4,0,1,0,0,1,1,4,1,1,2,1,1,1,1,5,3,6,3,3,1,1,3,3,0,34
0,0,2,1,2,-1,0,1,3,2,2,1,3,2,1,0,1,0,0,1,4,1,1,1,1,4,1,4,1,1,2,1,1,1,1,0,2,6,3,2,1,1,0,3,4,19
1,0,0,2,2,6686,0,1,1,2,2,1,1,1,1,0,0,0,0,1,12,0,1,0,0,1,1,4,0,1,1,1,0,1,0,0,1,4,2,2,1,2,3,3,0,22
0,0,1,2,2,19413,0,1,0,0,2,1,3,1,1,0,2,1,2,1,6,0,1,1,1,1,1,4,1,1,2,1,0,1,2,5,2,6,4,3,1,1,0,3,3,31
1,0,0,1,2,4186,0,0,0,0,1,1,1,1,1,0,2,1,2,1,12,0,1,1,0,4,0,1,0,1,1,1,0,1,1,0,1,6,3,2,1,2,1,3,3,30
1,0,0,0,2,0,1,1,0,0,1,1,1,2,0,1,2,0,0,1,0,1,1,2,0,4,1,4,1,1,2,1,1,1,1,0,2,6,3,2,1,1,1,3,3,29
1,0,4,2,2,13229,0,1,0,2,2,1,1,2,1,0,1,0,0,1,6,0,1,1,2,1,1,4,1,0,2,1,1,1,1,0,3,6,4,3,1,1,3,3,3,34
1,0,1,1,2,4160,0,1,0,1,2,1,3,2,1,0,2,0,0,1,6,1,1,0,0,4,0,4,1,1,1,1,1,1,2,5,2,6,3,3,1,2,1,3,2,32
0,0,0,3,2,2455,1,1,0,0,2,1,1,1,0,1,1,0,0,1,4,0,1,0,2,1,1,4,1,0,2,1,1,1,1,0,1,6,4,3,1,3,1,3,1,34
0,0,3,3,2,-1,0,1,0,1,2,1,3,2,1,0,2,0,0,1,12,1,1,0,2,1,1,4,1,1,2,1,0,1,0,0,3,6,3,2,1,1,1,3,0,33
1,0,1,2,2,0,1,1,0,0,2,1,1,2,1,0,0,0,0,1,4,0,1,0,0,1,1,4,1,1,2,1,1,1,0,0,1,6,4,3,1,1,1,3,0,33
1,0,1,2,2,24139,0,1,0,0,2,1,1,2,1,0,2,0,0,1,12,0,1,1,2,1,1,4,1,1,2,1,1,1,1,4,3,6,3,3,1,1,3,3,4,33
0,2,3,2,2,18938,1,1,1,2,2,1,3,2,1,0,2,0,0,1,12,1,1,1,0,1,1,4,1,1,2,1,1,1,1,0,2,6,3,3,1,1,0,3,4,31
0,0,3,3,2,18988,0,1,0,2,2,1,1,2,0,1,2,0,0,1,4,0,1,0,2,1,1,4,1,1,2,1,1,1,1,3,3,6,3,2,1,1,1,3,3,34
0,2,4,0,1,-1,1,1,1,2,2,1,2,2,1,0,1,0,0,1,12,1,1,0,2,1,1,4,1,1,2,1,1,1,2,5,2,6,3,3,0,1,1,3,4,3
0,0,0,0,2,-1,0,1,2,1,2,1,1,2,1,0,0,0,0,1,4,0,1,1,2,4,1,3,1,1,2,1,1,1,0,0,3,6,4,3,1,3,0,3,0,33
0,2,2,3,2,17760,1,1,1,2,2,1,3,1,0,1,1,0,0,1,12,1,1,0,2,1,1,4,1,1,2,1,1,1,2,2,3,6,3,3,0,1,1,3,3,34
0,1,0,3,1,12655,0,1,0,0,2,1,2,1,1,0,1,0,0,0,0,0,1,0,2,1,1,4,1,1,2,2,0,0,2,4,0,6,4,0,0,0,3,1,4,5
0,2,1,2,2,7347,0,0,0,0,1,1,1,1,0,1,1,0,0,1,12,0,1,2,1,1,0,4,1,1,2,1,0,1,1,0,2,6,3,2,1,1,3,3,1,34
1,0,0,1,2,10307,0,0,0,0,2,1,1,2,1,0,2,0,0,1,4,0,1,0,0,2,1,3,0,1,1,1,1,1,-1,0,2,6,4,3,1,2,1,3,0,34
0,2,0,2,2,18756,0,1,0,0,2,1,1,2,0,1,1,0,0,1,4,0,1,2,2,1,1,4,0,1,2,1,1,1,1,1,1,3,3,3,0,3,1,3,0,33
0,0,1,0,2,7911,0,1,3,2,2,1,1,2,1,0,2,0,0,1,4,1,1,2,1,1,1,4,1,1,2,1,0,3,0,0,2,6,4,3,1,1,3,3,0,32
0,0,2,3,2,11489,0,1,0,0,2,1,1,1,0,0,2,1,4,1,2,1,1,1,1,4,1,4,1,0,2,2,1,1,-1,0,2,6,3,2,1,1,1,3,0,33
0,0,0,1,2,9188,0,1,1,1,2,1,1,2,1,0,2,0,0,1,12,0,1,2,1,1,0,4,1,1,2,1,0,1,1,5,0,6,2,2,1,2,1,2,3,27
0,0,2,2,2,9304,0,1,1,0,2,1,1,2,0,0,2,0,0,1,12,0,1,0,0,1,0,4,0,1,2,1,1,1,0,0,2,6,4,3,1,2,1,3,2,24
1,0,1,3,2,20499,1,1,0,1,2,0,0,0,1,0,0,1,3,1,6,1,1,0,0,1,1,4,1,1,2,1,1,0,0,0,3,6,4,3,1,1,0,3,0,34
1,0,1,2,2,6418,0,0,0,0,2,1,3,2,1,0,1,0,0,1,4,0,1,0,0,1,0,4,1,1,2,1,1,1,1,0,2,6,3,3,1,2,1,3,1,30
0,1,0,0,1,15868,0,1,0,0,2,1,3,1,1,0,1,0,0,1,12,1,1,0,1,1,1,4,0,1,2,2,1,2,2,4,0,6,2,0,0,3,1,1,2,0
1,0,1,1,2,6968,0,1,1,1,2,1,1,2,0,1,2,0,0,1,12,0,1,2,2,1,1,4,0,1,2,1,1,1,2,4,2,6,3,3,1,1,3,3,4,34
1,0,1,2,2,11219,0,1,0,0,2,1,1,2,1,0,2,0,0,1,12,0,1,0,0,4,1,4,1,1,2,1,1,1,1,5,2,6,3,3,1,2,1,3,3,32
1,0,3,2,2,27208,0,1,0,0,2,1,1,2,1,0,1,0,0,1,12,1,1,1,2,1,1,4,1,1,2,1,1,1,1,0,2,6,3,3,1,1,3,3,4,31
0,0,1,2,2,14872,0,1,1,2,2,1,3,1,1,0,2,0,0,1,12,0,1,1,0,1,1,4,1,1,2,1,1,1,2,5,3,6,4,3,1,2,1,3,4,18
0,1,2,0,1,1404,0,1,0,0,2,1,3,2,1,0,1,0,0,0,0,1,1,0,2,1,1,4,1,1,2,2,1,3,2,3,0,6,4,0,0,2,1,1,4,0
0,0,2,2,2,20418,1,0,2,1,2,1,1,2,1,0,2,0,0,1,12,0,1,0,2,1,1,4,0,0,2,1,1,1,-1,0,3,6,4,3,1,1,1,3,4,34
1,2,2,3,1,8041,0,1,0,0,2,1,3,2,0,0,1,0,0,1,12,1,1,1,2,1,1,4,1,1,2,1,1,1,2,5,3,5,3,2,1,1,1,3,4,31
0,0,0,1,2,2300,0,0,5,0,2,1,1,2,0,1,0,0,0,1,4,1,1,0,0,1,1,4,1,1,1,2,0,1,0,0,1,3,3,2,1,2,1,3,0,30
0,0,1,2,2,10629,0,1,0,0,2,1,1,2,1,0,2,1,2,1,12,0,1,2,2,1,1,4,1,1,2,1,1,1,1,1,3,6,4,2,1,1,0,3,0,29
0,0,2,3,2,7629,0,1,0,0,2,1,1,2,1,0,2,0,0,1,12,0,1,1,1,1,1,4,1,1,1,1,1,1,-1,0,3,6,4,3,1,2,3,3,4,28
0,1,1,0,2,19441,0,1,0,0,2,1,1,1,1,0,2,1,2,1,6,0,1,0,0,1,1,4,1,1,2,2,1,1,-1,0,1,5,3,2,1,2,1,3,0,33
0,0,2,2,2,10680,0,1,1,2,2,1,1,2,1,0,2,0,0,1,12,1,1,2,1,1,1,4,1,1,2,1,1,1,-1,0,3,6,3,3,1,1,1,3,3,30
0,0,1,1,2,8221,0,1,0,0,2,0,0,0,1,0,0,1,1,1,11,0,1,0,1,4,1,2,1,1,2,1,1,0,0,0,2,6,4,2,1,1,0,1,0,32
0,2,2,2,2,13132,0,1,1,2,2,1,3,2,1,0,2,1,1,1,1,1,1,2,1,1,1,4,1,0,2,1,1,1,2,5,3,5,3,3,1,3,3,3,4,33
1,0,0,2,2,4144,0,1,0,0,2,1,1,2,1,0,2,1,14,1,6,0,1,2,0,1,0,4,1,1,1,1,1,1,1,0,3,6,4,3,1,0,1,3,0,34
1,0,1,1,2,17798,1,1,0,2,2,1,3,2,1,0,1,0,0,1,12,1,1,2,0,1,0,2,1,1,1,1,1,3,1,0,3,6,4,3,1,1,1,3,3,26
0,0,1,2,2,20,0,1,0,0,2,1,1,2,1,0,2,0,0,1,12,0,1,1,1,1,1,3,0,0,2,1,1,1,-1,0,3,6,3,2,1,1,1,3,1,33
0,2,2,2,1,8391,1,1,0,0,2,1,3,1,1,0,1,0,0,1,12,0,1,1,2,1,1,4,1,1,2,1,1,1,-1,0,3,6,3,3,1,1,3,2,2,30
0,0,2,2,2,14987,0,1,0,0,2,1,3,2,1,0,2,0,0,1,6,0,1,1,1,1,1,4,1,1,2,1,1,1,-1,0,1,3,4,3,1,2,1,3,2,24
0,0,0,2,2,-1,0,1,0,0,1,0,0,0,1,0,1,0,0,1,4,1,1,2,0,1,0,0,1,1,1,1,1,0,1,1,3,3,3,2,1,0,1,3,1,15
1,0,2,1,2,316,0,1,0,0,2,1,1,1,1,0,1,0,0,1,4,0,1,0,0,1,1,4,1,0,1,1,0,3,2,4,3,6,3,3,1,2,1,3,2,28
1,0,0,1,2,-1,1,1,0,0,1,1,1,2,1,0,1,0,0,1,12,0,0,0,0,1,0,0,0,1,1,1,1,1,-1,0,3,6,1,2,1,2,1,3,0,34
0,0,2,0,2,7876,0,1,1,0,2,1,1,2,0,1,0,0,0,1,4,0,1,0,1,1,1,4,1,1,2,1,1,1,0,0,2,6,3,2,1,2,1,3,0,25
0,2,2,1,2,43128,0,1,0,0,2,0,0,0,0,1,1,0,0,1,4,1,1,1,0,1,0,0,0,1,2,2,1,0,-1,0,2,6,4,3,1,1,1,3,3,33
1,0,0,1,2,7872,0,1,1,1,2,1,3,2,1,0,2,0,0,1,3,0,1,0,0,1,1,4,1,1,2,1,1,1,0,0,2,6,3,3,1,0,1,3,0,30
1,2,1,2,2,2018,1,1,0,0,2,1,1,2,0,1,2,0,0,1,12,0,1,1,1,1,1,4,1,1,2,1,1,1,-1,0,3,6,3,3,1,1,1,3,2,26
0,0,2,1,2,-1,0,0,1,1,2,1,1,2,1,0,0,0,0,1,12,0,1,0,0,1,0,4,1,1,1,1,1,1,0,0,3,6,3,2,1,0,1,3,0,14
1,0,1,2,2,12043,0,1,0,0,2,1,3,2,1,0,2,0,0,1,12,1,1,0,2,4,1,4,1,1,2,2,0,1,2,5,2,6,2,3,1,0,1,3,4,30
1,2,2,2,2,-1,1,1,0,0,2,1,3,1,1,0,1,1,2,1,12,1,1,1,2,5,1,3,1,1,2,1,1,1,2,4,2,6,3,3,1,2,1,3,1,34
0,2,2,3,2,11459,0,1,0,0,0,1,3,2,1,0,2,0,0,1,1,1,1,0,2,1,1,4,1,1,2,1,0,1,1,3,2,6,3,3,0,0,1,3,1,34
0,2,2,2,2,1534,1,1,1,2,2,1,3,2,1,0,2,1,1,1,4,0,1,0,0,1,0,4,1,1,2,1,0,1,-1,0,3,6,4,3,1,2,3,3,0,34
0,0,1,1,2,4100,0,1,1,1,2,1,1,1,1,0,2,0,0,1,4,0,1,1,1,1,0,4,1,0,2,1,1,1,1,0,2,5,4,2,1,2,1,3,4,33
0,0,2,1,2,15,1,1,0,0,2,1,3,2,1,0,2,0,0,1,12,1,1,2,1,1,1,4,1,1,2,1,1,1,1,0,3,6,3,2,1,1,0,3,4,29
0,2,1,1,2,-1,0,1,1,2,2,1,1,2,0,1,2,0,0,1,3,0,1,0,0,1,1,4,1,1,1,1,0,3,1,4,3,3,3,2,1,1,1,3,1,28
0,0,0,1,2,1014,1,0,0,0,2,0,0,0,0,0,1,0,0,1,10,0,1,1,1,4,0,4,1,1,2,1,0,0,1,0,2,5,3,3,1,0,1,3,1,30
0,0,0,0,2,8679,0,1,0,0,2,1,1,2,1,0,2,1,12,1,12,0,1,1,1,1,1,4,0,1,2,1,0,1,1,1,2,6,3,3,1,1,1,3,2,28
1,2,1,2,2,-1,0,0,2,2,2,1,1,2,1,0,2,0,0,1,12,1,1,0,1,4,1,4,1,1,1,1,1,1,1,0,2,6,3,3,1,0,1,3,4,28
1,0,2,2,2,26648,1,1,0,2,2,1,3,1,0,1,1,0,0,1,4,0,1,0,1,1,1,4,1,1,2,1,1,1,1,0,3,6,3,3,1,1,1,3,2,34
1,0,2,3,2,5700,0,1,0,0,2,1,1,2,0,1,2,0,0,1,12,0,1,1,2,1,1,4,1,1,2,1,1,3,2,3,3,6,4,3,1,3,3,3,4,32
1,2,1,2,2,6451,0,0,0,0,2,1,1,2,1,0,0,0,0,1,4,0,1,0,1,5,1,4,1,1,2,1,1,1,0,0,2,2,2,3,1,2,3,3,0,33
0,0,2,2,2,12463,0,1,0,0,2,1,1,2,1,0,2,1,12,1,4,0,1,1,2,1,1,4,1,1,2,1,0,1,1,3,3,6,3,3,1,3,1,3,1,34
0,0,0,1,2,4880,0,1,1,1,2,1,1,2,1,0,0,0,0,1,4,0,1,0,0,4,0,3,0,1,1,1,0,1,0,0,1,5,2,2,1,2,0,3,0,25
0,0,2,1,2,6213,1,1,0,0,2,1,3,2,1,0,1,0,0,1,12,1,1,0,0,4,1,4,0,1,2,1,1,1,1,0,1,6,4,3,1,1,1,3,1,34
1,1,1,2,2,17914,0,1,1,0,2,1,3,1,1,0,2,0,0,1,12,0,1,2,2,1,1,4,1,1,2,1,1,1,1,0,3,6,2,3,1,1,3,3,3,34
1,0,1,2,2,-1,1,1,2,1,2,1,1,2,1,0,2,0,0,1,12,0,1,1,1,1,1,4,1,0,2,1,1,3,1,5,3,6,3,3,1,2,0,3,0,33
1,1,2,0,2,0,1,1,0,0,2,1,1,1,0,0,1,1,3,1,4,1,1,2,0,1,1,4,1,1,2,1,1,1,2,2,3,6,3,2,1,1,0,3,3,30
1,2,1,2,2,-1,1,1,0,0,2,1,1,2,0,1,0,1,1,1,6,0,1,0,2,1,0,4,1,1,2,1,1,1,0,0,2,6,4,3,0,1,3,3,0,33
0,2,3,1,2,-1,0,1,0,0,2,1,1,2,0,1,2,0,0,1,4,0,1,1,0,1,1,4,1,1,2,1,1,1,1,0,3,6,4,2,1,1,1,3,0,33
0,1,0,1,2,3340,0,0,1,0,2,0,0,0,1,0,1,0,0,1,4,1,1,0,0,4,0,2,0,1,1,1,0,0,1,0,2,6,3,2,1,0,1,1,3,27
1,0,1,2,2,4313,0,0,1,0,2,1,1,1,1,0,2,0,0,1,12,0,1,1,1,1,1,4,1,1,2,2,1,1,-1,5,1,6,2,3,1,2,1,3,2,33
0,0,2,3,2,11251,0,1,0,0,2,1,3,1,1,0,1,1,2,1,12,1,1,0,2,1,1,4,1,0,2,1,1,1,2,5,1,6,4,3,1,3,1,3,3,33
1,0,3,2,2,18454,1,1,1,1,2,1,1,1,1,0,1,0,0,1,4,0,1,1,0,1,1,4,1,0,2,1,1,1,1,0,0,6,4,3,1,1,0,3,3,34
0,0,3,1,2,28955,1,1,0,0,2,1,3,2,1,0,2,0,0,1,4,0,1,2,1,1,1,4,1,1,2,1,1,1,1,2,3,6,4,3,1,3,3,3,3,34
0,2,2,0,2,16262,1,1,0,0,2,1,3,1,1,0,1,1,4,1,12,1,1,2,2,1,0,4,0,0,2,1,1,1,2,4,2,6,4,3,1,1,1,3,3,34
0,0,1,3,2,7700,0,1,1,0,2,1,1,1,1,0,0,0,0,1,6,1,1,0,0,1,1,4,1,1,2,1,1,3,0,0,3,6,3,3,1,1,1,3,0,28
1,2,2,1,2,17762,1,1,1,2,2,1,3,1,1,0,1,1,2,1,12,1,1,1,1,1,1,4,1,1,2,1,1,1,1,0,2,6,3,3,1,1,1,3,3,28
1,1,2,1,2,0,0,1,0,0,2,1,1,1,0,1,2,1,3,1,3,1,1,2,0,2,1,4,1,1,1,1,1,1,2,1,1,6,4,2,1,2,1,3,1,30
1,0,0,2,2,2379,0,0,0,0,2,1,1,2,1,0,1,1,3,1,4,1,1,1,0,1,0,4,1,1,2,1,1,1,1,0,2,5,2,2,1,2,1,3,1,32
1,2,2,2,2,9262,0,1,1,1,2,1,1,2,1,0,0,0,0,1,4,0,1,0,2,1,1,4,1,1,2,1,1,1,0,0,1,6,3,2,1,1,0,1,0,34
0,2,1,3,1,84554,1,1,0,0,2,1,3,2,1,0,1,0,0,1,12,1,1,0,1,1,1,4,1,1,2,1,1,1,2,5,3,6,3,2,0,0,0,3,3,32
0,0,2,0,2,-1,1,1,0,0,2,1,1,2,1,0,2,0,0,1,5,0,1,0,0,1,0,4,1,1,2,1,1,1,-1,0,1,6,3,2,1,2,0,3,0,27
0,0,1,3,2,376,1,1,1,2,2,1,1,2,1,0,2,0,0,1,12,0,1,0,2,1,1,4,1,1,2,1,0,2,1,1,1,6,3,3,1,1,1,3,0,27
0,2,1,3,2,12581,1,1,2,2,2,1,1,2,0,1,1,0,0,1,12,0,1,0,1,1,1,4,1,1,2,1,0,1,1,0,3,6,4,2,1,3,1,3,0,33
0,0,2,3,2,27253,1,1,0,0,2,1,3,1,1,0,2,0,0,1,12,1,1,2,0,1,1,4,1,1,2,1,0,1,2,2,3,6,4,3,1,1,3,3,4,31
0,2,3,2,2,8377,0,1,1,2,2,0,0,0,1,0,2,0,0,1,12,0,1,0,2,1,1,4,1,1,2,1,0,0,-1,0,2,6,3,3,1,1,3,3,4,31
1,0,2,3,2,16048,1,1,0,0,2,1,1,2,1,0,2,1,1,1,12,0,1,1,2,1,1,4,1,1,2,1,1,3,2,3,2,6,3,3,1,3,3,3,4,32
0,0,0,0,2,9018,0,1,0,0,2,1,1,2,1,0,2,0,0,1,12,0,1,1,1,4,1,4,1,1,2,1,1,1,-1,5,3,6,3,3,1,1,1,3,1,33
1,0,1,1,2,15103,1,1,0,0,2,1,1,2,1,0,2,1,6,1,12,0,1,1,1,1,1,4,1,1,1,1,1,1,-1,0,3,6,3,3,1,1,1,3,4,32
1,0,2,2,2,11453,1,1,0,0,2,1,1,1,1,0,2,0,0,1,12,0,0,1,1,1,1,4,1,1,2,1,1,1,1,0,2,6,1,3,1,2,0,3,1,31
0,0,2,0,2,1500,0,0,0,0,2,1,3,1,1,0,1,0,0,1,4,1,1,2,2,4,1,4,1,0,2,1,1,1,2,2,2,6,3,3,1,1,1,2,4,32
0,2,4,0,1,63342,0,1,1,2,2,1,2,1,1,0,1,1,12,1,12,1,1,0,2,1,1,4,1,1,2,2,1,3,2,4,3,6,3,3,0,1,3,3,2,0
0,0,1,3,2,10149,1,1,1,2,2,1,3,2,1,0,2,0,0,1,6,0,1,1,1,1,1,4,1,1,2,1,1,3,2,4,3,6,4,3,1,1,1,3,2,32
1,0,0,1,2,-1,0,0,1,1,2,1,1,1,1,0,1,0,0,1,6,0,1,2,0,1,1,2,0,1,2,2,0,1,1,0,1,6,3,2,1,2,1,0,2,34
0,0,0,1,2,-1,0,1,1,1,2,1,1,1,0,1,2,0,0,1,4,0,1,0,0,4,1,3,1,1,1,2,1,1,-1,0,1,6,2,2,0,0,1,2,0,34
1,0,1,2,2,-1,1,1,0,0,2,1,3,1,0,1,1,0,0,1,1,1,1,1,0,1,0,4,0,1,2,1,1,1,1,0,3,6,3,3,1,2,0,3,2,30
1,2,2,1,2,-1,1,1,0,0,2,1,3,2,0,1,2,1,12,1,12,1,1,2,1,1,1,4,1,0,1,1,1,1,1,0,3,6,3,3,1,3,1,3,2,23
0,0,2,3,2,7066,0,1,0,0,2,1,1,2,1,0,2,0,0,1,12,1,1,1,2,1,1,4,1,1,2,1,1,1,2,5,2,6,3,3,1,2,0,3,3,32
0,2,2,2,2,19896,0,1,1,2,2,1,3,2,1,0,2,0,0,1,12,1,1,1,2,5,1,4,0,1,2,1,0,1,2,4,1,6,4,3,1,0,1,2,4,34
0,0,0,2,2,40107,0,1,1,1,2,1,1,2,0,1,2,0,0,1,12,0,1,1,1,1,1,4,1,1,2,1,1,1,1,0,2,6,4,3,1,1,0,3,2,34
1,2,0,1,2,-1,1,0,0,0,2,1,3,1,0,0,1,0,0,1,12,1,0,2,1,1,0,2,1,1,2,1,0,1,1,0,1,6,1,3,1,2,1,3,1,32
0,2,1,3,2,11215,0,1,1,1,2,1,3,1,1,0,2,0,0,1,6,1,1,0,2,1,1,4,0,1,2,1,1,1,0,0,2,6,4,3,1,3,1,3,4,29
0,0,2,2,2,8628,1,0,0,1,2,1,3,1,0,0,2,0,0,1,4,1,1,0,2,1,1,4,0,1,2,1,1,1,1,3,3,6,4,3,1,0,1,3,1,33
0,0,2,2,2,5768,0,1,0,0,2,1,1,1,1,0,2,0,0,1,4,0,1,2,0,1,1,4,1,1,2,1,1,1,0,0,1,6,4,3,1,2,1,3,0,25
1,0,1,2,2,5089,1,0,0,0,2,1,1,2,1,0,1,0,0,1,33,0,1,1,0,1,1,4,1,1,2,1,1,1,1,5,3,6,3,3,1,2,1,3,3,26
0,0,0,0,2,-1,0,0,0,0,1,1,1,2,0,0,2,0,0,1,4,0,0,0,0,2,0,0,0,0,1,2,0,1,1,0,1,0,1,2,1,0,3,2,0,29
0,0,0,2,2,59107,0,1,0,0,2,1,1,2,1,0,2,1,4,1,4,0,1,1,0,4,0,3,0,1,2,1,0,1,-1,0,3,6,3,3,1,2,1,3,2,33
1,0,2,2,2,12472,1,1,2,2,2,1,1,2,1,0,2,0,0,1,12,1,1,0,1,1,1,4,1,1,2,1,1,1,2,4,3,6,4,3,1,3,1,3,4,33
0,0,1,0,2,7421,0,1,0,0,2,1,3,2,1,0,1,0,0,1,4,0,0,1,0,4,0,4,1,0,2,1,1,1,-1,0,1,6,1,2,1,1,1,2,2,33
1,0,2,2,2,4952,1,1,2,2,2,1,3,2,1,0,1,0,0,1,12,0,1,1,2,1,1,4,1,1,2,1,1,1,2,2,3,6,4,3,1,2,0,3,2,25
0,0,0,3,2,18335,1,1,0,1,2,1,3,2,1,0,1,1,2,1,12,0,1,2,1,1,1,4,1,1,2,1,1,3,2,5,2,6,3,3,1,3,1,3,3,33
0,0,2,3,2,16344,0,1,0,0,2,1,3,1,0,0,2,0,0,1,4,0,1,0,2,1,1,4,1,1,2,1,1,1,-1,0,2,6,3,3,1,1,1,3,2,31
1,0,0,2,2,192,1,1,0,0,2,1,1,2,1,0,2,0,0,1,6,0,1,2,1,4,0,4,1,1,2,1,1,1,-1,0,2,6,4,3,1,1,3,3,3,33
0,0,1,2,2,9126,0,1,1,2,2,1,2,2,1,0,1,1,12,1,12,1,1,0,0,1,1,4,1,1,2,1,0,1,1,0,2,6,3,3,1,2,1,3,2,33
1,0,3,1,2,11607,0,1,0,0,2,1,1,2,1,0,2,0,0,1,12,0,1,0,2,1,1,4,1,1,2,1,1,3,-1,0,3,6,3,3,1,1,0,3,0,33
1,2,2,0,2,20157,1,1,0,0,2,1,3,2,1,0,1,1,3,1,4,1,1,2,2,1,1,4,1,0,2,1,1,3,2,5,3,6,3,3,1,1,3,3,4,31
0,0,1,3,2,4866,1,1,1,0,2,1,3,1,1,0,1,1,15,1,12,1,1,1,1,1,1,4,0,1,1,1,1,1,1,0,2,5,4,3,1,1,0,3,3,33
0,0,0,2,2,18950,0,1,0,0,2,1,3,1,1,0,1,0,0,1,4,1,1,1,1,1,1,4,1,1,2,1,1,1,2,3,3,6,4,2,1,3,3,3,2,32
1,0,2,3,2,2537,0,0,1,2,2,1,1,2,1,0,1,0,0,1,5,0,1,1,0,1,0,4,0,1,2,1,1,3,2,5,3,6,3,3,1,2,1,3,1,32
0,0,1,3,2,12751,1,1,0,0,2,1,1,1,1,0,2,0,0,1,8,1,1,2,1,1,1,4,1,1,2,1,1,1,1,5,3,6,3,3,1,1,1,3,2,27
0,0,1,1,2,3413,0,1,0,0,2,1,3,2,1,0,2,0,0,1,4,1,1,0,1,4,1,1,1,1,2,1,1,1,1,0,3,6,3,3,1,2,1,3,1,34
0,0,0,2,2,3507,0,1,0,0,2,1,1,2,0,0,0,0,0,1,5,1,1,2,0,4,0,1,1,1,1,2,1,1,0,0,2,6,3,2,1,2,1,3,0,31
0,0,1,2,2,9530,1,0,1,0,2,1,3,2,0,1,1,0,0,1,4,1,1,1,0,1,0,4,1,1,2,2,1,1,1,0,2,6,3,3,1,1,1,3,2,34
1,0,2,1,2,-1,1,1,0,0,2,1,3,2,1,0,2,0,0,0,0,1,1,2,1,4,1,4,1,1,2,1,1,1,1,0,3,6,3,2,1,1,0,3,1,29
1,0,2,1,2,2941,0,1,0,0,2,1,3,2,1,0,1,0,0,1,3,0,1,2,0,1,1,4,1,1,2,1,1,1,-1,0,3,6,3,3,1,2,1,3,0,34
0,0,2,2,2,-1,0,1,1,1,2,1,1,1,1,0,2,0,0,1,12,1,1,0,0,1,1,4,1,1,2,1,0,2,-1,0,2,6,2,2,1,1,3,3,1,29
1,0,2,2,2,14471,0,1,0,0,2,1,1,1,0,0,2,0,0,1,12,0,1,1,1,1,1,4,1,1,2,1,0,1,-1,0,2,6,2,3,1,1,3,3,1,31
1,2,2,1,2,7784,0,1,1,1,2,1,1,2,1,0,2,1,0,1,4,0,1,1,1,5,1,4,1,0,2,1,1,1,0,0,1,6,3,2,1,1,0,1,0,34
1,2,3,3,2,24585,0,1,0,0,2,1,3,1,0,0,2,1,12,1,12,1,1,1,1,1,1,4,1,1,2,1,1,1,2,1,3,6,4,3,1,1,1,3,4,34
1,0,2,3,2,2319,1,1,0,0,2,1,3,2,1,0,2,0,0,1,6,1,1,1,2,1,1,4,1,1,2,1,1,1,2,4,3,6,4,3,1,3,1,3,4,32
1,0,0,1,2,-1,1,1,0,0,2,1,1,2,0,0,2,0,0,1,6,0,1,1,0,4,0,0,1,0,1,1,1,1,1,0,3,6,3,2,1,2,2,0,3,34
1,0,2,3,2,10302,0,1,2,1,2,1,1,2,1,0,2,0,0,1,6,0,1,1,0,1,1,4,1,1,2,1,1,3,-1,5,2,6,4,3,1,1,3,3,4,30
0,0,0,2,2,8210,1,1,2,2,2,1,3,2,1,0,2,1,6,1,6,0,1,1,1,1,1,4,1,1,2,1,1,3,1,5,2,6,4,3,1,1,1,3,3,29
1,0,2,2,2,20059,1,1,0,0,2,1,3,1,1,0,1,0,0,1,3,1,1,1,2,1,1,4,1,1,2,1,1,1,1,0,3,6,3,3,1,3,1,3,2,30
0,0,1,2,2,-1,1,1,0,2,2,1,1,2,1,0,2,0,0,1,4,0,1,2,1,1,1,4,0,1,2,1,1,1,-1,0,1,5,4,3,1,1,1,3,1,28
0,0,2,3,2,5512,0,1,0,0,2,1,3,1,1,0,2,0,0,1,12,1,1,2,2,1,1,4,1,1,2,1,0,1,1,0,3,6,3,3,1,2,1,3,3,27
0,0,1,0,2,3128,0,0,1,1,2,1,1,2,1,0,0,0,0,1,3,0,1,0,2,1,1,4,1,0,2,1,1,1,0,0,1,6,4,2,1,2,3,3,0,33
0,0,1,3,2,17595,1,0,0,0,2,1,3,1,0,0,1,0,0,1,12,1,1,0,0,1,1,4,1,0,2,2,0,1,1,0,2,6,3,2,1,1,0,3,4,26
0,0,2,0,2,13251,0,1,1,1,2,1,3,2,1,0,2,0,0,1,3,0,1,2,2,4,1,4,1,1,2,1,0,1,1,1,2,6,3,3,1,1,3,3,1,32
1,0,1,1,2,11408,0,0,0,2,2,1,3,1,1,0,2,0,0,1,3,1,1,2,1,1,1,4,1,1,1,1,1,3,1,0,2,6,4,3,1,2,1,3,3,31
0,0,0,1,2,4193,0,0,1,2,2,1,1,2,1,0,2,0,0,1,6,0,1,2,0,4,0,0,0,0,1,2,0,1,-1,0,1,5,2,2,1,2,3,0,1,33
0,1,2,3,2,748,0,1,25,2,2,1,3,2,1,0,2,1,12,1,12,1,1,1,2,5,1,4,1,1,2,1,1,3,1,5,2,6,4,3,1,1,1,3,4,32
0,0,1,1,2,-1,1,1,2,2,2,1,1,2,0,1,1,0,0,1,6,0,1,1,1,1,1,4,1,1,1,1,1,1,1,0,2,6,4,2,1,2,3,3,0,25
0,2,2,1,2,9155,0,1,0,0,2,1,1,1,1,0,1,1,2,1,12,0,1,0,1,1,1,4,1,1,2,1,1,1,1,0,3,6,3,3,0,1,0,3,2,33
1,0,3,3,2,20225,1,0,1,2,2,1,3,2,1,0,1,0,0,1,4,0,1,0,1,1,1,4,1,1,2,1,1,1,1,0,2,6,3,3,1,1,3,3,2,29
0,2,1,3,2,15867,1,0,0,0,2,1,3,1,0,0,1,0,0,1,12,1,1,2,2,1,1,4,1,1,2,1,0,3,1,5,3,6,3,3,0,3,1,3,2,34
1,0,1,2,2,22572,1,1,1,2,2,1,3,2,1,0,2,1,12,1,12,1,1,1,1,1,1,4,1,1,2,1,1,1,-1,0,2,6,3,3,1,1,1,3,4,33
1,0,2,3,2,287,1,1,1,2,2,0,0,0,0,0,2,0,0,1,3,0,1,0,0,1,1,4,1,1,2,1,1,0,1,0,2,6,4,3,1,2,1,3,0,34
0,2,1,2,2,6925,0,1,0,0,2,1,3,2,0,1,2,0,0,1,12,1,1,1,0,1,0,4,0,1,2,1,1,1,2,1,3,6,4,3,1,2,1,3,4,26
0,2,1,2,2,4472,0,1,3,2,2,1,3,2,0,1,1,0,0,1,4,0,1,1,1,1,0,3,1,1,2,1,1,1,2,2,1,6,3,2,1,1,1,3,1,34
0,2,1,3,1,21370,1,1,1,1,2,1,3,2,1,0,1,0,0,1,12,1,1,1,0,1,1,4,1,1,2,1,1,1,2,5,3,6,4,2,0,1,1,3,4,32
1,0,2,2,2,77858,0,1,1,2,2,1,3,2,1,0,2,0,0,1,6,0,1,1,1,1,1,4,1,1,2,1,1,1,2,4,3,6,4,3,1,2,1,3,4,31
0,2,2,0,2,20440,0,1,1,1,2,1,1,2,1,0,2,0,0,1,4,1,1,1,2,1,1,4,1,1,2,1,1,2,1,0,1,6,4,3,1,1,3,3,0,34
0,0,1,1,2,9626,1,1,0,0,1,1,1,2,0,1,0,1,2,1,2,0,1,0,0,1,0,3,1,1,2,1,1,1,0,0,3,6,3,3,1,1,0,3,0,28
0,2,2,3,2,12250,1,1,1,1,2,1,3,2,1,0,1,1,12,1,12,0,1,2,2,1,1,4,1,1,2,1,1,3,1,0,2,6,4,3,1,3,1,3,0,33
0,0,2,1,2,15581,0,1,0,0,2,1,1,1,1,0,1,0,0,1,12,0,1,0,2,1,1,4,1,1,2,1,0,1,1,0,1,6,3,3,1,1,1,3,1,28
1,0,1,2,2,28899,1,1,1,2,2,1,1,2,1,0,2,1,2,1,6,0,1,2,2,1,1,4,1,1,2,1,1,1,1,5,3,6,3,3,1,3,3,3,4,33
0,0,0,0,2,-1,0,1,0,0,2,1,1,2,1,0,2,0,0,1,24,0,1,1,0,1,1,4,1,0,2,1,1,1,1,5,1,6,4,2,1,1,3,1,1,33
0,2,2,0,2,-1,0,0,0,0,2,1,1,2,0,0,0,1,4,1,4,0,1,1,2,1,1,4,1,1,2,1,0,1,0,0,2,5,4,3,1,2,0,3,0,33
0,0,1,3,2,3249,1,1,0,0,2,1,1,2,1,0,2,0,0,1,4,0,1,1,0,1,1,4,1,1,2,1,1,1,1,3,2,6,3,3,1,2,1,3,1,33
0,0,1,2,2,331,0,1,1,0,2,0,0,0,0,1,1,0,0,1,12,0,1,2,1,1,1,4,1,1,2,1,1,0,2,5,2,6,3,3,1,2,3,3,1,33
0,0,2,3,2,11508,0,1,0,0,2,1,3,2,1,0,2,0,0,1,12,0,1,1,1,1,1,4,1,1,2,1,1,1,1,3,1,5,3,2,1,1,1,3,4,23
1,0,0,1,2,6866,0,1,0,0,2,1,1,2,0,0,0,1,1,0,0,0,1,0,1,1,0,4,1,1,2,1,0,1,0,0,3,6,3,3,1,1,1,3,0,30
1,0,3,3,2,0,1,1,0,0,2,1,1,2,1,0,0,0,0,1,12,0,1,0,0,1,0,4,0,1,2,1,1,1,0,0,3,6,4,2,1,1,1,3,0,33
0,0,1,0,2,5029,0,0,2,1,2,1,1,2,1,0,0,0,0,1,4,0,1,0,2,1,1,4,1,0,2,1,0,1,0,0,1,6,4,2,1,1,1,3,0,33
1,0,1,2,2,5421,0,0,0,0,2,1,1,2,1,0,2,0,0,1,3,0,1,2,1,1,1,4,1,1,2,1,0,2,-1,4,3,6,3,3,1,1,1,3,4,26
1,2,0,2,2,402,0,1,1,2,2,1,1,2,1,0,2,0,0,1,8,0,1,2,2,1,1,4,1,1,2,1,1,1,0,0,3,6,3,3,1,1,1,3,1,32
0,2,2,2,2,6349,0,1,0,0,2,1,3,2,0,1,2,0,0,1,7,0,1,1,2,1,1,4,1,0,2,1,1,1,-1,3,2,5,4,3,1,1,0,3,4,33
0,2,2,2,1,8731,0,0,1,1,2,1,1,2,1,0,2,0,0,1,6,0,1,1,1,4,0,4,1,1,2,1,1,3,2,5,2,6,4,3,1,2,1,3,2,34
1,0,1,1,2,8734,0,0,0,0,2,0,0,0,0,1,0,0,0,1,4,0,1,0,0,1,1,4,1,1,1,1,1,0,0,0,2,5,3,2,1,1,3,3,0,33
1,0,0,1,2,5994,0,0,1,0,2,1,1,1,0,0,1,0,0,1,2,1,1,2,0,1,1,4,0,1,1,1,0,1,1,0,1,2,3,3,1,2,0,1,3,31
1,2,2,2,2,18244,1,0,0,0,0,1,3,2,1,0,0,0,0,1,11,0,1,2,2,1,1,4,1,1,2,1,1,1,0,0,3,6,3,3,1,1,1,2,0,33
0,0,0,2,2,3007,0,0,0,0,2,0,0,0,0,0,1,0,0,1,12,1,1,0,0,1,0,4,0,1,2,2,0,0,1,0,1,4,3,3,1,2,1,3,0,31
0,2,1,2,2,17999,0,1,1,2,2,1,3,2,1,0,1,1,1,1,12,1,1,0,2,1,1,3,1,1,2,1,0,1,-1,5,2,3,4,3,1,3,1,3,3,34
0,0,1,2,2,-1,0,0,0,0,1,1,3,1,1,0,2,0,0,1,3,1,1,2,0,1,1,4,1,1,2,1,1,1,1,5,2,6,3,2,1,2,1,2,2,25
1,0,2,0,2,12671,0,1,1,0,2,1,1,1,1,0,0,0,0,1,4,0,1,0,0,1,1,4,1,0,2,2,1,1,0,0,1,6,3,2,1,2,0,2,0,28
0,2,1,3,2,18878,1,1,0,2,2,1,3,2,1,0,2,0,0,1,12,1,1,1,0,1,1,4,1,1,2,2,1,1,1,0,3,3,4,3,0,1,3,3,4,29
0,2,2,3,1,424,1,1,0,0,2,1,1,1,1,0,1,0,0,1,1,0,1,1,0,1,1,4,1,1,2,1,1,1,1,0,1,6,4,2,0,3,1,1,4,29
1,2,2,3,1,58021,1,1,1,1,2,1,1,2,1,0,0,0,0,1,6,0,1,0,1,1,1,4,1,1,2,1,1,2,0,0,2,6,4,3,0,1,0,3,0,34
0,0,0,1,2,-1,1,0,0,1,2,1,3,2,0,0,1,0,0,1,2,1,1,2,1,1,0,3,0,1,1,2,0,1,1,0,1,6,2,2,1,0,2,0,1,33
1,0,1,1,2,-1,0,0,0,0,2,1,1,2,0,1,0,1,1,1,6,0,1,1,0,1,1,4,1,1,2,1,1,1,0,0,3,6,3,3,1,3,1,3,0,28
1,0,2,1,2,-1,1,1,0,0,2,1,3,2,1,0,1,1,2,1,9,1,1,2,1,4,1,3,1,1,2,1,0,1,1,0,3,6,3,3,1,2,1,1,2,34
1,0,2,1,2,2697,1,1,1,1,2,1,3,1,0,0,1,0,0,1,12,1,1,2,1,1,1,3,1,1,1,1,0,1,-1,0,2,6,4,3,1,1,1,2,2,31
1,0,0,1,2,-1,0,1,0,0,2,1,1,2,1,0,2,1,1,1,12,0,1,1,0,1,0,4,1,0,2,1,1,1,1,4,2,6,3,3,1,2,1,3,1,28
0,0,2,3,2,6321,0,1,0,0,2,1,1,1,1,0,2,1,6,1,6,0,1,1,2,1,1,4,1,1,2,1,1,1,1,5,3,6,4,3,1,3,1,3,4,31
0,2,3,3,2,9867,0,1,0,0,2,1,3,2,1,0,2,0,0,1,12,1,1,0,2,5,1,4,1,1,2,1,1,1,1,5,3,6,3,2,1,3,1,3,4,34
0,0,0,1,2,5642,0,1,1,2,2,1,3,2,1,0,1,0,0,1,4,1,1,0,0,1,0,4,0,1,2,1,0,1,1,0,1,6,4,3,1,2,1,3,3,24
1,0,2,1,2,-1,0,1,1,1,2,1,1,2,1,0,2,0,0,0,0,1,1,1,1,1,0,4,1,1,1,1,1,1,1,2,2,6,3,3,1,1,1,3,0,31
1,1,1,1,2,9988,1,1,0,0,2,1,3,2,1,0,2,1,6,1,6,0,1,1,0,4,1,4,1,1,1,1,1,1,1,5,2,6,3,3,1,2,1,3,3,32
0,2,2,2,1,18631,0,0,0,0,2,1,3,2,1,0,2,0,0,1,12,1,1,1,2,1,1,4,1,0,2,1,0,1,2,2,3,6,4,3,1,3,1,3,1,34
0,0,1,1,2,5213,0,1,1,2,2,1,1,1,1,0,1,1,1,1,6,0,1,0,0,1,1,4,1,1,2,1,1,1,1,0,3,6,3,3,1,0,2,3,4,34
1,0,1,1,2,10898,0,0,0,0,2,1,3,1,0,1,1,0,0,1,4,1,1,2,0,4,1,4,1,1,1,1,1,1,1,0,0,5,3,2,1,1,1,3,3,33
0,0,2,2,2,92,0,1,1,2,2,1,1,1,0,0,2,0,0,1,12,0,1,0,1,1,0,4,1,1,1,1,1,1,-1,0,3,6,4,2,1,2,1,3,0,34
1,0,2,3,2,28572,1,1,6,0,2,1,1,2,1,0,2,0,0,1,12,0,1,1,2,1,1,4,1,1,2,1,1,1,-1,0,2,6,4,3,1,3,1,3,0,28
0,0,2,2,2,3442,0,1,1,2,2,1,1,2,1,0,2,0,0,1,4,0,1,0,0,1,1,4,1,1,2,1,0,1,1,5,1,6,3,2,1,1,1,3,1,32
1,1,2,2,2,22020,0,1,2,1,2,1,1,2,1,0,0,0,0,1,12,0,1,0,1,1,1,4,1,1,2,1,1,1,0,0,2,6,3,3,1,2,1,3,0,32
1,0,1,1,2,7744,0,1,0,0,2,1,1,2,1,0,1,1,12,1,12,0,1,1,1,1,1,4,1,1,2,1,1,1,1,0,3,6,3,3,1,1,3,3,4,33
1,0,2,2,2,28377,1,1,1,2,2,1,3,2,1,0,1,1,4,1,4,1,1,1,2,1,1,4,1,1,2,1,1,1,1,0,2,6,4,3,1,1,1,3,3,29
1,0,2,2,2,6709,0,1,0,0,2,1,1,2,1,0,2,0,0,1,12,0,1,1,2,1,1,4,1,1,2,1,1,1,-1,0,3,6,4,3,1,1,1,3,3,30
0,0,0,2,2,5141,1,1,1,2,2,1,1,2,1,0,1,0,0,1,6,0,1,1,1,1,0,4,1,1,2,1,1,1,1,0,2,6,2,2,1,1,3,3,1,28
0,0,0,2,2,1252,0,0,1,2,2,0,0,0,1,0,1,0,0,1,4,0,1,0,1,4,0,4,0,0,2,2,0,0,2,4,1,6,3,2,1,2,1,3,4,32
1,0,1,1,2,11973,0,1,0,0,2,1,1,1,1,0,2,0,0,1,12,0,1,1,0,1,1,4,1,1,1,1,1,1,-1,0,2,6,4,3,1,0,1,3,2,32
0,0,2,2,2,16332,1,1,1,1,2,1,1,2,1,0,1,0,0,1,6,0,1,1,1,1,0,4,1,1,2,1,1,2,1,0,2,6,3,3,1,2,3,3,3,33
0,0,0,1,2,-1,0,1,3,0,2,1,1,2,1,0,0,0,0,1,2,0,1,0,0,0,0,1,1,1,1,1,1,2,0,0,2,3,2,2,1,0,1,3,0,30
0,0,0,1,2,11317,0,0,0,0,2,1,3,2,1,0,1,1,1,1,2,1,1,1,0,5,0,4,0,0,1,2,1,1,1,0,2,6,3,2,1,1,1,3,3,31
0,0,2,0,2,19,0,1,1,1,2,1,3,2,1,0,2,0,0,1,4,0,1,2,1,1,1,4,1,1,2,1,0,1,1,0,3,6,4,3,1,2,1,3,2,33
0,0,0,2,2,-1,1,1,0,0,2,1,3,1,0,0,0,0,0,1,6,1,1,0,0,1,1,4,1,1,2,1,1,1,0,0,2,6,4,2,1,2,1,3,0,25
1,0,2,2,2,19316,1,1,1,1,2,1,1,1,1,0,2,0,0,1,12,0,1,2,2,1,1,4,1,1,2,1,1,1,0,0,2,6,2,3,1,1,1,3,1,33
0,0,1,2,2,4852,0,1,0,0,2,1,1,2,1,0,2,0,0,1,4,1,1,2,0,1,1,4,1,1,2,1,1,1,1,0,3,5,3,3,1,2,2,3,0,33
0,0,2,3,2,16325,0,1,0,1,2,1,1,2,1,0,1,0,0,1,12,0,1,0,2,1,1,4,1,1,2,1,1,1,0,0,2,6,4,3,1,3,3,3,0,32
1,0,2,2,2,8919,0,1,0,0,2,1,3,2,0,0,1,1,2,1,12,1,1,0,1,1,1,4,0,1,2,1,1,1,1,0,2,6,3,3,1,2,3,3,3,31
0,0,1,3,2,28654,1,1,1,0,2,1,1,1,0,1,0,0,0,1,4,0,1,0,1,1,1,4,1,1,2,1,1,1,0,0,3,6,3,3,1,1,1,3,0,28
1,0,1,2,2,7656,0,1,0,0,2,1,1,2,1,0,2,0,0,1,12,0,1,0,1,1,0,4,1,1,2,1,1,1,-1,0,2,6,3,2,1,1,1,3,2,32
0,0,0,2,2,0,0,1,1,2,2,1,1,2,1,0,2,0,0,1,4,0,1,0,0,1,1,4,1,1,2,1,0,1,1,3,2,6,2,3,1,2,1,3,1,28
0,2,4,0,2,3568,1,1,0,0,2,1,3,2,0,1,2,0,0,1,12,1,1,0,2,1,1,4,1,1,2,1,1,1,2,5,3,6,3,3,1,1,3,3,3,34
1,1,1,2,1,-1,0,1,0,0,2,1,1,2,1,0,2,0,0,1,4,0,1,1,1,1,1,4,1,1,2,1,1,1,2,2,3,6,4,3,0,1,3,3,1,34
0,0,0,1,2,-1,0,1,1,1,2,1,1,2,0,1,1,0,0,1,4,0,1,1,1,4,0,4,1,0,1,1,1,2,1,0,2,6,3,2,1,2,3,3,3,19
1,0,1,2,2,7867,0,1,0,0,2,1,1,2,1,0,2,0,0,1,12,0,1,0,1,1,1,4,1,1,2,1,1,1,1,5,3,2,4,2,1,1,3,3,2,25
1,0,0,1,2,-1,0,1,0,0,2,1,1,2,1,0,2,0,0,1,12,1,1,1,1,1,1,4,0,1,2,1,1,3,1,0,2,5,3,3,1,1,1,3,2,30
0,0,0,1,2,6520,1,0,0,0,2,0,0,0,0,0,1,0,0,1,12,1,1,0,0,4,1,4,0,1,2,2,1,0,1,0,3,4,3,2,1,1,1,3,1,31
1,0,1,3,2,6406,0,1,0,2,2,1,1,1,0,1,2,0,0,1,4,0,1,1,1,1,0,4,1,1,2,1,1,1,1,4,2,6,3,3,1,1,1,3,3,28
1,2,2,2,2,459,0,1,0,0,2,1,3,2,1,0,2,0,0,1,12,0,1,1,2,1,1,4,1,1,2,1,1,1,2,5,2,6,4,3,0,3,3,3,3,31
1,0,3,2,2,22437,1,1,1,2,2,1,3,1,1,0,2,0,0,1,12,0,1,1,0,1,1,4,1,1,2,1,1,1,1,3,2,6,4,3,1,1,1,3,3,30
0,0,1,0,2,76,0,1,2,1,2,1,1,2,1,0,2,0,0,1,4,1,1,1,0,2,1,4,1,1,2,2,1,3,1,0,2,6,4,3,1,2,1,3,4,28
0,0,3,3,2,-1,1,1,0,0,2,1,1,1,1,0,2,1,3,1,12,0,1,0,2,1,1,4,1,1,2,1,1,1,2,3,0,6,3,2,1,1,3,3,4,33
0,0,0,2,2,3402,0,1,0,0,2,1,1,2,0,1,2,1,4,1,4,0,1,1,0,1,1,4,0,1,2,1,0,1,1,5,2,6,3,3,1,1,1,3,3,28
0,2,2,2,2,37938,1,1,1,1,2,1,3,2,1,0,1,1,1,1,12,0,1,1,2,1,1,4,1,1,2,1,1,1,1,5,1,3,4,3,1,1,1,3,2,34
0,2,3,2,2,27496,0,1,0,0,2,1,1,2,1,0,0,0,0,1,12,1,1,0,2,1,1,4,1,1,2,1,1,3,0,0,2,6,4,3,1,1,1,3,0,34
1,2,2,2,1,-1,1,1,1,1,2,1,3,2,1,0,1,1,12,1,12,1,1,1,2,1,1,4,1,0,2,2,1,1,1,0,3,6,3,3,1,3,1,3,4,23
1,0,1,2,2,10490,1,1,1,1,2,1,1,1,0,1,1,0,0,1,12,0,1,0,2,1,1,4,1,1,2,2,1,3,1,0,1,5,3,2,1,1,1,3,0,25
0,1,0,0,1,12866,0,0,0,0,2,0,0,0,1,0,1,0,0,0,0,0,1,0,2,1,1,3,0,1,1,2,1,0,2,1,0,6,4,0,0,3,0,2,2,0
0,2,0,1,2,129,1,1,0,0,2,1,3,1,0,0,1,0,0,1,4,1,1,2,2,1,1,4,0,0,1,1,0,1,1,0,2,6,3,3,1,1,1,3,1,29
1,0,2,3,2,108,1,1,1,1,2,1,1,2,1,0,0,0,0,1,12,0,1,1,0,1,1,4,1,0,2,1,1,2,0,0,2,6,4,3,1,1,3,3,0,32
0,2,3,3,2,-1,0,1,0,0,2,1,1,2,1,0,1,1,4,1,4,1,1,2,1,1,1,4,1,1,2,1,1,1,1,0,3,6,4,3,1,1,1,3,2,31
1,0,1,0,2,10523,0,1,1,2,2,1,1,2,1,0,2,0,0,1,8,0,1,1,2,1,1,4,1,0,2,1,1,3,1,5,2,6,4,3,1,1,3,3,1,32
1,2,2,2,1,28436,1,1,0,0,2,1,3,2,1,0,2,0,0,1,12,0,1,1,2,1,1,4,1,0,2,1,1,1,2,1,2,6,4,3,0,1,1,3,4,33
1,0,2,1,2,-1,0,1,0,0,2,0,0,0,0,0,0,0,0,1,4,1,1,0,0,1,0,2,1,1,1,2,0,0,0,0,1,6,3,0,1,1,0,2,0,26
0,2,2,2,1,25331,0,1,0,1,2,1,3,1,1,0,0,0,0,1,6,1,1,1,2,1,1,4,1,1,2,1,1,3,0,0,3,6,4,3,1,1,0,3,0,29
0,2,1,2,2,8918,0,0,0,0,2,1,1,1,1,0,2,0,0,1,6,0,1,0,1,1,1,3,0,1,2,2,1,1,1,3,1,5,4,2,1,1,1,3,1,33
0,0,1,2,2,2167,0,0,0,0,2,1,1,1,1,0,0,0,0,1,6,0,1,0,1,1,1,4,1,0,2,1,1,1,0,0,2,6,3,2,1,1,1,3,0,28
1,0,4,2,2,20675,1,1,0,0,2,1,3,2,1,0,2,0,0,1,2,0,1,2,2,1,1,4,1,1,2,1,1,1,-1,0,2,6,4,3,1,0,1,3,1,31
0,0,2,2,2,8300,0,1,0,0,2,1,3,1,1,0,2,0,0,1,4,1,1,1,1,1,0,4,1,1,2,1,1,1,1,0,2,6,3,2,1,1,1,3,1,33
0,2,2,3,2,8495,1,1,0,2,2,1,3,2,1,0,1,0,0,1,12,1,0,0,1,1,1,2,1,1,2,1,1,1,1,0,3,4,1,3,0,0,1,3,2,32
1,2,1,2,2,24912,1,1,1,2,2,1,3,1,0,0,1,0,0,1,12,1,1,2,2,1,1,4,1,1,2,1,1,1,2,1,2,6,3,3,1,1,1,3,4,33
0,0,3,0,2,13638,0,1,0,0,2,1,3,2,1,0,2,0,0,1,12,0,1,0,2,1,1,4,1,1,2,1,1,1,1,0,2,6,4,3,1,1,3,3,1,34
0,2,2,3,2,18763,1,1,0,0,2,1,3,2,0,1,1,0,0,1,12,1,1,1,2,1,1,4,1,1,2,1,1,1,2,5,1,6,4,3,0,1,0,3,3,31
1,0,1,3,2,38311,1,1,0,0,2,1,3,2,1,0,2,0,0,1,12,1,1,2,0,1,1,4,1,1,2,1,1,3,2,1,2,6,3,3,1,1,1,3,3,34
0,0,2,2,2,-1,0,1,0,2,2,1,3,2,0,1,2,0,0,1,4,0,1,1,2,1,1,4,1,1,2,1,1,1,-1,0,3,6,3,3,1,1,1,3,3,34
0,0,0,0,2,29854,0,1,0,1,1,1,3,1,0,1,1,1,2,1,6,1,1,1,0,1,1,4,1,1,2,1,0,1,2,2,2,5,3,3,1,3,3,3,4,28
0,0,0,2,2,4022,0,1,0,0,2,1,1,2,1,0,0,0,0,1,4,0,1,0,1,1,1,3,1,1,2,1,0,1,0,0,3,6,3,3,1,2,1,3,0,24
1,0,1,2,2,9983,1,1,1,1,2,1,1,1,1,0,0,0,0,1,4,0,1,1,2,5,1,4,1,0,2,1,1,3,0,0,3,6,3,3,1,3,3,3,0,25
1,0,1,3,2,21692,0,1,1,2,2,1,1,2,1,0,2,0,0,1,12,0,1,1,1,1,1,4,1,1,2,1,1,1,1,5,3,6,3,3,1,1,3,3,2,25
0,0,1,0,2,5159,0,1,0,0,2,1,1,1,0,1,2,0,0,1,4,1,1,0,1,1,1,4,1,1,2,1,0,3,2,2,0,6,4,2,1,1,1,3,1,33
1,0,3,0,2,-1,0,1,0,2,2,1,1,2,1,0,2,1,42,1,11,1,1,1,1,4,0,4,1,1,2,1,1,1,1,0,2,6,4,3,1,1,0,3,0,33
0,0,0,3,2,1366,0,1,0,0,2,0,0,0,0,1,2,0,0,1,4,0,1,1,1,1,0,4,1,1,2,1,0,0,-1,0,3,6,3,3,1,3,1,3,1,28
0,0,1,0,2,-1,0,1,1,1,2,1,3,2,0,0,1,0,0,1,41,1,1,1,1,1,1,4,1,0,2,1,0,1,1,0,2,6,3,2,1,2,0,3,3,33
1,0,1,3,2,5336,0,1,2,2,2,1,1,2,1,0,2,0,0,1,8,0,1,1,1,1,1,4,1,1,2,1,1,1,-1,0,1,6,4,3,1,1,1,2,4,32
1,2,0,2,2,0,1,1,0,0,2,1,3,2,0,0,2,1,8,1,12,1,1,2,2,1,1,4,0,1,2,1,0,1,1,0,3,6,2,3,1,1,1,3,1,23
1,0,2,0,2,1341,0,1,0,0,2,1,1,2,1,0,2,1,6,1,6,0,1,1,2,1,0,4,1,1,2,1,1,3,1,5,2,6,3,3,1,2,3,3,3,32
1,0,2,1,2,5220,1,1,0,0,2,1,2,2,1,0,1,0,0,1,12,0,1,0,0,1,0,0,0,0,1,1,0,1,1,0,1,6,4,1,1,3,0,3,3,33
0,2,0,0,1,135,0,1,0,0,2,1,1,2,1,0,1,0,0,0,0,0,1,1,2,1,1,4,1,0,2,2,0,3,2,4,0,3,4,0,0,1,3,1,4,0
0,0,0,0,2,365,0,0,0,0,2,1,1,2,1,0,2,0,0,1,4,0,1,2,0,4,0,4,0,0,1,2,1,1,-1,0,1,6,3,2,1,2,1,3,2,33
1,2,2,1,2,21358,0,1,1,0,2,1,3,2,1,0,1,0,0,1,4,0,1,2,2,1,1,3,1,1,2,1,1,1,1,0,2,6,3,3,1,1,0,1,2,34
1,2,2,2,1,8008,1,0,1,2,2,1,3,1,1,0,2,1,12,1,12,0,1,2,2,1,1,4,1,1,2,1,1,1,1,0,3,6,3,3,1,1,1,3,1,34
0,2,0,0,1,18736,1,1,2,1,2,1,3,2,1,0,2,1,1,1,6,1,1,0,2,1,1,4,1,1,1,1,1,3,2,5,1,6,4,0,0,1,1,3,4,29
1,0,0,1,2,162,0,1,1,0,2,1,3,2,1,0,2,0,0,1,4,1,1,2,1,1,0,3,0,1,1,1,0,1,1,0,2,3,3,2,1,1,3,3,4,31
0,0,2,1,2,2461,0,0,0,0,2,1,1,2,0,0,2,0,0,1,11,0,1,0,0,1,0,1,0,0,1,1,1,1,-1,0,3,5,3,2,1,2,1,3,0,29
0,2,2,3,2,20648,0,1,0,0,2,1,3,2,0,1,1,1,10,1,4,0,1,2,2,1,1,4,1,1,2,1,1,1,2,2,2,5,4,3,0,3,3,3,2,29
0,0,1,1,2,9072,0,1,1,1,2,1,3,1,1,0,2,0,0,1,4,1,1,2,2,1,1,4,1,1,2,1,1,3,1,0,1,5,3,3,1,0,1,3,2,30
1,0,1,1,2,304,0,1,1,1,2,1,3,2,1,0,2,0,0,1,12,1,1,2,0,1,0,4,1,0,1,1,1,1,-1,0,3,3,3,2,1,2,1,3,3,34
1,0,1,2,2,-1,1,0,0,0,2,1,1,2,1,0,0,0,0,1,4,1,1,0,0,1,0,4,1,1,2,2,1,3,0,0,1,6,3,2,1,2,1,3,0,25
0,1,3,0,1,17629,0,1,0,0,0,1,3,1,1,0,1,1,12,1,12,0,1,0,2,1,1,4,0,1,2,2,1,2,2,1,0,6,4,0,0,1,0,1,4,5
1,2,2,3,2,55944,1,1,0,1,2,1,3,2,1,0,2,0,0,1,12,1,1,1,2,1,1,4,1,1,2,1,0,3,2,1,1,6,4,3,1,1,1,3,1,33
0,0,3,0,2,4941,0,1,0,2,2,1,3,2,1,0,1,1,12,1,12,1,1,0,2,1,1,4,1,1,2,1,1,1,1,1,2,6,4,3,1,1,3,3,1,31
0,0,2,0,2,1279,0,1,1,2,2,1,1,1,1,0,1,0,0,1,12,1,1,1,1,1,1,4,1,1,2,1,1,1,1,0,2,6,3,3,1,1,1,3,2,32
0,2,2,2,1,10608,0,1,0,0,2,1,3,1,1,0,2,0,0,1,12,1,1,1,2,1,1,3,1,1,2,1,1,1,2,2,2,6,4,3,1,3,3,3,2,34
0,2,2,2,1,827,1,1,0,0,2,1,3,1,1,0,1,1,6,1,6,1,1,0,2,5,1,4,1,1,2,1,1,1,1,0,3,6,4,3,0,1,1,3,4,34
0,2,2,1,2,12590,0,1,0,0,2,1,3,1,1,0,1,0,0,1,12,1,1,1,0,1,1,4,1,1,2,1,1,1,2,1,2,6,4,2,1,1,1,3,4,33
0,1,2,2,2,8204,0,1,0,1,2,1,3,1,1,0,2,0,0,1,12,0,1,1,1,1,1,4,1,1,2,1,1,1,1,0,2,6,4,3,1,3,3,3,3,26
1,0,2,1,2,-1,0,1,1,2,2,1,1,2,0,1,0,0,0,1,4,0,1,0,0,1,1,4,1,1,1,1,1,1,0,0,2,6,3,2,0,1,3,3,0,30
0,0,2,2,2,3111,0,1,0,0,2,1,3,2,1,0,1,0,0,1,12,0,1,2,2,1,1,3,1,1,2,1,1,3,1,0,2,6,4,3,1,1,3,3,3,33
1,2,1,2,2,7264,0,1,0,0,2,1,3,2,1,0,2,1,2,1,1,1,1,1,0,4,1,4,1,1,2,1,1,1,1,0,3,6,4,2,1,2,1,3,3,31
0,0,2,0,2,909,0,1,0,0,2,1,3,2,1,0,1,0,0,1,4,0,1,1,2,1,1,4,1,1,2,1,1,1,-1,0,0,6,3,3,1,1,0,3,2,32
0,2,3,3,2,18920,1,1,1,1,2,1,1,2,1,0,1,0,0,1,4,1,1,1,2,1,1,4,1,1,2,1,1,1,1,0,3,6,4,2,1,3,3,3,3,31
1,0,2,1,2,9699,0,1,2,1,2,1,1,2,0,1,1,0,0,1,12,0,1,2,0,2,1,2,1,1,2,1,1,1,-1,0,2,6,4,3,1,1,1,3,4,34
0,0,0,2,2,5362,0,1,1,2,2,1,3,2,1,0,2,0,0,1,4,1,1,0,2,5,1,4,1,1,1,2,1,3,-1,0,1,6,4,3,1,3,3,3,4,32
1,0,3,3,2,8433,0,1,0,2,2,1,2,1,0,1,1,0,0,1,5,0,1,1,2,1,1,4,1,1,2,1,1,2,2,5,2,6,4,3,1,1,0,3,4,34
1,0,2,2,2,13579,0,1,1,1,2,1,3,2,0,1,0,0,0,1,4,1,1,0,2,1,1,4,1,1,2,1,1,1,0,0,2,6,4,3,1,1,1,3,0,30
0,2,2,2,2,15141,1,1,1,2,2,1,3,1,0,0,1,0,0,1,4,1,1,2,2,1,1,4,1,1,2,1,1,3,2,1,3,6,4,3,1,3,1,3,2,29
1,0,2,3,2,14628,0,1,1,2,2,1,1,2,1,0,2,0,0,1,6,0,1,2,2,1,1,4,1,1,2,1,1,1,1,3,2,6,4,2,1,1,1,3,0,32
1,0,2,0,2,20664,0,1,1,0,2,1,3,1,1,0,1,0,0,1,12,1,1,1,1,1,1,4,1,1,2,1,1,1,1,0,2,6,3,3,1,3,1,3,2,32
1,0,2,3,2,-1,1,1,0,2,2,1,3,2,1,0,2,0,0,1,8,1,1,2,1,1,1,4,1,1,2,1,1,0,2,5,1,6,4,2,1,1,3,3,0,33
0,2,0,0,2,4623,0,1,0,0,2,1,1,2,1,0,0,0,0,1,4,0,1,2,0,4,0,4,1,1,2,2,1,1,0,0,1,6,4,2,1,2,1,3,0,27
0,0,0,2,2,12355,0,1,0,0,2,1,1,2,1,0,1,0,0,1,12,1,1,1,2,1,1,3,1,1,2,1,1,1,-1,5,2,6,2,2,1,1,1,3,3,30
1,0,2,1,2,12630,0,1,0,0,2,1,3,2,1,0,2,0,0,1,12,1,1,1,2,1,1,4,1,1,2,2,1,1,1,0,3,6,3,3,1,1,1,3,2,33
0,0,0,2,2,4526,0,1,0,0,2,0,0,0,1,0,1,0,0,1,12,1,1,1,1,1,0,4,1,1,2,2,1,0,1,0,2,6,4,3,1,1,1,3,1,31
1,2,2,2,2,-1,0,1,0,2,2,1,3,2,1,0,2,1,2,1,4,1,1,2,1,1,1,4,0,1,2,1,0,1,2,1,3,6,3,3,1,1,3,3,3,31
0,2,2,3,1,23480,1,1,7,2,2,1,3,1,1,0,1,1,4,1,12,1,1,0,2,1,1,4,1,1,2,1,1,1,1,0,2,6,4,3,0,1,1,3,1,32
1,0,1,2,2,11745,0,0,0,0,2,1,1,2,1,0,0,0,0,1,12,0,1,0,0,1,0,4,1,1,2,1,0,3,0,0,1,6,4,3,1,1,1,3,0,32
1,0,2,2,2,8038,0,0,0,0,2,1,1,2,0,1,2,0,0,1,4,0,1,1,1,1,1,4,1,1,2,1,1,1,1,0,3,6,3,2,1,2,1,3,1,25
1,0,1,2,2,4893,0,1,0,0,2,1,1,2,1,0,0,0,0,1,4,0,1,0,0,1,1,4,1,1,2,1,1,1,0,0,3,6,4,3,1,1,1,3,0,31
0,0,0,3,2,2048,1,1,1,1,2,1,3,2,0,1,2,1,2,1,12,1,1,2,1,1,1,4,1,1,2,1,1,1,1,0,3,6,3,3,1,2,1,3,2,31
0,0,0,2,2,1990,0,1,0,0,2,1,1,1,1,0,2,1,1,1,4,0,1,1,1,1,0,4,1,1,2,1,1,1,1,1,3,6,4,3,1,1,1,3,1,26
0,0,3,3,2,2230,0,1,0,0,2,1,1,2,1,0,2,0,0,1,18,0,1,0,2,1,1,4,1,1,2,1,1,1,-1,0,2,6,4,3,1,1,1,3,0,29
1,2,2,2,2,12517,1,1,1,2,2,1,3,2,1,0,1,0,0,1,6,1,1,2,2,1,1,4,1,0,2,1,1,1,1,0,2,6,4,3,1,1,0,3,3,33
0,0,0,0,2,-1,0,0,0,0,2,0,0,0,0,0,1,0,0,1,4,1,1,2,0,1,0,4,1,0,1,2,0,0,1,0,1,6,2,2,1,2,3,1,3,26
1,0,1,1,2,-1,1,1,0,0,2,1,3,2,0,1,1,1,1,1,4,1,1,1,2,1,1,3,0,0,1,1,1,1,1,0,2,6,3,2,1,1,1,3,1,29
1,0,2,2,2,5253,1,1,1,0,2,1,1,2,1,0,0,0,0,1,4,0,1,0,1,1,0,4,1,1,2,1,0,1,0,0,2,6,3,3,1,2,1,3,0,33
0,2,3,0,1,-1,0,1,1,2,2,1,3,2,0,1,1,1,5,1,12,1,1,2,2,1,1,4,1,0,2,2,1,3,2,3,3,6,3,3,0,3,1,3,3,5
0,0,0,2,2,17150,1,1,0,0,2,1,1,2,1,0,2,1,4,1,12,0,1,1,2,5,1,4,1,1,2,1,1,1,1,4,2,6,3,3,1,1,1,3,3,34
1,0,2,1,2,13018,0,1,2,2,1,1,3,2,1,0,2,0,0,1,4,1,1,0,1,2,1,3,1,1,2,1,1,1,1,2,1,6,3,3,1,2,1,3,4,30
0,2,2,3,2,15827,0,1,0,0,2,1,3,2,1,0,1,0,0,1,12,1,1,0,2,1,1,4,1,0,2,1,1,1,2,1,3,6,4,3,1,1,1,2,1,34
1,0,3,1,2,5519,0,1,0,0,2,1,1,1,1,0,0,0,0,1,3,0,1,0,0,1,1,4,0,0,2,1,1,1,0,0,2,6,3,3,1,1,1,3,0,34
1,2,1,2,2,15913,1,1,0,0,1,1,3,1,1,0,2,0,0,1,12,0,1,0,2,1,1,4,1,1,2,1,1,1,1,2,3,6,3,3,1,1,1,3,4,33
1,0,1,2,2,5021,0,1,0,0,2,1,1,2,1,0,2,0,0,1,3,1,1,2,0,4,1,4,1,0,2,2,1,1,1,0,1,6,4,2,1,1,1,3,0,25
0,0,1,3,2,4858,1,1,0,0,2,1,3,1,1,0,2,0,0,1,11,0,1,1,1,1,1,4,1,1,2,1,1,1,1,3,3,6,4,2,1,0,1,3,3,32
1,0,2,0,2,10368,0,1,0,0,2,1,1,2,1,0,2,1,4,1,4,1,1,0,0,1,1,3,1,0,2,1,1,1,1,0,2,6,3,3,1,1,1,3,4,29
0,0,0,0,2,2697,1,0,0,0,2,1,1,2,1,0,1,0,0,1,10,0,1,2,1,1,1,4,1,0,2,2,1,2,2,3,2,6,3,3,1,1,1,3,4,28
1,0,2,1,2,5646,0,1,4,1,2,1,3,1,0,0,2,0,0,1,6,0,1,2,0,1,0,4,1,1,2,1,1,1,1,1,1,6,3,3,1,2,1,3,3,18
1,0,1,2,2,10279,1,1,1,2,2,1,1,2,1,0,2,0,0,1,6,0,1,1,1,1,1,4,1,0,2,1,1,1,1,4,1,6,4,3,1,3,3,3,2,30
1,0,0,1,2,-1,1,0,1,1,2,1,1,2,1,0,2,0,0,1,5,1,1,2,0,1,0,1,1,1,1,1,0,1,-1,0,2,6,3,3,1,2,1,1,0,25
1,0,2,0,2,18023,0,0,1,2,2,1,1,2,1,0,2,0,0,1,12,1,1,1,1,1,1,4,1,1,2,1,1,1,2,5,2,6,4,3,1,1,1,3,2,33
1,0,2,2,2,-1,0,1,0,0,2,1,1,2,1,0,2,0,0,1,6,0,1,0,2,1,1,4,0,1,2,1,1,1,-1,0,2,6,3,3,1,1,1,3,1,34
0,0,2,0,2,15311,0,0,1,1,2,1,1,2,1,0,2,0,0,1,12,0,1,2,2,5,1,4,1,0,2,1,1,1,1,0,3,6,3,3,1,1,2,3,3,34
1,0,1,1,2,11718,0,1,0,0,2,1,3,2,0,1,2,0,0,1,12,0,1,1,1,1,1,4,1,1,2,1,0,1,-1,0,3,6,2,3,1,0,1,3,2,18
0,1,3,3,1,5846,0,1,0,0,2,1,1,2,1,0,1,0,0,1,12,0,1,0,1,1,1,4,1,1,2,2,1,0,2,4,0,6,4,0,0,3,3,0,4,0
0,0,2,3,2,35043,1,1,0,0,2,1,3,2,0,1,2,0,0,1,12,1,1,0,2,1,1,3,0,1,2,1,1,1,2,2,2,6,3,3,1,3,3,3,3,32
0,0,2,3,2,32365,1,1,0,0,2,1,1,1,1,0,2,1,4,1,12,0,1,0,2,1,1,4,1,1,2,1,0,1,2,2,1,6,4,3,1,1,3,3,4,33
1,0,3,3,2,16760,1,1,1,2,2,1,1,2,0,1,1,1,2,1,2,1,1,1,2,1,1,4,1,1,2,1,1,1,1,0,2,6,4,3,1,1,3,3,4,34
1,2,1,2,2,-1,0,1,3,0,2,1,1,2,1,0,1,0,0,1,12,1,1,1,1,1,1,4,1,0,2,1,1,2,2,1,2,6,3,0,1,2,1,3,4,32
1,0,2,2,2,5900,1,1,0,0,2,1,1,2,1,0,0,0,0,1,4,1,1,0,0,1,0,4,1,1,2,1,1,1,0,0,2,6,3,3,1,1,3,3,0,32
0,0,1,2,2,-1,1,0,0,0,2,1,1,2,1,0,2,0,0,1,12,1,1,1,0,4,0,4,1,1,2,1,1,1,-1,0,3,5,3,2,1,3,1,3,2,29
1,0,0,1,2,4398,1,1,0,0,2,1,1,1,1,0,2,0,0,1,0,1,1,1,0,1,0,4,1,1,1,1,1,3,1,0,2,6,3,2,1,2,3,2,4,33
0,0,1,1,2,2356,0,0,0,0,2,1,1,2,1,0,0,0,0,1,3,0,1,0,0,1,0,4,0,1,1,1,1,3,0,0,1,6,4,0,1,2,3,3,0,33
0,0,1,2,2,2365,1,1,0,0,2,1,1,2,1,0,2,0,0,1,12,0,1,1,1,2,1,4,0,1,2,1,1,1,0,0,3,6,3,2,1,2,1,3,1,33
0,0,2,2,2,2527,0,1,0,0,2,1,3,2,1,0,2,0,0,1,12,1,1,1,0,4,1,4,1,0,2,1,1,1,2,3,2,6,4,3,1,2,1,3,2,34
0,0,0,2,2,21935,1,0,0,0,2,1,3,1,1,0,2,1,2,1,12,0,1,1,2,1,1,4,0,0,2,1,1,1,2,3,1,6,3,3,1,1,3,3,3,34
0,0,2,1,2,11931,0,1,0,0,2,1,1,2,1,0,2,0,0,1,6,0,1,0,1,1,1,4,0,1,2,1,1,1,1,5,2,6,3,3,1,2,1,3,0,30
0,0,0,2,2,5959,1,0,0,0,0,1,3,2,1,0,1,0,0,1,12,1,1,1,2,1,1,4,0,0,2,1,0,1,1,0,3,6,4,2,1,1,3,3,2,26
1,0,2,2,2,2147,0,1,1,2,2,1,1,2,1,0,2,1,1,1,6,0,1,0,1,1,1,4,0,1,2,1,1,1,-1,1,1,6,4,3,1,1,1,3,0,33
1,2,2,3,2,17366,1,1,1,1,2,1,1,1,0,0,2,1,2,1,6,0,1,0,2,1,1,4,1,1,2,1,1,1,-1,0,1,6,3,3,1,1,1,3,1,30
1,0,2,2,2,16531,0,0,0,0,2,1,1,2,0,1,1,0,0,1,4,1,1,0,1,1,0,4,1,0,2,1,0,1,1,0,2,6,3,3,1,2,1,3,2,31
0,2,2,2,1,11757,0,1,0,0,2,1,3,1,1,0,1,0,0,1,6,1,1,1,2,5,1,4,1,1,2,1,1,1,2,1,2,6,4,3,0,3,1,3,4,34
0,0,2,1,2,1246,0,1,0,0,2,1,1,2,0,1,2,0,0,1,12,0,1,1,0,4,0,4,1,1,2,1,1,1,-1,0,1,6,3,2,1,0,1,3,0,33
0,0,0,2,2,83083,1,1,1,2,2,1,3,2,1,0,1,0,0,1,12,0,1,2,1,1,0,4,1,1,2,1,1,1,1,0,2,6,3,2,1,1,1,3,4,27
0,0,3,3,2,29963,1,1,1,1,2,1,1,2,1,0,2,1,2,1,12,0,1,2,0,1,1,4,1,1,2,1,1,1,1,5,2,6,4,3,1,0,1,3,2,33
0,0,0,1,2,0,1,1,0,0,2,1,1,2,0,1,0,1,5,1,3,0,0,0,0,4,1,1,0,1,2,2,0,1,0,0,1,0,1,2,1,2,0,0,0,33
0,0,1,3,2,-1,1,0,1,2,2,0,0,0,0,1,1,0,0,1,12,0,1,2,1,1,0,4,1,1,1,2,1,0,1,0,2,6,4,2,1,2,0,3,2,32
0,0,2,3,2,3483,0,1,0,1,2,1,1,2,0,1,2,0,0,1,3,0,1,0,2,1,1,4,1,1,2,1,1,1,1,2,3,6,4,3,1,1,1,3,4,33
0,0,2,2,2,84000,1,1,0,0,2,1,1,2,1,0,2,0,0,1,6,0,1,1,1,1,0,4,1,1,2,1,1,1,0,0,2,6,3,3,1,3,1,3,4,0
1,2,1,2,2,-1,0,1,1,2,2,1,3,2,1,0,1,1,2,1,12,1,1,1,2,1,1,4,1,1,2,1,1,0,1,0,2,6,4,3,1,3,3,3,4,28
1,0,3,2,2,26241,1,1,0,2,2,1,1,2,1,0,2,1,3,1,4,0,1,2,2,1,1,4,1,1,2,1,1,1,-1,1,3,6,4,3,1,1,1,3,4,34
0,2,2,3,2,18919,1,1,1,2,2,1,3,2,1,0,2,1,3,1,12,0,1,1,2,1,1,3,1,1,2,1,1,1,1,0,3,6,4,3,0,3,1,3,4,33
1,2,1,2,1,36801,1,1,1,1,2,1,1,1,1,0,2,1,12,1,12,0,1,1,0,1,1,4,1,1,2,1,1,1,2,5,2,6,3,3,0,0,0,3,4,27
1,0,0,1,2,8327,1,1,1,1,1,1,3,1,1,0,2,0,0,1,6,0,0,0,0,5,1,4,1,1,1,1,1,3,2,5,3,6,1,3,1,3,1,3,4,30
0,0,2,0,2,6935,1,0,0,0,2,1,1,1,1,0,0,0,0,1,4,0,1,0,0,1,0,4,1,1,2,1,1,1,0,0,1,6,4,3,1,2,1,3,0,28
0,2,1,0,2,11040,0,1,0,0,2,1,3,2,1,0,1,0,0,1,12,1,1,0,2,1,1,4,0,1,2,1,1,1,1,0,3,6,3,2,1,1,1,3,3,31
0,0,2,1,2,8672,0,0,0,0,2,1,3,2,1,0,1,0,0,1,4,0,1,2,1,1,1,4,0,0,2,2,1,1,0,0,2,6,3,3,1,1,1,3,0,32
0,2,2,3,2,6129,1,1,0,0,2,1,3,1,1,0,1,0,0,1,12,1,1,1,2,1,1,3,1,1,2,1,1,3,1,5,3,6,4,3,1,1,3,3,3,34
1,0,1,2,2,19738,0,1,0,0,2,1,1,1,1,0,0,1,6,1,6,0,1,0,2,1,1,4,1,1,2,1,0,1,0,0,3,6,4,3,1,2,1,3,0,29
1,2,2,2,2,3301,0,0,2,1,2,1,1,2,1,0,0,0,0,1,4,0,1,0,0,4,1,4,1,1,2,1,1,1,0,0,3,6,3,3,1,1,0,3,0,34
0,2,2,0,2,15643,0,1,1,0,2,1,3,1,1,0,1,0,0,1,12,1,1,2,1,1,1,4,1,1,2,1,1,1,1,2,2,6,4,3,0,3,1,3,4,34
0,0,1,3,2,23060,1,1,1,1,2,1,3,2,1,0,1,0,0,1,12,1,1,2,2,1,1,4,1,0,2,1,1,1,1,0,2,6,3,3,1,1,1,3,1,33
0,2,2,2,2,25662,0,1,0,0,2,1,3,1,0,0,1,0,0,1,24,1,1,0,2,1,1,4,1,0,2,1,0,1,2,5,2,6,3,3,1,3,1,3,2,34
1,0,2,3,2,18752,1,1,0,0,2,1,3,2,1,0,2,0,0,1,12,1,1,1,1,1,1,4,1,0,2,1,1,1,1,0,3,6,4,3,1,1,1,3,4,31
1,0,2,2,2,-1,0,1,1,0,2,1,1,2,0,1,2,0,0,1,2,0,1,2,1,1,0,4,1,1,2,1,1,3,1,4,3,6,3,3,1,2,0,2,0,32
0,2,3,3,2,468,0,1,1,2,2,1,3,2,1,0,1,1,1,1,4,1,1,1,1,1,1,4,1,1,2,1,0,1,1,0,3,6,4,3,1,1,1,3,4,31
0,2,1,3,1,28307,0,1,1,2,2,1,1,2,1,0,1,0,0,1,12,1,1,0,2,1,1,4,1,1,2,2,1,1,1,0,1,6,4,3,0,3,1,3,3,31
1,0,0,1,2,2691,0,0,1,1,1,1,1,1,0,0,0,0,0,1,12,0,1,0,0,4,0,1,0,1,1,1,0,3,0,0,1,6,3,2,1,2,1,2,0,30
1,0,2,2,2,8700,0,1,0,0,2,1,1,1,1,0,2,1,12,1,12,0,1,1,1,1,1,4,1,1,2,1,1,3,1,1,3,6,4,2,1,2,1,3,0,29
0,0,1,3,1,517,1,1,0,0,2,1,3,2,1,0,3,0,0,1,12,1,1,1,2,1,1,2,1,0,2,2,0,1,2,4,1,0,4,3,0,0,1,1,4,32
1,2,2,2,2,7535,1,1,0,0,2,1,3,1,0,0,1,1,4,1,4,0,1,0,2,1,1,4,1,1,2,1,1,1,2,1,3,6,3,3,0,3,0,3,3,29
0,0,1,1,2,3109,0,0,0,0,2,1,1,2,1,0,0,0,0,1,4,0,1,0,1,1,0,4,1,1,2,1,1,1,0,0,1,6,3,2,1,1,1,3,0,33
0,0,2,0,2,-1,1,1,0,0,2,1,1,2,1,0,2,0,0,1,12,1,1,2,0,1,1,4,1,1,2,1,0,1,2,1,1,6,4,2,1,1,3,1,2,33
0,0,2,2,2,5258,0,1,0,0,2,1,3,1,1,0,3,0,0,1,4,0,1,0,1,1,0,4,1,1,2,1,1,1,-1,0,3,6,4,3,1,1,1,3,2,30
1,0,1,3,2,8481,1,1,0,0,2,1,1,2,1,0,0,1,5,1,4,0,1,0,1,1,1,4,1,1,2,1,1,1,0,0,3,6,3,3,1,2,3,3,0,25
0,0,1,3,2,-1,1,1,0,1,2,0,0,0,0,1,1,0,0,1,12,1,1,2,1,1,1,4,1,1,2,1,1,0,1,0,2,6,4,2,1,0,0,2,4,30
0,0,0,1,2,3886,0,0,0,1,1,1,1,2,1,0,1,0,0,1,2,1,1,0,0,4,0,0,1,0,1,2,1,1,-1,0,2,0,2,2,1,2,3,1,0,5
0,0,0,3,2,1514,1,1,0,0,2,1,1,1,0,0,2,0,0,1,4,0,1,0,0,1,1,4,1,1,2,1,0,1,-1,0,1,6,2,2,1,2,1,3,0,33
1,0,2,1,2,6087,0,0,1,0,1,1,1,2,1,0,0,0,0,1,4,0,1,1,0,1,0,4,1,1,2,1,1,2,0,0,2,6,2,2,1,2,0,3,0,32
1,0,1,2,2,3332,1,1,0,0,1,1,1,2,1,0,2,0,0,1,3,1,1,1,0,1,1,4,1,1,2,1,1,1,1,0,3,6,2,3,1,2,3,3,0,30
0,0,0,3,2,3533,0,1,0,0,2,1,3,2,1,0,2,0,0,1,12,0,1,1,1,1,1,4,0,1,2,1,1,1,-1,0,1,6,4,2,1,2,3,3,4,23
0,2,1,3,1,27641,1,1,1,2,2,1,3,2,1,0,1,1,2,1,2,0,1,0,1,1,1,4,1,1,2,1,1,1,2,2,1,6,3,3,0,1,1,3,4,29
0,0,0,1,2,1509,0,1,0,0,2,1,1,2,0,1,2,0,0,1,4,0,1,0,1,1,0,4,0,1,1,1,1,3,-1,0,1,6,3,2,1,2,1,1,1,33
1,0,3,2,2,-1,0,1,0,2,2,1,1,2,1,0,2,1,2,0,0,0,1,1,2,1,1,4,1,1,2,1,1,1,2,3,3,6,3,3,1,1,3,3,1,34
0,0,2,3,2,2387,0,1,1,2,2,1,3,1,1,0,2,0,0,1,12,1,1,0,1,1,1,3,1,1,2,1,0,3,0,0,3,6,3,3,0,3,1,3,4,33
1,2,3,2,2,-1,0,1,1,1,2,1,1,2,0,0,0,0,0,1,4,0,1,0,1,1,1,4,0,1,2,1,0,1,0,0,2,6,3,3,0,0,3,3,0,34
1,0,3,2,2,11487,1,1,0,2,2,1,1,2,1,0,2,1,4,1,4,0,1,0,2,1,1,4,1,1,2,1,1,1,2,5,3,6,3,3,1,1,1,3,4,34
1,2,2,1,2,23558,0,1,0,2,2,1,3,1,1,0,1,0,0,1,12,1,1,0,0,1,1,4,1,1,2,1,1,1,2,3,1,6,4,3,1,2,1,3,1,27
0,2,2,2,2,1510,0,0,0,0,2,1,1,2,1,0,1,1,6,1,6,0,1,0,2,1,1,4,0,1,2,1,1,3,1,5,3,6,3,3,0,3,3,3,4,34
1,2,2,2,2,20976,1,1,1,1,2,1,1,1,1,0,2,0,0,1,12,0,1,2,2,1,1,4,1,1,2,1,0,1,-1,0,2,6,3,3,1,3,0,3,2,29
0,0,0,1,2,2937,0,1,0,0,2,0,0,0,0,1,2,0,0,1,12,0,1,1,0,1,0,4,0,1,2,2,1,0,1,0,2,6,3,2,1,2,1,3,2,31
1,0,2,2,2,13879,1,1,1,1,2,1,3,2,0,1,1,1,6,1,6,0,1,1,2,1,1,4,1,0,2,1,1,3,-1,0,2,6,4,3,1,1,3,3,2,34
0,0,1,1,2,4316,1,1,1,2,2,1,3,1,1,0,1,0,0,1,3,1,1,1,0,1,0,4,1,1,2,1,1,1,1,0,3,6,3,3,1,1,1,3,4,34
0,0,1,0,2,10284,0,1,0,0,2,1,1,2,1,0,2,0,0,1,4,0,1,2,0,1,1,3,1,1,2,1,1,1,2,5,2,6,4,3,1,1,3,3,3,32
0,2,2,2,2,13674,0,1,0,0,2,1,3,2,1,0,1,0,0,1,12,0,1,2,2,1,1,4,1,1,2,1,1,3,2,5,2,6,4,3,1,1,1,3,2,32
0,2,2,3,2,4929,0,1,2,1,2,1,3,2,1,0,1,0,0,1,4,1,1,1,2,1,1,4,1,1,2,1,1,1,1,0,2,6,4,3,1,1,2,3,4,31
1,0,0,2,2,-1,0,1,0,0,2,1,1,2,1,0,2,0,0,1,12,0,1,0,2,1,1,4,0,1,2,1,1,1,2,5,2,6,4,3,1,2,1,3,1,32
1,0,2,2,2,2023,1,1,0,0,2,1,2,2,1,0,0,0,0,1,2,1,1,0,0,1,1,4,1,0,2,1,1,1,0,0,2,6,4,3,1,1,0,3,0,32
0,0,1,2,2,-1,0,1,0,0,2,1,1,1,1,0,2,0,0,1,12,0,1,0,0,1,1,4,0,1,2,1,1,1,-1,0,3,6,3,3,1,2,1,3,4,34
1,0,2,2,2,2400,0,1,0,0,2,1,1,2,1,0,2,0,0,1,11,1,1,0,1,1,1,4,1,1,2,1,1,1,1,5,2,6,4,3,1,2,1,3,2,32
1,2,2,2,2,29930,1,1,0,2,2,1,3,2,0,1,1,0,0,1,8,1,1,2,2,1,1,4,1,1,2,1,1,1,2,2,3,6,3,3,1,2,0,3,4,33
1,0,0,2,2,6500,1,1,1,1,2,1,1,2,1,0,1,1,12,1,12,1,1,2,0,1,1,4,1,1,1,1,1,1,1,0,2,6,3,2,1,2,3,3,4,28
0,0,2,2,2,-1,1,1,1,2,2,1,1,2,1,0,0,0,0,1,12,0,1,1,1,1,1,4,1,0,2,1,0,1,0,0,2,6,3,3,1,2,0,3,0,33
0,0,0,2,2,5824,0,0,1,2,2,1,1,1,1,0,0,0,0,1,12,0,1,0,1,1,1,4,1,1,2,1,0,1,0,0,2,5,3,3,1,2,1,3,0,33
1,0,1,1,2,8971,0,1,0,0,2,1,1,2,1,0,2,0,0,1,12,0,1,1,0,4,0,4,1,1,1,1,1,1,1,0,3,6,4,3,1,2,1,3,2,18
1,0,1,2,2,3314,0,1,0,0,2,1,1,1,0,0,1,1,3,1,3,1,1,1,1,1,1,4,1,1,2,1,0,1,-1,0,3,6,3,3,1,1,3,3,1,32
0,0,1,2,2,7315,0,1,0,0,2,1,1,2,1,0,2,0,0,1,4,0,1,1,0,2,0,4,1,1,2,1,1,2,1,3,3,6,3,3,1,2,1,3,2,30
0,0,0,2,2,4134,0,0,0,0,2,1,1,2,1,0,2,0,0,1,4,0,1,2,1,1,1,4,1,1,2,1,0,1,1,0,3,6,3,2,1,1,1,3,0,34
1,0,2,2,2,19091,0,1,1,0,2,1,3,1,1,0,2,0,0,1,12,1,1,1,2,1,1,4,1,1,2,1,1,1,1,0,3,6,4,3,1,1,1,3,4,27
1,0,2,0,2,6347,0,1,0,0,2,1,1,1,0,0,2,0,0,1,12,0,1,0,1,1,1,4,1,1,2,1,1,1,-1,0,2,5,2,3,1,1,1,3,4,28
0,0,0,1,2,2501,0,1,1,0,2,1,1,2,1,0,2,0,0,1,12,0,1,0,1,4,0,4,1,1,2,1,1,1,1,0,1,6,3,3,1,1,1,3,2,33
0,2,2,2,2,13065,1,1,1,2,2,1,1,2,1,0,1,0,0,1,4,1,1,0,2,1,1,4,0,1,2,1,1,1,2,2,2,6,4,3,1,0,1,3,3,34
1,0,2,1,2,5064,0,1,0,0,2,1,3,2,1,0,2,0,0,1,12,1,1,0,1,1,0,4,1,1,1,1,1,1,2,4,2,6,4,3,1,0,1,3,0,32
1,2,2,0,1,28847,0,1,4,1,2,1,1,2,1,0,1,0,0,1,6,1,1,1,2,1,1,4,1,0,2,1,1,1,1,0,2,6,4,3,1,3,3,3,4,28
0,0,0,1,2,17703,0,1,1,1,2,1,1,2,1,0,2,0,0,1,12,0,1,0,1,1,1,2,1,1,1,1,1,1,1,0,2,6,4,3,1,1,3,1,0,32
0,0,0,1,2,1764,1,1,1,1,2,1,1,2,1,0,0,0,0,1,4,0,1,0,1,4,0,4,1,1,2,1,0,1,0,0,1,6,2,3,1,1,3,3,0,33
1,0,1,2,2,23859,1,0,2,2,2,1,3,1,1,0,1,0,0,1,12,0,1,0,1,1,1,4,1,1,2,2,1,1,1,0,2,6,4,3,1,2,1,3,2,30
1,0,1,1,2,-1,0,1,1,2,2,0,0,0,1,0,0,0,0,1,4,0,1,0,0,1,0,4,1,1,2,2,0,0,0,0,2,5,3,2,1,1,1,3,0,26
0,2,2,3,2,1524,1,0,2,2,2,1,3,2,1,0,1,1,5,1,4,1,1,2,2,1,1,4,1,0,2,1,1,1,2,1,1,6,4,2,1,0,1,3,2,34
0,0,0,0,2,9089,0,1,0,0,2,1,1,2,0,1,2,0,0,1,12,0,1,2,0,1,1,4,0,1,2,1,1,1,0,0,3,6,3,2,1,2,3,3,2,19
0,0,2,2,2,14653,0,1,1,2,2,1,1,2,0,1,1,0,0,1,6,1,1,2,2,1,1,2,1,0,2,1,1,1,1,0,2,6,4,3,1,3,1,3,4,32
0,0,2,2,2,3731,1,1,1,1,2,1,1,2,1,0,2,0,0,1,12,0,1,0,1,4,1,4,1,1,2,1,1,3,-1,0,2,5,4,2,1,1,3,3,1,29
0,0,0,2,2,-1,0,1,1,2,2,1,1,2,1,0,0,0,0,1,3,0,1,2,0,4,1,4,1,1,2,1,1,1,0,0,2,6,3,2,1,2,3,3,0,30
1,0,2,0,2,-1,1,0,1,1,2,1,3,2,1,0,2,1,12,1,12,0,1,2,0,1,1,4,1,1,2,1,0,1,1,0,3,6,3,3,1,3,0,3,4,33
0,0,2,2,2,22025,0,1,0,0,2,1,3,1,1,0,1,1,4,1,4,1,1,1,2,1,1,4,1,1,2,1,1,3,2,4,3,6,4,3,1,1,1,3,4,32
1,0,2,2,2,1727,1,1,0,0,2,1,3,1,0,0,1,0,0,1,3,1,1,2,0,1,1,4,0,1,2,1,1,3,-1,0,3,6,3,3,1,2,0,2,1,33
0,0,0,1,2,7931,0,1,1,1,2,1,3,1,0,0,1,0,0,1,12,1,1,0,0,1,1,3,1,1,2,1,0,1,-1,0,2,5,4,3,1,2,3,3,2,32
0,2,1,2,2,8159,1,1,4,1,2,1,1,2,1,0,2,1,2,1,12,0,1,1,2,1,1,4,1,1,2,1,1,1,1,5,3,6,4,2,1,1,1,3,4,29
0,0,3,1,2,23199,1,1,1,2,2,1,3,1,1,0,2,0,0,1,12,1,1,1,2,1,1,4,1,1,2,1,1,3,-1,0,1,6,3,3,1,1,1,3,4,30
0,0,2,3,2,1284,1,1,0,1,2,1,1,2,1,0,2,0,0,1,4,0,1,1,0,1,0,4,1,1,2,1,1,1,2,5,1,6,4,3,1,2,1,3,3,28
1,0,0,1,2,10622,0,0,0,0,2,1,1,2,0,1,2,0,0,1,12,0,1,0,0,4,1,4,1,1,1,1,1,1,1,0,3,6,3,2,1,1,1,3,3,32
1,2,1,2,2,13882,1,1,0,2,2,1,3,1,1,0,2,0,0,1,12,0,1,1,1,1,1,4,1,1,2,1,1,1,-1,0,2,6,3,3,1,1,0,3,4,29
1,2,2,2,2,15659,0,0,1,2,2,1,3,1,0,0,2,0,0,1,4,1,1,0,1,1,1,4,1,0,2,1,1,1,1,0,2,3,3,2,1,1,3,3,2,34
1,0,3,3,2,9922,1,1,2,1,2,1,3,2,1,0,1,0,0,1,4,1,1,0,2,1,1,4,1,0,2,1,1,1,1,0,3,6,3,3,1,3,1,1,3,29
1,0,1,2,2,1001,1,0,1,1,2,0,0,0,1,0,1,0,0,1,12,1,1,2,0,1,1,4,1,0,1,1,1,0,1,0,2,6,3,3,1,2,1,3,2,33
1,0,2,3,2,-1,1,0,1,1,2,1,1,2,0,0,2,1,5,1,4,1,1,1,1,1,1,4,1,1,2,1,0,1,1,2,2,6,3,3,1,3,1,3,4,28
0,2,2,2,2,15580,0,1,1,2,2,1,3,2,1,0,1,0,0,1,4,1,1,2,1,1,1,4,1,1,2,1,1,1,-1,0,3,6,4,3,1,1,3,3,3,34
1,0,2,1,2,5023,0,0,1,1,2,1,1,2,1,0,0,0,0,1,6,1,1,0,0,5,0,4,1,1,1,1,1,1,0,0,3,6,3,3,1,1,1,3,0,33
1,2,3,2,2,34658,1,0,0,0,2,1,1,1,1,0,2,0,0,1,8,0,1,0,1,1,1,4,1,1,2,2,1,1,-1,1,3,6,4,3,0,1,1,3,4,34
1,0,2,2,2,41504,0,0,0,0,2,1,1,2,1,0,2,0,0,1,3,0,1,1,0,1,1,4,1,1,2,1,1,1,-1,0,3,6,3,3,1,1,1,3,3,34
0,0,0,3,2,16098,1,1,0,0,2,1,1,2,1,0,1,0,0,1,6,0,1,0,2,1,1,4,1,1,2,1,0,1,1,0,2,6,4,2,1,3,3,3,1,30
0,0,0,2,2,23884,0,1,0,2,2,1,1,2,1,0,1,0,0,1,6,0,1,1,1,1,1,4,1,1,2,1,1,1,2,2,3,6,3,3,1,3,3,3,2,32
1,0,2,1,2,5868,1,0,0,0,2,1,1,2,1,0,2,0,0,1,4,1,1,0,2,1,1,4,1,1,2,1,1,1,-1,0,2,6,4,2,1,1,1,3,0,32
1,0,1,2,2,10370,1,1,0,1,2,1,1,2,1,0,1,0,0,1,12,0,1,0,1,1,1,4,1,1,2,1,1,1,0,0,3,6,4,3,1,1,3,3,0,31
1,0,0,2,2,8883,0,0,0,2,2,1,3,2,1,0,2,0,0,1,12,1,1,1,2,1,1,2,1,0,2,1,0,1,1,0,0,2,3,3,1,3,1,3,4,27
0,2,3,3,2,7651,1,1,0,0,1,1,1,2,1,0,1,0,0,1,4,1,1,0,2,1,1,4,1,1,2,1,1,1,1,5,2,6,3,3,0,2,1,3,1,34
1,0,0,1,2,-1,1,1,2,2,2,1,3,2,0,0,0,0,0,1,4,1,1,0,1,1,1,4,1,1,2,2,0,1,0,0,1,6,3,3,1,2,1,3,0,34
0,0,1,0,2,-1,0,1,1,1,2,1,1,2,1,0,1,0,0,1,12,0,1,1,1,1,1,4,1,1,2,1,1,1,1,0,3,6,4,3,1,1,3,3,1,34
1,2,1,2,2,24228,1,1,0,0,2,1,3,1,0,0,1,1,2,1,4,0,1,0,2,1,1,4,1,1,2,1,1,1,1,0,2,6,4,3,1,1,0,3,2,34
0,0,3,3,2,23949,1,1,0,0,2,1,3,2,1,0,2,0,0,1,12,1,1,2,1,1,1,4,1,1,2,1,1,1,1,1,0,6,4,3,1,1,1,3,2,33
0,0,2,3,2,22978,1,1,0,2,2,1,1,2,1,0,2,1,4,1,4,1,1,0,2,1,1,4,1,1,2,1,1,1,1,5,3,6,4,3,1,1,1,3,2,34
0,1,0,3,1,8708,0,1,1,2,2,1,1,2,1,0,3,0,0,1,12,0,1,0,2,1,1,4,1,1,2,2,1,1,-1,0,0,6,4,0,0,0,1,1,0,4
0,0,0,2,2,19810,0,1,1,1,2,1,1,2,1,0,2,0,0,1,4,0,1,1,2,1,1,4,1,0,2,1,1,1,1,5,2,6,3,3,1,1,1,3,2,34
1,1,2,0,2,15766,1,1,1,2,2,1,1,2,1,0,2,0,0,1,4,0,1,1,2,1,1,4,1,1,2,1,1,2,-1,0,3,6,4,3,1,3,3,3,0,33
1,0,2,2,2,-1,0,1,1,2,2,1,3,2,1,0,2,0,0,1,12,1,1,1,2,1,1,4,1,1,2,1,1,1,2,1,2,6,3,3,1,1,0,3,4,34
1,0,0,1,1,-1,0,0,0,0,2,0,0,0,0,1,0,0,0,1,3,0,1,0,0,4,0,0,0,0,1,2,0,0,0,0,1,6,3,2,1,2,3,0,0,32
0,0,0,3,1,70501,0,1,1,2,2,1,1,2,1,0,1,0,0,1,4,0,1,0,2,1,1,4,1,0,2,2,1,0,2,1,1,6,3,0,0,3,1,3,0,3
0,0,2,2,2,18091,0,1,0,0,2,1,3,1,1,0,2,0,0,1,6,0,1,2,2,1,1,4,1,1,2,1,1,3,2,4,3,6,3,3,1,3,3,3,3,32
1,0,1,2,2,2908,1,1,0,0,2,1,1,2,1,0,1,0,0,1,12,1,1,1,0,4,1,4,1,1,2,1,1,1,2,5,2,6,4,3,1,2,3,3,3,31
1,2,2,1,2,17776,1,1,1,1,2,1,1,1,1,0,0,0,0,1,3,0,1,0,2,1,1,4,1,0,2,1,1,1,0,0,1,6,2,3,1,1,0,3,0,34
0,0,1,2,2,7526,0,1,0,0,2,1,1,2,1,0,2,0,0,1,4,0,1,2,2,1,1,4,1,1,2,1,1,1,0,0,2,6,4,3,1,1,3,3,1,30
0,2,2,3,1,6087,0,0,0,2,2,1,1,2,1,0,1,0,0,1,12,0,1,2,2,1,1,4,1,1,2,2,1,1,0,0,2,6,4,3,0,1,3,3,0,33
0,0,0,1,2,1650,0,1,0,0,2,0,0,0,0,0,0,0,0,1,3,0,1,0,0,1,1,4,0,1,2,1,0,0,0,0,2,6,3,2,1,0,1,3,0,33
0,0,2,0,2,-1,0,0,1,2,2,1,1,1,1,0,0,0,0,1,12,0,1,1,0,1,1,4,1,1,2,1,0,1,0,0,2,6,4,2,1,2,0,3,0,34
1,2,2,0,2,21629,1,1,1,1,2,1,3,2,1,0,1,0,0,1,12,1,1,1,2,1,1,4,1,0,2,1,0,1,2,1,2,6,4,3,1,3,1,3,4,28
1,1,1,2,2,230,1,1,0,0,2,1,1,2,1,0,1,0,0,1,3,0,1,1,0,1,1,4,1,1,1,1,1,2,1,0,2,6,3,2,1,2,1,3,2,30
0,0,2,2,2,5793,0,1,0,0,2,1,3,1,0,0,2,0,0,1,12,1,1,1,1,1,0,2,1,1,2,1,1,1,1,5,1,6,3,3,1,1,3,3,2,22
0,0,0,1,2,0,0,0,0,0,2,1,1,2,1,0,1,0,0,0,0,0,0,2,1,1,1,4,1,1,1,1,1,1,1,0,0,6,1,2,1,0,1,3,1,29
0,0,2,3,2,0,1,1,0,0,2,1,1,1,1,0,2,1,1,1,1,0,1,1,2,1,1,4,1,1,2,1,0,3,1,4,2,6,3,3,1,1,3,3,0,33
1,2,2,2,1,11693,0,1,0,0,2,1,1,2,1,0,2,0,0,1,12,1,1,0,2,1,1,4,1,1,2,1,1,1,1,0,2,6,3,3,0,2,1,3,2,34
1,0,0,1,2,-1,0,1,1,0,2,0,0,0,0,1,1,1,1,1,4,0,1,2,0,4,0,2,0,0,1,1,0,0,1,0,2,6,3,2,1,0,1,0,4,30
1,0,2,2,2,14554,1,1,1,1,2,1,1,1,1,0,2,0,0,1,12,0,1,1,2,1,1,4,1,1,2,1,1,1,1,0,1,6,3,3,1,2,1,3,4,34
1,0,1,0,2,7371,0,1,1,2,2,1,1,2,1,0,2,0,0,1,12,0,1,1,1,1,1,4,1,1,2,1,1,1,-1,0,2,6,3,3,1,2,0,3,3,29
0,2,0,0,2,15,0,1,0,0,2,1,1,2,1,0,1,0,0,1,4,1,1,1,0,4,0,4,1,0,1,2,1,1,1,0,1,0,3,2,1,1,1,2,2,33
0,2,2,0,2,15928,0,1,1,2,2,1,3,2,0,0,1,1,1,1,6,1,1,1,1,1,1,4,1,1,2,1,1,1,2,5,2,6,4,3,0,1,3,3,4,28
1,1,2,2,2,21705,0,1,0,0,2,1,3,2,1,0,2,0,0,1,4,0,1,1,0,1,0,4,1,1,2,1,1,1,1,4,1,6,4,3,1,1,1,3,4,31
0,0,0,3,2,9486,1,1,0,0,2,1,3,2,1,0,1,0,0,1,9,1,1,2,0,4,1,4,1,1,2,1,1,1,1,0,3,6,3,2,1,3,1,3,2,33
0,0,2,2,2,4865,1,1,1,2,2,1,1,2,1,0,2,0,0,1,4,1,1,1,1,1,1,4,1,1,2,1,1,1,0,0,2,6,3,2,1,3,1,3,3,0
0,0,2,2,2,4858,0,1,1,2,2,1,1,1,1,0,2,0,0,1,4,0,1,2,1,1,1,4,1,1,2,1,1,1,1,3,2,6,4,3,1,2,3,3,3,32
1,2,1,1,2,118,0,1,1,0,2,1,3,1,1,0,2,1,3,1,48,1,1,1,0,4,1,4,1,1,1,2,0,1,-1,0,1,6,3,2,1,2,1,3,3,32
0,2,1,2,2,7297,0,1,1,2,2,1,1,2,0,0,2,0,0,1,4,0,1,0,1,1,1,4,1,1,2,1,1,3,2,2,3,6,4,3,1,1,1,3,4,29
0,2,2,3,2,4085,0,0,1,2,2,1,1,2,1,0,0,1,1,1,12,0,1,0,2,1,1,4,1,1,2,1,1,1,0,0,3,6,4,3,1,1,1,1,0,31
0,0,1,3,2,6822,1,1,0,0,2,1,1,2,0,1,0,0,0,1,12,0,1,0,2,1,0,4,1,1,2,1,0,3,0,0,3,6,3,2,1,2,3,3,0,19
0,0,1,3,2,-1,0,1,0,0,2,1,3,1,1,0,2,0,0,1,12,0,1,2,1,0,1,4,1,1,2,1,1,1,2,4,2,6,3,3,1,1,1,3,4,32
0,0,2,1,2,-1,0,0,1,1,2,1,3,2,0,1,0,0,0,1,4,1,1,0,0,1,0,4,0,1,1,1,0,1,0,0,3,6,3,3,1,1,1,3,0,28
1,0,1,2,2,3464,0,0,0,0,2,1,1,2,1,0,2,0,0,1,4,0,1,1,1,1,1,4,1,1,2,1,1,1,-1,0,3,6,3,2,1,2,1,3,1,25
1,0,2,3,2,12878,1,1,0,0,2,1,1,2,1,0,1,0,0,1,12,0,1,1,1,5,1,4,1,1,2,1,1,1,2,2,3,6,3,3,1,2,1,3,3,33
0,2,2,2,2,23697,1,1,1,2,2,1,1,2,0,1,0,0,0,1,4,0,1,0,2,1,1,4,1,1,2,1,1,1,0,0,2,6,3,3,0,1,3,3,0,33
0,0,0,2,2,4103,1,1,0,2,2,1,1,1,1,0,2,0,0,1,12,1,1,2,2,5,1,4,1,0,2,1,1,1,1,0,2,6,2,3,1,3,3,3,3,34
1,0,0,3,2,-1,0,1,1,2,2,1,1,1,1,0,2,0,0,1,12,0,1,1,2,1,1,4,1,1,2,1,1,1,1,5,2,6,4,3,1,1,1,3,3,16
1,0,2,0,2,1212,1,1,0,0,2,1,3,2,0,1,2,1,1,1,4,0,1,1,2,1,1,4,1,1,2,1,1,1,2,5,3,6,4,3,1,3,1,3,4,34
0,2,0,3,1,2585,0,0,0,0,1,1,3,1,1,0,3,0,0,1,12,1,1,0,2,1,1,4,1,1,2,1,1,1,2,4,3,6,3,2,0,0,1,1,4,32
1,0,2,2,2,9304,0,1,0,0,2,1,3,2,1,0,2,0,0,1,4,1,1,2,2,1,1,4,1,1,2,1,1,1,1,5,2,6,3,3,1,3,0,3,3,34
1,0,2,0,2,666,1,1,3,2,2,1,1,2,1,0,1,0,0,1,4,0,1,2,0,1,1,4,1,0,2,1,1,1,1,0,1,6,4,3,1,2,0,3,1,32
0,0,0,2,2,25583,1,0,1,2,2,1,1,2,0,1,1,0,0,1,4,0,1,0,2,1,1,4,1,1,2,1,1,3,1,2,3,6,3,3,1,1,3,3,0,33
1,0,1,1,2,11132,1,1,1,2,2,1,1,1,1,0,2,0,0,1,6,0,1,0,2,1,1,4,1,1,2,1,1,1,1,2,2,6,4,3,1,1,1,2,0,18
1,0,1,2,2,2661,0,1,0,0,2,1,1,2,1,0,0,0,0,1,3,0,1,1,1,1,0,3,1,1,2,1,1,1,0,0,2,6,3,3,1,2,1,3,0,32
0,0,2,3,2,8000,0,1,1,2,2,1,1,2,1,0,2,0,0,1,4,0,1,1,0,1,1,4,1,1,2,1,1,1,1,1,1,6,2,2,1,1,3,2,1,32
1,0,0,1,2,-1,0,1,2,2,2,1,2,1,1,0,0,1,1,1,4,0,1,0,0,1,1,4,1,1,2,1,1,3,0,0,2,6,3,3,1,2,1,3,0,31
1,2,2,3,1,47321,1,1,0,0,2,1,1,1,0,0,2,1,1,1,15,0,1,0,2,1,1,4,1,1,2,1,1,1,-1,4,2,6,3,3,0,3,1,3,2,34
0,2,0,1,2,2168,0,0,1,0,2,1,3,2,1,0,2,0,0,1,2,0,1,0,0,2,0,0,1,1,2,2,1,1,0,0,2,6,3,2,1,2,1,3,0,34
1,0,1,3,2,17258,1,1,0,0,2,0,0,0,0,1,1,0,0,1,12,1,1,1,2,1,1,4,1,0,2,1,1,0,1,0,1,6,4,3,1,1,1,3,3,33
1,0,2,2,2,32371,1,1,0,0,2,1,3,1,0,0,2,0,0,1,6,1,1,1,0,1,1,4,1,1,2,1,1,1,1,0,3,6,3,3,1,2,1,3,3,31
1,2,3,2,2,13759,1,1,3,2,2,1,3,2,1,0,1,0,0,1,4,1,1,0,1,1,1,4,1,1,2,1,1,3,1,0,2,6,4,3,1,3,1,3,4,34
0,0,0,1,2,24002,0,0,0,0,1,1,1,2,1,0,2,0,0,1,6,0,1,2,0,4,0,2,1,0,1,1,1,1,-1,0,1,6,3,2,1,2,1,1,0,30
0,1,2,2,2,519,0,1,1,1,2,1,1,2,1,0,0,0,0,1,4,0,1,0,1,1,1,4,1,1,2,1,1,2,0,0,1,6,2,2,1,1,1,3,0,33
1,0,1,1,2,-1,1,1,1,1,2,1,3,2,1,0,2,0,0,1,12,1,1,1,2,1,1,3,1,1,2,1,1,3,1,0,2,6,3,3,1,2,1,3,4,29
1,0,2,2,2,13914,0,1,0,0,2,1,1,2,1,0,2,1,3,1,12,0,1,1,0,1,1,4,1,1,2,1,1,1,1,5,2,6,3,3,1,2,1,3,3,32
1,0,2,0,2,19872,1,1,1,1,2,1,1,1,0,0,2,0,0,1,12,0,1,0,1,1,1,4,1,1,2,1,1,1,-1,0,3,6,3,2,1,2,3,3,2,19
1,2,2,2,2,22144,1,1,1,2,2,1,1,1,0,0,1,0,0,1,6,0,1,2,1,1,1,4,1,1,2,1,1,3,1,0,2,6,4,3,0,3,1,3,1,34
0,0,0,1,2,-1,0,1,0,0,2,1,1,2,0,0,2,0,0,1,4,1,1,0,0,4,1,4,0,0,1,1,1,1,-1,0,2,6,3,2,1,0,1,1,3,33
0,0,2,3,1,12386,0,0,0,0,1,1,1,1,1,0,3,1,1,1,12,1,1,0,2,1,1,4,1,1,2,2,0,1,1,0,3,6,3,3,0,0,0,1,3,32
0,0,2,3,2,1895,0,1,0,0,2,1,1,2,1,0,2,1,1,1,12,0,1,0,2,1,1,4,1,1,2,1,0,1,-1,0,3,6,3,2,1,1,1,3,3,32
0,1,3,2,2,42295,1,1,0,0,2,1,1,2,1,0,1,0,0,1,6,0,1,1,2,1,1,4,1,1,2,1,1,1,1,4,3,6,4,3,1,1,3,3,2,33
1,0,1,1,2,11346,0,1,1,2,2,1,3,1,1,0,2,0,0,1,12,1,1,1,0,1,1,4,1,1,2,1,1,1,2,4,1,5,3,3,1,1,3,3,1,30
0,0,1,2,2,6151,0,0,0,0,2,1,1,2,0,0,2,1,2,1,12,0,1,0,0,1,1,4,1,1,2,1,1,1,0,0,1,6,3,3,1,2,3,3,1,31
1,0,0,2,2,1066,0,1,0,0,2,1,3,1,0,0,1,0,0,1,2,1,1,2,2,1,1,4,1,1,2,1,1,1,1,0,2,6,2,3,1,0,3,3,2,31
0,0,0,2,2,17492,0,1,0,0,2,1,1,2,1,0,1,1,12,1,12,1,1,1,2,1,1,4,1,1,2,1,1,2,1,0,2,6,4,3,1,1,3,3,0,33
1,0,3,2,2,16751,0,1,0,0,2,1,1,1,0,0,2,0,0,1,12,0,1,0,0,1,0,4,0,1,2,1,1,1,1,0,2,6,3,3,1,2,1,3,2,31
1,0,0,2,2,9240,1,1,2,2,2,1,3,1,1,0,1,0,0,1,6,1,1,1,1,1,1,4,1,1,2,1,1,3,1,0,2,4,4,3,1,1,1,3,4,32
1,1,1,1,2,3139,1,1,0,0,2,1,1,2,1,0,1,1,2,1,6,1,1,1,0,1,1,3,0,1,2,1,1,1,2,4,3,6,4,2,1,1,0,3,2,29
1,0,2,3,2,10787,1,0,1,2,2,1,3,2,1,0,1,0,0,1,6,0,1,2,2,1,1,4,1,1,2,1,1,1,1,0,2,6,4,3,1,1,1,3,3,32
1,0,1,2,2,47795,1,1,0,0,2,1,3,2,1,0,1,1,2,1,9,1,1,1,2,4,1,4,1,1,2,1,1,1,1,5,2,6,3,3,1,1,1,3,2,31
1,0,1,1,2,7160,1,1,0,0,2,0,0,0,0,0,1,0,0,1,4,0,1,0,1,1,0,4,1,1,2,2,1,0,1,0,2,6,3,3,1,2,0,3,3,32
0,0,1,1,2,2747,1,0,1,2,2,1,3,1,1,0,1,0,0,1,12,0,1,1,1,4,0,4,1,1,2,1,1,1,1,0,3,6,3,2,1,0,1,1,3,32
1,0,2,2,2,17139,1,1,0,0,2,1,3,2,0,1,1,0,0,1,12,0,1,0,0,1,1,4,1,1,2,1,1,1,1,0,3,6,4,3,1,1,1,3,1,33
0,1,0,3,1,-1,0,1,1,1,1,0,0,0,0,1,3,0,0,0,0,0,1,0,2,1,1,4,1,1,2,2,1,0,1,0,0,6,3,0,0,1,1,0,2,5
1,0,1,2,2,0,0,1,2,1,2,1,3,2,1,0,1,0,0,1,4,1,1,0,1,1,1,4,1,1,2,2,1,1,-1,0,3,0,4,3,1,1,0,3,2,34
1,2,2,3,2,16314,1,1,1,2,2,1,3,2,0,1,1,1,1,1,12,1,1,2,2,1,1,4,1,0,2,1,1,1,1,0,3,6,4,3,1,1,0,3,4,32
0,0,0,1,2,6553,0,0,0,0,2,1,3,2,1,0,2,0,0,1,4,0,1,1,0,4,1,4,1,0,1,2,1,3,1,0,2,6,4,2,1,1,1,1,2,31
0,2,2,2,1,8438,0,1,1,2,2,1,1,2,1,0,1,0,0,1,12,0,1,0,2,1,1,4,1,1,2,1,0,1,0,0,3,6,4,2,1,1,3,3,0,30
0,0,0,2,2,12696,0,1,0,0,2,1,1,1,0,0,2,0,0,1,6,0,1,0,1,1,1,4,1,1,2,1,1,1,-1,0,2,6,3,2,1,1,1,3,1,32
0,0,1,3,2,27786,0,1,0,0,2,1,1,2,1,0,0,0,0,1,6,0,1,1,2,1,1,4,0,0,2,1,1,1,0,0,1,6,4,3,1,1,3,3,0,33
0,2,2,0,2,7820,0,1,0,0,2,1,3,1,1,0,1,1,4,1,4,1,1,1,0,1,1,4,1,1,2,1,1,1,1,0,3,6,3,3,1,2,1,3,1,31
0,0,2,2,2,10399,1,1,1,2,2,1,3,2,1,0,1,1,3,1,12,1,1,1,1,1,1,4,1,1,2,1,1,1,1,0,2,6,4,3,1,1,1,3,2,28
0,0,2,2,2,7827,0,1,0,0,2,1,1,2,1,0,2,0,0,1,4,1,1,2,2,1,1,4,1,1,2,1,1,1,-1,0,1,6,4,3,1,0,1,2,1,32
0,0,1,1,2,-1,1,1,1,1,2,1,1,1,0,0,2,0,0,1,4,0,1,0,0,1,0,0,1,1,1,1,1,1,-1,0,2,6,4,2,1,0,1,3,2,32
0,0,3,3,2,3447,0,1,0,0,2,1,1,1,0,1,0,0,0,1,6,0,1,0,1,1,1,4,1,0,2,1,1,1,0,0,3,6,3,2,1,1,1,3,0,28
1,2,1,3,2,2245,0,1,5,2,2,1,3,2,0,1,2,0,0,1,12,1,1,1,1,1,1,4,1,1,2,1,1,1,1,0,3,6,4,3,1,1,1,3,3,29
0,2,2,3,2,26515,1,1,1,2,2,1,3,2,1,0,1,0,0,1,6,1,1,1,0,1,1,4,1,0,2,1,1,1,1,5,2,6,4,2,0,1,2,3,4,29
1,2,3,2,2,35938,1,1,0,0,2,1,3,2,1,0,1,0,0,1,12,1,1,0,2,1,1,4,1,1,2,1,1,1,0,0,3,6,4,3,1,3,0,3,1,34
0,0,0,2,2,-1,1,1,1,1,2,1,1,1,1,0,2,1,1,1,12,0,1,1,2,1,1,4,1,0,2,2,0,1,2,5,3,6,3,3,1,3,1,3,1,28
0,0,0,1,2,1897,1,1,0,0,2,0,0,0,0,0,1,0,0,1,12,0,1,2,0,1,0,2,0,1,1,2,1,0,1,0,2,6,3,2,1,2,1,1,3,32
0,0,0,2,2,681,1,0,0,0,2,1,1,2,1,0,1,0,0,1,12,1,1,0,1,1,0,4,1,0,2,2,1,3,1,0,2,5,1,2,1,1,0,3,2,34
0,0,3,3,2,4800,0,1,0,0,2,1,1,1,1,0,2,1,2,1,12,1,1,0,0,1,1,4,1,1,2,1,1,1,1,0,3,6,4,3,1,1,1,3,4,33
0,0,1,2,2,10162,1,1,0,0,2,1,3,2,1,0,1,0,0,1,4,1,1,1,1,1,1,4,1,0,2,1,1,3,1,0,2,6,3,3,1,1,3,3,4,34
1,0,3,2,2,23400,0,0,0,1,2,1,3,2,1,0,1,1,12,1,12,1,1,0,2,1,1,4,1,1,2,1,1,3,2,3,2,6,4,2,1,2,1,3,2,33
0,0,0,1,2,0,0,0,0,0,2,1,1,2,1,0,1,0,0,1,3,0,1,0,2,5,0,0,0,0,1,2,0,1,1,0,2,6,3,2,1,1,1,1,1,34
0,0,1,3,2,-1,0,1,0,0,2,1,3,1,1,0,1,0,0,1,12,1,1,1,1,1,1,2,1,0,2,1,1,1,-1,0,1,6,3,2,1,0,0,3,3,27
0,2,0,2,2,29517,0,1,0,0,2,1,1,2,1,0,1,0,0,1,5,0,1,0,2,1,1,4,0,0,2,1,1,1,0,0,2,6,4,2,1,2,1,3,0,33
1,0,1,0,2,-1,0,1,0,1,2,1,1,2,1,0,2,0,0,1,6,0,1,1,1,1,1,4,1,1,2,1,1,1,1,1,2,6,2,3,1,2,1,3,0,33
1,0,1,2,2,8657,1,1,0,0,2,1,1,1,1,0,1,0,0,1,4,1,1,1,0,4,1,4,0,1,2,1,1,1,1,0,3,2,2,3,1,2,1,3,0,22
0,0,1,2,2,1836,1,1,1,1,2,1,3,2,1,0,2,0,0,1,12,1,1,1,0,2,1,4,1,1,1,1,1,1,2,3,3,6,3,3,1,2,1,3,3,26
1,0,0,1,2,-1,0,1,1,2,2,1,1,2,1,0,2,1,1,1,4,0,1,0,0,1,1,4,1,1,1,1,1,3,-1,0,3,6,3,3,1,2,0,1,2,34
0,2,3,3,1,9011,1,1,0,2,2,1,1,2,0,0,2,0,0,1,1,1,1,1,1,1,1,4,1,1,2,1,1,3,2,1,3,6,3,3,0,0,1,3,2,31
0,0,0,0,2,7260,0,1,0,0,2,1,1,2,1,0,2,0,0,1,4,0,1,0,0,1,1,4,0,1,2,1,0,1,0,0,1,5,3,2,1,1,1,3,0,32
0,2,2,3,1,23979,0,1,0,0,2,1,1,1,1,0,0,0,0,1,12,0,1,0,1,1,1,4,1,1,2,2,0,1,0,0,2,6,4,3,0,1,1,3,0,31
1,2,2,2,2,15234,1,1,1,1,2,1,3,1,1,0,1,0,0,1,12,1,1,1,2,1,1,4,1,1,2,1,0,1,1,0,2,6,4,3,1,2,0,3,4,30
0,0,1,2,2,10612,1,1,0,0,2,1,1,2,1,0,0,0,0,1,12,0,1,2,0,1,1,4,1,1,2,1,1,1,0,0,3,6,3,3,1,1,1,3,0,33
0,2,2,3,1,14674,1,1,0,0,2,1,1,1,1,0,0,1,3,1,12,0,1,2,2,1,1,4,1,1,2,1,1,1,0,0,2,6,4,3,1,1,0,3,0,33
0,0,2,1,2,286,1,1,1,0,2,1,1,2,0,1,2,0,0,0,0,0,1,0,0,4,1,4,1,1,1,2,1,1,0,0,2,6,3,2,1,1,1,3,0,33
1,2,2,2,2,111,0,1,1,2,2,1,3,1,1,0,2,0,0,1,0,1,1,1,2,1,1,4,1,1,2,1,1,3,2,3,2,6,4,3,1,3,1,3,2,32
0,2,0,0,1,8502,0,0,0,0,2,1,2,2,1,0,1,0,0,1,12,0,1,0,2,1,1,4,1,1,2,1,1,1,2,3,2,6,3,3,0,3,1,3,2,34
0,0,0,1,2,6144,0,0,1,2,2,1,3,1,0,0,1,0,0,1,4,1,1,1,0,4,0,3,0,1,2,2,0,1,1,0,3,3,3,2,1,1,1,3,4,33
0,0,2,3,2,285,0,1,0,0,2,1,2,2,1,0,1,0,0,1,10,0,1,0,0,1,1,4,1,0,2,1,1,2,1,0,3,6,3,2,1,3,1,3,0,32
1,0,2,2,2,11961,1,1,0,2,2,1,1,2,1,0,2,1,2,1,4,0,1,0,2,1,1,4,1,1,2,1,1,3,1,5,3,6,4,3,1,1,1,3,1,34
0,0,3,2,2,955,1,1,0,0,2,1,3,1,1,0,2,1,6,1,6,1,1,2,1,1,1,4,1,1,2,1,1,1,1,0,2,6,4,3,0,1,3,3,3,34
0,2,2,2,2,14788,1,1,1,2,2,1,3,2,1,0,1,1,1,1,12,1,1,2,1,1,1,4,0,1,2,1,1,1,2,5,2,6,4,3,0,1,3,3,4,34
0,0,2,2,2,-1,0,1,0,0,2,1,1,2,0,1,0,1,2,1,6,0,1,2,0,1,0,4,1,1,2,1,1,1,0,0,3,5,4,2,1,1,3,3,0,28
1,0,2,3,2,60176,0,1,0,0,2,1,1,1,1,0,2,0,0,1,1,0,1,1,2,5,1,4,1,1,2,1,1,1,-1,0,0,6,4,3,1,1,1,3,1,32
0,0,0,2,2,3978,0,1,0,0,2,1,1,2,0,1,2,1,4,1,4,0,1,1,0,1,0,4,1,0,2,1,1,2,0,0,3,6,3,2,1,2,1,3,1,25
1,0,0,1,1,3524,0,0,0,0,2,0,0,0,0,1,1,0,0,1,8,1,1,2,0,4,0,1,0,1,1,1,0,0,1,0,0,6,3,2,1,1,1,3,0,32
1,0,2,2,2,10061,1,1,0,0,2,1,1,2,1,0,2,0,0,1,4,1,1,1,2,1,1,4,1,1,2,1,0,1,2,4,3,6,4,3,1,1,1,3,2,34
1,0,0,1,2,3307,1,1,1,2,2,0,0,0,0,1,1,0,0,1,12,1,1,2,1,4,0,3,1,0,1,2,1,0,-1,0,2,5,4,2,1,1,3,3,2,32
0,0,2,2,2,-1,0,1,1,1,2,1,3,2,1,0,1,0,0,1,4,1,1,1,1,1,1,4,1,1,2,1,1,1,-1,0,2,5,3,2,1,2,1,3,2,33
0,2,3,2,1,30560,1,1,3,0,2,1,2,1,1,0,2,1,2,1,4,1,1,0,2,1,1,4,0,1,2,2,1,2,-1,0,2,6,3,3,0,2,1,3,3,34
0,0,0,1,2,233,0,1,1,1,2,0,0,0,0,1,2,0,0,1,6,1,1,0,0,4,0,2,1,0,1,2,0,0,1,0,1,3,3,2,1,0,1,3,1,34
1,2,1,2,2,27912,0,1,0,0,2,1,1,2,1,0,2,0,0,1,12,1,1,1,2,1,1,4,1,1,2,1,1,3,2,1,2,6,4,3,1,1,1,3,0,32
0,0,0,1,2,8000,0,0,1,2,2,1,1,2,1,0,0,0,0,1,4,0,1,0,0,1,0,0,0,1,1,1,0,1,0,0,2,6,2,2,1,2,1,3,0,28
1,2,0,1,2,2569,1,1,0,0,2,1,1,2,1,0,0,0,0,1,12,0,1,0,0,1,0,4,1,1,2,1,0,1,0,0,3,6,3,3,0,1,1,3,0,33
1,0,1,1,2,10378,0,1,0,0,2,1,1,1,0,1,2,1,1,1,12,0,1,2,0,1,0,4,1,1,1,1,1,1,2,4,2,6,4,3,1,2,1,3,3,28
1,0,1,1,2,23341,1,1,0,0,2,1,1,2,1,0,2,0,0,1,12,0,1,1,0,4,0,4,1,1,2,1,0,1,-1,0,1,6,4,3,1,1,1,3,3,29
1,0,2,2,2,13480,0,1,0,2,2,1,1,1,1,0,2,0,0,1,3,0,1,1,2,1,1,4,1,1,2,1,1,1,1,3,2,6,3,3,1,3,1,3,3,34
0,0,2,0,2,7719,0,1,0,0,2,1,1,2,1,0,0,0,0,1,12,0,1,1,1,1,1,4,1,1,2,1,1,1,0,0,3,6,3,2,1,1,1,3,0,31
1,2,2,0,2,23107,0,1,1,2,2,1,3,2,0,1,2,0,0,1,6,0,1,2,2,1,1,4,1,1,2,1,1,3,2,3,2,6,4,3,0,1,1,3,4,29
1,0,1,1,2,11500,0,0,1,0,2,1,1,2,1,0,0,0,0,1,12,0,1,0,0,1,1,4,1,1,1,1,1,3,0,0,2,6,3,2,0,1,1,3,0,31
0,0,0,3,2,15458,0,0,2,1,2,1,1,2,1,0,1,0,0,1,12,0,1,1,1,1,1,4,1,1,2,1,0,1,-1,0,2,6,3,3,1,1,1,3,4,27
0,0,0,3,2,2037,0,1,0,0,2,1,1,1,0,0,2,0,0,1,12,1,1,0,2,1,1,4,1,1,2,1,1,1,0,0,1,6,3,2,1,2,1,3,0,28
1,0,1,1,2,-1,0,1,0,0,2,0,0,0,1,0,1,0,0,1,4,0,1,1,1,5,0,2,1,0,1,1,0,0,-1,0,1,6,3,3,1,3,0,3,1,33
0,2,2,3,1,3101,1,0,0,0,2,1,3,2,1,0,1,0,0,1,12,1,1,2,2,5,1,4,1,1,2,1,1,3,1,0,3,6,4,3,0,1,1,2,4,32
0,0,0,3,2,10134,0,1,0,0,2,1,1,2,1,0,0,0,0,1,12,1,1,0,2,1,1,4,1,1,2,1,0,3,0,0,2,6,4,2,1,3,1,3,0,32
0,2,1,3,2,13907,0,1,0,0,2,1,3,1,1,0,2,1,12,1,12,1,1,1,0,1,1,4,1,1,2,1,0,1,-1,5,2,6,3,2,1,1,3,3,2,33
0,2,1,2,2,-1,0,1,0,0,2,1,3,2,1,0,1,0,0,1,12,1,1,1,0,1,1,4,1,1,1,1,1,1,-1,0,3,6,3,2,1,2,1,3,3,33
0,2,2,2,2,14216,1,1,1,0,2,1,3,2,1,0,1,0,0,1,7,0,1,0,1,1,1,4,0,1,2,1,1,1,1,0,2,6,3,3,1,1,1,3,4,32
1,0,1,2,2,409,1,1,1,2,2,1,1,2,1,0,2,1,2,1,12,0,1,2,0,1,1,4,1,1,2,1,1,1,1,5,3,6,4,3,1,1,1,3,4,28
1,0,1,1,2,12586,1,1,0,0,2,1,3,1,0,0,2,0,0,1,12,1,1,1,0,4,1,4,1,1,2,1,1,1,1,3,2,6,3,3,1,1,1,3,3,26
1,0,3,0,2,6001,1,1,1,1,2,1,1,2,1,0,0,0,0,1,12,0,1,0,1,1,1,4,1,1,2,1,1,1,0,0,1,6,4,3,1,3,1,3,0,28
0,2,2,3,2,29045,1,1,1,2,2,1,3,2,0,1,2,0,0,1,6,1,1,2,2,1,1,4,1,1,2,1,1,1,-1,0,2,6,3,2,0,3,1,3,3,29
1,2,3,0,2,25772,1,0,0,1,2,1,3,2,1,0,2,1,6,1,12,1,1,2,0,5,1,4,1,1,2,1,1,1,2,4,2,6,4,3,0,3,1,3,4,28
1,0,1,2,2,-1,1,1,0,0,2,1,1,2,0,0,2,0,0,1,12,0,1,1,0,1,1,4,1,1,2,2,1,3,1,5,3,6,3,2,1,1,1,3,3,19
0,0,0,1,2,-1,1,1,1,1,2,1,1,1,0,1,2,0,0,1,3,1,1,1,0,1,0,4,0,1,1,1,0,3,1,1,1,6,3,2,1,2,1,3,1,30
0,0,0,3,2,-1,1,1,1,1,2,1,1,2,1,0,1,0,0,1,12,0,1,2,1,1,1,4,0,1,2,1,1,1,-1,0,2,6,3,2,1,2,1,2,2,34
0,0,1,2,2,5412,0,1,0,2,2,1,3,2,1,0,1,0,0,1,5,1,1,2,1,4,1,4,1,1,2,1,1,1,-1,0,2,6,2,3,1,2,0,3,3,33
0,1,1,3,2,16603,0,0,0,0,2,1,1,2,1,0,2,1,1,1,4,0,1,1,1,1,1,4,1,1,2,1,1,1,-1,0,1,6,4,2,1,1,3,3,0,30
0,2,2,2,2,17021,0,1,0,0,2,1,1,2,1,0,2,0,0,1,12,0,1,0,1,1,1,3,1,1,2,1,1,1,1,0,2,6,4,3,1,1,0,3,2,31
0,2,2,3,2,22442,0,1,0,2,2,1,1,2,0,1,2,1,2,1,12,0,1,2,2,1,1,4,1,1,2,1,1,1,-1,0,3,6,4,3,1,1,1,3,2,31
1,2,2,2,2,8418,1,0,1,2,2,1,1,2,0,1,2,0,0,1,6,0,1,0,1,1,1,4,1,1,2,1,1,1,1,0,3,6,3,3,1,1,0,3,2,32
1,0,2,1,2,178,1,1,0,0,2,1,1,1,1,0,1,0,0,1,6,0,1,1,1,4,0,4,1,1,2,1,1,1,1,0,3,6,4,3,1,3,3,3,1,31
0,0,2,2,2,19687,0,1,0,0,2,1,1,2,1,0,2,1,2,1,6,0,1,0,1,1,1,4,1,1,2,1,1,3,2,5,2,6,4,2,1,3,3,3,3,0
0,0,1,1,2,4552,0,1,0,2,2,1,1,1,1,0,0,1,4,1,4,0,1,2,0,1,0,2,1,1,2,1,1,1,0,0,2,6,3,3,1,1,1,3,0,33
1,0,2,2,2,21676,0,1,1,0,2,1,1,1,0,0,1,0,0,1,4,0,1,1,0,1,1,4,1,1,2,1,1,3,1,0,2,6,4,3,1,1,1,3,3,30
0,0,3,3,2,11872,1,0,0,0,2,1,1,2,1,0,2,0,0,1,12,0,1,0,2,1,1,4,1,1,2,1,1,1,1,5,2,6,4,3,1,1,1,3,3,32
0,2,0,2,2,3163,0,1,0,0,2,0,0,0,1,0,2,0,0,1,2,0,1,2,0,2,1,4,1,1,1,2,0,0,1,0,3,0,2,2,1,2,3,2,2,34
1,0,2,2,2,14593,0,1,1,2,2,1,3,1,1,0,2,0,0,1,12,0,1,1,2,1,1,4,1,1,2,1,1,1,1,2,2,6,4,3,0,1,1,3,1,28
1,2,3,3,1,18774,1,1,1,0,2,1,3,2,1,0,2,0,0,1,4,1,1,2,1,1,1,4,1,1,2,1,1,1,1,0,3,3,4,3,1,3,3,3,4,31
0,0,0,2,2,9073,0,1,0,0,2,1,1,2,0,0,2,0,0,1,12,0,1,1,1,1,0,4,0,0,2,1,1,1,1,1,3,6,3,3,1,0,3,3,4,25
1,0,1,1,2,10795,1,0,2,2,2,1,1,2,1,0,0,0,0,1,5,1,1,0,2,1,0,4,1,1,2,1,1,1,0,0,1,6,3,3,1,1,0,3,0,32
1,0,0,1,2,1899,0,1,0,0,2,0,0,0,0,0,2,0,0,1,10,0,1,0,1,1,1,2,0,1,1,1,1,0,-1,0,3,6,4,2,1,2,3,2,0,34
0,2,2,2,2,2395,0,1,2,2,2,1,1,1,1,0,0,0,0,1,4,0,1,2,2,1,1,4,0,1,2,1,1,1,0,0,2,6,3,2,1,1,1,3,0,29
0,0,0,2,2,-1,1,1,0,0,2,1,3,2,1,0,1,0,0,1,12,1,1,2,1,1,1,4,0,1,1,2,1,1,1,0,2,6,4,2,1,2,3,2,2,33
1,2,2,2,2,1798,0,1,0,1,2,1,3,1,0,0,1,0,0,1,6,1,1,0,2,1,1,4,1,1,2,1,1,0,2,2,3,6,4,3,1,1,0,3,3,29
0,2,2,3,2,9963,1,1,0,0,2,1,1,1,1,0,2,0,0,1,12,1,1,0,0,1,1,4,1,1,2,1,1,1,1,0,2,6,3,3,1,2,1,3,3,25
0,0,0,1,2,0,0,0,0,0,2,0,0,0,0,0,1,0,0,1,4,1,1,2,0,1,0,0,0,1,1,2,1,0,1,0,1,0,2,2,1,2,1,0,1,32
1,2,2,2,2,16700,1,1,0,0,2,1,1,2,1,0,1,0,0,1,12,1,1,0,1,1,1,4,1,1,2,1,0,1,0,0,2,6,3,3,1,1,1,3,0,31
0,2,2,2,1,8106,0,1,0,0,2,1,1,2,1,0,0,0,0,1,6,0,1,0,1,1,1,4,1,1,2,1,1,1,0,0,2,6,4,3,1,1,1,3,0,33
0,0,0,1,2,402,0,1,0,0,2,0,0,0,1,0,2,0,0,1,12,0,1,1,0,4,0,3,0,1,2,2,0,0,-1,0,2,6,2,3,1,2,1,3,4,33
1,0,0,2,2,0,1,1,1,2,2,1,1,2,1,0,0,0,0,1,4,0,1,0,0,1,1,4,1,1,2,2,0,1,0,0,2,6,3,3,1,2,1,3,0,30
0,0,2,1,2,4963,1,1,1,1,2,1,1,2,0,1,1,0,0,1,12,0,1,2,2,4,0,0,0,1,2,1,1,1,2,5,2,6,3,3,1,2,1,3,3,30
0,2,2,2,2,25966,1,1,0,0,2,1,3,2,0,1,1,1,1,1,4,1,1,1,2,1,1,4,1,1,2,1,1,1,1,2,3,6,3,3,1,3,0,3,4,33
0,0,0,0,2,1000,0,0,1,1,2,0,0,0,1,0,1,0,0,1,12,0,1,2,0,4,0,2,1,0,1,2,1,0,1,0,2,6,3,2,1,2,1,0,1,34
0,0,2,2,2,3338,0,1,1,0,2,1,1,1,1,0,2,0,0,1,8,0,1,0,0,1,1,4,1,1,1,1,1,1,-1,1,3,6,3,3,1,2,0,3,2,33
1,2,2,2,2,13199,0,1,0,0,2,1,1,1,1,0,2,0,0,1,4,0,1,1,0,2,1,4,1,1,2,1,1,1,1,4,2,6,4,3,1,3,3,3,3,31
0,2,0,1,2,-1,0,1,0,0,1,1,3,1,0,0,1,0,0,1,4,1,1,2,0,1,1,4,1,1,2,2,1,1,1,0,1,4,3,2,1,1,1,3,4,26
1,0,2,2,2,5377,1,1,0,0,2,1,1,2,1,0,2,1,0,1,6,0,1,0,2,1,1,4,1,1,2,1,1,1,1,0,3,6,3,3,1,2,1,3,3,30
1,2,2,3,2,1240,1,1,1,0,2,1,1,2,0,0,2,1,12,1,12,0,1,1,2,1,1,4,1,0,2,1,1,2,1,4,3,6,4,3,1,1,0,3,0,32
0,2,1,3,2,19875,1,1,2,2,2,1,3,2,1,0,2,1,12,1,12,0,1,0,2,1,1,4,1,1,2,1,1,1,1,0,3,6,4,3,0,3,1,3,4,29
1,2,2,3,2,10887,1,1,0,0,2,1,3,1,1,0,1,0,0,1,12,1,1,2,2,1,1,4,1,1,2,1,1,1,1,3,3,6,3,3,1,3,1,3,3,31
0,0,3,3,2,22249,1,1,2,2,2,1,1,1,1,0,2,0,0,1,10,0,1,1,0,1,1,4,1,1,2,1,1,1,1,1,1,6,4,3,1,2,1,3,3,22
1,2,1,2,2,11837,0,1,1,1,2,1,1,2,1,0,2,0,0,1,6,0,1,1,2,1,1,4,1,1,2,1,0,1,0,0,2,6,4,3,1,2,1,3,0,34
1,0,2,1,2,38365,1,1,1,2,2,1,3,2,1,0,2,1,12,1,12,0,1,2,1,1,1,4,1,1,2,1,1,3,2,5,2,6,4,3,1,1,3,3,3,34
0,0,1,3,2,12784,1,0,0,0,2,1,1,2,0,1,0,0,0,1,45,0,1,0,0,1,1,4,1,1,2,1,1,1,0,0,0,6,4,3,1,2,1,3,0,31
1,2,4,2,2,11155,1,1,1,2,2,1,1,2,1,0,1,1,12,1,12,0,1,0,1,1,1,4,1,1,2,1,1,1,0,0,3,6,4,3,1,1,1,3,1,31
0,0,0,2,2,13530,0,1,0,0,2,1,1,2,1,0,2,0,0,1,6,1,1,0,2,5,1,4,1,1,2,1,1,2,2,5,3,4,4,3,1,1,3,3,4,33
1,0,2,2,2,4606,1,1,0,2,2,1,1,2,1,0,1,0,0,1,4,0,1,0,1,1,1,4,1,1,2,1,1,1,1,0,3,6,4,3,1,1,1,3,1,34
1,0,1,2,2,-1,0,1,0,0,1,1,1,1,1,0,2,0,0,1,3,1,1,1,0,1,1,4,1,1,2,1,1,1,1,1,2,6,4,3,1,2,1,3,2,25
1,0,1,0,2,21330,1,0,1,0,2,1,3,2,1,0,2,0,0,1,12,0,1,0,2,1,1,4,1,1,2,1,1,3,1,0,1,6,4,3,1,2,1,3,2,31
1,2,0,3,2,28884,1,0,0,0,2,1,3,2,0,1,0,0,0,1,12,0,1,0,1,1,1,4,1,1,2,1,1,1,0,0,2,3,3,2,1,1,1,2,0,31
0,0,3,2,2,8076,0,1,0,0,2,1,1,2,1,0,1,0,0,1,12,0,1,0,2,1,1,4,1,1,2,1,0,1,0,0,3,6,4,3,1,1,1,3,0,31
0,2,2,3,1,48575,1,1,1,2,2,1,1,2,1,0,0,0,0,1,10,0,1,0,2,1,1,4,1,1,2,1,1,1,0,0,2,6,4,2,0,3,1,3,0,34
1,0,2,1,2,14787,1,1,0,0,2,1,1,2,1,0,2,1,2,0,0,0,1,1,0,1,1,2,1,1,2,1,1,1,1,5,2,6,4,3,1,0,3,3,0,34
1,0,2,2,2,1938,1,1,0,0,2,1,3,2,1,0,1,0,0,1,6,0,1,0,0,1,1,4,1,1,2,1,1,1,1,0,3,6,3,2,1,0,1,3,1,33
0,0,1,2,2,31630,0,1,0,0,2,1,1,2,1,0,2,0,0,1,6,0,1,0,2,1,1,4,1,1,2,1,1,1,1,1,2,6,4,3,1,1,1,3,4,31
0,0,0,1,2,12615,0,1,1,2,2,1,3,1,1,0,2,1,6,1,6,1,1,0,1,1,1,4,1,1,2,1,0,1,2,3,2,6,2,3,1,1,1,3,3,28
0,2,0,2,2,226,1,1,0,0,2,0,0,0,1,0,0,0,0,1,12,0,1,0,2,1,1,4,0,1,2,1,1,0,0,0,3,6,3,3,1,3,0,2,0,33
1,0,1,3,2,-1,1,1,0,0,2,1,1,2,1,0,2,0,0,1,3,1,1,1,2,1,1,4,1,1,2,1,1,1,1,0,2,6,2,2,1,1,3,3,3,25
0,0,1,2,2,-1,1,1,0,0,2,1,1,2,1,0,2,1,2,1,4,1,1,2,1,1,1,4,1,1,2,1,1,1,1,5,3,6,4,3,1,1,3,3,2,34
1,0,2,0,2,-1,1,1,2,1,2,1,1,2,1,0,2,0,0,1,3,0,1,1,1,1,1,4,1,0,2,1,1,1,0,0,2,6,4,3,1,2,1,3,0,33
1,0,0,0,2,210,1,1,1,1,2,1,3,2,1,0,2,0,0,1,4,0,1,2,1,1,0,4,1,0,2,1,1,1,1,0,1,6,3,3,1,1,1,3,4,34
0,0,0,1,2,8888,0,1,0,0,2,1,1,2,1,0,2,0,0,1,4,0,1,0,0,2,1,1,0,1,1,2,0,1,-1,0,1,5,3,2,0,2,1,0,0,34
0,0,3,2,2,12287,1,1,0,0,2,1,1,1,1,0,2,0,0,1,12,0,1,1,0,1,1,4,1,1,2,1,0,1,1,4,2,6,2,3,1,2,3,3,2,32
1,2,2,2,2,-1,0,1,0,0,2,1,3,2,0,1,2,0,0,1,4,1,1,1,1,1,1,4,1,1,2,1,0,1,2,5,1,6,3,2,1,1,1,3,1,34
1,2,3,2,2,7369,0,0,1,0,2,1,1,2,0,1,2,1,2,1,4,0,1,1,1,1,1,4,1,0,2,1,1,1,0,0,1,6,3,3,1,3,1,3,0,30
1,0,2,1,2,166,0,0,1,1,2,1,1,2,1,0,2,0,0,1,4,0,1,2,0,2,1,4,1,1,2,1,0,1,1,5,1,5,3,3,1,1,1,3,2,32
1,1,2,2,2,90304,0,1,1,1,2,1,3,2,0,1,2,1,2,1,2,0,1,0,0,1,0,4,1,1,2,1,1,3,2,5,1,6,3,2,1,2,3,3,3,30
1,0,0,2,2,2534,0,0,0,0,2,0,0,0,0,0,0,0,0,0,0,0,1,0,1,4,0,4,1,1,2,1,0,0,0,0,3,6,3,3,1,0,3,3,0,30
1,2,2,2,2,9768,0,1,0,0,2,1,3,1,1,0,1,0,0,1,12,0,1,1,1,1,1,4,1,1,2,2,1,1,1,0,2,6,3,3,1,1,1,3,3,32
1,2,2,2,2,-1,0,1,0,0,2,1,1,1,1,0,2,0,0,1,4,0,1,0,1,1,0,4,0,0,2,1,1,1,1,0,3,6,3,3,1,1,1,3,2,34
1,0,1,2,1,8906,1,0,0,0,2,1,3,2,1,0,1,0,0,1,4,1,1,1,1,1,0,4,1,1,2,1,1,1,1,0,2,6,3,3,1,1,3,3,1,34
0,2,3,0,1,12221,0,1,0,0,2,1,3,2,1,0,1,0,0,1,12,1,1,2,1,1,1,4,1,1,2,1,1,1,2,5,2,6,4,3,1,1,1,3,4,34
1,0,0,2,2,5451,0,1,0,0,2,1,1,2,1,0,1,0,0,1,12,1,1,0,1,2,0,4,1,1,2,1,0,1,1,0,3,6,3,3,1,0,3,3,1,24
1,0,3,2,2,-1,0,1,1,2,2,1,3,1,1,0,1,0,0,1,12,1,1,1,1,1,1,4,1,1,2,1,1,1,1,0,3,6,3,3,1,3,1,2,4,34
0,0,1,2,2,3625,1,1,0,0,2,1,3,2,1,0,2,1,1,1,12,1,1,0,2,1,1,4,1,1,2,1,1,3,2,4,3,6,4,3,1,1,3,3,4,34
1,2,1,1,2,0,1,1,0,0,2,1,1,2,1,0,2,0,0,1,4,0,1,1,0,1,1,4,1,1,2,1,1,0,1,0,2,6,2,3,1,2,0,3,3,25
0,0,0,1,2,1753,1,1,0,0,2,0,0,0,1,0,0,0,0,1,4,0,1,0,0,4,0,2,1,1,1,1,0,0,0,0,1,6,4,2,1,1,1,1,0,28
1,2,2,2,2,-1,0,0,1,2,2,1,1,1,1,0,0,0,0,1,4,0,1,0,0,4,0,1,0,0,1,1,1,1,0,0,3,6,2,3,1,1,3,3,0,32
1,0,1,1,2,12773,0,1,0,0,2,1,1,2,0,1,2,0,0,1,12,0,1,0,1,2,1,4,1,1,2,1,1,1,-1,0,0,6,3,2,1,2,1,3,0,32
0,0,2,3,2,3658,0,1,0,0,2,1,1,2,1,0,2,0,0,1,12,0,1,1,2,1,1,4,0,1,2,1,1,1,2,1,0,6,3,3,1,1,3,3,0,33
0,0,2,0,2,1773,1,1,0,0,2,1,1,1,1,0,0,0,0,1,12,0,1,0,2,1,1,4,1,1,2,1,0,1,0,0,1,6,3,2,1,2,1,3,0,34
0,0,1,0,2,12273,0,1,2,1,2,1,1,2,1,0,2,0,0,1,12,0,1,0,1,4,0,4,1,1,1,1,0,3,1,4,2,6,3,3,1,1,1,3,0,25
0,2,1,3,1,21430,1,1,0,0,2,1,3,1,0,0,1,0,0,1,12,1,1,0,2,1,1,4,0,0,2,1,0,1,2,2,3,5,4,3,0,3,1,3,1,29
1,0,2,3,2,41846,0,1,0,0,2,1,3,2,1,0,2,0,0,1,12,1,1,2,1,5,1,4,1,1,2,2,1,1,1,0,1,6,4,3,1,1,1,3,1,33
0,0,2,2,2,5817,1,1,0,0,0,1,3,1,1,0,3,0,0,1,6,0,1,2,2,1,1,4,0,1,2,1,1,1,1,4,3,6,4,2,1,3,3,3,4,32
0,2,0,0,1,837,0,0,0,0,2,1,1,2,0,1,1,0,0,0,0,0,1,0,1,1,1,4,1,1,2,2,1,0,2,1,1,3,3,2,0,1,3,1,4,0
0,2,2,2,2,21113,0,1,1,2,2,1,3,1,1,0,1,0,0,1,2,1,1,0,2,1,1,4,1,1,2,1,1,1,2,2,2,6,4,3,1,1,1,3,3,34
0,0,2,3,1,-1,1,1,1,2,2,1,3,2,1,0,2,0,0,1,12,1,1,1,1,1,1,4,1,1,2,1,0,1,1,0,3,6,4,3,0,3,1,3,3,34
0,1,2,0,2,2779,0,0,0,0,2,1,1,2,0,0,0,0,0,1,4,0,1,0,2,1,1,3,0,1,2,1,1,1,0,0,3,6,4,3,1,2,3,3,0,32
0,0,2,2,2,8017,0,1,0,0,2,0,0,0,1,0,1,0,0,1,12,0,1,0,0,1,0,4,1,1,2,2,1,0,1,0,2,6,3,3,1,1,3,3,0,31
0,0,0,2,2,12679,1,1,0,2,2,1,3,2,1,0,1,1,1,1,6,0,1,1,0,1,1,4,1,0,1,1,1,1,1,2,3,6,4,3,1,1,3,3,4,33
0,0,2,2,2,3653,0,1,0,0,2,1,1,1,1,0,2,0,0,1,4,0,1,0,0,1,0,4,1,1,2,1,1,1,1,2,3,3,3,3,1,2,1,3,2,29
0,2,3,0,1,7763,1,1,0,0,2,1,1,2,1,0,1,1,1,1,12,0,1,0,2,1,1,4,1,1,2,1,1,1,2,4,2,6,4,3,1,3,0,3,0,34
1,2,2,2,2,-1,0,1,1,0,2,1,3,2,1,0,2,0,0,1,12,1,1,0,1,1,1,4,1,1,2,1,1,1,2,1,2,6,4,3,1,1,3,3,3,34
0,0,1,2,2,6452,0,1,1,1,2,0,0,0,0,1,2,0,0,1,4,0,1,0,0,4,0,4,0,1,1,1,1,0,-1,0,2,6,3,3,1,1,1,3,1,29
0,2,3,3,1,35123,1,0,2,1,2,1,3,2,1,0,0,0,0,1,12,1,0,1,2,1,1,4,1,1,2,1,1,1,0,0,3,6,1,3,0,1,1,3,0,29
1,0,2,1,2,2409,1,1,0,0,2,1,3,2,0,1,1,0,0,1,12,0,1,1,0,4,0,4,1,1,1,1,1,1,1,0,2,5,3,2,1,1,0,3,2,29
0,0,1,0,2,-1,0,1,0,0,2,1,3,1,1,0,0,0,0,1,12,0,1,0,0,1,1,4,0,1,2,1,0,1,0,0,3,6,3,3,1,1,1,3,0,32
1,2,2,2,2,14689,1,1,2,0,2,0,0,0,0,1,2,1,12,1,12,0,1,0,2,1,1,4,1,1,2,1,1,0,1,0,3,5,2,3,1,3,2,3,4,33
0,0,0,2,2,22600,1,1,1,2,2,1,1,2,1,0,2,0,0,1,12,0,1,1,1,1,1,4,1,1,2,1,0,1,1,5,2,6,4,3,1,1,3,2,3,34
0,0,2,2,2,101,0,1,3,2,2,1,1,1,1,0,0,1,6,1,6,0,1,0,1,4,1,4,1,1,2,1,1,1,0,0,3,6,2,3,1,1,1,3,0,34
1,2,3,2,2,33856,1,1,1,2,2,1,3,1,0,1,1,0,0,1,4,1,1,0,2,1,1,4,1,0,2,1,1,1,2,4,3,6,3,3,1,0,0,3,4,33
0,0,2,3,2,1252,0,1,1,0,2,1,1,2,1,0,2,0,0,1,12,0,1,1,2,1,1,4,1,1,2,1,1,1,1,4,3,6,3,2,1,1,1,3,0,34
0,0,2,2,2,6373,0,1,0,0,2,1,1,1,0,1,0,0,0,1,4,0,1,0,0,1,1,4,1,1,2,2,1,1,0,0,2,6,4,2,1,1,3,3,0,32
1,0,2,2,2,32500,0,1,0,0,2,1,1,1,0,0,0,0,0,1,5,1,1,0,1,1,0,4,1,0,2,2,1,1,0,0,1,6,4,3,1,2,3,3,0,22
0,2,3,0,1,23801,1,1,1,2,2,1,3,1,0,0,2,0,0,1,12,0,1,0,2,1,1,4,1,1,2,1,1,1,2,3,3,6,4,3,1,3,0,3,2,34
1,0,1,3,2,6753,1,1,0,0,2,1,3,1,1,0,2,1,2,1,4,1,1,1,2,1,1,4,1,1,2,1,1,1,2,5,3,6,4,3,1,1,1,3,2,29
0,0,2,3,2,1192,1,1,1,2,2,1,3,2,1,0,2,1,1,1,12,1,1,1,1,1,1,4,1,1,2,1,1,1,2,5,3,6,4,3,1,1,1,3,1,27
0,0,3,2,2,3021,0,1,0,0,2,1,1,2,1,0,2,1,2,1,4,0,1,1,0,1,1,4,1,1,2,1,1,1,1,5,3,6,4,3,1,2,1,3,2,26
0,0,1,2,2,-1,1,0,1,2,2,1,3,2,1,0,0,0,0,0,0,1,1,0,0,1,1,4,0,0,1,1,1,1,0,0,2,6,3,2,1,2,1,3,0,24
0,0,1,2,2,-1,0,0,0,0,2,1,3,1,1,0,1,0,0,1,3,1,1,2,1,1,1,4,1,1,2,2,1,1,1,0,3,6,4,2,1,1,0,3,1,25
0,2,2,2,2,940,1,1,0,0,1,1,1,2,1,0,1,0,0,1,2,0,0,0,1,1,1,4,1,1,2,1,1,1,-1,0,3,6,1,3,1,2,1,3,3,33
1,2,2,3,2,30318,0,1,1,1,2,1,3,2,1,0,2,0,0,1,12,1,1,2,2,1,1,4,1,1,2,1,1,1,1,0,0,6,3,3,1,1,1,3,3,33
0,0,2,3,2,-1,1,1,1,2,2,1,2,2,1,0,2,1,0,1,0,0,1,1,2,1,1,4,1,1,2,1,0,3,2,1,2,6,4,3,1,1,1,3,3,33
0,0,2,0,2,-1,0,0,2,2,2,1,1,1,1,0,2,0,0,1,4,0,1,1,0,1,1,4,1,1,2,1,1,1,-1,0,3,6,2,3,1,1,1,3,1,33
0,0,1,2,2,551,0,1,1,1,2,1,3,2,1,0,2,0,0,1,12,1,1,2,0,1,0,4,0,1,2,1,1,1,1,5,1,4,2,3,1,0,1,3,1,34
1,0,1,1,2,0,1,1,0,0,2,1,1,1,0,0,2,1,12,1,12,0,1,1,0,4,0,4,1,1,1,1,1,1,-1,0,3,6,3,3,1,0,0,3,4,32
0,0,3,3,2,3598,1,1,0,0,2,1,1,1,1,0,2,1,12,1,12,0,1,1,2,1,1,4,1,1,2,1,1,1,1,3,1,6,4,2,1,3,3,3,4,33
1,2,2,0,2,30223,1,1,1,2,2,1,3,2,1,0,1,1,11,1,11,1,1,1,2,1,1,4,1,1,2,1,1,1,1,0,2,6,3,3,1,3,3,3,4,28
0,2,2,0,2,6081,1,1,1,1,2,1,3,2,1,0,1,1,1,1,4,1,1,1,0,1,1,4,0,1,2,1,1,1,1,0,3,6,3,3,1,2,1,3,4,31
0,0,3,3,2,87228,1,0,0,0,2,1,1,2,1,0,0,0,0,1,4,0,1,0,2,1,1,4,1,1,2,1,0,1,0,0,2,6,3,2,1,1,1,3,0,34
0,2,2,3,2,-1,1,1,3,2,2,1,3,1,0,1,0,1,12,1,12,1,1,0,2,1,1,4,1,1,2,2,1,3,0,0,2,6,4,3,1,0,0,3,0,3
1,2,2,2,1,495,1,1,0,0,2,1,3,2,1,0,1,0,0,1,12,1,1,1,2,1,1,4,0,0,2,1,1,1,2,3,1,6,4,3,0,1,1,3,4,33
1,0,0,1,2,3905,1,1,0,0,2,1,3,1,0,0,1,0,0,1,4,0,1,0,1,1,1,4,0,1,1,1,1,1,1,0,2,6,3,3,1,2,1,3,2,31
0,0,1,1,2,8538,0,1,2,1,2,0,0,0,1,0,2,0,0,1,1,0,1,1,1,1,1,4,1,1,2,1,1,0,-1,0,0,6,2,3,1,1,1,3,2,16
0,0,0,2,2,6189,1,1,0,0,2,1,1,2,1,0,0,0,0,1,12,0,1,0,0,1,1,4,1,1,2,1,1,1,0,0,3,6,3,3,1,3,1,3,0,27
0,2,3,3,1,8504,0,1,0,2,2,1,1,2,1,0,2,1,4,1,12,0,1,1,1,1,1,4,1,1,2,1,1,1,-1,0,1,6,4,3,0,3,1,3,1,31
0,0,2,3,2,6100,0,1,1,1,2,1,1,2,1,0,1,0,0,1,4,1,1,2,0,1,1,4,0,1,2,1,1,1,1,0,2,6,4,3,1,1,3,3,2,30
0,0,2,3,2,11763,0,1,0,0,2,1,3,2,1,0,2,0,0,1,12,1,1,2,1,1,1,4,1,1,2,1,1,3,-1,0,0,6,4,3,1,2,1,3,2,34
0,0,2,3,2,6493,1,1,3,2,2,1,1,1,1,0,2,0,0,1,4,0,1,1,2,1,1,4,0,1,2,1,1,1,1,0,1,6,4,2,1,0,1,3,2,28
1,0,2,1,2,7807,1,1,0,2,2,1,3,2,1,0,1,0,0,1,12,1,1,2,0,1,0,3,1,1,1,1,1,3,2,5,3,5,4,3,1,1,1,3,4,26
1,0,2,1,2,3638,1,1,2,0,2,1,3,2,1,0,2,0,0,1,12,1,1,0,1,1,1,4,1,0,1,1,1,1,1,5,2,6,4,3,1,0,1,3,3,31
0,0,2,3,2,6297,0,1,1,2,2,1,3,1,1,0,2,0,0,1,12,0,1,1,1,1,1,3,1,1,2,1,0,1,0,0,3,6,4,3,1,1,1,3,3,34
1,2,2,0,2,21468,0,1,1,2,2,1,3,2,1,0,2,0,0,1,2,1,1,2,1,1,1,4,1,1,2,1,0,1,2,3,2,6,2,3,1,1,1,3,4,34
1,0,0,3,2,-1,1,0,0,0,2,1,1,1,1,0,1,0,0,1,2,0,1,2,1,1,1,4,1,0,2,1,0,1,1,0,0,6,3,2,1,2,0,3,4,28
0,0,1,1,2,7947,0,0,0,2,2,1,3,2,1,0,2,0,0,1,2,1,1,1,1,1,0,4,1,1,2,1,1,1,1,0,2,3,3,2,1,2,3,3,4,31
1,0,2,3,2,21801,0,1,0,0,2,1,3,1,1,0,1,1,2,1,12,1,1,0,2,1,1,4,1,1,2,1,1,1,1,0,2,6,4,3,1,2,1,3,4,31
1,2,2,3,2,13508,1,1,0,0,2,1,3,2,0,1,2,1,12,1,12,1,1,2,2,1,1,4,1,1,2,1,1,1,1,0,3,6,4,2,1,1,1,3,4,23
0,2,2,3,2,3271,0,1,1,1,2,1,3,2,1,0,2,0,0,1,4,1,1,2,1,1,1,4,0,1,2,1,1,1,1,0,3,6,3,3,1,3,3,3,4,31
0,0,2,3,2,8996,0,1,1,1,2,1,1,2,1,0,2,0,0,1,5,0,1,1,1,1,1,4,1,1,2,1,1,1,-1,0,2,6,3,2,1,1,3,3,0,30
0,0,2,2,2,-1,0,1,1,2,2,1,1,2,1,0,0,1,2,1,6,0,1,0,1,1,1,4,1,0,2,1,1,1,0,0,3,5,3,3,1,1,3,3,0,28
0,0,1,1,2,1210,0,1,1,2,2,0,0,0,0,0,2,1,1,1,12,0,1,1,0,4,1,0,0,1,1,2,1,0,-1,0,2,6,3,2,1,0,1,3,0,33
1,0,0,1,2,25401,0,1,0,0,1,1,3,2,1,0,2,0,0,1,9,0,1,1,1,1,1,4,0,1,2,2,1,1,-1,0,3,6,3,3,1,1,1,3,2,30
1,0,2,2,2,1437,0,1,1,2,2,1,1,1,0,0,2,0,0,1,6,0,1,2,2,1,1,4,1,1,2,1,1,1,0,0,3,6,3,3,1,3,3,3,1,33
0,0,2,2,2,1583,1,1,0,0,2,1,1,1,0,0,0,0,0,1,4,0,1,0,0,1,0,4,1,1,2,2,1,1,0,0,1,6,3,2,1,1,2,3,0,34
1,0,0,1,2,10585,1,1,0,0,2,1,1,1,1,0,2,0,0,1,12,1,1,2,0,4,1,4,1,0,1,1,1,1,-1,0,3,6,3,3,1,2,1,3,2,31
0,0,2,0,2,22694,0,1,1,1,2,1,3,1,1,0,2,1,1,1,4,0,1,0,2,1,1,4,1,1,2,1,1,1,2,1,3,6,3,3,1,3,1,3,3,33
0,0,2,3,2,585,0,1,0,1,1,1,3,1,1,0,2,1,4,1,4,1,1,1,0,4,1,4,1,1,2,1,1,3,-1,0,2,6,3,3,1,1,1,2,3,33
1,0,2,1,2,21464,0,1,0,0,1,1,1,1,1,0,2,0,0,1,12,1,1,1,0,1,0,4,1,0,1,1,1,2,1,0,1,3,3,3,1,2,1,3,2,34
0,2,2,2,2,28117,1,1,0,0,2,1,1,2,1,0,1,0,0,1,4,0,1,2,2,1,1,4,1,1,2,1,1,1,1,5,2,6,4,3,0,3,0,3,1,33
0,0,2,3,2,792,1,1,0,0,2,1,3,2,1,0,2,1,1,1,12,0,1,1,2,1,1,4,1,1,2,1,0,3,1,4,3,6,3,2,1,1,1,3,4,34
0,0,2,1,2,-1,0,1,1,1,2,1,1,2,1,0,2,0,0,1,12,0,1,0,0,4,0,0,1,1,1,2,1,1,-1,0,1,6,4,3,1,1,1,3,1,29
1,0,2,2,2,3809,1,1,0,0,2,1,3,1,1,0,2,0,0,1,24,0,1,2,2,1,1,4,1,1,2,1,1,1,0,0,3,6,4,3,1,1,3,3,3,34
0,0,2,2,2,-1,0,1,0,0,1,1,1,2,1,0,2,1,2,1,4,0,1,1,0,1,1,4,0,1,2,1,1,1,1,5,2,6,3,2,1,2,1,3,2,25
1,0,1,0,2,20558,0,1,0,2,2,1,3,1,1,0,2,0,0,1,4,0,1,2,2,1,1,4,1,1,2,1,1,1,1,3,2,6,3,3,1,1,1,3,3,34
0,0,2,0,2,20559,1,1,0,0,2,1,3,1,1,0,1,0,0,1,4,1,1,1,0,1,1,4,1,1,2,1,0,1,-1,0,2,6,4,3,1,1,3,3,2,31
1,0,0,1,2,0,1,0,0,0,2,0,0,0,0,1,2,0,0,1,3,1,1,2,0,1,0,0,0,1,1,2,1,0,-1,0,2,6,2,2,1,2,1,0,0,32
0,0,2,2,2,28930,1,1,0,0,2,1,1,2,1,0,2,1,3,1,4,1,1,1,2,1,1,4,1,1,2,1,1,1,1,0,3,3,3,3,1,1,3,3,1,33
0,0,2,2,2,8400,1,1,2,2,2,1,1,2,1,0,2,0,0,1,4,0,1,1,1,1,1,4,1,1,1,2,0,3,2,3,1,6,3,2,1,1,1,2,1,22
1,0,2,2,2,24836,1,1,1,2,2,1,1,2,1,0,1,1,4,1,4,1,1,1,2,1,1,4,1,1,2,1,1,1,-1,0,2,6,4,3,1,3,0,3,3,33
1,2,1,2,2,8343,0,1,1,1,2,1,1,2,1,0,0,0,0,1,4,0,1,0,1,1,1,4,1,1,2,1,1,1,0,0,2,5,3,2,1,3,1,1,0,34
0,0,2,1,2,4391,0,1,0,0,2,1,1,2,1,0,2,0,0,1,12,0,1,1,1,1,0,4,1,1,1,2,1,1,-1,0,2,6,3,2,1,1,1,3,3,33
0,2,2,3,2,266,0,1,0,0,2,1,3,2,1,0,2,0,0,1,4,1,1,2,2,1,1,4,1,1,2,1,0,1,1,0,3,6,4,2,1,3,3,3,4,31
1,0,3,2,2,8275,0,1,0,0,2,1,1,2,0,1,0,0,0,1,12,0,1,0,2,1,1,4,1,1,2,1,1,1,0,0,3,6,2,3,1,1,1,3,0,33
1,0,3,2,2,14612,1,1,1,2,2,1,3,1,0,0,2,0,0,1,12,0,1,1,2,1,1,4,1,1,2,1,1,1,-1,0,3,6,3,3,1,1,1,3,2,34
1,0,2,2,2,30737,0,1,0,0,2,1,3,1,1,0,0,0,0,1,6,0,1,0,2,1,1,4,1,1,2,1,1,1,0,0,3,6,2,3,1,1,1,3,0,29
1,2,2,2,2,372,1,1,1,2,2,1,1,2,1,0,2,0,0,1,12,0,1,0,0,1,1,4,0,1,2,1,1,0,-1,0,2,6,1,3,1,1,3,3,0,33
1,0,2,2,2,8104,1,0,1,0,2,1,3,2,1,0,1,1,4,1,4,1,1,1,2,1,1,4,1,1,2,1,1,1,2,5,3,6,4,3,1,1,3,3,4,29
1,2,2,3,2,22579,1,1,0,0,2,1,1,2,1,0,0,0,0,1,12,0,1,0,2,1,1,4,1,1,2,1,1,1,0,0,3,6,3,3,1,1,1,3,0,31
0,0,1,0,2,10005,1,1,0,0,2,1,1,1,1,0,0,0,0,1,4,0,1,0,0,1,1,4,1,0,2,1,1,1,0,0,3,6,4,3,1,3,1,2,0,28
0,2,2,3,2,17847,1,1,0,0,2,1,3,2,0,0,1,0,0,1,4,1,1,2,2,1,1,4,1,1,2,1,1,3,2,3,2,6,4,3,0,3,1,3,4,29
1,0,1,1,2,81830,1,1,1,1,2,1,1,1,0,1,1,0,0,1,12,1,1,2,0,1,1,4,0,1,2,1,1,3,-1,4,2,6,2,3,1,1,1,3,3,34
0,0,0,0,2,-1,0,0,3,0,0,1,1,1,0,1,1,0,0,1,4,0,0,2,0,4,0,1,1,0,1,2,0,1,-1,0,1,2,1,2,1,2,1,0,2,26
0,2,2,3,2,892,0,1,1,1,2,1,3,2,1,0,2,1,4,1,4,1,1,1,2,1,1,4,1,1,2,1,1,1,1,0,3,6,4,3,1,1,1,3,0,31
1,0,0,1,2,6696,0,0,0,0,2,1,1,2,1,0,1,0,0,1,5,1,1,1,2,1,1,4,0,1,2,1,1,3,1,0,2,6,3,3,1,3,1,3,2,34
0,2,2,2,1,19389,0,1,0,2,2,1,1,2,1,0,2,0,0,1,12,1,1,2,2,1,1,4,0,1,2,1,0,1,2,5,2,6,4,3,0,1,1,3,4,33
1,2,2,1,2,33512,1,1,1,2,2,1,3,2,1,0,2,0,0,0,0,1,1,1,2,1,1,4,1,1,2,1,1,1,1,0,3,6,3,3,1,3,1,3,3,33
1,0,0,2,2,0,0,1,2,0,2,1,3,2,1,0,1,0,0,0,0,1,1,2,1,1,1,4,0,1,2,1,1,1,-1,0,2,6,3,3,1,1,1,3,4,27
1,0,0,1,2,3314,0,0,1,0,2,1,1,1,1,0,1,0,0,1,6,1,1,1,0,4,0,2,1,1,2,1,1,1,1,0,2,6,4,3,1,2,1,3,2,31
0,2,4,3,2,1232,0,1,1,2,2,1,1,2,1,0,2,0,0,1,4,0,1,2,2,1,1,4,1,1,2,1,1,1,0,0,3,6,4,2,1,3,1,3,1,31
0,0,2,3,2,6785,0,1,0,0,2,1,3,2,0,1,1,0,0,1,11,1,1,2,1,1,1,4,1,1,2,1,1,1,2,2,3,6,4,3,1,0,0,3,4,33
0,0,2,2,2,504,0,1,0,0,2,1,3,1,1,0,1,1,1,1,3,1,1,0,1,4,0,4,1,1,2,1,1,1,1,0,2,6,4,3,1,1,3,2,4,30
1,0,1,1,2,9407,0,1,0,0,2,1,3,2,1,0,1,0,0,1,12,0,1,1,0,4,1,4,1,1,1,1,1,1,1,0,1,6,2,3,1,2,1,3,4,28
0,2,2,0,1,81800,0,1,3,2,2,1,3,2,1,0,1,1,4,0,0,1,1,0,2,1,1,4,1,1,2,1,1,3,2,4,3,6,3,3,0,3,1,3,4,0
1,1,1,1,1,9388,0,1,0,0,2,1,1,2,1,0,0,0,0,1,12,1,1,0,0,4,1,4,0,1,2,2,0,1,0,0,3,6,2,3,0,2,1,3,0,33
0,2,2,2,2,14006,1,1,0,0,2,1,3,1,1,0,1,0,0,1,4,0,1,2,1,1,1,4,1,1,2,1,1,1,2,5,2,6,4,3,1,1,3,3,3,34
1,0,1,3,2,9093,0,1,0,0,2,1,1,1,1,0,1,0,0,1,3,0,1,0,0,1,1,4,1,1,2,1,1,1,1,0,2,6,3,3,1,2,1,3,4,30
1,0,2,3,2,18291,1,1,0,0,2,0,0,0,1,0,2,0,0,1,4,1,1,1,2,1,1,4,1,1,2,1,0,0,1,0,3,6,4,3,1,0,1,3,2,34
0,0,2,0,2,11453,0,1,0,0,2,1,3,1,0,0,2,0,0,1,3,0,1,2,1,1,1,4,1,1,2,1,1,1,2,2,2,6,2,3,1,1,2,3,4,32
1,2,1,2,2,17049,1,1,0,0,2,1,3,1,1,0,1,1,4,1,4,0,1,1,2,1,1,4,1,1,2,1,0,1,2,5,3,6,4,3,0,1,1,3,4,29
0,2,2,3,1,16377,0,1,0,2,2,1,1,1,0,1,2,0,0,1,12,0,0,0,2,1,1,4,1,0,2,1,1,1,0,0,2,3,1,3,0,3,0,3,0,34
1,0,2,1,2,676,1,1,0,0,2,1,1,2,1,0,0,0,0,1,12,0,1,0,2,1,1,4,1,1,2,1,1,3,0,0,3,6,4,3,1,3,0,3,0,33
0,0,2,3,2,8385,0,1,0,0,2,1,3,2,0,1,2,0,0,1,4,0,1,1,2,1,1,4,0,1,2,1,1,1,-1,0,2,6,2,3,1,2,1,3,0,28
0,0,2,1,2,5277,0,1,0,0,2,1,3,1,0,1,1,0,0,1,4,1,1,0,0,4,0,4,1,1,1,1,1,1,1,0,2,6,3,2,1,0,1,3,4,33
1,2,2,2,2,7262,0,1,0,0,2,1,1,2,1,0,2,0,0,1,4,1,1,1,1,1,1,4,0,1,2,1,1,1,2,1,2,6,4,3,1,1,1,3,2,29
0,2,2,2,2,14409,0,1,1,1,2,1,3,2,0,1,2,0,0,1,12,1,1,1,2,1,1,4,1,1,2,1,1,1,2,2,0,6,4,3,1,3,3,3,4,34
0,0,0,0,2,20776,0,1,2,2,2,1,1,2,1,0,1,0,0,1,4,0,1,1,2,1,1,4,1,1,2,1,0,1,0,0,1,6,3,3,1,3,3,3,3,32
0,0,0,3,2,1082,1,1,1,2,2,1,3,2,1,0,1,0,0,1,12,1,1,0,2,1,1,4,1,1,2,1,1,1,2,3,1,6,4,3,1,3,0,3,4,32
1,2,2,3,1,2391,0,1,1,2,2,1,1,2,1,0,1,1,2,1,3,0,1,2,2,1,1,4,1,1,2,2,1,1,1,0,3,6,3,3,1,2,1,3,0,34
1,0,0,1,2,6349,0,0,0,0,1,1,1,1,1,0,0,0,0,1,12,0,1,0,0,1,0,4,1,1,1,1,1,1,0,0,1,6,3,2,1,2,1,3,0,30
0,2,2,1,2,16435,0,1,1,2,2,1,3,1,1,0,1,0,0,1,12,1,1,0,0,1,1,4,1,1,2,1,1,1,1,0,2,6,4,3,1,1,1,3,4,33
0,0,2,2,2,-1,0,1,0,0,2,1,1,2,1,0,2,0,0,1,12,0,1,0,0,1,1,4,1,1,2,1,0,1,1,5,2,6,4,3,1,2,1,3,2,32
0,0,1,1,2,6492,1,1,1,2,2,1,3,2,1,0,1,0,0,1,2,1,1,1,0,2,0,4,1,1,1,1,1,1,1,0,0,6,4,2,1,0,0,3,4,33
1,2,0,1,2,6801,0,1,0,0,2,1,1,1,1,0,2,0,0,1,6,0,1,0,1,1,1,3,1,1,2,2,1,1,-1,0,1,6,4,2,1,1,1,3,1,33
1,0,2,1,2,8321,0,1,0,0,2,1,1,2,1,0,1,1,2,1,4,1,1,2,0,1,1,4,1,0,2,1,1,1,1,0,3,6,3,3,1,2,2,3,0,32
0,1,0,3,2,93,0,1,1,1,2,1,1,2,1,0,2,0,0,0,0,0,1,1,1,1,1,4,1,1,2,2,1,1,1,1,3,6,4,3,0,1,1,1,1,3
1,0,2,2,2,13552,0,1,0,0,2,1,3,1,0,1,1,0,0,1,6,0,1,0,2,1,1,4,1,1,2,1,1,1,1,0,2,6,4,3,1,1,1,3,2,34
1,0,2,3,2,16708,1,1,1,1,2,1,1,1,0,0,2,0,0,1,12,1,1,1,1,1,1,4,1,1,2,1,1,3,2,1,3,6,3,3,1,1,1,3,4,30
1,0,0,2,2,17937,0,1,1,2,2,1,3,2,1,0,2,1,1,1,12,1,1,0,2,1,1,4,1,1,2,1,1,3,2,3,2,6,4,3,1,1,3,3,4,34
1,0,2,2,2,23905,1,1,0,0,2,1,1,2,1,0,2,1,1,1,5,1,1,2,2,1,1,4,1,1,2,1,1,3,2,5,3,6,4,3,1,3,1,3,1,30
0,0,1,1,2,3207,1,1,1,1,2,1,1,2,0,1,0,0,0,1,4,0,1,0,1,1,0,4,1,1,2,1,1,1,0,0,3,6,4,3,1,2,1,3,0,32
0,0,2,2,2,5808,0,1,0,0,2,1,1,2,0,1,0,0,0,1,4,0,1,0,0,1,1,4,1,1,2,1,1,1,0,0,3,6,4,3,1,2,3,3,0,30
1,1,2,2,2,30689,1,1,0,2,1,1,1,2,1,0,2,0,0,1,12,0,1,1,0,1,1,4,1,1,2,1,1,1,1,5,2,6,3,3,1,1,1,3,2,29
1,0,3,2,2,26396,1,1,1,2,2,1,1,1,1,0,2,0,0,1,4,0,1,0,1,1,1,4,1,1,2,1,0,1,2,5,3,6,3,3,1,1,1,3,3,33
0,0,2,3,2,15975,0,1,1,2,2,1,1,2,1,0,0,0,0,1,6,0,1,0,0,1,1,4,1,1,2,1,1,1,0,0,1,6,4,3,1,1,1,3,0,33
1,2,3,2,1,3215,0,1,0,0,2,1,1,2,1,0,2,0,0,1,4,0,1,0,2,1,1,4,1,1,2,1,1,1,-1,0,2,6,4,3,0,1,1,3,0,27
1,0,3,0,2,15094,1,1,0,2,2,1,1,2,1,0,1,1,1,1,6,0,1,0,2,1,1,4,1,1,2,1,0,2,-1,0,2,6,4,3,1,1,3,2,4,33
0,0,0,0,2,-1,0,0,1,2,2,1,1,2,1,0,0,1,12,1,12,0,1,1,0,1,0,4,1,0,2,1,0,1,0,0,2,6,2,2,1,2,1,3,0,33
1,0,3,3,2,20062,1,1,0,0,2,1,3,1,1,0,2,0,0,1,12,0,1,0,2,1,1,4,1,1,2,1,1,1,0,0,3,6,4,3,1,3,3,3,3,33
1,0,2,2,2,10540,1,1,0,0,2,1,3,2,1,0,2,0,0,1,12,0,1,1,2,1,1,4,1,0,2,1,0,1,1,1,2,6,3,3,1,1,1,3,4,33
0,0,3,3,2,20014,0,1,1,2,2,1,3,2,1,0,2,0,0,1,12,0,1,2,1,1,1,4,1,1,2,1,1,1,1,0,2,6,3,2,1,2,3,3,3,33
1,0,2,2,2,-1,0,0,0,0,2,1,1,1,0,0,2,0,0,1,6,0,1,1,2,1,1,4,1,1,1,1,1,1,2,5,1,6,3,2,0,2,1,3,4,34
0,0,2,2,2,24966,0,1,1,1,2,1,1,2,1,0,0,0,0,1,6,0,1,0,2,1,1,4,1,0,2,1,1,1,0,0,3,6,4,2,1,1,3,3,0,33
0,0,1,2,2,-1,1,1,0,0,2,1,3,2,1,0,1,0,0,1,12,1,1,1,2,1,1,4,1,1,2,1,1,1,1,0,3,6,3,2,1,1,1,3,1,33
0,0,0,0,2,8875,0,1,0,0,2,1,1,1,1,0,1,0,0,1,10,0,1,1,0,1,1,4,1,1,2,1,1,1,0,0,2,6,3,2,1,2,3,3,2,27
1,0,2,1,2,11385,1,1,0,0,2,1,3,2,0,1,2,0,0,1,4,0,1,2,1,1,0,4,1,1,2,1,1,1,1,0,2,6,4,3,1,3,1,3,3,34
0,0,1,1,2,7150,0,1,0,0,2,1,3,2,0,1,1,0,0,1,12,0,1,1,1,1,0,4,1,1,2,1,0,3,1,0,3,6,4,3,1,2,1,3,2,33
0,0,0,1,2,983,0,0,0,0,2,1,3,2,0,1,2,0,0,1,4,1,1,0,1,1,0,2,0,0,2,1,0,1,1,0,3,6,2,3,1,1,1,3,3,32
0,0,0,0,2,12204,0,1,0,0,2,1,3,1,1,0,2,0,0,1,4,1,1,1,0,1,1,4,1,1,2,1,0,3,2,4,3,6,3,2,1,1,1,3,2,32
0,0,0,2,2,24694,0,1,0,0,2,1,1,2,1,0,1,0,0,1,8,0,1,1,1,1,1,4,0,1,2,1,1,1,2,5,3,6,3,2,1,1,1,3,4,32
0,0,1,3,2,9041,0,1,0,0,2,1,1,2,1,0,2,0,0,1,12,0,1,0,1,1,1,4,1,1,2,1,1,1,1,0,2,6,4,3,0,2,1,3,0,34
0,2,2,3,2,25744,0,0,0,0,2,1,3,2,1,0,1,1,0,1,12,0,1,0,2,1,1,4,1,1,2,1,1,3,1,4,3,6,4,3,1,3,1,3,4,31
0,0,2,2,2,12679,0,0,0,0,2,1,1,1,1,0,1,0,0,1,4,0,1,1,0,1,1,4,1,0,2,1,1,1,1,0,2,6,3,3,1,1,0,3,2,32
0,0,0,2,2,-1,0,1,1,1,2,1,1,1,1,0,2,1,12,1,12,0,1,1,1,1,1,4,1,1,2,1,0,1,1,4,2,6,3,3,1,2,3,3,4,32
0,0,0,2,2,23946,1,1,1,2,2,1,1,2,0,1,2,0,0,1,6,0,1,2,2,1,1,4,1,1,2,1,1,3,1,3,3,6,3,3,1,1,3,3,1,33
0,0,0,1,2,-1,0,0,0,0,2,0,0,0,0,0,1,0,0,1,4,1,1,2,0,4,0,4,0,0,1,2,0,0,1,0,1,6,2,2,0,2,3,0,2,26
1,2,1,2,2,3760,0,1,2,0,2,1,3,1,0,1,1,0,0,1,6,0,1,1,0,1,1,4,1,1,2,1,0,1,1,0,3,6,4,3,0,0,1,3,4,31
0,0,2,0,2,967,0,1,0,0,2,0,0,0,1,0,2,0,0,1,12,1,1,1,2,1,1,4,1,1,2,1,1,0,1,0,2,6,3,3,1,3,1,3,1,32
1,0,1,2,2,-1,1,0,1,0,2,1,3,2,1,0,2,0,0,1,12,0,1,1,0,4,1,4,0,0,2,1,1,1,2,1,2,6,3,3,1,1,1,3,3,31
1,0,0,0,2,-1,1,1,0,0,2,1,1,2,1,0,2,0,0,1,4,0,1,0,0,1,1,2,0,0,2,1,0,1,-1,0,1,6,3,3,1,1,1,3,0,34
0,1,2,0,2,4951,0,1,0,2,2,1,1,2,1,0,2,0,0,1,4,0,1,1,0,1,1,4,0,1,2,1,1,2,1,5,2,6,4,2,1,2,3,3,2,32
1,0,1,1,2,6071,1,1,2,0,2,0,0,0,1,0,1,0,0,1,4,0,1,0,1,1,0,4,1,1,2,2,1,0,1,0,2,6,3,3,1,2,1,3,2,32
0,0,2,1,2,64,0,1,2,1,2,1,1,2,0,0,2,0,0,1,4,0,1,2,0,1,1,4,1,1,2,1,1,1,1,1,1,2,2,2,1,1,1,3,2,22
1,2,2,2,2,-1,0,0,0,0,2,1,1,1,0,1,2,0,0,1,4,0,1,0,0,1,0,2,1,1,1,1,1,1,-1,0,3,5,3,2,1,2,1,3,0,32
1,0,2,1,2,-1,1,1,1,2,2,1,3,1,1,0,1,0,0,1,4,1,1,2,0,2,1,4,1,1,1,1,1,1,-1,0,2,6,4,3,1,2,0,3,4,33
0,0,1,3,2,26282,0,1,1,2,2,1,1,2,1,0,1,0,0,1,6,0,1,1,2,1,1,4,1,1,2,1,1,1,1,0,2,6,3,3,1,3,3,3,4,30
0,0,0,2,2,9578,0,0,1,2,2,1,1,2,1,0,2,0,0,1,12,0,1,1,1,2,0,4,1,1,2,1,1,1,-1,0,2,5,3,2,1,1,1,3,1,32
0,2,2,2,2,12934,1,1,0,0,2,1,3,2,1,0,1,0,0,1,10,0,1,0,2,1,1,4,0,1,2,1,1,1,1,0,3,6,3,3,1,1,1,3,3,34
1,2,2,3,2,-1,1,1,1,2,2,1,3,1,1,0,2,0,0,1,12,0,1,0,2,1,1,4,1,1,2,1,1,1,2,1,2,6,4,3,0,1,1,3,2,34
0,0,2,2,2,8002,1,1,0,0,2,1,1,1,1,0,0,0,0,1,2,0,1,0,0,1,1,3,1,1,2,1,1,1,0,0,1,6,3,3,1,2,1,3,0,33
0,0,0,2,2,987,0,1,0,0,2,1,1,2,1,0,2,0,0,1,6,0,1,0,0,1,1,4,1,1,2,1,1,1,0,0,3,6,4,2,1,1,3,3,3,0
0,2,1,3,1,24889,1,1,1,2,2,1,3,2,1,0,1,0,0,1,12,1,1,1,2,1,1,4,1,1,2,1,1,3,1,5,3,6,4,3,0,1,1,3,2,34
1,2,2,2,2,8115,0,1,0,0,2,1,1,1,1,0,2,0,0,1,4,0,1,1,0,1,1,4,1,1,1,1,1,1,-1,0,2,6,4,3,1,1,3,2,1,31
1,0,1,2,2,306,0,0,0,0,1,1,1,2,1,0,2,1,4,1,4,1,1,2,0,1,1,4,1,0,1,1,1,1,1,0,2,6,3,3,1,2,1,3,4,27
0,2,2,2,1,11609,0,1,0,0,2,1,1,2,1,0,1,0,0,1,12,0,1,0,1,1,1,4,0,1,2,1,1,1,1,0,3,6,4,3,1,1,1,3,0,30
1,2,1,2,2,31402,0,1,0,0,2,1,1,1,1,0,1,0,0,1,4,0,1,1,2,1,1,4,1,1,2,1,1,1,2,1,2,6,4,2,1,0,0,3,4,33
1,2,2,3,1,22878,1,1,0,0,2,1,3,2,0,1,1,0,0,1,12,0,1,0,2,1,1,4,1,1,2,1,1,1,2,2,2,6,4,3,0,1,1,3,4,32
0,2,2,3,1,5616,1,1,0,0,2,1,3,2,1,0,1,0,0,1,12,1,1,1,2,1,1,4,1,1,2,1,1,1,2,5,3,6,4,3,1,3,1,3,1,34
0,0,1,2,2,-1,0,1,0,0,2,1,1,1,1,0,0,0,0,1,4,0,1,0,1,1,1,4,1,1,1,1,1,1,0,0,3,6,3,2,1,1,1,3,0,31
1,0,1,1,2,9132,0,1,2,0,2,1,1,2,0,1,0,0,0,1,12,0,1,0,0,1,1,2,1,1,2,1,1,1,0,0,3,6,3,2,1,2,1,1,0,33
0,2,2,0,1,8381,1,1,0,0,2,1,3,2,1,0,1,1,3,1,12,0,1,0,1,1,1,4,1,1,2,1,1,1,2,1,2,6,3,3,1,1,3,3,0,33
1,2,2,1,2,102,1,0,0,2,2,1,3,2,1,0,2,0,0,1,12,0,1,1,0,4,1,4,1,1,2,1,1,1,1,0,3,6,3,3,1,0,1,1,4,30
0,2,1,3,2,1252,1,1,2,1,2,1,2,1,1,0,2,1,1,1,8,0,1,0,1,1,1,4,1,1,2,1,1,2,-1,0,2,6,3,3,1,1,1,3,3,32
1,0,0,2,2,9703,0,1,0,0,2,1,1,2,1,0,1,0,0,1,4,1,1,2,0,1,1,4,1,1,2,1,0,1,1,0,2,6,3,3,1,2,1,3,0,27
0,0,0,0,2,6280,0,1,0,0,2,1,3,2,1,0,1,0,0,1,12,1,1,1,0,1,0,4,1,1,2,2,1,1,2,2,1,0,3,2,1,2,0,3,4,34
0,2,0,2,1,3644,0,1,0,0,2,1,1,2,0,1,0,0,0,1,12,0,1,0,2,1,1,4,1,0,2,1,1,1,0,0,2,6,3,2,0,3,3,3,0,27
0,2,2,3,2,8541,1,1,1,2,2,1,3,1,1,0,1,1,4,1,12,1,1,1,2,1,1,4,1,1,2,1,1,3,2,3,3,6,4,3,0,1,1,3,3,34
1,1,0,2,2,1913,1,1,2,2,2,1,1,2,1,0,1,0,0,1,12,1,1,1,0,4,1,3,1,1,1,1,1,1,1,0,2,6,4,3,1,2,1,3,3,31
0,2,3,0,2,17494,1,1,0,0,2,1,3,1,1,0,1,0,0,1,4,1,1,2,2,1,1,4,1,1,2,1,1,1,2,3,2,6,4,2,1,1,1,3,4,34
0,0,0,2,2,-1,0,1,0,0,2,1,1,1,1,0,0,0,0,1,2,0,1,2,0,1,1,4,1,0,2,1,1,1,0,0,2,6,2,3,1,2,1,3,0,31
1,2,2,3,2,28898,0,1,0,0,1,1,3,2,1,0,1,0,0,1,12,1,1,2,2,1,1,4,1,0,2,1,1,1,2,4,3,6,4,3,1,1,3,3,4,31
0,0,1,3,2,20558,1,1,1,1,2,1,3,1,0,1,2,0,0,1,4,1,1,1,2,1,1,4,1,1,2,1,0,1,-1,0,2,6,4,3,1,1,1,3,4,31
0,0,1,3,2,8008,0,1,0,1,2,1,1,2,1,0,2,0,0,1,12,0,1,0,0,1,1,4,1,1,2,1,1,1,1,5,2,6,3,3,1,0,1,3,1,32
1,0,3,2,2,21302,0,1,1,2,2,1,1,2,1,0,2,0,0,1,6,0,1,1,2,1,1,4,1,0,2,1,1,1,-1,0,2,6,4,3,1,3,3,3,0,33
0,2,2,2,2,2272,0,1,0,0,2,1,3,2,1,0,1,0,0,1,10,0,1,2,2,1,1,4,1,1,2,1,0,1,1,2,2,6,4,3,1,1,0,3,1,31
0,0,0,2,2,14697,0,1,0,0,2,1,1,2,1,0,1,0,0,1,2,1,1,0,2,1,1,4,0,1,2,1,1,1,-1,0,2,6,3,3,1,1,1,2,3,16
1,0,0,2,2,-1,0,1,2,2,2,1,1,2,1,0,2,1,1,1,12,0,1,2,0,1,1,4,1,1,2,1,1,1,1,1,2,6,3,3,1,1,1,3,4,16
0,0,0,1,2,1677,0,1,1,2,2,1,1,2,0,1,2,0,0,1,2,0,1,1,0,2,1,4,0,1,2,1,1,1,-1,0,3,5,4,2,1,2,1,1,1,33
1,2,3,2,2,29606,0,1,0,1,2,1,3,1,0,0,1,0,0,1,6,1,1,0,2,1,1,4,1,1,2,1,1,1,2,5,3,6,4,3,1,1,0,3,2,29
1,2,0,2,2,-1,0,1,2,2,2,1,3,2,1,0,2,0,0,1,4,0,1,0,0,1,1,4,0,1,2,1,1,1,-1,0,3,6,4,3,1,1,1,3,2,34
0,2,0,1,1,14,0,0,0,0,0,1,1,2,0,1,0,0,0,1,4,0,0,1,0,4,0,0,0,0,1,1,0,1,0,0,1,0,1,2,1,0,3,0,0,31
1,2,2,2,2,11786,1,1,1,1,2,1,1,1,1,0,2,1,4,1,6,0,1,2,1,1,1,4,1,1,2,1,1,1,0,0,3,6,3,3,1,1,0,3,0,33
0,1,0,2,2,839,1,1,1,1,2,1,1,1,1,0,2,1,4,1,4,0,1,1,0,4,1,4,1,1,2,1,1,1,-1,0,1,6,3,3,1,1,0,3,0,25
1,0,2,2,2,8556,0,0,0,0,2,1,1,2,1,0,2,0,0,1,6,0,1,1,2,1,1,4,1,1,2,1,1,1,1,0,2,6,3,3,1,3,1,2,0,34
0,0,2,2,2,30025,0,0,0,0,1,1,1,2,1,0,0,0,0,1,6,0,1,0,2,1,1,4,1,1,2,1,1,1,0,0,3,6,4,2,1,2,1,3,0,29
1,0,3,2,2,21772,0,1,1,2,2,1,3,1,0,0,2,0,0,1,6,1,1,1,1,1,1,4,1,1,2,1,1,1,1,0,2,6,4,3,1,1,1,3,1,34
0,0,1,0,2,19116,0,1,1,2,2,1,1,2,1,0,2,0,0,1,6,0,1,0,2,5,1,4,1,1,2,1,1,1,0,0,2,6,4,3,1,3,1,3,1,33
0,0,0,2,2,-1,0,0,2,0,2,1,1,2,1,0,0,0,0,1,4,1,1,1,1,1,0,4,1,1,2,1,1,1,0,0,1,6,3,2,1,1,1,3,0,29
0,0,0,1,2,181,0,1,0,0,2,1,3,2,1,0,1,1,12,1,12,0,1,1,2,1,1,4,0,1,2,2,0,1,1,0,2,6,2,3,1,1,3,3,1,25
1,0,0,1,2,10912,1,1,1,1,2,1,3,2,0,1,2,1,3,1,6,0,1,1,0,1,1,2,1,1,1,1,0,1,2,4,3,5,3,3,1,1,0,3,0,29
0,2,2,2,2,-1,0,1,0,0,2,1,1,2,1,0,2,0,0,1,12,0,1,2,2,1,1,4,0,1,2,1,1,1,1,0,2,6,4,3,1,3,1,3,3,34
1,2,2,1,2,2085,0,1,2,0,2,1,1,2,1,0,0,1,12,1,12,0,1,0,0,1,1,4,0,1,2,1,1,1,0,0,3,6,3,3,1,1,1,3,0,33
1,0,3,2,2,7852,0,1,1,1,2,1,3,2,0,0,2,0,0,1,6,1,1,2,2,1,1,4,1,0,2,1,1,3,1,1,2,6,4,3,1,3,1,3,3,34
1,0,0,1,2,-1,1,1,0,0,2,1,1,1,1,0,2,0,0,1,2,1,1,1,0,1,1,4,1,1,2,1,1,1,1,0,3,6,3,2,1,2,0,3,4,29
1,2,1,1,1,0,0,1,0,0,2,1,3,1,1,0,1,0,0,1,12,0,1,0,0,1,0,0,1,1,1,1,0,3,-1,0,2,5,2,3,0,1,3,2,2,30
0,0,0,1,2,325,1,0,0,0,2,1,1,1,1,0,2,0,0,1,12,0,1,0,0,4,0,0,0,1,1,1,1,1,-1,0,2,6,3,2,1,2,1,3,2,28
1,2,2,2,2,8652,1,1,0,0,2,1,1,2,1,0,0,0,0,1,12,0,1,0,2,1,1,4,1,1,2,1,1,2,0,0,2,6,4,3,1,1,1,3,0,31
0,0,2,3,2,10453,0,0,0,0,2,1,1,2,0,1,0,0,0,1,4,0,1,0,2,1,1,3,1,1,2,1,1,1,0,0,2,6,3,3,1,1,3,3,0,30
0,0,1,2,2,10989,0,1,0,0,2,1,1,1,1,0,2,0,0,1,2,1,1,2,0,1,1,4,1,1,2,1,1,1,1,3,1,6,4,2,1,2,1,3,1,28
0,0,1,2,2,21740,0,1,1,1,2,1,3,2,1,0,2,0,0,1,12,1,1,1,0,1,1,4,1,1,2,1,1,1,1,5,3,6,3,3,1,1,3,3,2,28
1,2,1,2,1,11777,1,1,0,0,2,1,3,2,1,0,1,1,12,1,12,0,1,0,1,2,1,4,1,1,2,1,1,3,1,0,2,6,2,3,0,2,1,3,2,33
0,0,2,2,2,524,1,1,0,0,2,1,1,2,1,0,2,0,0,1,4,0,1,0,0,1,0,4,1,1,2,1,1,1,1,4,1,6,3,2,1,2,1,2,4,32
1,0,1,2,2,15291,0,1,1,1,1,1,1,1,1,0,0,0,0,1,12,0,1,0,0,4,1,4,1,1,1,1,1,1,0,0,3,6,3,3,1,2,3,3,0,34
1,1,1,2,2,7947,0,1,1,0,2,1,1,1,1,0,2,1,12,1,12,0,1,2,0,1,1,4,1,1,2,1,1,1,1,4,2,6,3,3,0,2,1,3,3,31
0,0,2,2,2,3777,0,1,1,2,2,1,3,2,1,0,2,0,0,1,4,0,1,1,1,1,1,4,1,1,2,1,1,1,2,5,3,6,4,3,1,3,3,3,3,32
1,0,0,3,2,6017,0,1,1,0,2,1,3,1,0,1,1,0,0,1,4,1,1,1,1,1,0,4,1,1,2,1,0,1,1,0,2,5,2,2,1,2,1,3,2,32
1,2,1,1,2,11693,0,1,0,0,2,1,1,2,1,0,2,0,0,1,12,1,1,1,0,2,0,4,0,1,1,1,1,1,-1,0,2,6,3,3,1,2,1,3,3,31
0,0,0,1,2,-1,0,1,1,1,2,1,1,2,1,0,2,0,0,1,4,0,1,2,1,1,0,2,1,1,2,1,0,1,1,0,2,6,2,2,1,2,1,1,2,30
1,0,3,3,2,38433,1,1,1,0,2,1,1,2,1,0,1,0,0,1,12,1,1,1,1,1,1,4,1,1,2,1,1,1,1,0,3,6,4,3,1,1,1,3,2,31
0,0,1,1,2,478,1,1,1,1,2,1,1,2,1,0,0,0,0,1,7,0,1,0,2,1,1,3,1,1,2,1,1,1,0,0,2,6,4,2,1,2,1,3,0,33
1,0,3,3,2,21675,0,1,2,1,2,1,3,2,1,0,1,0,0,1,6,1,1,0,2,1,1,4,1,0,2,1,1,3,1,0,2,6,4,3,0,1,1,3,3,32
1,0,1,2,2,15423,0,1,1,2,2,1,3,2,1,0,1,1,3,1,12,1,1,2,1,1,1,4,1,1,2,1,1,1,1,1,3,6,4,3,1,3,3,2,4,34
1,0,2,2,2,19081,0,1,0,0,2,1,1,2,1,0,2,0,0,1,12,0,1,1,2,1,1,4,1,1,2,1,1,1,1,5,3,6,3,3,1,1,1,3,3,34
1,0,1,0,1,3251,1,1,0,0,2,1,1,2,1,0,2,0,0,1,4,0,1,0,0,1,1,4,0,1,1,1,0,1,0,0,1,6,3,2,1,2,3,3,1,19
0,0,3,3,2,-1,0,0,0,0,2,1,1,2,0,1,2,0,0,1,12,0,1,1,2,1,1,4,1,1,2,1,1,1,1,1,3,6,4,2,1,1,0,3,2,32
0,2,2,0,2,3676,1,1,0,0,2,1,3,1,1,0,1,1,1,1,4,0,1,1,2,1,1,4,1,1,2,1,1,1,1,0,2,6,4,3,1,1,1,3,3,31
1,0,1,1,2,252,1,1,0,0,1,0,0,0,0,1,2,0,0,1,12,1,1,1,1,1,1,4,1,0,1,1,1,0,1,0,3,6,4,3,1,1,1,3,3,33
1,1,2,2,2,826,0,1,1,2,2,1,1,2,1,0,2,0,0,1,6,0,1,1,2,1,1,4,1,1,2,1,1,3,2,5,3,6,3,3,1,1,1,3,2,33
0,2,2,2,2,11174,1,1,1,2,2,1,3,1,0,1,1,1,1,1,4,1,1,0,2,1,1,4,1,1,2,1,1,3,2,2,3,6,4,3,1,3,1,3,4,33
1,0,1,2,2,30237,1,1,0,0,2,1,1,2,1,0,2,0,0,1,2,0,1,2,1,1,1,4,1,1,2,1,1,1,-1,5,3,6,4,3,1,1,1,3,3,33
0,0,2,2,2,1728,0,1,1,2,2,1,1,2,1,0,0,0,0,1,3,0,1,0,0,1,1,4,1,1,1,1,1,1,0,0,3,6,4,2,1,1,1,3,0,32
0,2,3,3,1,10766,1,1,0,0,2,1,3,2,1,0,2,0,0,1,12,0,1,0,1,1,1,4,1,1,2,1,1,1,1,0,2,6,4,3,1,1,1,3,3,34
0,2,2,3,2,769,0,1,1,2,2,1,3,2,1,0,3,0,0,1,12,1,1,1,2,1,1,4,1,0,2,1,1,1,-1,0,2,6,4,0,0,3,1,3,2,34
0,0,2,3,2,3715,0,0,0,1,2,1,3,2,1,0,1,1,2,1,14,0,1,1,2,1,1,4,1,1,2,1,1,1,1,4,2,6,4,3,1,1,3,3,1,31
1,0,2,2,2,15059,0,1,0,0,2,1,3,2,1,0,2,1,1,1,4,1,1,1,2,1,1,4,1,1,2,1,1,1,2,1,3,6,4,3,1,1,1,3,4,34
0,0,2,3,2,-1,1,1,0,0,2,1,3,2,1,0,1,1,1,1,11,1,1,1,1,1,1,4,1,1,2,1,1,1,2,5,3,6,3,2,1,2,1,3,1,32
0,2,0,2,2,0,0,1,1,2,2,1,1,1,0,1,2,0,0,1,2,0,1,1,0,1,0,1,0,0,1,1,0,1,0,0,2,5,3,2,1,2,1,3,0,34
0,2,1,2,1,14683,0,1,0,0,2,1,3,2,1,0,3,1,1,1,6,0,1,1,2,5,1,4,1,1,2,1,0,1,2,1,2,6,4,3,1,1,0,3,3,33
0,0,2,0,2,10174,1,1,1,1,2,1,3,1,1,0,1,0,0,1,4,1,1,2,0,1,0,4,1,1,2,1,1,1,2,5,1,6,3,2,1,0,1,2,3,32
1,2,2,0,1,6841,0,1,1,2,2,1,3,2,1,0,2,1,5,1,6,0,1,1,2,1,1,4,1,1,2,1,1,3,1,2,3,6,4,3,1,0,3,3,3,31
1,0,2,1,2,5328,0,1,1,2,2,1,3,1,1,0,1,0,0,1,12,1,1,1,1,4,1,4,1,1,2,1,1,3,1,0,0,6,4,2,1,0,1,3,4,32
0,1,2,0,1,-1,1,1,0,0,2,1,3,1,1,0,1,0,0,1,1,1,1,1,1,1,1,4,0,1,2,1,0,1,1,0,3,5,3,3,0,0,0,3,4,32
1,0,1,3,2,-1,0,1,0,0,2,1,1,2,1,0,1,1,12,1,12,1,1,0,1,1,1,3,1,1,2,1,1,1,1,0,3,6,3,3,1,2,3,3,4,34
0,2,2,3,2,8129,1,1,0,0,2,1,1,1,1,0,2,0,0,1,12,0,1,0,1,1,1,4,1,1,2,1,1,1,1,0,2,6,4,3,1,2,1,3,0,34
0,0,1,2,2,5820,0,1,1,1,2,1,1,2,1,0,2,0,0,1,4,0,1,0,2,1,1,4,1,1,2,1,1,1,-1,0,1,6,3,2,1,1,3,2,4,32
0,0,2,0,2,62361,1,1,0,0,2,1,1,1,1,0,0,0,0,1,12,0,1,0,1,1,1,4,1,1,2,1,1,1,0,0,1,6,3,2,1,2,1,1,0,28
0,0,2,1,2,-1,1,1,1,1,2,1,3,1,1,0,1,1,1,1,4,1,1,2,2,1,1,4,1,1,1,1,1,1,1,0,1,6,4,2,1,3,0,3,4,28
1,0,1,1,2,10958,1,1,1,2,2,1,1,2,1,0,0,0,0,1,12,0,1,2,0,1,0,2,1,1,2,1,1,1,0,0,3,6,4,3,1,2,1,3,0,32
0,0,0,2,2,96,1,1,0,0,2,1,1,2,1,0,2,0,0,1,12,0,1,0,1,1,1,4,1,0,2,1,0,1,1,5,3,6,2,3,1,3,1,3,1,33
1,1,3,3,2,18438,1,1,1,0,2,1,1,2,1,0,1,0,0,1,3,1,1,2,2,1,1,4,1,1,2,1,1,1,1,0,1,6,3,3,1,1,1,3,4,33
1,0,1,2,2,27415,1,0,0,1,2,1,1,2,1,0,2,1,12,1,12,0,1,1,2,1,1,4,1,1,2,1,1,3,-1,5,1,6,4,3,1,3,2,3,3,34
1,0,2,3,2,3439,0,1,0,0,2,1,1,2,1,0,1,1,6,1,6,1,1,1,0,1,0,4,1,1,2,1,1,1,1,0,2,6,4,3,1,1,1,3,1,30
0,0,2,2,2,2891,1,1,1,2,2,1,1,2,1,0,0,0,0,1,4,0,1,0,0,1,1,4,1,1,1,1,1,1,0,0,1,6,3,2,1,1,0,3,0,25
0,2,2,3,2,5463,1,1,0,0,2,1,3,2,1,0,1,0,0,1,4,1,1,0,2,1,1,4,1,1,2,1,1,1,2,3,2,6,4,3,0,1,1,3,4,34
1,2,2,2,2,24921,0,1,0,1,2,1,1,2,1,0,0,0,0,1,12,0,1,0,2,4,1,4,1,1,2,1,1,1,0,0,3,6,4,2,1,1,1,3,0,33
1,0,2,2,2,47,0,0,0,0,2,1,1,2,1,0,2,0,0,1,6,0,1,1,1,1,1,4,1,1,2,1,0,1,1,5,2,6,3,3,1,2,3,3,0,32
1,0,1,1,2,0,0,0,1,1,2,1,1,2,0,1,1,0,0,1,4,0,1,2,0,1,1,4,1,1,1,2,1,1,1,0,1,6,3,2,1,2,3,3,1,34
0,2,3,3,2,-1,1,1,0,1,2,1,1,2,1,0,1,0,0,1,4,1,1,1,0,1,1,4,1,1,2,1,1,1,1,5,3,6,3,3,1,1,3,3,4,31
0,0,1,3,2,27087,1,1,0,0,2,1,2,1,1,0,2,0,0,1,4,1,1,0,1,1,1,4,1,1,2,1,1,2,2,5,2,6,4,2,1,1,1,3,4,33
0,0,3,1,2,1731,1,1,2,1,2,1,1,2,0,1,2,0,0,1,2,0,1,2,0,4,1,1,0,1,2,1,1,1,1,0,3,6,4,3,1,2,1,3,3,33
0,2,2,3,2,5554,0,1,0,0,2,1,1,2,1,0,2,0,0,1,5,0,1,0,0,1,1,4,1,1,2,1,0,1,0,0,3,6,3,3,1,1,1,3,1,31
0,2,1,3,1,53694,0,0,1,2,2,1,2,1,1,0,1,0,0,0,0,0,1,1,1,1,1,4,1,1,1,2,0,0,-1,4,3,6,4,2,0,1,3,1,1,3
1,0,1,3,2,19574,1,1,0,0,2,1,1,2,1,0,2,1,2,1,12,0,1,0,1,1,1,4,1,1,2,1,1,3,2,3,3,6,2,3,1,1,1,3,4,34
0,0,0,3,2,2836,0,1,1,1,2,1,1,2,1,0,0,0,0,1,12,0,1,0,2,1,1,4,1,0,2,1,1,1,0,0,2,6,4,2,1,1,1,3,0,28
0,0,1,0,2,14291,1,1,0,2,2,1,1,2,0,1,1,1,6,1,5,1,1,1,1,1,1,4,0,1,2,1,1,1,1,0,3,5,3,3,1,1,0,3,1,33
0,2,0,1,2,0,0,1,0,0,2,1,1,1,1,0,1,0,0,1,4,0,1,2,0,1,1,2,1,1,1,1,0,3,1,0,3,4,3,2,0,1,1,3,0,30
1,0,2,2,2,16794,0,1,0,0,2,1,1,2,1,0,0,1,1,1,6,0,1,0,1,1,1,4,1,1,2,1,1,1,0,0,2,6,3,3,1,0,1,3,0,33
0,0,2,2,2,19527,1,1,1,1,2,1,1,2,1,0,2,0,0,1,12,1,1,1,1,1,1,4,1,1,2,1,0,1,1,4,3,5,4,3,1,1,3,3,4,25
0,0,1,2,2,-1,0,0,0,0,2,1,1,1,0,1,0,0,0,1,4,0,1,1,1,1,1,4,1,0,2,1,1,1,0,0,3,6,3,3,1,2,3,3,0,28
0,0,0,0,2,-1,1,0,0,0,2,1,1,1,1,0,2,0,0,1,12,0,1,1,1,1,0,4,1,0,2,1,0,1,-1,0,0,2,2,2,1,0,1,3,3,26
1,0,0,2,1,-1,0,1,0,0,2,1,1,1,1,0,2,0,0,1,4,1,1,2,0,4,0,1,0,0,1,2,1,2,0,0,0,4,2,0,1,1,0,0,1,30
0,0,0,2,2,-1,0,1,2,2,2,1,1,2,1,0,1,0,0,1,12,0,1,0,1,1,0,4,1,1,2,1,1,1,1,0,2,6,3,2,1,2,1,3,3,33
1,0,2,2,2,12108,0,1,0,0,2,1,1,2,1,0,1,1,2,1,12,1,1,2,1,1,1,4,1,1,2,1,1,3,1,0,2,6,4,3,1,2,1,3,4,31
1,2,2,2,1,32964,1,1,0,0,2,1,3,2,1,0,1,0,0,1,12,1,1,0,2,1,1,4,1,1,2,1,1,1,1,4,3,6,4,3,1,1,1,3,3,34
0,0,2,0,2,14192,0,1,2,2,2,1,3,2,1,0,1,0,0,1,4,1,1,1,2,1,1,4,1,1,2,1,1,3,2,3,2,6,4,3,1,3,1,3,4,34
1,0,1,1,1,6974,0,1,1,2,2,1,1,2,1,0,1,0,0,1,4,1,1,1,1,1,0,4,1,1,2,1,1,1,1,0,2,5,3,3,1,1,1,3,2,34
1,2,2,3,2,20795,0,1,1,2,2,1,3,2,1,0,1,1,2,1,12,0,1,1,1,1,1,4,1,1,2,1,1,3,2,4,3,5,4,3,1,0,3,3,2,32
1,0,1,2,2,3410,0,1,1,1,0,1,1,1,0,0,2,0,0,1,5,0,1,1,0,1,1,4,1,1,1,1,0,1,1,0,2,6,3,3,1,0,0,3,1,32
0,0,1,2,2,14593,0,1,0,1,2,1,1,2,1,0,2,0,0,1,12,0,1,1,1,5,1,4,1,1,2,1,1,1,1,5,3,6,2,3,1,3,0,3,3,25
0,2,2,2,2,14360,1,1,1,2,2,1,3,2,0,1,1,0,0,1,4,1,1,2,2,1,1,4,1,1,2,1,1,3,2,1,2,6,4,3,1,1,1,3,3,34
0,0,2,3,2,37831,1,0,0,0,2,1,1,1,0,1,2,1,1,1,12,0,1,1,2,1,1,4,1,1,2,1,1,1,0,0,2,6,4,2,1,2,3,2,2,34
1,0,2,2,2,1087,1,1,0,0,2,1,1,2,0,1,1,0,0,1,4,0,1,2,1,1,0,4,1,0,1,2,1,1,0,0,2,6,4,3,1,1,1,3,1,34
0,0,0,3,2,0,1,1,0,0,2,1,1,2,1,0,1,0,0,1,4,0,1,1,0,1,1,4,1,0,2,1,1,1,1,1,3,6,2,3,1,1,3,3,4,33
0,0,2,3,2,6422,1,1,0,2,2,1,3,1,1,0,1,1,12,1,12,1,1,0,2,1,1,4,1,0,2,1,1,1,2,5,3,6,3,3,1,1,1,3,1,31
1,2,2,3,1,1494,0,1,0,0,2,1,3,2,1,0,1,0,0,1,12,1,1,2,2,5,1,4,1,1,2,1,1,1,1,0,3,6,4,3,1,1,1,2,3,32
0,0,1,2,2,14461,1,1,1,2,2,1,1,2,1,0,0,0,0,1,4,0,1,0,1,1,1,4,1,1,2,1,1,1,0,0,1,6,4,3,1,1,0,3,0,28
1,2,2,3,2,15345,1,1,0,0,2,1,1,2,0,1,2,0,0,1,12,0,1,1,0,1,1,3,1,1,2,1,1,1,-1,0,2,6,4,3,1,1,0,3,2,33
0,0,0,1,2,-1,1,0,0,0,2,0,0,0,1,0,1,0,0,1,12,0,0,0,0,4,1,4,0,0,2,2,0,0,1,0,2,3,1,3,1,2,0,2,1,31
0,0,2,2,2,2895,0,1,3,1,2,1,1,2,1,0,2,0,0,1,12,0,1,1,0,1,1,4,0,1,2,1,1,2,0,0,3,6,3,3,1,3,1,3,4,33
0,2,2,3,1,26956,0,1,0,1,2,1,3,2,1,0,2,0,0,1,6,1,1,1,2,1,1,4,1,1,2,1,1,1,-1,0,3,6,3,3,0,1,1,3,4,29
1,0,2,3,2,10085,1,1,0,0,2,1,3,2,1,0,1,0,0,1,12,0,1,0,0,1,1,4,1,1,2,1,1,1,1,0,3,6,3,3,1,1,1,3,1,33
1,0,2,2,2,9501,1,1,1,1,2,1,1,1,0,0,2,0,0,1,4,0,1,2,0,1,1,4,1,0,2,1,1,1,-1,0,1,6,4,3,1,1,3,3,3,33
1,0,0,0,2,1945,0,1,0,0,2,1,1,2,1,0,2,0,0,1,6,0,1,2,2,1,0,3,1,0,1,1,0,3,0,0,0,6,3,3,1,1,3,3,0,30
0,2,2,2,2,26251,0,1,1,2,2,1,1,1,0,0,2,0,0,1,5,0,1,2,1,1,1,4,1,1,2,1,1,3,1,0,2,6,3,3,1,1,3,3,4,33
0,2,2,0,2,10658,0,1,0,0,2,1,3,2,1,0,1,1,4,1,4,1,1,2,1,1,1,4,1,0,2,1,1,1,1,0,2,6,4,3,1,3,1,3,2,29
0,0,0,0,1,40553,0,1,0,0,2,1,2,2,1,0,1,1,2,0,0,1,1,0,2,1,1,4,0,0,2,2,1,1,0,0,1,6,3,0,0,1,0,1,3,0
1,0,1,2,2,3171,0,1,0,0,2,1,1,2,1,0,1,0,0,1,4,0,1,0,0,1,1,4,1,1,2,1,1,1,1,0,3,6,4,3,1,1,1,3,0,34
1,0,2,2,2,5546,0,1,0,0,2,1,1,2,0,1,2,0,0,1,6,1,1,0,1,1,0,4,1,1,2,1,1,1,1,0,2,6,3,3,1,2,1,3,2,31
0,0,2,0,2,6014,0,1,0,0,2,1,1,2,1,0,2,0,0,1,12,0,1,1,2,1,1,4,1,1,2,1,1,1,0,0,3,6,4,3,1,1,1,3,0,34
0,0,0,2,2,9054,0,1,1,2,2,1,3,2,1,0,2,0,0,1,4,0,1,0,2,1,1,4,1,1,2,1,1,1,1,5,3,6,4,3,1,1,1,3,4,33
0,2,2,3,2,1308,0,0,0,0,2,1,1,2,1,0,2,1,2,1,6,0,1,0,2,1,1,4,1,1,2,1,1,1,0,0,2,6,4,3,0,1,1,3,0,34
0,0,1,2,2,-1,0,1,1,1,2,1,1,2,1,0,0,0,0,1,4,0,1,0,0,1,0,4,1,0,1,1,0,1,0,0,1,6,3,2,1,3,3,3,0,29
0,0,1,2,2,-1,0,1,0,0,2,1,1,2,0,1,2,0,0,1,4,0,1,1,1,1,1,4,1,1,2,1,1,3,-1,0,2,6,4,3,1,3,1,3,1,33
0,0,0,2,2,5775,0,1,1,2,2,1,1,2,1,0,2,0,0,1,12,0,1,1,1,1,1,4,1,1,2,1,1,1,0,0,1,6,3,2,1,1,3,0,1,26
1,0,2,2,2,11719,0,1,1,1,2,1,3,2,1,0,2,1,4,1,4,0,1,1,1,1,1,4,1,1,2,1,1,1,1,5,3,6,4,3,1,1,3,3,4,34
0,0,2,3,2,1879,1,1,1,2,2,1,1,1,1,0,2,0,0,1,12,0,1,0,2,1,1,4,1,1,2,1,1,1,-1,3,3,6,4,2,1,3,3,2,3,33
1,2,1,2,2,18396,0,1,0,0,2,1,3,2,1,0,1,0,0,1,12,1,1,2,1,5,1,4,1,1,2,1,0,3,2,5,2,6,3,3,0,1,1,3,4,33
0,2,2,2,2,144,0,1,1,2,2,1,3,2,1,0,2,0,0,1,4,1,1,1,1,1,1,4,1,1,2,1,1,1,1,0,3,5,4,2,1,1,3,3,2,26
0,2,2,3,2,27603,1,1,0,0,2,1,3,2,1,0,2,0,0,1,4,1,1,0,2,1,1,4,1,1,2,1,1,1,2,1,2,6,4,3,0,1,1,3,3,29
0,0,0,0,2,-1,0,1,1,1,2,0,0,0,0,0,2,0,0,1,4,1,1,2,0,4,0,3,0,0,2,1,0,0,-1,0,2,6,3,2,1,0,1,0,2,33
1,0,1,2,2,0,0,0,2,0,2,1,3,1,1,0,2,0,0,1,12,1,1,1,2,4,1,4,1,1,2,1,1,1,2,3,3,6,3,3,1,1,1,3,3,32
1,0,0,1,2,1081,0,1,1,2,2,1,1,2,0,0,2,1,2,1,4,1,1,2,1,1,0,3,1,1,2,1,1,1,1,0,1,5,2,2,1,2,1,3,2,33
0,0,0,1,2,1888,1,1,1,2,2,1,1,1,1,0,0,0,0,1,6,0,1,0,1,1,0,4,1,1,1,2,0,1,0,0,2,6,2,2,1,2,1,2,0,31
0,0,1,2,2,1967,0,1,0,0,2,1,1,2,0,1,2,0,0,1,12,0,1,0,0,1,0,4,1,0,1,1,0,1,-1,0,1,2,3,2,1,2,3,3,3,31
0,0,1,2,2,851,0,1,2,2,2,1,3,2,1,0,2,0,0,1,12,0,1,2,0,2,1,4,1,0,2,1,1,3,1,5,2,6,3,3,1,2,3,3,3,31
0,1,1,2,1,15483,0,1,0,0,2,1,1,2,1,0,0,0,0,1,12,0,1,1,1,1,1,4,1,1,2,1,1,1,0,0,2,5,2,2,0,2,3,3,0,27
0,2,2,2,2,33861,1,1,0,0,2,1,1,2,1,0,2,0,0,1,4,0,1,1,2,1,1,4,0,1,2,1,1,2,-1,2,3,6,4,3,0,1,1,3,3,34
0,0,2,3,2,550,1,1,0,0,2,1,1,2,1,0,0,0,0,1,12,0,1,0,0,1,1,4,1,1,2,1,1,1,0,0,3,6,3,2,1,0,0,3,0,33
0,0,1,2,2,7850,0,1,0,0,2,1,1,2,1,0,1,0,0,1,12,0,1,1,1,1,1,4,0,1,2,1,1,1,-1,0,1,6,4,2,1,1,1,3,0,27
0,2,2,3,1,21976,1,1,0,0,2,1,1,2,0,0,1,0,0,1,12,0,1,0,2,1,1,4,0,1,2,1,1,1,1,0,3,6,4,3,0,3,1,3,2,32
0,0,1,2,2,7213,1,1,0,0,2,1,3,2,1,0,2,0,0,1,4,1,1,0,1,1,1,4,1,1,2,2,0,1,1,0,2,6,3,2,1,0,1,3,2,30
1,0,0,1,2,5836,0,1,0,0,2,1,1,2,0,1,1,0,0,1,12,0,1,0,1,1,0,4,0,1,2,1,0,1,1,0,1,2,3,3,1,2,1,3,2,28
1,2,3,3,2,15096,1,1,0,0,2,1,1,2,1,0,2,0,0,1,12,0,1,1,2,1,1,4,1,1,2,1,1,1,2,5,3,6,4,3,1,3,1,3,1,32
0,0,2,0,2,11163,1,1,0,0,2,1,1,2,1,0,1,0,0,1,12,1,1,1,2,1,1,4,1,1,2,1,1,2,2,3,2,6,4,2,1,1,0,3,3,31
0,0,4,2,2,3745,0,1,1,2,2,1,1,1,1,0,2,1,2,1,6,0,1,0,1,1,1,4,1,1,2,1,1,3,1,2,0,3,3,2,1,1,1,2,2,30
1,0,2,2,2,6199,0,1,0,0,2,1,3,2,0,0,2,0,0,1,12,0,1,0,1,1,0,4,1,1,2,1,1,1,-1,0,2,6,4,2,1,1,1,3,1,32
0,1,2,0,2,11692,0,1,1,1,2,1,3,2,1,0,2,1,6,0,0,1,1,1,1,1,1,4,0,1,2,1,1,1,1,5,2,6,3,3,1,1,1,3,3,33
1,2,3,2,2,1883,1,1,2,2,2,1,1,2,1,0,1,1,4,1,4,1,1,2,1,1,1,4,1,1,2,1,1,3,2,2,3,6,4,3,1,2,1,3,3,34
0,0,2,3,2,7125,0,1,1,2,2,1,3,2,1,0,1,0,0,1,12,1,1,1,2,1,1,4,1,1,2,1,1,1,1,0,1,6,3,2,1,2,1,3,3,30
0,0,2,0,2,526,1,1,0,2,2,1,1,2,1,0,2,1,12,1,12,0,1,0,2,1,1,4,1,1,2,1,1,1,2,1,3,6,4,3,1,3,3,3,3,34
1,0,3,3,2,-1,1,1,2,2,2,1,1,1,1,0,0,0,0,1,12,0,1,0,0,1,1,4,1,1,2,1,1,1,0,0,3,6,4,3,1,3,0,3,0,33
1,0,2,2,2,-1,0,0,3,2,2,1,3,2,1,0,1,1,1,1,12,0,1,1,2,1,1,4,1,1,2,1,1,1,1,5,2,6,3,3,1,2,1,3,3,28
0,2,0,2,2,2563,0,1,0,0,2,1,3,2,0,1,1,1,0,1,12,1,1,1,0,1,0,4,0,0,1,1,0,1,-1,0,1,6,2,2,1,2,1,0,2,34
0,2,1,2,2,31741,1,1,0,0,2,1,3,2,1,0,1,0,0,1,15,0,1,2,2,1,1,4,1,1,2,1,1,1,1,0,2,6,3,3,1,3,0,3,1,33
0,2,2,3,2,-1,0,1,1,2,2,1,1,2,0,1,2,0,0,1,4,0,1,1,2,1,1,4,1,1,2,1,1,3,1,5,3,6,4,2,1,3,0,3,2,33
1,0,0,3,2,4570,1,1,2,1,2,1,1,1,0,0,2,0,0,1,4,0,1,0,0,1,1,4,1,1,2,1,0,1,-1,0,1,6,4,3,1,3,0,3,0,32
0,0,2,3,2,24773,1,0,1,2,2,0,0,0,1,0,0,0,0,1,4,0,1,0,0,1,1,4,1,1,2,2,1,0,0,0,2,6,4,2,1,2,1,3,0,30
1,0,2,3,2,3537,1,1,1,2,0,1,3,2,1,0,2,1,12,1,12,1,1,0,1,1,1,4,1,1,2,1,1,1,-1,0,2,6,3,3,1,2,3,3,1,30
1,0,2,1,2,13955,0,1,1,1,1,1,2,1,1,0,1,0,0,1,12,1,1,1,2,1,1,4,1,1,2,1,1,3,2,4,3,6,3,3,1,2,1,3,3,25
0,2,1,3,2,33245,1,0,0,0,2,1,3,2,1,0,1,1,6,1,6,1,1,2,1,1,1,4,1,1,2,1,1,3,1,0,2,6,4,3,0,1,0,2,4,29
0,0,1,2,2,10485,0,1,1,1,2,1,1,2,0,1,1,0,0,1,11,1,1,2,0,4,1,4,1,0,2,1,1,1,-1,0,3,6,3,3,1,1,2,3,3,33
0,0,4,2,2,19444,1,1,1,1,2,1,1,2,0,1,1,0,0,1,4,0,1,2,1,1,1,4,1,1,2,2,1,1,1,0,3,6,4,3,1,1,3,3,1,27
0,2,2,2,2,627,0,1,0,0,2,1,1,2,1,0,1,0,0,1,6,0,1,0,1,1,1,4,1,1,2,1,1,1,1,4,2,6,4,3,1,2,1,3,0,34
0,0,1,2,2,4983,0,1,1,1,2,1,1,2,1,0,2,0,0,1,4,0,1,1,2,1,0,4,0,1,2,1,0,1,1,5,1,6,2,2,1,1,3,3,1,34
1,0,1,3,2,32257,0,1,0,0,2,1,1,2,1,0,2,0,0,1,12,0,1,0,0,1,1,4,1,1,2,1,1,1,1,2,3,6,3,3,1,1,3,2,1,25
0,0,0,3,2,15612,0,0,1,2,2,1,1,2,1,0,2,0,0,1,12,0,1,1,2,1,1,4,1,1,2,1,1,1,-1,0,1,6,3,2,1,1,1,3,4,23
1,2,2,2,2,14453,0,1,0,0,2,1,3,1,1,0,2,1,1,1,12,0,1,0,2,1,1,4,1,1,2,1,1,1,1,0,3,6,3,3,1,1,0,2,4,31
0,0,0,3,2,-1,0,1,0,0,2,1,1,2,1,0,2,0,0,1,6,0,1,0,2,1,1,4,1,1,2,1,1,1,-1,0,1,6,3,2,1,1,3,1,3,33
0,0,2,0,2,16124,0,1,1,1,2,1,1,2,1,0,0,0,0,1,12,0,0,1,2,1,1,4,1,1,2,1,0,1,0,0,3,6,1,2,1,2,1,3,0,31
1,0,1,1,2,13416,0,1,0,0,2,1,1,2,1,0,0,1,6,1,12,0,1,0,0,1,0,4,1,1,1,1,1,1,0,0,2,6,3,2,1,2,1,3,0,29
0,2,1,2,2,21650,0,1,0,0,2,1,3,1,0,1,1,0,0,1,12,1,1,0,0,1,1,4,1,1,2,1,1,1,2,2,2,6,4,3,0,2,0,3,4,34
0,0,0,2,2,1948,0,0,0,0,2,1,1,2,1,0,0,0,0,1,4,0,0,0,0,1,1,4,1,1,2,1,0,1,0,0,3,6,1,2,1,0,1,3,0,33
0,0,1,2,2,590,0,0,0,1,2,1,1,2,0,0,2,0,0,1,4,0,1,1,1,1,0,3,1,1,2,1,1,1,1,1,2,6,3,3,1,2,1,3,1,28
0,1,0,0,1,8823,0,1,0,0,2,1,1,2,1,0,3,0,0,0,0,1,1,2,1,1,1,4,0,1,2,2,1,0,-1,0,0,6,3,0,0,2,2,1,0,5
1,2,2,3,1,18447,1,1,0,2,2,1,3,2,1,0,1,1,1,1,12,1,1,2,2,1,1,4,1,1,2,1,1,1,1,0,3,6,4,3,0,1,1,3,3,32
0,2,1,3,2,8808,1,1,2,2,2,1,1,2,1,0,2,0,0,1,12,0,1,0,1,1,1,4,1,1,2,1,1,1,-1,0,3,6,4,2,1,3,0,3,3,33
0,0,1,1,2,0,0,1,0,0,2,0,0,0,0,1,1,0,0,1,4,0,1,1,0,1,0,2,1,1,1,2,0,0,1,0,2,6,4,2,1,2,1,1,0,32
0,0,1,2,2,-1,0,1,1,0,2,1,1,2,1,0,2,0,0,1,4,0,1,1,1,1,1,4,1,1,2,1,0,3,1,2,3,4,4,2,1,1,3,3,3,25
1,2,2,2,2,-1,1,1,1,2,2,1,1,2,1,0,2,0,0,1,12,1,1,2,1,4,1,4,1,1,2,1,1,1,0,0,2,6,3,2,1,0,0,3,4,28
0,2,2,2,2,6159,1,1,1,1,2,1,3,2,1,0,3,1,6,1,6,1,1,1,2,1,1,4,1,1,2,1,1,1,2,4,2,6,3,2,0,3,1,3,4,29
1,0,2,2,2,2500,0,1,0,0,2,1,3,2,1,0,2,0,0,1,6,1,1,1,2,5,1,4,1,0,2,1,1,3,-1,0,1,6,3,3,1,1,1,3,4,33
0,0,2,3,2,1574,1,1,1,1,2,1,3,2,0,1,1,0,0,1,4,1,1,1,2,1,1,4,1,1,2,1,1,3,2,5,3,6,3,3,1,3,0,3,2,29
0,2,3,3,1,7256,0,1,0,0,2,1,3,2,1,0,1,0,0,1,12,1,1,0,1,1,1,4,1,1,2,1,1,1,0,0,2,6,4,3,0,1,1,3,2,32
0,0,2,2,2,31235,0,1,0,0,2,1,3,1,1,0,1,0,0,1,12,1,1,2,1,1,1,4,1,0,2,1,1,1,1,4,3,6,4,3,1,2,0,3,3,28
0,0,1,3,2,14122,1,1,1,2,2,1,1,2,1,0,2,0,0,1,4,0,1,1,2,1,1,4,1,1,2,2,0,1,-1,0,2,6,4,2,1,2,1,3,0,28
0,0,1,3,2,-1,1,1,0,0,2,0,0,0,0,1,1,0,0,1,12,0,1,1,2,5,1,4,1,1,2,1,1,0,1,5,3,6,3,2,1,1,1,3,0,32
1,2,1,2,2,37588,1,1,0,0,1,1,3,2,1,0,1,0,0,1,12,1,1,1,2,1,1,4,1,1,2,1,0,1,2,3,3,6,4,3,1,1,1,3,3,31
1,2,2,2,2,5898,0,1,2,0,2,1,1,1,1,0,0,0,0,1,4,0,1,1,0,1,1,3,1,1,2,1,1,1,0,0,2,6,3,3,1,1,1,3,0,29
0,0,1,1,2,2492,0,0,1,0,1,1,1,2,0,1,1,0,0,1,2,1,1,0,0,1,0,0,1,0,1,2,1,1,1,0,2,6,2,2,1,2,3,1,1,5
1,2,1,2,1,14803,0,0,2,1,2,1,1,2,1,0,0,0,0,1,6,0,1,0,1,1,1,4,1,1,2,1,0,1,0,0,2,6,4,3,1,1,1,3,0,33
1,0,0,1,2,0,0,0,1,2,2,0,0,0,1,0,1,0,0,1,4,1,1,2,0,1,1,3,1,1,1,1,1,0,1,0,2,6,1,2,1,2,1,3,4,28
1,0,0,0,2,-1,0,0,0,0,2,0,0,0,0,1,1,0,0,1,12,0,1,0,0,4,0,1,1,0,1,2,0,0,1,0,1,6,3,2,1,2,1,3,1,34
1,0,1,1,2,9620,1,1,0,0,2,1,1,1,1,0,0,0,0,1,12,0,1,0,0,4,0,4,1,1,2,1,1,1,0,0,2,3,3,3,1,1,1,3,0,32
0,2,2,0,1,21185,0,1,0,0,2,1,3,2,1,0,0,1,4,0,0,1,1,0,2,1,1,4,1,1,2,2,1,1,0,0,0,6,3,0,0,3,2,1,0,0
1,2,2,2,2,6987,0,0,0,0,2,1,1,1,1,0,0,0,0,1,1,1,1,0,1,5,1,4,1,1,2,1,0,1,0,0,2,6,4,3,1,2,3,3,0,33
0,0,0,2,2,3148,0,1,0,0,2,1,1,2,1,0,2,0,0,1,12,0,1,1,0,1,1,4,1,1,2,1,0,3,-1,0,2,6,2,3,1,1,1,3,2,32
1,1,0,0,2,1273,0,0,0,0,2,1,1,2,0,0,2,0,0,1,4,0,0,0,1,1,1,2,1,1,1,2,0,1,-1,0,2,6,1,2,1,1,0,1,0,30
1,0,2,1,2,4987,0,1,0,0,2,1,3,2,1,0,2,0,0,1,12,1,1,2,0,4,0,4,1,1,1,1,1,1,-1,0,2,6,3,3,1,0,1,3,2,32
1,2,2,2,2,7602,1,1,1,2,2,1,3,1,1,0,2,0,0,1,2,1,1,1,1,1,1,4,1,1,2,1,0,1,1,0,3,6,4,3,0,3,0,3,4,31
1,2,2,3,2,15927,0,1,0,0,2,1,3,2,1,0,1,0,0,1,4,1,1,0,2,1,1,4,1,1,2,1,1,1,1,0,2,6,4,3,1,1,1,3,2,29
0,0,1,2,2,43350,1,1,0,0,2,1,3,1,1,0,1,1,4,1,12,1,1,1,2,1,1,4,1,1,2,1,1,3,1,0,2,6,3,3,1,1,1,3,3,33
1,2,2,2,2,-1,0,1,0,0,2,1,3,1,0,0,2,0,0,1,6,1,1,1,2,1,1,4,1,0,2,1,0,1,2,5,1,6,4,3,1,1,1,3,1,34
1,0,2,2,2,24492,0,1,2,2,2,1,3,2,1,0,1,0,0,1,12,1,1,1,1,1,1,4,1,1,2,1,1,1,2,4,2,6,4,3,1,1,0,3,4,25
0,0,0,2,2,1,1,1,1,1,2,1,1,2,1,0,1,0,0,1,6,0,1,0,1,1,1,4,0,1,2,1,1,1,-1,0,3,6,3,2,1,3,1,3,3,0
0,0,2,3,2,8609,1,1,1,2,2,1,1,2,1,0,0,1,12,1,12,0,1,1,2,1,1,4,1,1,2,1,1,1,0,0,2,6,4,2,1,3,2,3,0,32
1,0,3,3,2,19828,1,0,0,0,2,1,1,2,1,0,2,0,0,1,12,0,1,1,0,1,1,4,1,1,2,1,1,1,1,0,3,6,3,3,1,2,3,3,4,30
1,0,1,1,2,3608,1,1,0,0,2,1,3,2,1,0,1,0,0,1,12,0,1,1,1,1,1,4,1,1,2,1,1,1,1,0,3,6,3,3,1,2,1,3,1,31
1,0,2,2,2,-1,1,1,0,0,2,1,3,1,0,0,1,1,1,1,12,0,1,0,1,1,1,4,1,1,2,1,1,1,1,0,3,5,4,3,1,1,1,3,1,32
0,2,0,2,1,17166,0,0,1,2,2,1,3,1,0,0,3,1,6,1,6,1,1,1,2,1,1,4,1,1,2,1,0,1,2,2,3,6,3,3,0,1,3,3,4,29
1,0,2,1,2,19304,0,1,1,2,2,1,3,2,1,0,2,1,5,1,6,1,1,1,0,1,1,4,1,0,2,1,1,1,1,0,2,6,3,3,1,2,3,3,2,31
0,2,1,0,1,12027,0,1,0,0,2,1,1,2,1,0,3,0,0,1,4,0,0,0,2,1,1,4,1,1,1,2,1,3,-1,5,0,5,1,2,0,3,1,0,3,3
0,0,1,2,2,9597,1,1,0,0,2,1,1,1,1,0,2,0,0,1,12,0,1,1,2,1,1,4,1,1,2,1,1,1,1,4,3,6,3,2,1,1,0,2,0,29
1,0,0,1,2,4818,0,1,0,0,2,1,1,1,1,0,2,0,0,1,6,0,1,0,0,1,0,4,1,1,2,1,0,1,-1,0,3,6,3,3,1,2,1,3,3,26
1,0,3,3,2,23182,0,1,2,1,2,1,1,2,1,0,0,1,1,1,12,0,1,0,1,1,1,4,1,1,2,1,1,1,0,0,3,6,4,3,1,1,3,3,0,33
0,0,2,2,2,-1,1,1,0,0,2,1,1,2,0,1,1,1,1,1,12,0,1,2,1,1,1,4,1,0,2,1,1,1,1,0,3,6,3,3,1,3,1,3,3,33
0,0,0,2,2,-1,0,1,1,1,2,1,3,2,1,0,1,0,0,1,10,0,1,1,0,1,1,4,1,1,2,1,1,1,1,0,3,6,3,3,1,3,0,3,4,33
1,0,3,2,2,18500,0,1,0,0,2,1,3,1,1,0,2,0,0,1,12,1,1,0,1,1,1,4,1,1,2,1,0,1,1,4,2,6,2,3,1,1,1,3,4,31
1,0,2,2,2,18278,0,1,1,1,2,0,0,0,1,0,2,1,1,1,6,0,1,0,2,1,1,4,1,1,2,1,1,0,1,5,3,6,3,3,1,3,1,3,2,34
1,0,2,2,2,18257,1,1,2,0,2,1,3,1,0,1,2,0,0,1,12,0,1,0,0,4,1,4,1,1,2,1,1,1,-1,0,2,6,3,3,1,2,1,3,1,33
1,2,1,2,1,-1,1,1,0,0,2,1,3,1,0,1,1,1,6,1,14,1,1,0,1,1,1,4,1,1,2,1,0,1,1,0,3,6,3,2,1,1,1,3,3,23
1,0,2,2,2,-1,0,1,0,0,2,1,3,2,1,0,1,0,0,1,12,1,1,2,0,1,1,4,1,1,2,1,1,3,-1,0,2,6,3,3,1,1,1,3,2,27
1,2,2,2,1,38932,1,1,1,1,2,1,1,2,1,0,1,1,12,1,12,0,1,1,1,1,1,4,1,1,2,1,1,1,2,1,3,6,3,3,1,1,1,3,3,31
1,2,2,2,2,12949,0,1,0,2,2,1,1,1,1,0,1,0,0,1,4,1,1,2,1,1,1,4,1,1,2,1,1,1,1,0,2,6,4,3,1,1,3,3,0,34
0,0,2,2,2,6820,0,1,2,2,2,0,0,0,1,0,2,1,1,1,12,1,1,2,0,1,1,4,1,1,2,1,1,0,1,0,3,6,4,3,1,2,1,3,1,32
0,2,3,0,2,10636,1,1,2,2,2,1,1,2,0,1,2,0,0,1,12,0,1,1,2,1,1,4,1,0,2,1,1,1,2,5,3,6,4,3,1,3,0,3,4,34
1,2,1,2,2,16810,0,1,1,1,2,1,3,1,1,0,1,1,11,1,4,1,1,2,2,1,1,3,0,1,2,1,1,3,1,0,2,6,3,3,1,1,1,3,2,33
1,0,0,1,2,6771,1,1,0,1,2,1,3,1,0,0,2,0,0,1,2,1,1,2,0,4,1,2,1,0,1,1,1,3,1,0,2,6,3,3,1,2,1,1,4,31
1,0,0,2,2,17798,0,0,0,0,2,1,1,1,1,0,2,0,0,1,4,0,1,2,2,1,0,4,1,1,2,1,0,1,1,4,2,6,3,3,1,2,1,3,4,30
0,2,1,2,2,20385,0,1,0,0,2,1,3,2,1,0,1,0,0,1,6,1,1,1,2,1,1,4,1,1,2,1,1,1,1,0,3,6,3,3,1,1,0,3,2,32
0,0,0,1,2,9718,0,1,1,2,2,1,1,2,1,0,1,0,0,1,12,0,1,1,0,1,0,4,1,0,2,1,1,3,2,5,3,6,3,2,1,1,1,3,4,32
0,0,0,1,2,4085,1,0,0,0,2,1,3,1,1,0,1,1,1,1,4,0,0,1,2,4,0,4,1,1,1,1,0,0,0,0,0,6,1,2,1,0,1,3,0,33
1,2,1,3,2,27563,0,1,0,0,2,1,3,2,1,0,1,0,0,1,12,1,1,2,2,1,1,4,1,0,2,1,1,1,2,3,2,6,3,3,1,1,2,3,4,31
1,0,0,1,2,4584,0,1,0,0,2,1,1,2,0,1,2,0,0,1,4,0,1,0,0,1,1,3,1,1,1,1,0,1,-1,0,3,6,3,2,1,2,1,1,0,33
0,2,2,3,2,28011,1,1,0,0,2,1,1,1,1,0,1,0,0,1,12,0,1,0,1,1,1,4,1,1,2,1,1,1,2,1,2,6,4,2,1,2,1,3,1,31
0,0,0,2,2,11370,0,1,1,2,2,1,3,1,0,1,1,0,0,1,12,1,1,2,1,1,1,4,0,1,2,1,1,1,1,0,2,6,4,2,1,2,3,3,3,27
1,0,3,2,2,251,0,1,0,0,2,1,1,2,1,0,2,0,0,1,4,0,1,2,0,1,1,4,1,1,2,1,0,1,1,5,3,6,4,3,0,2,0,3,1,34
0,0,0,2,2,17675,0,1,0,0,2,1,3,1,1,0,1,0,0,1,6,0,1,1,2,1,1,4,1,1,2,1,1,3,2,5,3,0,2,3,1,1,0,3,3,32
1,0,0,2,2,4625,0,1,0,0,1,1,3,1,1,0,1,0,0,1,4,0,1,1,1,4,0,4,1,1,2,1,0,1,1,0,3,6,2,3,1,2,1,3,1,24
1,2,3,3,2,34139,1,1,1,2,2,1,1,2,1,0,0,0,0,1,6,0,1,0,2,1,1,4,1,1,2,1,1,3,0,0,2,6,4,3,0,3,1,3,0,34
0,0,0,2,2,-1,0,1,1,1,2,1,1,2,1,0,1,0,0,1,4,0,1,2,1,1,0,4,1,1,2,1,1,1,2,5,2,6,3,3,1,2,3,3,4,33
1,0,1,3,2,5102,1,1,0,0,2,1,3,2,1,0,1,0,0,1,4,1,1,1,2,1,1,4,1,1,2,1,1,1,2,2,3,6,4,3,1,3,1,3,2,34
1,0,3,3,2,9589,0,1,0,0,2,1,3,2,1,0,3,0,0,1,4,1,1,1,2,1,1,4,0,1,2,1,1,1,1,2,2,6,4,3,1,1,3,3,2,32
0,2,2,0,2,-1,0,1,0,0,2,1,3,2,1,0,3,1,3,1,12,0,1,0,2,1,1,4,1,1,2,1,1,3,1,5,2,6,3,2,0,3,1,3,1,34
1,0,1,1,2,19425,1,1,0,0,2,1,1,2,1,0,2,0,0,1,12,0,1,1,0,4,1,4,1,1,2,1,1,1,2,5,3,6,4,3,1,2,1,3,3,34
1,2,3,2,2,16537,0,1,1,2,2,1,3,1,1,0,1,0,0,1,6,1,1,2,2,1,1,4,1,1,2,1,1,1,1,0,1,6,3,3,1,1,1,3,2,28
1,2,2,2,1,20936,1,1,0,0,2,1,3,1,1,0,1,0,0,1,12,1,1,1,2,1,1,4,1,1,2,1,1,1,2,2,2,6,3,3,0,1,1,3,4,33
0,0,2,2,2,12646,0,1,0,0,2,1,1,2,1,0,2,0,0,1,12,0,1,0,1,1,1,4,0,1,2,1,1,1,0,0,3,6,3,3,1,2,1,3,0,32
0,2,2,2,2,14145,0,1,0,0,2,1,3,1,1,0,1,1,3,1,6,0,1,2,0,5,1,4,1,1,2,1,1,1,2,1,2,6,3,3,0,1,3,3,3,28
0,0,0,2,2,18622,1,1,0,0,2,1,3,2,1,0,1,0,0,1,12,1,1,2,1,1,1,4,1,0,2,1,1,1,1,5,1,6,3,3,1,1,1,3,2,27
1,2,3,3,2,28742,1,1,2,2,2,1,3,2,1,0,2,1,1,1,12,1,1,0,1,1,1,4,1,1,2,1,1,3,1,1,2,6,4,3,0,1,0,3,3,34
0,2,2,3,2,1521,1,1,0,0,2,1,3,2,0,1,1,0,0,1,12,1,1,0,2,1,1,4,1,1,2,1,0,1,1,0,2,6,4,3,0,1,1,3,2,32
1,2,2,2,2,1920,0,0,0,0,2,1,1,2,1,0,1,0,0,1,4,1,1,0,0,4,1,4,1,1,2,1,1,3,-1,0,3,6,3,3,1,3,0,3,1,29
0,0,2,2,2,235,0,1,2,2,2,1,1,2,0,1,2,0,0,1,6,0,1,0,1,1,1,3,1,1,2,1,1,3,0,0,2,6,3,2,1,2,1,3,0,33
0,2,2,1,2,24686,0,1,2,1,2,1,3,1,0,0,2,0,0,1,12,1,1,1,0,4,1,4,1,1,2,1,1,1,2,2,2,6,4,3,1,1,1,3,4,33
1,2,2,0,1,8639,0,1,1,2,2,1,3,2,1,0,1,1,12,1,12,0,1,0,2,1,1,4,1,1,2,1,1,1,1,4,2,6,4,3,0,1,1,3,1,34
0,2,2,3,1,17675,0,1,0,0,2,1,3,2,1,0,3,0,0,1,12,1,1,0,2,1,1,4,1,1,2,1,1,1,-1,0,3,3,4,2,0,3,3,3,4,34
1,2,2,2,1,5142,1,1,0,0,2,1,3,2,1,0,1,0,0,1,12,0,1,1,0,1,1,4,1,1,2,1,1,3,1,5,2,6,4,3,0,1,3,2,2,30
0,0,4,3,2,11164,0,1,0,2,2,1,3,1,1,0,2,1,6,1,6,1,1,2,2,1,1,4,1,1,2,1,1,1,1,0,3,6,4,3,1,3,3,3,3,34
0,0,0,3,2,1905,0,0,0,0,2,1,1,2,1,0,2,0,0,1,6,0,1,0,1,1,1,4,1,1,2,1,1,1,0,0,3,6,2,2,1,1,3,3,3,0
0,0,0,1,2,787,1,1,1,1,2,0,0,0,0,0,0,0,0,1,12,0,1,0,0,4,0,4,0,1,1,2,0,0,0,0,2,6,3,3,1,3,1,3,0,26
0,0,0,1,2,-1,0,1,1,2,2,0,0,0,1,0,1,1,4,1,4,0,1,1,0,4,0,2,1,1,1,2,0,0,1,0,1,6,3,2,1,2,1,1,4,34
0,0,2,2,2,7260,0,1,0,0,2,1,3,1,1,0,2,1,2,1,4,1,1,0,1,1,1,4,0,1,2,1,1,1,-1,0,3,6,4,2,1,2,1,3,0,32
0,0,2,2,2,13176,0,1,0,1,2,1,3,2,1,0,2,1,4,1,4,0,1,2,2,1,1,4,1,1,2,1,1,1,1,5,3,6,3,3,1,1,1,3,3,34
0,0,3,2,2,13778,0,1,0,2,2,1,1,2,1,0,2,0,0,1,4,0,1,0,1,1,1,4,1,1,2,1,1,3,1,3,3,6,3,2,1,1,1,3,4,34
1,0,0,1,2,7307,0,0,1,1,2,1,3,1,0,0,2,0,0,1,4,1,1,2,0,5,0,2,1,1,1,1,1,1,1,0,3,6,3,2,1,0,0,3,3,33
1,0,2,1,2,10174,0,1,0,0,2,1,1,1,1,0,2,0,0,1,4,0,1,1,1,1,1,4,1,1,1,1,1,1,-1,0,2,6,3,3,1,1,1,3,3,31
0,0,2,2,2,4383,0,1,1,2,2,1,3,1,1,0,2,1,1,1,12,1,1,2,0,1,1,4,1,1,2,1,1,3,1,0,2,6,3,2,1,1,3,2,4,27
1,0,0,3,2,-1,0,1,0,0,2,1,1,2,1,0,2,0,0,0,0,0,1,0,1,1,1,4,1,1,2,1,1,1,0,0,3,6,3,3,1,1,3,2,3,25
0,0,2,3,2,-1,1,1,0,0,2,1,3,2,1,0,1,0,0,1,12,1,1,1,0,1,1,4,1,0,2,2,1,1,1,0,2,6,4,3,1,2,1,3,2,31
0,0,0,3,2,-1,1,1,1,1,2,1,3,2,1,0,1,0,0,1,4,0,0,0,0,1,1,4,1,1,2,1,1,1,1,0,2,6,1,2,1,1,1,3,4,26
0,0,0,1,2,0,1,1,0,0,2,1,1,1,1,0,0,0,0,1,4,1,1,0,0,1,0,3,0,1,1,2,1,1,0,0,0,6,2,2,1,2,1,3,0,33
1,0,0,1,2,539,1,1,0,0,2,1,3,2,1,0,1,0,0,1,6,0,1,1,1,1,1,4,1,1,1,1,1,1,1,0,3,6,3,3,1,2,1,3,2,31
1,0,1,2,2,11193,0,1,0,0,1,1,1,1,0,0,2,0,0,1,1,0,1,1,0,1,1,4,1,0,2,1,0,1,-1,0,2,6,3,3,1,2,1,3,0,33
1,2,1,1,2,3551,1,1,0,0,2,1,3,2,1,0,1,0,0,1,12,0,1,2,1,1,1,2,1,1,1,1,1,1,1,0,1,6,4,3,1,2,1,3,4,34
1,0,2,0,2,6690,1,1,0,1,1,1,3,2,1,0,2,0,0,1,12,1,1,0,2,1,1,4,1,1,2,1,0,1,1,0,2,6,4,3,1,1,1,2,1,32
0,0,0,2,2,-1,1,1,0,0,2,1,3,1,0,0,1,0,0,1,6,0,1,0,1,1,0,4,1,0,1,2,0,1,0,0,1,6,2,2,1,2,0,3,1,34
0,0,2,2,2,4657,0,1,0,0,2,1,3,1,0,0,2,0,0,1,4,0,1,1,1,1,0,4,1,1,1,1,0,1,2,4,3,6,4,3,1,1,1,3,4,0
0,0,1,2,2,4871,1,1,0,0,2,1,1,2,1,0,0,0,0,1,7,0,1,0,1,1,1,4,1,1,2,1,1,1,0,0,1,4,3,2,1,2,1,3,0,25
0,0,1,1,2,8337,0,1,0,0,2,1,1,2,1,0,2,0,0,1,12,0,1,0,0,2,0,1,1,1,2,1,1,1,-1,0,2,6,3,2,1,0,0,2,2,32
1,2,1,2,2,-1,0,1,0,0,2,1,1,2,1,0,2,0,0,1,4,1,1,1,1,1,0,4,1,1,1,1,1,1,2,1,3,6,3,3,1,2,1,3,1,30
1,0,0,2,2,3289,0,0,0,0,2,1,3,1,0,0,1,1,4,1,12,0,1,2,0,1,1,4,1,1,1,1,0,1,2,2,3,5,3,3,1,2,1,3,3,30
1,2,1,1,2,9073,0,1,1,1,2,1,1,2,1,0,0,1,4,1,4,0,0,0,2,1,1,2,1,1,2,1,1,1,0,0,0,5,1,2,1,3,1,1,0,34
1,0,2,2,2,0,0,1,0,0,2,1,3,1,0,0,2,1,1,1,2,1,1,0,0,4,0,3,1,1,1,1,1,1,-1,0,1,3,4,2,1,0,1,1,0,30
0,0,2,2,2,5980,0,1,1,1,2,1,1,2,1,0,2,0,0,1,12,0,1,1,0,1,1,4,1,1,2,1,1,1,2,5,1,6,4,2,1,1,3,3,4,27
0,0,2,2,2,10186,1,0,0,0,1,1,1,2,1,0,1,0,0,1,3,0,1,2,1,1,1,4,1,0,2,1,1,1,1,0,2,6,2,3,1,1,1,2,2,32
0,0,2,2,2,21,0,1,0,0,2,1,1,1,1,0,2,1,1,1,4,0,1,2,2,1,1,4,1,1,2,1,1,1,-1,3,3,6,3,3,1,1,3,3,0,34
0,2,1,3,2,54952,1,1,0,0,2,1,1,2,0,1,0,0,0,1,12,0,1,0,1,1,1,4,1,1,2,1,1,1,0,0,2,6,3,3,1,1,1,3,0,31
0,0,1,0,2,20290,0,1,1,2,2,1,1,2,1,0,2,0,0,1,6,0,1,0,1,1,1,4,1,0,2,1,1,1,0,0,2,6,3,2,1,2,3,3,0,33
1,2,2,2,2,19384,0,1,1,2,2,1,3,2,1,0,2,1,3,1,4,1,1,2,2,1,1,4,1,1,2,1,1,1,1,0,2,6,4,3,1,3,1,3,3,29
0,2,1,3,2,-1,1,1,0,0,2,1,1,1,1,0,1,1,12,1,12,1,1,1,1,1,1,4,1,1,2,1,1,1,1,0,3,6,4,3,1,1,1,3,1,23
0,2,2,3,1,14164,1,1,1,2,2,1,3,2,1,0,1,0,0,1,12,1,1,1,2,1,1,4,1,1,2,1,1,1,2,4,3,6,3,3,0,0,1,3,3,32
1,0,2,2,2,24993,1,1,0,0,2,1,1,2,1,0,1,1,4,1,4,0,1,2,0,1,1,4,1,1,2,1,1,1,-1,0,2,6,3,3,1,2,3,3,1,31
0,0,0,2,2,6752,0,0,1,1,2,1,1,2,0,1,1,0,0,1,11,1,1,2,0,1,1,4,1,1,2,1,1,1,-1,0,2,6,2,3,1,1,0,3,4,33
1,2,2,3,2,19708,1,1,2,2,2,1,3,1,1,0,1,1,12,1,12,1,1,1,2,1,1,4,1,0,2,1,1,1,1,0,3,6,4,3,1,3,1,3,4,32
1,0,1,0,2,17868,0,1,0,0,2,1,3,2,1,0,1,0,0,1,6,1,1,1,0,1,1,4,1,1,2,1,1,1,2,4,3,6,4,2,1,1,1,3,3,34
0,0,0,2,2,-1,0,1,0,0,2,1,1,2,0,0,2,1,1,1,4,1,1,0,0,2,0,4,0,0,1,1,1,1,0,0,2,5,3,2,1,3,0,2,2,31
0,0,1,2,2,4624,0,0,0,0,2,1,1,2,0,1,2,0,0,1,4,0,1,1,1,1,1,4,1,0,2,1,1,1,1,5,1,6,3,3,1,2,1,3,1,22
0,0,0,1,2,0,1,1,0,0,2,1,3,2,1,0,1,0,0,1,12,1,1,2,0,1,0,4,1,1,2,1,1,1,1,0,3,6,4,2,1,2,1,3,1,29
0,0,0,1,2,6002,0,1,1,1,2,1,1,1,0,0,1,0,0,1,12,0,1,0,0,4,0,4,1,1,1,1,1,1,1,0,1,6,3,3,1,2,1,3,2,23
0,2,2,2,2,23497,0,1,1,2,2,1,1,2,1,0,1,0,0,1,4,0,1,0,2,1,1,4,1,1,2,1,1,1,1,0,2,6,4,3,0,1,1,3,0,27
0,0,2,3,2,25526,0,1,0,0,2,1,3,1,1,0,1,0,0,1,6,0,1,1,1,1,1,4,1,1,2,1,1,1,2,2,1,6,4,3,1,1,1,3,4,31
0,2,2,3,2,10447,1,0,0,0,2,1,3,2,1,0,1,1,12,1,12,0,1,2,2,1,1,4,1,1,2,1,1,3,1,0,3,6,4,3,1,1,1,3,4,32
0,0,2,3,2,-1,1,1,0,0,2,1,3,2,1,0,1,0,0,1,12,1,1,2,1,1,1,3,1,1,2,2,1,1,0,0,1,6,3,2,1,1,3,3,3,27
1,0,2,2,2,5078,0,0,1,1,1,1,3,2,0,1,1,0,0,1,2,1,1,0,0,1,0,1,1,1,1,2,1,1,1,0,2,6,3,2,1,2,3,3,1,5
0,0,2,2,2,13477,0,1,1,2,2,1,3,2,1,0,2,0,0,1,12,1,1,1,0,1,1,4,0,0,2,1,1,3,1,5,3,5,4,3,1,3,1,3,4,31
0,2,2,2,2,14354,1,1,2,2,2,1,3,2,1,0,1,0,0,1,12,1,1,0,1,5,0,4,0,0,2,1,1,1,1,0,2,6,4,3,1,0,0,1,4,30
0,2,2,2,2,25312,0,1,1,2,2,1,3,1,0,0,1,1,2,1,12,1,1,0,2,1,1,4,1,1,2,1,1,1,2,1,2,6,4,3,1,2,1,3,3,34
0,0,0,2,2,11072,0,1,3,0,2,1,3,2,1,0,2,0,0,1,6,0,1,1,1,1,1,4,1,1,2,1,1,3,2,5,2,5,3,3,1,1,1,1,1,32
0,0,0,1,2,0,1,1,1,2,1,0,0,0,0,1,2,0,0,1,12,0,1,0,0,1,0,2,1,1,1,1,1,0,-1,0,2,6,3,2,1,1,1,0,0,32
1,0,1,0,2,20882,1,1,2,2,2,1,1,2,1,0,2,1,1,1,12,0,1,1,1,1,1,4,1,1,2,1,1,1,-1,0,3,6,4,3,1,2,3,3,2,34
1,0,1,3,2,12343,0,1,0,0,2,1,1,2,1,0,2,0,0,1,5,0,1,0,2,1,1,4,1,1,2,1,1,2,2,5,3,5,3,3,1,2,1,3,4,33
0,0,2,0,2,11655,0,1,0,0,2,1,3,2,1,0,2,0,0,1,3,0,1,1,0,1,1,4,1,1,2,1,1,1,1,5,2,6,3,3,1,2,1,3,1,34
1,2,1,3,2,1415,0,1,1,1,2,1,3,2,1,0,1,1,12,1,15,1,1,1,2,1,1,4,1,1,2,1,1,1,2,5,2,6,3,3,1,1,0,3,4,32
0,2,3,3,2,26746,1,1,1,2,2,1,3,2,1,0,1,1,6,1,12,1,1,1,2,1,1,4,1,1,2,1,1,1,2,2,2,6,4,3,0,1,3,3,3,29
1,0,2,2,2,-1,0,1,0,1,2,1,1,2,1,0,1,1,2,1,12,0,1,2,1,4,1,4,1,1,2,1,1,1,2,5,3,6,3,3,1,3,1,3,1,34
1,2,0,2,2,29191,1,1,1,2,2,1,3,2,1,0,1,0,0,1,4,0,1,2,2,1,1,4,1,1,2,1,1,1,2,2,2,6,3,3,1,1,3,3,4,33
1,2,1,0,2,11676,1,0,0,0,2,1,3,1,1,0,1,0,0,1,12,1,1,2,2,1,1,4,1,1,2,1,1,1,1,0,2,6,3,3,1,1,1,3,4,33
1,0,1,1,2,81508,0,0,1,2,2,1,1,2,0,1,2,0,0,1,12,0,1,0,1,5,1,4,1,0,2,1,0,1,-1,0,2,3,4,3,1,1,1,3,1,23
1,0,1,1,2,12178,0,1,1,2,2,1,1,2,1,0,0,0,0,1,12,0,1,1,1,1,1,4,1,1,1,1,1,1,0,0,3,6,3,3,1,2,1,3,0,32
0,0,0,0,2,-1,0,0,1,1,2,0,0,0,0,0,0,0,0,0,0,1,1,0,0,1,0,4,0,1,1,2,1,0,0,0,1,2,2,2,1,2,2,0,0,26
0,2,2,2,2,17155,0,1,1,2,2,1,1,2,1,0,2,0,0,1,12,0,1,1,0,1,1,4,1,1,2,1,1,1,2,2,1,6,3,3,1,0,3,3,1,32
1,0,2,2,2,7303,0,0,1,1,2,1,1,2,1,0,2,0,0,1,12,1,1,0,1,1,1,4,1,1,2,1,1,1,1,0,2,6,4,3,1,2,1,3,3,31
1,0,2,1,2,7953,1,1,0,0,2,1,1,1,1,0,0,0,0,1,4,0,1,0,0,1,0,2,1,1,2,1,1,1,0,0,3,6,4,2,1,3,1,3,0,33
0,0,0,1,2,30,1,1,1,1,2,1,3,1,0,0,2,1,4,1,12,0,1,1,0,1,0,4,0,0,2,1,1,1,-1,0,2,6,2,3,1,1,0,3,1,34
1,0,2,2,2,3611,0,1,1,2,2,1,1,2,1,0,2,0,0,1,12,0,1,1,1,1,1,4,1,1,2,1,1,1,1,5,2,6,4,3,1,0,3,3,2,32
0,0,3,3,2,16557,1,0,1,1,2,1,3,1,1,0,1,0,0,1,12,1,1,1,0,1,1,4,1,1,2,1,1,1,1,0,2,6,3,3,1,1,1,3,2,33
0,0,2,2,2,2043,1,1,0,0,2,1,3,2,1,0,2,1,2,1,12,1,1,1,2,1,1,4,1,1,2,1,1,1,1,0,2,6,4,3,1,1,1,3,2,33
1,0,2,1,2,-1,0,1,1,2,2,0,0,0,0,1,2,0,0,1,6,1,1,0,0,1,0,2,0,1,2,1,1,0,1,3,3,6,4,3,1,2,1,3,1,32
0,0,1,3,2,12673,1,0,0,0,2,1,1,2,1,0,2,0,0,1,12,0,1,1,0,1,0,4,1,1,2,1,0,1,0,0,2,6,3,3,1,2,3,3,0,19
0,2,3,0,1,-1,1,1,0,2,2,1,2,2,1,0,1,0,0,0,0,0,1,0,2,1,1,4,1,1,2,1,1,2,2,5,2,6,3,3,0,1,3,3,4,0
0,0,1,0,2,9520,0,1,0,0,2,1,1,2,1,0,2,0,0,0,0,0,1,1,0,1,1,4,1,1,2,1,1,3,2,1,2,6,3,3,0,3,1,1,1,3
1,0,1,0,2,36081,0,1,2,1,2,1,1,2,0,1,1,0,0,1,20,1,1,0,0,1,1,4,1,0,2,1,1,3,1,0,3,5,4,3,1,2,1,3,0,33
1,0,2,2,2,17345,1,1,0,0,2,1,3,1,1,0,2,0,0,1,4,0,1,0,2,1,1,4,1,1,2,1,1,1,-1,5,3,6,4,3,1,1,1,3,3,33
0,0,0,3,2,-1,1,0,2,2,2,1,3,2,0,1,1,0,0,0,0,1,1,2,1,4,1,4,1,0,1,2,0,1,1,0,2,6,3,2,1,2,0,3,2,32
0,2,2,2,2,15115,0,1,1,1,2,1,3,2,1,0,1,1,5,1,6,0,1,0,2,1,1,4,1,1,2,1,1,1,1,0,3,6,4,3,1,1,0,3,4,29
1,0,1,2,2,919,0,0,2,1,2,1,1,2,1,0,2,0,0,1,12,0,1,1,1,1,1,4,1,1,2,1,1,1,1,0,3,6,3,3,1,2,0,3,0,34
0,0,0,1,2,5983,0,0,0,0,2,1,3,1,0,0,1,0,0,1,4,0,1,2,1,1,0,3,0,1,1,1,1,3,2,3,2,6,2,2,1,2,3,3,1,31
1,2,0,1,2,-1,0,1,1,1,2,1,1,2,1,0,1,0,0,1,1,1,1,0,0,1,0,2,1,1,1,1,1,3,1,0,3,6,3,2,0,2,0,3,3,30
0,0,2,0,2,18718,1,1,0,0,2,1,1,2,1,0,1,0,0,1,12,1,1,0,2,1,1,4,1,1,2,2,1,1,1,0,2,6,4,3,1,2,0,3,2,32
1,0,2,0,2,27319,0,0,1,1,2,1,1,1,1,0,0,0,0,1,4,0,1,0,2,1,1,4,1,1,1,2,1,1,0,0,2,6,3,2,1,2,1,2,0,31
0,2,2,2,2,54948,1,1,1,2,2,1,1,1,1,0,2,0,0,1,6,0,1,1,1,1,1,4,1,1,2,1,1,1,1,3,2,6,4,3,1,3,3,3,2,33
1,0,1,2,2,7556,0,0,0,0,2,1,1,1,0,0,1,0,0,0,0,1,1,0,1,1,0,4,1,1,2,2,1,1,-1,0,1,6,3,2,1,1,0,3,4,33
0,0,1,0,2,20214,0,1,1,2,2,1,3,2,1,0,2,0,0,1,4,0,1,2,2,5,1,4,0,1,2,1,1,1,1,3,2,6,4,3,1,1,1,3,4,34
1,2,2,2,2,6663,0,1,1,1,2,1,3,2,0,1,1,1,12,1,12,1,1,2,0,1,1,4,1,1,2,1,1,1,1,0,2,6,3,3,1,1,3,3,3,32
1,0,0,1,2,-1,0,1,0,0,2,1,1,2,0,0,0,0,0,1,4,0,1,0,0,2,0,4,1,1,1,2,1,1,0,0,2,6,3,3,1,1,3,3,0,26
0,2,2,3,2,3827,0,1,0,0,2,1,3,1,0,0,1,0,0,1,3,0,1,1,0,4,1,4,0,1,2,1,1,1,-1,0,3,6,3,3,1,2,1,2,2,33
1,0,2,1,2,11310,1,1,2,2,2,1,1,1,0,1,0,0,0,1,3,0,1,2,0,1,0,4,1,1,2,1,1,1,0,0,2,3,3,3,1,2,1,3,0,30
1,2,2,3,2,1193,1,1,1,1,2,1,3,2,1,0,2,1,12,1,12,1,1,1,2,1,1,4,1,1,2,1,1,1,2,5,3,6,4,3,1,1,1,3,2,34
1,0,0,1,2,3299,1,0,0,0,2,1,1,2,1,0,2,0,0,1,6,1,1,1,0,1,1,3,1,0,2,1,1,3,2,1,3,6,3,3,1,2,0,3,4,28
0,0,0,2,2,9000,0,1,1,1,1,1,1,2,1,0,2,0,0,1,6,0,1,0,1,4,1,4,1,1,2,1,0,1,2,1,2,3,3,2,1,3,1,3,3,0
1,0,3,2,2,6822,0,0,0,0,2,1,1,2,0,1,1,1,12,1,4,0,1,1,1,1,1,4,1,1,2,1,1,1,-1,0,2,6,4,3,1,2,3,3,3,32
0,0,1,0,2,26264,0,1,0,1,2,1,3,1,1,0,1,0,0,1,6,1,1,1,1,1,1,4,1,1,2,1,1,1,2,1,3,6,3,2,1,1,1,3,2,34
0,0,0,0,2,7395,0,1,0,0,2,1,1,2,1,0,2,0,0,1,12,0,1,0,2,1,1,4,1,1,2,1,1,1,1,4,3,6,3,3,1,2,3,3,3,25
0,1,0,2,2,6799,0,1,0,0,2,1,1,2,0,1,2,0,0,1,6,0,1,0,1,1,1,4,1,1,2,2,1,1,0,0,1,6,2,2,1,1,0,3,2,33
0,2,3,2,2,20450,1,1,0,1,2,1,3,1,0,1,3,0,0,1,3,1,1,0,2,1,1,4,0,0,2,1,1,1,2,2,3,6,4,3,1,1,2,3,3,34
0,0,2,2,2,10354,0,1,0,0,2,1,1,2,1,0,2,0,0,1,12,0,1,0,0,1,1,4,1,1,2,1,0,1,-1,0,2,6,3,3,1,1,1,3,0,32
1,0,2,2,2,14555,0,1,0,0,2,1,1,2,1,0,2,1,12,1,12,0,1,1,1,1,1,4,1,1,2,1,1,1,1,5,3,6,4,3,1,1,3,3,1,34
1,0,2,2,2,8717,1,1,0,0,2,1,1,1,1,0,2,0,0,1,12,0,1,1,0,1,1,4,1,1,2,1,1,1,1,5,2,6,4,3,1,2,1,3,3,32
1,0,1,2,2,6448,1,1,1,2,2,1,3,1,1,0,1,0,0,1,4,0,1,1,0,1,0,4,1,1,2,2,1,1,1,0,3,6,4,3,1,1,1,3,1,34
1,2,1,1,2,8916,0,1,0,0,2,1,1,2,1,0,2,0,0,1,4,0,1,0,2,5,1,4,1,1,2,1,1,3,-1,0,3,6,3,3,1,1,1,3,4,34
0,0,2,3,2,23366,0,1,1,1,2,1,1,2,1,0,0,0,0,1,4,0,1,0,1,1,1,4,1,0,2,1,1,1,0,0,0,6,3,2,1,3,1,3,0,30
0,0,1,3,2,16703,0,1,1,1,2,1,1,2,1,0,2,0,0,1,12,0,1,1,0,1,1,4,1,1,2,1,1,1,1,5,0,6,2,2,1,2,1,3,2,27
0,2,1,3,2,34164,1,1,0,0,2,1,1,2,1,0,2,0,0,1,4,1,1,1,2,1,1,4,1,1,2,1,1,1,1,3,2,6,2,3,1,1,0,3,1,33
0,2,3,2,2,-1,0,1,0,0,2,1,3,2,1,0,2,0,0,1,1,0,1,1,2,1,1,4,0,1,2,1,0,1,2,2,2,6,3,2,0,3,1,3,3,34
0,2,2,3,1,6570,1,1,0,1,2,1,3,2,1,0,2,0,0,1,12,1,1,1,2,1,1,4,1,1,2,1,1,3,1,5,3,6,4,3,1,1,1,3,3,31
0,0,0,2,2,14136,0,1,0,0,2,1,1,2,1,0,3,0,0,1,4,0,1,0,2,5,1,4,1,1,2,1,0,3,2,1,3,6,3,2,1,1,1,3,3,32
0,2,0,0,1,18087,0,1,0,0,2,1,1,2,1,0,1,1,12,0,0,1,0,0,0,1,1,4,1,1,2,2,1,0,2,3,0,6,1,0,0,1,1,1,4,0
1,2,3,2,1,6621,1,1,0,0,2,1,1,2,1,0,2,0,0,1,12,0,1,0,2,1,1,4,1,1,2,1,1,1,1,0,2,6,3,3,1,1,0,3,2,31
0,2,0,2,2,16252,0,1,0,0,2,1,3,2,1,0,2,0,0,1,6,0,1,1,2,1,1,4,1,1,2,1,0,1,2,2,3,6,3,3,1,1,1,3,1,32
0,0,1,0,2,7164,0,0,1,1,2,1,3,1,1,0,2,0,0,1,6,1,1,1,1,1,1,4,1,1,2,1,0,1,1,5,0,6,3,2,1,1,3,3,3,30
0,0,2,0,2,4443,0,1,1,1,2,1,1,2,1,0,0,1,1,1,4,0,1,0,1,1,1,4,1,1,2,1,1,1,0,0,2,6,4,3,1,1,1,3,0,29
1,0,3,0,2,18397,0,1,0,0,2,1,3,1,1,0,2,0,0,1,4,0,1,2,1,2,1,4,1,1,2,1,0,1,1,2,2,6,2,3,1,1,3,3,3,32
1,2,1,2,2,1272,1,1,0,0,2,1,3,1,1,0,1,1,2,1,6,1,1,2,2,1,1,4,1,1,2,1,1,1,1,0,2,6,4,3,1,3,1,3,2,33
0,0,1,0,2,4167,0,1,0,0,2,1,3,2,1,0,1,1,12,1,12,1,0,1,2,1,1,4,1,1,2,1,1,1,1,0,2,6,1,2,1,3,1,3,2,33
0,2,4,0,1,48514,0,1,0,0,2,1,3,2,1,0,1,0,0,1,12,1,1,0,2,1,1,4,1,1,2,1,1,3,2,4,3,6,4,3,0,2,0,3,4,4
0,0,2,3,2,7258,0,1,1,1,2,1,1,2,1,0,2,0,0,1,12,1,1,1,2,5,1,4,1,0,2,1,1,1,1,3,2,6,4,3,1,1,1,3,2,34
1,0,2,2,2,19239,1,1,0,0,2,1,3,1,0,1,1,0,0,1,6,1,1,0,1,1,1,4,1,1,2,1,1,1,1,0,2,6,3,3,1,3,1,3,4,34
0,0,1,2,2,3056,0,1,0,0,2,1,3,2,0,1,1,0,0,1,4,1,1,2,0,1,0,4,0,1,2,1,1,1,1,0,1,6,3,2,1,0,1,3,2,32
1,0,1,0,2,11612,0,0,1,1,2,1,3,2,1,0,1,0,0,1,4,0,1,0,0,1,1,4,1,1,2,1,1,1,0,0,2,6,2,3,1,2,1,3,3,30
0,0,0,2,2,41212,0,1,0,0,2,1,3,2,1,0,2,0,0,1,6,0,1,1,2,1,1,4,1,1,2,1,1,3,2,5,2,6,3,3,1,1,1,3,3,31
1,2,2,2,2,12115,0,0,2,2,2,1,3,1,1,0,1,1,2,1,12,1,1,1,1,1,1,4,1,1,2,1,1,3,1,1,2,6,4,3,1,3,1,3,0,34
1,0,1,3,2,33110,1,1,1,1,2,1,3,2,1,0,2,1,12,1,12,1,1,1,1,1,1,4,1,1,2,1,1,1,-1,0,3,6,4,3,1,2,1,3,4,33
1,0,0,1,2,7690,0,1,1,1,2,0,0,0,1,0,2,0,0,1,12,0,1,1,1,1,1,4,1,1,2,1,1,0,-1,0,2,6,3,3,1,2,3,3,4,33
0,0,0,2,2,3117,1,1,0,0,2,1,1,2,1,0,0,0,0,1,10,0,1,0,0,1,1,3,1,1,1,1,1,1,0,0,3,6,4,2,1,2,1,3,0,29
0,0,0,2,2,6195,0,0,0,0,2,1,1,1,0,0,2,0,0,1,12,0,0,1,0,1,1,4,1,1,2,1,0,2,-1,0,3,5,1,2,1,0,3,3,0,19
1,0,3,2,2,12278,1,1,0,0,2,1,1,1,0,1,1,0,0,1,12,0,1,1,1,1,1,4,1,1,2,1,1,1,1,5,2,6,3,3,1,2,3,3,2,32
0,0,1,1,2,-1,0,0,1,2,2,1,3,2,0,0,1,0,0,1,4,1,1,1,0,1,0,2,1,1,1,1,1,1,1,0,2,6,3,2,1,2,1,3,2,19
1,0,2,2,2,8519,1,1,1,2,2,1,3,2,1,0,2,1,12,1,12,1,1,1,2,1,1,4,1,1,2,2,1,3,1,5,2,6,3,3,1,1,1,3,3,33
0,0,2,1,2,8195,0,1,0,0,2,1,1,2,1,0,0,0,0,1,4,0,1,0,0,1,0,4,0,0,2,1,1,1,0,0,2,6,3,3,1,1,1,3,0,32
1,2,2,3,2,-1,0,1,0,0,2,1,3,1,0,1,2,0,0,1,12,0,1,2,2,1,1,4,1,1,2,1,1,1,1,5,2,6,3,3,0,1,1,3,3,34
0,0,1,3,2,-1,1,1,0,0,2,1,3,2,1,0,2,1,2,1,12,0,1,2,1,1,1,4,1,1,2,1,1,1,1,0,3,6,4,3,1,1,0,3,3,31
0,2,1,2,2,-1,0,1,1,1,2,1,1,2,1,0,1,0,0,1,12,1,1,1,2,1,1,4,1,1,2,1,1,3,1,1,3,6,4,3,1,1,3,3,1,34
1,1,1,2,2,6092,1,1,0,0,2,1,3,1,0,0,1,0,0,1,2,0,1,0,1,1,1,4,1,1,2,1,1,1,-1,0,3,6,2,3,1,2,0,3,4,31
0,2,2,2,2,17697,0,1,0,0,2,1,3,2,0,1,1,0,0,1,12,0,1,2,2,1,1,4,0,1,2,1,1,3,2,3,1,6,4,3,1,3,1,3,1,32
1,0,0,1,2,13436,0,1,0,0,2,0,0,0,0,0,1,0,0,1,6,0,1,1,0,1,0,2,0,0,1,1,0,0,1,0,1,6,4,2,1,2,3,0,0,34
0,0,2,2,2,394,0,1,0,0,2,1,1,2,1,0,2,1,11,1,4,0,1,0,1,1,1,4,1,1,2,1,1,1,0,0,1,6,3,2,1,1,3,3,0,33
0,0,1,2,2,5249,0,1,0,0,2,1,3,1,1,0,1,0,0,1,12,1,1,0,1,1,0,4,1,0,2,1,0,1,1,0,2,6,3,3,1,2,1,3,3,27
1,0,0,1,2,9580,0,1,1,1,2,1,1,2,1,0,1,1,6,1,6,0,1,1,1,1,1,4,1,1,2,1,0,1,2,5,2,6,4,3,1,1,3,3,3,32
1,0,1,3,2,1153,0,1,0,2,2,1,3,1,0,0,2,1,1,1,12,0,1,1,2,1,1,4,1,1,2,1,1,1,2,3,3,6,4,3,1,1,0,3,4,28
1,2,2,2,2,2665,0,1,0,0,2,1,1,2,1,0,0,1,4,1,12,1,1,0,1,1,1,4,0,1,1,1,1,3,0,0,3,6,3,3,0,1,1,3,0,30
0,0,0,3,2,13147,0,1,1,2,2,1,1,2,1,0,2,0,0,1,6,0,1,1,1,1,1,4,1,1,2,1,1,3,2,1,3,6,4,3,1,3,1,3,0,32
0,0,3,3,2,16078,1,1,1,2,2,1,1,2,1,0,2,0,0,1,4,0,1,0,2,1,1,4,1,1,2,1,1,1,1,0,2,6,4,3,1,1,3,2,2,30
0,0,0,0,2,4633,1,0,0,0,2,1,1,2,1,0,0,0,0,1,6,0,1,0,1,1,0,4,1,1,2,1,1,1,0,0,3,6,3,3,1,1,1,3,0,33
1,2,0,0,2,0,0,1,0,0,2,1,3,1,0,0,1,0,0,1,12,1,1,2,1,4,0,2,1,1,2,1,1,1,-1,0,2,6,2,2,1,2,0,3,1,32
0,0,1,1,2,5,0,0,0,0,2,1,3,1,0,1,1,1,2,1,6,1,1,1,0,4,0,3,1,1,1,1,1,1,1,0,3,6,4,2,1,0,0,3,2,31
0,0,3,2,2,-1,0,1,2,1,2,1,1,1,0,1,2,0,0,1,12,0,1,1,1,4,1,4,0,1,2,1,1,1,1,0,3,6,3,3,1,2,1,3,2,34
1,0,1,3,2,15234,1,1,0,0,2,1,1,1,1,0,2,1,12,1,12,0,1,1,2,1,1,4,1,0,2,1,0,1,2,3,3,6,4,3,1,2,1,3,3,29
0,2,2,0,1,27539,0,1,2,0,2,1,1,1,0,1,2,1,12,1,12,1,1,1,1,1,1,4,0,1,2,1,1,1,1,4,3,6,4,3,1,3,1,3,3,31
1,0,2,1,2,5627,0,1,1,2,2,1,1,1,0,0,1,0,0,1,12,0,1,1,0,1,1,4,1,1,1,2,1,1,-1,1,0,6,3,3,1,2,0,3,4,34
0,0,2,3,2,3086,0,0,0,0,2,1,1,2,1,0,2,0,0,1,6,0,1,1,1,1,1,4,1,1,2,1,1,1,-1,0,1,6,3,2,1,1,1,3,1,33
1,0,2,3,2,-1,0,1,0,0,2,1,3,1,0,0,1,1,12,1,12,0,1,1,1,1,1,4,1,1,2,1,1,1,2,2,2,6,3,3,1,3,1,3,2,34
1,2,2,0,2,23793,0,1,1,2,2,1,1,2,1,0,2,1,1,1,4,0,1,0,2,1,1,4,1,1,2,1,1,1,1,4,2,6,4,3,0,3,3,3,4,34
0,2,0,1,2,2012,0,0,0,0,2,0,0,0,0,0,1,0,0,1,4,1,1,2,0,1,0,2,0,1,1,1,0,0,-1,0,2,5,3,3,1,2,1,0,3,34
1,0,1,2,2,4580,1,0,0,0,2,0,0,0,1,0,2,0,0,1,8,0,1,0,1,2,1,4,1,1,2,1,1,0,1,0,3,6,4,3,1,1,1,3,4,30
0,0,3,3,2,29576,1,1,1,1,2,1,2,1,1,0,2,1,3,1,12,0,1,0,2,1,1,4,1,1,2,1,1,1,1,2,1,6,4,3,1,3,3,3,4,33
1,2,1,2,1,16173,1,1,0,0,2,1,3,1,1,0,1,0,0,1,6,0,1,0,2,1,1,4,1,0,2,2,1,1,2,2,3,6,3,3,0,1,1,3,3,34
1,0,1,0,2,-1,0,1,0,0,2,1,1,2,1,0,2,0,0,1,4,1,1,1,1,1,1,4,1,0,2,1,1,1,-1,0,2,6,3,3,1,2,1,3,4,33
1,0,3,2,2,6994,1,1,0,0,2,0,0,0,1,0,0,1,3,1,6,0,1,0,0,1,0,4,1,1,2,1,1,0,0,0,3,6,3,2,1,0,0,3,0,34
1,0,1,2,2,3914,0,1,0,0,2,1,1,2,1,0,2,0,0,1,2,0,1,1,0,1,0,4,1,1,2,1,1,1,-1,0,3,6,3,3,1,1,3,3,3,26
1,0,2,2,2,32896,1,0,2,2,2,1,3,2,0,1,2,0,0,1,6,1,1,1,0,1,1,4,1,1,2,1,1,1,2,5,3,6,4,3,1,3,1,3,1,30
1,2,2,0,1,10161,0,0,0,2,2,1,3,1,1,0,2,0,0,1,12,0,1,1,1,1,1,4,0,1,2,1,1,1,1,0,2,6,4,3,1,1,1,1,2,30
0,2,2,3,2,18448,1,1,1,1,2,1,3,2,1,0,1,1,6,1,2,1,1,0,1,1,1,4,1,1,2,1,1,3,-1,0,2,3,3,3,1,1,1,3,4,29
0,0,0,2,2,20465,0,1,0,0,2,1,3,2,1,0,2,0,0,1,4,0,1,1,1,1,1,4,1,1,2,1,0,3,2,3,3,6,3,3,1,3,3,2,1,32
1,0,2,3,2,15692,1,1,0,0,2,1,3,2,1,0,1,0,0,1,4,0,1,2,2,1,1,4,1,1,2,1,1,1,1,0,3,6,4,3,1,3,1,3,4,32
1,0,3,3,2,5430,0,1,0,0,2,1,3,2,0,1,1,0,0,1,12,1,1,1,1,1,1,4,1,1,1,1,1,3,1,0,3,6,3,1,1,0,1,3,4,30
0,2,2,3,2,18000,0,1,0,0,0,1,3,2,1,0,1,1,4,1,4,0,1,1,2,1,1,4,1,1,2,1,1,1,2,3,3,6,3,3,1,1,1,3,4,34
1,2,0,2,2,19834,0,1,0,0,2,1,3,2,1,0,2,1,12,1,12,0,1,0,2,1,1,4,1,1,2,1,1,1,2,4,2,6,4,3,0,1,1,3,2,27
1,0,1,1,2,14657,1,1,1,2,2,1,3,2,1,0,2,0,0,1,4,1,1,1,2,1,1,4,1,1,2,1,1,1,1,0,2,6,3,3,1,3,1,3,4,30
1,2,2,3,2,-1,1,0,1,2,2,1,1,2,1,0,2,1,4,1,4,0,1,0,2,1,1,4,1,1,2,1,1,1,2,3,2,6,4,3,0,2,0,3,4,34
0,2,1,2,2,-1,1,1,0,0,2,1,1,2,1,0,2,0,0,1,12,0,1,1,0,1,1,4,1,1,2,1,1,2,1,3,3,6,2,3,1,2,3,3,1,33
1,0,2,2,2,10665,0,1,0,0,2,1,3,2,0,0,2,0,0,1,4,1,1,2,1,1,1,4,1,1,2,1,1,1,-1,0,1,6,3,3,1,2,1,3,3,33
1,0,1,2,2,24570,0,1,0,0,2,1,1,1,1,0,2,0,0,1,12,0,1,1,0,1,1,4,0,1,2,1,1,1,1,1,3,6,3,3,1,1,1,3,1,25
1,2,0,0,2,1080,0,1,1,2,2,0,0,0,0,1,0,0,0,1,2,0,1,1,0,2,0,4,1,0,2,1,0,0,0,0,2,4,3,2,1,2,1,2,0,34
0,1,1,2,2,-1,0,1,1,1,2,1,1,2,1,0,2,0,0,1,12,1,1,1,2,1,1,4,1,1,2,1,1,1,2,3,3,6,4,3,1,1,1,3,3,34
0,0,1,2,2,2613,0,0,1,1,2,1,1,2,0,1,2,0,0,1,12,0,1,1,1,1,1,4,1,1,2,1,0,1,0,0,3,6,3,3,1,2,0,3,0,24
0,0,0,2,2,29742,0,1,1,2,2,1,1,2,1,0,2,0,0,1,4,0,1,1,1,1,1,4,1,1,2,1,1,3,1,3,3,6,3,3,1,0,3,3,1,32
1,0,3,2,2,38333,1,1,1,1,2,1,1,2,1,0,2,1,6,1,12,0,1,1,1,1,1,4,1,1,2,1,1,1,1,4,1,6,4,3,1,1,3,3,1,34
0,2,2,2,2,14385,0,0,0,2,2,1,3,2,1,0,2,0,0,1,12,1,1,0,0,1,1,4,1,1,2,1,1,1,2,4,1,6,4,2,1,1,3,3,3,32
0,0,2,1,2,12136,0,1,2,1,2,1,1,2,1,0,0,1,4,1,4,1,1,0,1,1,1,4,0,1,2,1,1,1,0,0,2,6,4,3,1,1,1,3,0,34
1,2,2,2,2,11496,1,0,0,0,2,1,1,2,1,0,2,0,0,1,6,0,1,0,0,5,1,4,1,1,2,1,1,1,-1,0,2,6,3,3,1,2,3,3,0,33
0,0,3,2,2,10523,1,1,0,0,2,1,3,1,0,1,1,0,0,1,4,1,1,0,2,1,1,4,1,0,2,1,1,1,1,0,2,6,4,3,1,1,3,3,2,31
0,0,1,3,2,-1,1,1,2,2,2,1,1,2,1,0,2,0,0,1,12,0,1,1,1,4,1,4,1,1,2,1,1,1,1,0,3,6,4,2,1,1,1,3,2,29
0,0,2,2,2,3516,0,0,0,1,2,1,1,2,1,0,1,0,0,1,3,0,1,1,1,4,1,3,1,1,2,1,0,1,1,0,3,6,3,2,1,1,3,3,2,30
0,0,1,3,2,2306,1,1,1,2,2,1,3,1,1,0,1,0,0,1,12,1,1,2,0,1,1,4,1,1,2,1,1,1,2,3,3,6,3,2,1,1,1,3,4,31
0,0,2,2,2,12814,1,1,0,0,2,1,3,2,1,0,2,0,0,1,12,1,1,1,1,5,1,4,1,0,2,1,1,1,1,3,1,6,4,3,1,1,3,3,4,34
0,2,1,1,2,13003,0,1,2,2,2,1,2,2,1,0,2,1,2,1,12,1,1,1,2,1,1,4,1,1,2,1,1,3,2,1,2,6,4,2,0,1,3,3,3,33
0,2,2,3,2,8375,1,1,1,2,2,1,3,2,1,0,1,0,0,1,12,0,1,1,2,1,1,4,1,1,2,1,1,1,1,3,3,6,4,3,1,3,1,3,0,34
0,0,0,1,2,-1,0,0,1,1,2,0,0,0,0,1,1,0,0,1,4,1,1,2,0,4,0,2,1,1,1,2,0,0,1,0,1,6,3,2,1,1,0,3,2,34
1,2,2,2,1,84,1,1,0,0,2,1,1,2,1,0,2,0,0,1,10,0,1,2,1,1,1,4,1,1,2,1,1,1,-1,0,2,6,4,3,0,1,1,3,4,33
0,2,1,2,2,8520,0,1,1,0,2,1,1,2,1,0,2,0,0,1,4,0,1,1,1,1,0,3,1,1,2,1,1,1,1,5,1,6,3,3,1,1,3,3,0,34
0,1,0,1,2,3778,0,0,0,0,1,0,0,0,0,1,1,0,0,1,4,1,0,1,0,4,0,0,0,0,1,1,0,0,1,0,1,5,1,2,1,0,3,1,2,31
1,2,2,3,2,5324,0,1,0,0,2,1,1,2,1,0,1,0,0,1,12,1,1,1,2,1,1,4,1,1,2,1,1,3,-1,0,2,5,3,3,1,1,0,3,2,31
0,0,2,3,2,-1,0,1,0,0,2,1,3,2,1,0,1,0,0,1,12,0,1,2,1,1,1,4,1,1,2,1,1,1,-1,0,2,6,3,2,1,2,1,3,3,34
0,0,2,1,2,15367,0,1,0,0,2,1,1,1,0,0,0,0,0,1,12,0,1,0,0,1,1,4,1,1,1,1,1,1,0,0,1,6,3,3,1,2,1,3,0,30
1,0,1,0,2,26121,1,1,1,1,2,1,3,1,1,0,1,0,0,1,12,1,1,2,0,1,1,4,1,1,2,1,1,1,1,0,1,6,3,3,1,1,1,3,1,34
0,0,2,3,2,11601,1,1,0,0,2,1,3,2,1,0,2,1,12,1,12,1,1,1,2,1,1,4,1,1,2,1,1,3,1,5,3,6,4,2,1,1,3,3,4,33
1,0,2,2,2,3725,0,0,2,1,2,1,1,2,0,1,2,0,0,1,4,0,1,1,1,1,0,4,1,1,2,1,1,1,1,5,3,6,3,2,1,1,1,2,2,25
1,2,3,2,2,32175,0,1,1,1,2,1,1,2,0,1,2,0,0,1,6,0,1,0,2,1,1,4,0,1,2,1,1,1,2,4,3,5,3,3,1,0,1,3,4,31
0,0,2,3,2,-1,1,1,0,0,2,1,3,2,1,0,1,0,0,1,4,1,1,1,2,1,1,4,1,1,2,1,1,1,1,0,2,6,4,3,1,1,0,3,3,31
1,0,2,2,2,11874,1,1,0,1,2,0,0,0,0,1,1,0,0,1,12,0,1,0,2,1,1,4,1,1,2,1,0,0,1,0,3,6,3,3,1,2,1,3,4,18
1,2,2,2,2,42856,0,1,0,0,2,1,1,2,1,0,0,1,3,1,12,0,1,0,2,1,1,4,1,1,2,1,1,1,0,0,2,6,3,3,0,1,3,3,0,27
0,2,2,3,1,13791,1,0,1,2,2,1,3,1,1,0,1,0,0,1,12,1,1,1,2,1,1,3,1,0,2,1,1,1,1,3,3,6,3,3,0,1,1,3,2,34
1,0,1,2,2,8900,1,1,0,0,2,1,3,2,0,0,1,0,0,1,4,1,1,1,2,1,1,4,1,1,2,2,1,1,1,0,3,5,3,3,0,1,1,3,2,34
0,2,2,0,2,2688,1,1,0,0,2,1,1,2,1,0,1,0,0,1,12,0,1,0,2,1,1,4,1,1,2,1,0,1,0,0,3,6,4,3,1,1,3,3,3,34
0,0,2,2,2,2727,1,1,0,0,2,1,2,1,1,0,0,0,0,1,4,0,1,0,0,1,1,4,0,1,2,1,1,2,0,0,3,6,3,2,1,0,1,3,0,33
1,0,2,2,2,5155,0,1,0,0,2,1,1,2,0,1,2,0,0,1,6,1,1,1,0,1,1,4,1,1,2,1,1,1,1,3,2,6,4,2,1,2,3,3,2,32
0,0,2,2,2,5879,1,1,1,1,2,1,3,1,0,0,1,1,11,1,11,1,1,2,0,4,0,4,1,1,2,2,0,1,1,0,2,6,4,3,1,0,2,3,2,26
0,0,0,2,2,3513,0,0,0,0,2,1,3,2,1,0,1,0,0,1,4,1,1,2,0,1,1,4,0,1,2,1,0,1,-1,0,1,6,2,3,1,1,0,3,0,33
0,0,2,3,2,27301,1,1,0,0,2,1,3,1,0,1,1,1,2,1,4,1,1,2,2,1,1,4,1,1,2,1,1,1,2,5,3,6,4,3,1,3,1,3,3,29
1,2,2,3,2,59274,0,1,2,2,2,1,1,2,1,0,0,0,0,1,4,0,1,0,2,1,1,4,1,1,2,1,1,1,0,0,2,6,4,3,1,3,1,3,0,33
0,0,2,2,2,12940,1,1,0,0,2,1,1,1,0,0,0,1,2,1,12,0,1,0,1,1,0,4,1,1,2,1,1,1,0,0,2,6,3,2,1,2,1,2,0,19
1,2,2,2,2,20014,0,1,1,2,2,1,1,1,1,0,2,0,0,1,6,0,1,2,2,1,1,4,1,1,2,1,1,1,1,4,3,6,4,3,1,3,1,3,0,29
0,0,2,3,2,161,0,1,2,2,2,1,3,2,1,0,2,1,7,1,26,1,1,1,2,1,1,4,1,1,2,1,1,1,1,0,3,6,3,2,1,1,1,3,2,33
1,0,0,1,2,16829,1,1,1,2,2,1,1,2,1,0,2,0,0,1,12,0,1,0,0,4,0,2,1,1,2,1,1,1,-1,0,3,3,3,3,1,2,3,3,0,32
1,0,1,2,2,12026,1,1,0,0,2,1,1,2,1,0,0,0,0,1,4,1,1,0,0,1,0,4,1,1,2,1,1,1,0,0,2,6,3,3,1,2,3,3,0,32
0,0,2,3,2,-1,0,1,1,2,2,1,1,2,1,0,2,0,0,1,12,0,1,1,2,1,1,4,1,0,2,1,1,1,1,0,3,6,3,3,1,1,2,3,4,34
1,2,2,2,2,14113,0,1,0,0,2,1,1,2,0,1,2,1,4,1,12,1,1,0,1,1,1,4,1,1,2,1,1,3,1,0,2,6,4,3,1,1,0,3,2,33
1,0,0,1,2,-1,0,1,1,2,2,0,0,0,1,0,2,0,0,1,8,0,1,1,0,1,0,2,0,0,1,2,1,0,-1,0,0,6,3,2,1,1,1,3,0,34
0,2,2,2,2,108,0,1,0,0,2,1,3,1,1,0,1,1,1,1,12,0,1,1,2,1,1,4,0,1,2,1,1,3,2,2,3,6,3,3,1,1,3,3,2,34
1,0,2,3,2,34843,1,1,1,2,2,1,3,2,1,0,1,1,2,1,6,1,1,1,1,1,1,4,1,1,2,1,1,1,2,4,3,6,4,3,1,3,1,3,4,32
0,0,0,2,2,-1,0,1,0,0,2,1,1,1,1,0,0,0,0,1,12,0,1,0,2,1,0,4,1,1,2,1,1,1,0,0,2,6,4,2,1,1,1,0,0,19
0,0,0,2,2,0,0,0,1,2,2,1,1,2,1,0,2,0,0,1,1,0,1,1,0,1,1,4,1,1,2,2,1,1,1,3,2,6,4,2,1,2,3,3,1,32
1,0,2,1,2,2440,1,1,0,0,2,1,3,2,1,0,2,0,0,1,4,1,1,1,0,1,1,1,0,1,2,1,1,1,1,0,3,6,3,2,1,2,1,3,2,34
1,0,0,0,2,6621,1,0,0,0,2,1,1,2,1,0,2,0,0,1,12,1,1,0,0,1,0,4,1,1,2,1,1,1,1,5,3,6,4,3,1,2,1,3,4,34
0,2,1,1,2,49531,0,1,0,0,2,1,3,1,1,0,1,0,0,1,12,1,1,2,2,1,1,4,1,0,2,1,0,1,2,3,2,6,3,3,1,0,3,3,4,33
1,0,0,1,2,5879,0,0,2,2,2,1,2,2,1,0,2,0,0,1,4,0,1,2,1,1,0,4,0,1,2,2,0,1,1,5,1,6,4,2,1,2,1,3,3,27
1,0,0,1,2,6668,0,1,0,0,2,1,1,2,1,0,1,0,0,1,4,1,1,0,0,1,0,4,1,1,1,1,1,1,1,0,1,5,3,2,1,2,0,3,2,32
1,0,2,1,2,-1,1,1,0,0,2,1,3,1,1,0,2,0,0,1,12,1,1,1,0,4,1,4,1,1,1,1,0,1,1,0,1,6,4,3,1,1,1,3,3,31
1,2,2,2,2,360,1,1,0,0,2,1,3,2,1,0,1,1,1,1,12,1,1,1,2,1,1,4,1,1,2,1,1,3,2,2,2,5,4,3,0,1,1,3,4,31
0,0,0,2,2,47779,0,1,0,0,2,1,3,2,0,1,2,0,0,1,4,1,1,0,1,1,1,4,1,0,2,1,1,1,-1,0,0,6,3,2,1,1,1,3,0,33
1,0,0,1,2,4280,0,1,0,0,2,1,1,2,1,0,1,0,0,1,4,1,1,1,0,1,0,2,1,1,1,2,1,1,1,0,2,6,2,3,1,2,3,3,3,33
0,2,2,0,2,36993,1,1,1,0,2,1,1,1,1,0,2,0,0,1,8,0,1,1,2,1,1,4,1,1,2,1,1,1,-1,0,3,5,4,3,1,2,0,3,3,32
0,2,2,2,2,8080,0,1,0,2,2,1,1,2,1,0,1,1,1,1,5,0,1,0,0,1,1,4,1,1,2,1,0,3,1,5,2,6,4,3,1,1,1,3,3,32
1,0,1,1,2,9977,0,1,0,0,2,0,0,0,0,0,2,0,0,1,4,1,1,1,0,4,0,2,1,1,2,2,0,0,1,0,2,6,3,2,1,0,0,3,2,33
1,0,2,2,2,9559,1,1,1,2,2,1,1,1,1,0,2,0,0,1,12,0,1,0,2,1,1,4,1,1,2,1,1,1,-1,0,3,6,4,3,1,1,0,3,1,34
1,2,2,2,2,-1,1,0,1,2,2,1,3,1,0,0,1,0,0,1,12,1,1,0,1,1,1,4,1,1,2,2,1,1,1,0,2,6,4,2,1,1,3,3,2,27
0,2,2,2,2,0,0,1,0,2,2,1,1,2,1,0,1,0,0,1,12,0,1,0,2,1,1,4,1,1,2,1,1,1,2,5,3,6,4,3,1,1,1,3,3,33
0,2,2,2,2,9473,0,1,0,0,2,1,3,1,0,0,2,0,0,1,6,1,1,2,1,1,1,4,1,1,2,1,1,3,2,4,2,6,3,3,1,3,0,3,4,33
1,0,0,0,2,81,0,1,1,0,2,1,3,2,1,0,1,0,0,1,4,1,1,2,0,1,0,4,1,1,2,2,1,1,1,0,1,6,3,2,1,2,1,3,4,28
1,2,2,3,1,18633,1,1,1,1,2,1,3,2,1,0,2,0,0,1,66,1,1,1,2,1,1,4,1,1,2,1,1,1,2,2,2,6,4,3,1,3,3,3,4,29
1,0,0,1,2,1020,0,1,1,2,2,1,1,1,1,0,1,0,0,1,4,1,1,1,0,1,1,2,1,0,2,1,1,1,1,0,2,6,3,3,1,1,3,3,1,33
1,0,2,2,2,558,0,1,1,2,2,1,3,1,1,0,2,0,0,1,6,0,1,1,2,1,1,4,1,0,2,1,1,1,2,2,2,6,4,3,1,3,0,3,2,34
0,2,3,2,1,14738,0,1,0,0,2,1,3,1,0,0,0,0,0,1,12,1,1,0,2,1,1,4,1,0,2,1,1,1,0,0,2,6,2,3,0,3,1,3,0,34
1,1,1,2,2,13070,1,1,1,2,2,1,1,1,1,0,1,0,0,1,6,1,1,0,1,1,1,4,1,0,2,1,1,1,1,0,1,6,3,2,1,2,1,3,1,24
1,0,0,0,2,2984,1,1,0,0,2,1,1,1,1,0,3,0,0,1,12,0,1,0,0,1,0,4,1,1,1,2,1,1,1,0,2,5,4,2,1,2,1,3,2,32
1,0,2,2,2,2874,1,1,0,0,2,1,3,2,1,0,1,0,0,1,12,1,1,1,1,1,1,4,1,1,2,1,1,1,1,0,1,6,3,3,1,1,1,3,2,34
0,0,0,1,2,9965,0,1,0,0,2,0,0,0,0,1,2,0,0,1,4,1,1,2,0,4,0,4,1,0,1,1,1,0,-1,0,2,6,4,2,1,0,1,3,2,33
0,0,0,1,2,643,0,0,0,0,2,1,1,1,0,0,0,0,0,1,5,0,1,0,0,2,0,4,1,1,1,1,0,1,0,0,3,6,3,0,1,0,1,3,0,32
1,0,2,2,2,22323,1,1,1,0,2,1,3,2,1,0,2,1,1,1,12,0,1,0,2,1,1,4,1,1,2,1,1,3,2,4,3,6,4,3,1,1,3,3,4,34
1,0,3,2,2,-1,0,1,0,0,2,1,3,2,1,0,3,0,0,1,6,1,1,0,2,1,1,4,1,0,2,1,1,3,1,0,3,6,4,3,1,1,1,3,4,34
0,0,0,1,2,3555,0,0,0,0,2,1,3,2,1,0,2,1,2,1,1,0,0,0,1,1,1,0,1,1,1,1,1,1,1,0,0,6,1,3,1,0,1,3,3,29
0,2,2,3,2,22929,0,1,1,2,2,1,1,2,1,0,2,0,0,1,4,0,1,1,2,1,1,4,1,1,2,1,0,1,1,0,2,6,4,3,1,1,1,3,1,31
1,0,2,1,2,7789,1,1,0,0,2,1,3,2,0,1,1,1,4,1,12,0,1,2,0,1,1,2,1,1,2,1,1,1,1,0,2,6,3,3,1,2,1,3,2,31
1,2,2,2,1,18562,1,1,1,2,2,1,3,2,1,0,1,0,0,1,12,1,1,0,1,1,1,4,1,1,2,1,1,1,2,3,2,6,4,3,0,1,1,3,2,30
1,0,3,3,2,26051,0,1,11,1,2,1,3,2,1,0,1,0,0,1,12,1,1,1,2,1,1,4,1,0,2,1,1,1,1,0,2,6,4,3,1,1,1,3,2,33
0,2,2,2,2,11502,0,1,0,0,2,1,3,2,0,0,2,1,2,1,6,1,1,1,1,1,1,4,1,1,2,1,1,1,-1,0,3,6,3,3,1,3,1,2,3,26
0,0,1,2,2,-1,0,1,0,0,2,1,1,2,1,0,1,1,1,1,4,1,1,1,0,1,0,4,1,1,2,1,1,1,1,0,2,6,3,3,1,0,1,3,2,30
1,0,2,1,2,7122,0,1,0,0,2,1,3,1,1,0,1,0,0,1,4,1,1,0,1,1,1,4,0,1,1,1,1,1,1,0,2,6,3,2,1,2,1,3,3,32
1,0,1,2,2,18353,0,1,0,0,2,1,1,2,0,0,1,1,12,1,12,0,1,1,0,1,1,4,1,1,2,1,0,1,0,0,2,6,4,3,1,3,1,3,0,33
0,0,1,2,2,128,0,1,0,0,2,1,3,1,0,1,2,0,0,1,12,0,1,0,1,1,1,4,1,0,2,1,1,1,1,0,3,6,1,2,1,2,1,3,2,33
1,0,3,3,2,-1,1,1,1,1,2,1,2,2,0,0,2,1,1,1,2,0,1,1,2,1,1,4,1,1,2,1,1,1,1,3,2,6,4,3,1,3,3,3,3,33
0,0,2,2,2,2293,0,1,2,2,2,1,1,1,0,1,1,0,0,1,12,0,1,2,1,1,1,4,1,1,2,1,1,1,1,0,2,6,4,3,1,2,1,3,1,32
1,2,1,2,2,24060,1,1,0,0,2,1,3,2,1,0,1,1,1,1,4,1,1,1,2,1,1,4,1,1,2,1,1,3,2,4,2,6,3,3,1,1,1,3,4,33
0,2,1,2,2,4712,0,1,0,0,2,1,1,1,1,0,0,0,0,0,0,0,1,0,0,1,1,4,1,1,2,1,1,1,0,0,3,6,3,3,1,2,1,3,0,28
0,2,1,2,2,10834,0,1,0,0,2,1,1,2,1,0,0,0,0,1,5,0,1,0,2,1,1,4,1,1,2,1,1,1,0,0,3,6,4,2,1,3,1,3,0,32
1,0,0,1,2,0,0,0,0,0,2,0,0,0,1,0,0,0,0,1,12,0,1,0,0,4,0,2,0,1,1,2,1,0,0,0,0,5,3,2,1,0,1,0,0,34
0,2,3,2,2,19248,1,1,1,2,2,1,3,2,1,0,1,0,0,1,12,0,1,0,2,1,1,4,1,1,2,1,1,1,1,0,2,6,3,3,1,1,0,3,2,34
1,0,1,2,2,7625,1,0,1,1,2,1,1,2,1,0,0,0,0,1,4,1,1,1,1,1,1,4,0,1,2,1,0,3,0,0,3,6,4,3,1,2,1,3,0,29
0,0,0,2,2,6236,0,1,1,1,2,1,1,2,0,1,1,0,0,0,0,0,1,0,1,1,1,4,0,0,2,1,1,3,1,0,1,6,2,2,1,1,1,3,2,26
1,2,2,3,1,352,1,1,0,0,2,1,3,1,1,0,3,1,12,1,12,0,1,0,2,1,1,4,1,1,2,2,1,1,1,0,2,6,4,3,0,3,1,3,2,33
1,0,2,3,2,12674,0,1,0,0,2,1,3,2,1,0,1,1,3,1,12,0,1,1,1,1,0,4,1,1,2,1,1,1,1,0,2,6,4,3,1,2,1,3,3,28
1,0,0,2,2,362,0,1,1,1,2,1,1,2,1,0,2,0,0,1,12,0,1,0,1,1,0,4,1,0,2,1,0,1,-1,0,1,6,4,3,1,2,1,3,1,29
0,0,2,2,2,6024,0,1,2,0,2,1,1,1,0,0,2,0,0,1,13,0,1,1,0,1,1,4,0,1,2,1,0,3,-1,0,2,6,3,3,0,1,0,3,3,33
1,0,1,3,2,15219,0,1,0,0,2,1,1,1,0,0,2,1,12,1,12,0,1,2,0,1,0,4,1,1,2,2,1,1,1,3,3,6,4,3,1,2,3,3,1,32
0,0,0,1,2,17634,0,0,1,1,2,1,3,1,0,0,1,0,0,1,4,1,1,1,1,4,1,4,1,1,2,2,1,1,-1,0,2,3,4,3,1,0,0,3,2,33
0,0,0,2,2,1082,0,0,0,0,1,1,3,2,1,0,0,0,0,1,6,0,1,0,0,4,0,0,1,0,1,2,1,1,0,0,1,6,3,2,1,2,1,2,0,27
0,2,2,3,1,-1,0,1,0,0,2,1,1,2,1,0,0,1,12,1,12,1,1,0,2,1,1,4,1,1,2,2,0,1,0,0,0,5,4,0,0,3,1,1,0,3
0,0,0,2,2,-1,0,0,1,1,2,1,1,2,1,0,2,0,0,1,12,1,1,2,1,1,0,3,1,1,2,1,1,3,1,0,2,6,3,2,1,1,0,3,4,19
1,0,1,1,2,1005,1,1,1,0,2,1,1,1,1,0,0,0,0,1,12,0,1,1,2,4,1,4,1,1,2,1,1,3,0,0,1,6,3,1,0,0,1,3,0,29
0,0,2,2,2,6863,0,1,0,0,2,1,3,2,1,0,1,1,1,1,4,1,1,1,1,1,1,4,1,1,2,1,0,3,2,1,3,6,4,2,1,1,3,3,1,32
0,0,1,3,2,5948,0,1,1,2,2,1,3,2,0,1,1,1,3,1,12,1,1,1,1,1,0,4,1,1,2,1,1,1,-1,0,2,6,4,3,1,1,1,3,2,28
1,2,2,3,2,22770,1,1,0,0,2,1,3,2,1,0,1,1,4,1,12,0,1,2,2,1,1,4,1,1,2,1,1,1,1,0,2,6,4,3,1,1,1,3,2,31
1,0,1,2,2,-1,0,1,0,0,1,1,1,2,1,0,2,0,0,1,4,1,1,1,0,1,1,4,1,1,2,1,0,1,1,5,2,6,3,3,1,2,1,2,3,25
0,0,2,3,2,11109,0,0,0,0,2,1,1,2,1,0,0,0,0,1,12,0,1,0,1,1,1,4,1,1,2,1,0,1,0,0,3,6,3,3,1,1,1,3,0,33
0,0,1,1,2,2215,0,1,0,0,2,1,1,2,1,0,2,0,0,1,12,0,1,1,0,1,0,4,0,1,2,1,0,1,-1,0,1,6,3,2,1,2,0,3,4,33
0,0,2,2,2,7716,1,1,2,1,2,1,3,2,0,1,1,1,12,1,12,0,1,2,0,1,1,4,1,1,2,1,0,1,-1,0,3,6,3,3,1,1,1,3,4,33
1,0,0,1,2,5164,0,1,0,0,2,1,1,2,1,0,2,0,0,1,12,0,1,2,0,4,0,4,1,1,1,1,1,1,1,5,2,6,3,3,1,1,1,3,4,25
1,2,1,2,2,24567,1,1,0,1,2,1,3,1,0,1,1,0,0,1,6,1,1,0,2,1,1,4,1,1,2,1,1,3,2,4,3,6,4,3,1,1,1,3,4,29
0,0,1,1,2,-1,0,1,1,1,2,1,1,2,1,0,2,0,0,0,0,1,1,0,0,1,0,0,1,0,2,1,1,2,-1,0,3,6,3,3,1,0,1,3,3,32
0,0,2,2,2,6992,0,1,1,2,2,1,1,1,1,0,2,1,1,1,6,0,1,1,0,1,1,4,1,1,2,1,1,3,-1,0,2,6,2,3,1,2,0,3,2,29
1,2,1,2,2,5935,1,0,1,2,2,1,1,2,1,0,2,0,0,1,4,0,1,0,2,1,1,4,1,0,2,1,1,1,1,4,2,6,4,2,1,1,1,3,1,34
1,0,2,2,2,6367,0,1,0,0,1,1,3,1,0,0,1,0,0,1,4,1,1,1,1,1,0,4,1,1,2,1,1,1,0,0,2,6,3,2,1,3,0,3,1,34
0,0,1,1,2,20108,1,1,0,0,2,1,1,1,1,0,0,0,0,1,12,0,1,0,0,2,1,4,0,1,1,1,0,1,0,0,2,6,3,3,1,1,1,3,0,33
1,0,3,0,2,26832,1,1,2,2,2,1,3,2,1,0,2,1,4,1,8,1,1,1,2,1,1,4,1,1,2,1,1,1,2,5,3,6,3,3,1,1,1,3,2,33
0,2,2,0,1,18106,0,1,0,0,2,1,3,2,1,0,2,0,0,1,12,1,1,0,2,1,1,4,1,0,2,1,1,1,1,0,2,6,4,3,1,1,1,3,4,34
0,0,0,1,2,-1,0,1,0,2,2,1,3,1,1,0,2,0,0,1,6,0,1,1,0,1,0,4,1,1,2,1,1,1,1,0,3,6,3,3,1,1,1,3,0,29
0,0,3,2,2,20384,0,0,0,0,2,1,1,2,1,0,1,1,12,1,12,0,1,1,2,1,1,4,0,1,2,1,1,3,2,5,2,6,4,3,1,3,0,3,4,34
1,0,2,2,2,26612,0,1,0,0,2,1,1,1,0,0,1,0,0,1,6,0,1,0,2,1,1,4,1,1,2,1,1,1,1,0,3,6,3,3,1,3,1,3,3,34
1,0,3,0,2,-1,1,1,0,0,2,1,3,1,1,0,2,1,12,1,12,0,1,1,1,1,1,4,1,1,2,1,1,1,2,5,2,6,3,3,1,1,1,3,1,34
1,0,2,2,2,396,0,1,0,0,2,1,3,2,0,1,2,0,0,1,3,0,1,1,0,1,1,4,0,1,2,1,1,1,0,0,1,6,3,3,1,1,1,3,0,33
0,2,2,2,2,3927,0,1,0,0,2,1,3,2,1,0,2,1,4,1,12,1,0,1,2,1,1,4,1,1,2,1,1,1,2,2,1,6,1,3,1,3,0,3,2,34
0,2,2,3,1,10154,1,1,1,1,2,1,3,2,1,0,1,0,0,1,12,0,1,1,2,1,1,4,1,0,2,1,1,1,1,0,2,6,3,3,0,3,1,3,4,32
0,0,3,3,2,55291,0,1,2,2,2,1,1,1,1,0,0,0,0,1,12,0,1,0,1,1,1,4,1,1,2,1,0,1,0,0,1,6,3,2,1,1,1,3,0,32
0,0,3,3,2,8640,1,1,1,2,2,1,1,2,1,0,1,0,0,1,12,0,1,0,2,1,1,4,0,1,2,1,1,1,1,0,2,6,3,3,1,1,1,3,4,33
1,0,2,2,2,5337,0,1,0,2,2,1,1,1,0,0,2,0,0,1,12,0,1,1,0,1,1,4,1,1,2,1,1,1,-1,0,3,6,3,3,1,1,0,3,0,29
0,0,1,2,2,3274,0,1,1,2,2,1,1,2,0,1,2,0,0,1,4,0,1,1,1,1,0,4,1,1,2,2,1,1,1,1,1,6,4,2,1,2,1,3,1,22
1,0,2,3,2,40958,1,1,2,2,2,1,1,1,0,1,1,0,0,0,0,1,1,2,1,1,1,4,1,1,2,1,1,1,0,0,3,6,4,3,1,3,0,3,0,32
1,0,1,2,2,289,0,1,0,0,2,1,3,1,1,0,0,0,0,1,20,1,1,0,2,4,0,4,1,1,2,1,1,1,0,0,2,6,4,3,1,0,1,3,0,25
1,2,2,0,2,1624,0,0,0,0,2,1,1,2,1,0,2,0,0,1,4,0,1,2,2,1,1,4,1,1,2,1,1,2,0,0,3,6,3,3,1,1,1,3,1,33
0,2,2,3,2,62418,1,1,1,1,2,1,3,2,0,0,2,0,0,1,12,1,1,0,2,1,1,4,1,1,2,1,1,3,1,2,3,6,3,3,0,3,1,3,3,34
0,2,2,3,2,5957,1,1,0,0,2,1,1,2,1,0,0,0,0,1,12,0,1,1,1,1,1,4,1,1,2,1,1,1,0,0,3,6,4,3,0,1,1,3,0,33
0,0,2,0,2,10669,1,1,0,0,2,1,1,2,1,0,2,0,0,1,12,0,1,0,0,4,1,4,1,1,2,1,1,1,-1,0,2,6,3,3,1,1,1,3,1,32
0,2,2,3,2,18945,1,1,1,2,2,1,3,2,1,0,1,1,2,1,6,1,1,2,1,1,1,4,1,1,2,1,1,1,1,0,2,6,4,2,0,3,1,3,4,29
0,0,1,2,2,97145,0,1,1,1,2,1,3,1,1,0,3,0,0,1,12,0,1,1,0,1,1,4,1,1,2,1,1,1,-1,0,3,6,3,3,1,3,3,3,1,34
1,0,1,2,2,9547,1,1,1,2,2,1,1,2,1,0,2,1,1,1,2,0,1,1,0,1,1,4,0,1,2,1,1,1,1,5,3,5,4,3,1,1,1,3,1,33
0,0,2,3,2,17072,1,1,0,0,2,1,3,2,0,0,1,0,0,1,4,1,1,0,2,1,1,4,1,0,2,1,1,1,1,0,2,6,4,3,1,3,1,3,2,34
1,2,1,2,2,23409,1,1,2,2,2,1,3,2,1,0,1,0,0,1,6,0,1,2,2,1,1,4,1,1,2,2,1,1,2,1,1,6,4,3,1,0,1,2,2,33
0,0,0,1,2,34,0,1,1,2,2,1,1,1,1,0,2,1,3,1,4,0,1,1,2,1,1,3,0,1,1,1,1,3,1,5,3,6,4,2,1,3,1,1,2,24
1,0,2,1,2,8133,0,1,1,1,2,1,1,2,1,0,2,0,0,1,4,0,1,1,0,1,0,2,1,1,2,1,1,1,1,0,3,6,3,3,1,2,1,3,3,33
0,2,1,2,2,2428,0,1,0,0,0,1,1,2,1,0,2,0,0,1,6,0,1,0,2,1,1,4,1,1,2,1,1,1,0,0,2,6,4,3,1,2,1,3,0,34
1,2,3,3,1,26124,1,1,0,0,2,1,3,2,1,0,1,0,0,1,12,0,1,0,2,1,1,4,0,1,2,1,1,1,1,0,2,6,4,3,0,1,1,3,0,32
0,0,1,2,2,9144,0,1,0,0,2,0,0,0,0,1,2,0,0,1,6,1,1,1,0,1,1,4,1,1,1,1,1,0,1,5,2,0,4,3,1,0,1,3,2,24
0,2,2,3,1,1480,1,1,0,0,2,1,1,2,0,0,2,0,0,1,4,0,1,0,1,1,1,4,0,1,2,2,1,1,0,0,3,6,4,3,1,1,1,3,4,30
0,0,2,2,2,7471,1,1,1,2,2,1,3,2,0,0,1,0,0,1,12,1,1,0,2,1,1,4,0,1,2,1,1,1,1,0,2,6,3,3,1,3,3,2,2,34
0,0,1,2,2,-1,0,1,0,2,2,1,1,2,0,1,2,0,0,1,4,0,1,0,0,1,0,4,1,1,2,1,1,1,-1,0,3,6,3,3,1,1,1,3,3,34
0,2,1,3,2,-1,1,1,0,0,2,1,3,1,0,0,2,0,0,0,0,1,1,0,2,1,1,4,1,1,2,1,1,1,-1,0,3,6,4,2,1,1,1,3,1,30
1,0,1,3,2,1600,1,0,0,0,2,1,3,2,1,0,1,0,0,1,12,1,1,2,0,1,1,4,1,1,2,1,1,1,1,0,3,6,4,3,1,2,1,3,4,33
0,0,2,3,2,3605,0,1,1,2,2,1,3,2,1,0,1,0,0,1,4,1,1,2,2,1,1,4,1,0,2,2,1,1,1,0,2,6,3,3,1,1,1,3,1,32
1,0,1,3,2,-1,1,1,1,1,2,0,0,0,0,1,2,0,0,1,12,0,1,0,2,1,1,4,1,1,2,1,1,0,-1,0,1,6,3,3,1,2,0,3,0,31
0,0,2,3,2,14708,0,1,1,1,2,1,3,2,1,0,2,0,0,1,12,1,1,1,2,1,1,4,1,1,2,1,1,3,2,3,3,6,3,2,1,3,1,3,4,32
0,0,0,1,1,112,0,0,1,1,1,0,0,0,0,1,0,0,0,1,4,0,1,0,0,4,0,0,0,0,1,2,0,0,0,0,1,6,3,2,1,0,3,0,0,32
0,1,2,0,1,116,0,1,1,2,2,1,3,2,0,1,1,1,12,0,0,1,1,0,1,1,1,4,1,0,2,2,1,2,2,5,0,6,4,0,0,3,3,1,2,5
0,1,2,3,1,13247,0,1,0,0,2,1,1,2,1,0,3,0,0,0,0,0,1,0,0,1,1,4,0,1,1,2,1,0,0,0,0,6,3,2,0,1,3,0,0,3
0,0,2,2,2,29593,0,1,0,0,2,1,1,1,1,0,0,0,0,1,4,0,1,1,2,1,1,4,1,1,2,1,1,1,0,0,3,6,3,2,1,1,1,3,0,29
1,0,2,2,2,9578,0,1,0,0,2,1,1,1,0,0,2,0,0,1,6,1,1,0,1,0,1,4,1,1,2,1,1,1,1,1,2,6,3,3,1,0,3,3,1,34
0,0,2,3,2,7891,0,1,0,0,2,1,1,2,1,0,0,0,0,1,12,0,1,0,1,1,1,4,1,1,2,1,1,1,0,0,3,6,4,2,1,2,1,3,0,33
1,0,2,1,2,72360,0,0,1,2,2,1,1,2,0,1,0,0,0,1,2,0,1,2,0,1,0,4,1,1,1,1,1,1,0,0,1,6,4,3,1,1,1,3,0,30
1,0,2,3,2,4644,1,1,1,1,2,1,3,2,1,0,1,0,0,1,2,1,1,0,2,1,1,4,1,1,2,1,1,1,1,0,1,6,3,3,1,3,1,3,3,27
1,2,2,2,2,26005,1,1,3,2,2,1,3,2,0,0,1,0,0,1,4,0,1,1,0,1,1,4,1,1,2,2,1,1,1,4,2,6,3,3,1,2,1,3,3,31
1,0,2,0,2,-1,1,1,0,0,2,0,0,0,0,0,1,0,0,1,6,1,1,1,0,1,1,4,1,0,2,1,1,0,1,0,3,2,3,3,1,0,0,3,2,32
0,1,0,0,1,7280,0,0,0,0,1,0,0,0,1,0,3,0,0,0,0,0,0,0,2,1,1,4,0,1,2,2,1,0,-1,0,0,6,1,0,1,1,2,1,0,0
0,0,1,3,2,95430,1,1,0,0,2,1,3,2,1,0,2,0,0,1,12,0,1,0,2,1,1,4,1,0,2,1,1,1,1,5,3,6,4,3,1,3,1,3,4,32
1,0,1,1,2,2035,0,0,0,0,2,1,1,2,1,0,1,0,0,1,4,1,1,2,0,4,1,4,1,1,2,1,1,1,-1,0,3,5,4,3,1,1,1,3,1,32
0,0,1,3,2,4859,0,1,0,0,2,1,3,2,1,0,1,0,0,1,4,1,1,0,0,1,1,4,1,1,2,1,1,1,1,0,2,5,3,2,1,2,1,3,4,32
0,0,0,1,2,1739,1,0,0,0,2,0,0,0,0,0,1,0,0,1,4,0,1,0,1,4,0,4,0,1,1,2,1,0,1,0,3,6,2,2,1,2,1,3,2,31
0,2,2,2,2,6786,0,0,1,1,2,1,1,2,1,0,0,0,0,1,4,0,1,0,2,1,1,4,0,0,2,1,1,1,0,0,2,6,4,2,1,1,0,3,0,33
0,0,1,1,2,8151,0,1,1,2,2,1,1,2,0,1,2,0,0,1,4,0,1,1,0,4,0,4,1,1,2,1,1,1,-1,0,3,6,3,3,1,3,3,3,0,34
0,0,1,2,2,8288,0,1,0,0,2,1,3,1,1,0,2,0,0,1,12,0,1,1,1,4,1,4,1,1,2,1,1,1,-1,0,2,6,3,3,1,2,1,3,4,18
0,2,2,3,1,12299,1,1,0,0,2,1,3,1,0,1,1,1,2,1,6,1,1,2,2,1,1,4,1,0,2,1,1,1,-1,0,2,6,4,2,0,3,1,3,1,29
1,0,2,2,2,-1,0,1,0,0,2,1,1,1,1,0,2,0,0,1,4,0,1,1,1,1,1,4,1,1,2,1,1,1,1,3,3,6,3,2,1,2,2,3,4,25
0,0,1,2,2,12070,0,1,0,0,2,1,1,1,1,0,1,0,0,1,3,0,1,2,2,1,1,4,1,1,2,1,1,3,1,0,2,6,4,3,1,1,3,3,4,32
1,0,0,2,2,9545,0,1,0,0,2,1,1,2,1,0,2,0,0,1,6,0,1,0,2,1,1,4,1,1,2,2,1,1,0,0,2,6,3,3,1,3,3,3,0,33
1,2,2,1,2,7858,0,1,0,0,2,1,3,2,1,0,2,0,0,1,12,1,1,0,0,1,1,4,1,1,2,1,1,1,1,4,2,6,3,3,0,1,1,3,3,34
0,0,1,2,2,9723,0,1,1,1,2,1,3,1,1,0,1,0,0,1,4,0,1,2,1,1,0,4,0,1,2,1,1,1,1,0,2,5,3,2,1,2,0,3,3,32
1,2,2,2,2,13325,0,1,0,2,2,1,3,2,0,1,1,1,2,1,12,1,1,2,2,1,1,4,0,1,2,1,1,1,1,0,3,6,3,3,1,1,1,3,2,34
1,2,2,1,2,4233,1,1,2,2,2,1,3,2,1,0,1,0,0,1,4,1,1,1,2,1,1,4,0,1,2,1,1,1,1,0,2,5,3,3,1,1,0,3,3,29
0,0,2,3,2,1045,1,1,3,0,2,1,3,2,1,0,2,0,0,1,12,1,1,2,2,1,1,4,1,1,2,1,1,1,-1,0,3,6,4,2,1,2,1,3,1,31
1,0,2,0,2,25406,0,0,0,0,2,1,1,1,0,0,2,0,0,1,4,0,1,0,2,1,1,4,1,1,2,1,1,1,0,0,2,6,4,3,1,3,1,3,2,34
1,2,2,0,2,35547,0,1,0,0,2,1,3,2,1,0,2,1,4,1,12,0,1,1,2,1,1,4,1,1,2,1,1,1,2,2,1,6,3,3,1,1,1,3,2,34
1,2,2,2,2,11309,1,1,0,0,2,1,3,1,1,0,2,0,0,1,12,0,1,1,1,1,1,4,1,0,2,1,1,1,2,5,2,5,3,3,1,1,1,3,3,27
0,0,0,1,2,82,0,0,0,0,0,1,1,2,1,0,0,0,0,1,6,0,1,1,1,4,0,0,1,0,1,1,0,1,0,0,3,6,3,2,1,2,1,1,0,31
1,0,2,3,2,10875,1,1,0,0,2,1,1,2,1,0,2,0,0,1,12,0,1,1,2,1,1,4,1,1,2,1,1,1,2,1,3,6,3,3,1,3,0,3,1,33
1,0,1,3,2,12889,1,0,2,1,2,1,1,2,1,0,1,0,0,1,12,1,1,1,1,1,1,4,1,1,2,1,1,3,1,0,2,6,4,2,1,3,3,3,1,31
0,0,2,2,2,7829,0,1,2,2,2,1,1,2,0,1,2,0,0,1,6,0,1,1,1,1,1,4,0,1,2,1,1,1,-1,0,2,6,3,3,1,1,3,3,4,32
0,0,2,3,2,6055,1,1,0,0,2,1,1,2,1,0,0,0,0,1,12,0,1,0,1,1,1,4,1,1,2,1,1,1,0,0,3,6,3,2,1,2,0,3,0,33
1,2,0,2,2,7647,0,1,0,0,1,1,1,2,1,0,2,1,2,1,6,1,1,1,2,1,1,4,0,1,2,1,0,1,1,0,1,6,3,3,1,1,1,3,4,0
1,0,0,2,2,18843,0,1,1,2,2,1,1,2,1,0,2,0,0,1,12,0,1,1,1,1,1,4,1,1,2,1,1,1,1,5,3,6,3,3,1,3,1,3,4,25
0,2,3,3,1,-1,1,1,0,0,2,1,3,2,1,0,1,1,12,1,36,0,1,1,2,1,1,4,1,1,2,1,1,1,1,0,3,6,4,3,1,3,1,3,0,33
1,0,2,2,2,16112,0,1,2,1,2,1,1,2,1,0,1,0,0,1,12,1,1,1,2,1,1,4,0,1,2,1,1,1,-1,0,3,6,4,3,1,1,1,3,1,34
1,0,2,2,2,4826,0,1,0,0,2,1,3,2,1,0,1,0,0,1,12,1,1,1,1,1,0,4,1,1,2,1,1,1,1,0,3,5,4,3,1,2,1,3,2,31
1,0,2,3,2,22929,1,1,2,2,2,1,1,2,0,1,1,1,12,1,12,0,1,1,2,1,1,4,1,1,2,1,1,1,0,0,2,5,3,3,1,1,1,3,0,28
0,0,0,1,2,-1,0,1,0,0,2,1,1,1,0,1,1,0,0,1,4,0,1,2,0,5,0,2,1,0,1,2,1,3,1,0,3,6,3,2,1,2,1,3,4,34
1,0,4,2,2,27767,1,1,1,2,2,1,3,2,0,1,1,0,0,1,6,0,1,1,2,1,1,4,1,1,2,1,0,3,2,5,3,6,4,3,1,3,1,3,3,32
0,2,0,1,2,3210,1,1,0,0,2,1,3,1,1,0,2,1,2,1,6,0,1,1,1,1,0,2,1,0,1,1,0,1,1,0,2,6,3,2,1,2,0,3,1,24
0,2,2,3,1,19475,1,1,0,0,2,1,3,1,1,0,1,0,0,1,12,1,1,1,2,1,1,4,1,1,2,1,1,1,1,0,2,6,3,3,0,1,0,3,1,32
1,0,2,2,2,8140,1,1,0,0,2,1,1,1,1,0,2,0,0,1,4,0,1,0,1,1,1,4,1,1,2,1,1,1,-1,0,2,6,3,2,1,3,3,3,2,30
1,0,3,2,2,37074,1,1,0,0,2,1,3,2,1,0,2,0,0,1,12,0,1,1,2,1,1,4,1,1,2,1,1,1,1,0,2,6,4,3,1,3,1,3,1,33
1,2,3,3,2,8225,0,1,0,2,2,1,3,2,1,0,2,0,0,1,12,1,1,2,2,1,1,4,1,1,2,1,1,1,2,1,0,6,4,3,1,1,3,3,3,34
0,0,2,2,2,9318,0,1,0,0,2,1,3,1,1,0,2,0,0,1,12,1,1,1,2,1,0,4,1,0,2,1,0,1,1,0,1,6,3,2,1,1,1,2,0,27
0,2,2,2,2,23181,0,0,0,0,2,1,3,1,0,0,1,1,4,1,4,1,1,2,2,1,1,4,1,1,2,1,1,1,2,1,2,6,3,3,0,1,1,3,4,34
0,1,0,3,1,9907,0,1,0,0,2,1,2,2,1,0,1,0,0,0,0,0,1,0,2,1,1,4,1,1,2,2,1,0,2,4,0,6,4,0,0,1,1,1,4,5
1,0,1,3,2,443,0,0,1,2,2,1,1,2,1,0,2,0,0,1,4,0,1,1,1,1,1,4,1,1,2,1,0,1,-1,0,2,6,3,3,1,2,3,3,3,30
0,2,2,2,2,19043,0,1,1,1,2,1,3,2,1,0,2,0,0,1,12,1,1,1,2,1,1,4,1,1,2,1,1,1,1,0,3,3,3,3,1,1,1,0,2,33
0,0,2,3,2,18821,1,1,1,1,2,1,3,2,1,0,1,0,0,1,4,1,1,2,2,1,1,4,1,1,2,1,1,1,1,0,1,6,4,3,1,2,1,3,2,33
1,0,0,2,2,9662,1,1,1,2,2,1,1,2,0,0,2,0,0,1,4,1,1,1,0,1,1,4,0,1,1,1,1,1,1,0,3,6,3,3,1,2,0,3,1,34
1,0,1,3,2,-1,1,0,0,0,2,1,3,2,1,0,1,0,0,1,4,1,1,2,0,1,0,4,1,1,1,2,1,1,1,0,2,6,4,2,1,0,3,3,3,33
0,0,0,1,2,-1,0,0,0,0,2,1,1,2,1,0,0,0,0,1,12,0,1,1,1,4,0,0,0,1,1,2,1,1,0,0,1,0,3,2,1,0,1,0,0,34
0,0,2,0,2,-1,0,0,0,0,2,1,3,1,1,0,2,0,0,1,12,1,1,1,1,1,1,4,1,1,2,1,0,1,1,0,1,6,3,2,1,1,1,3,3,33
1,0,0,1,2,2002,0,0,0,0,2,1,3,2,0,0,1,0,0,1,2,1,1,1,0,1,1,4,1,0,1,1,0,1,1,0,2,6,3,3,1,3,1,3,2,31
0,2,2,2,1,12072,1,1,0,0,2,1,3,2,1,0,1,0,0,1,12,0,1,0,2,1,1,4,1,1,2,1,1,1,1,0,2,6,4,3,1,2,1,3,4,33
1,0,2,1,2,9615,0,1,0,0,2,1,1,2,1,0,2,0,0,1,12,0,1,0,1,4,1,4,1,1,1,1,1,3,-1,0,3,6,3,3,1,1,1,3,2,32
0,2,2,3,2,4389,1,1,1,1,2,1,1,2,1,0,0,1,23,1,23,0,1,0,1,1,1,4,0,1,2,1,0,1,0,0,2,6,3,2,1,1,0,3,0,29
0,0,0,2,2,3096,1,1,0,0,2,1,1,2,0,1,1,0,0,1,12,0,1,2,1,1,0,4,1,1,2,1,1,2,1,0,3,2,3,3,1,2,0,3,1,24
0,2,1,2,2,-1,0,1,0,2,2,1,1,2,1,0,1,0,0,1,3,0,1,0,2,1,1,4,1,1,2,1,1,1,1,0,2,6,3,3,1,1,1,3,2,31
0,2,3,2,1,12293,0,1,0,0,2,1,1,2,1,0,1,0,0,1,12,0,1,2,2,1,1,4,1,1,2,1,1,1,0,0,3,6,4,3,1,1,0,3,0,33
1,0,3,0,2,-1,0,1,0,0,2,1,3,2,1,0,1,0,0,1,6,0,1,2,1,1,1,4,1,1,2,1,1,1,1,0,2,6,4,3,1,3,1,3,4,34
1,0,0,0,2,-1,1,1,0,0,2,1,3,2,1,0,2,0,0,1,12,1,1,2,1,2,0,1,0,1,2,1,0,1,1,0,2,6,3,2,1,2,1,3,2,29
1,0,2,1,2,8469,0,0,0,0,1,1,1,2,1,0,1,0,0,1,4,1,1,1,0,2,0,4,0,1,1,1,1,1,1,0,2,3,4,3,1,2,1,3,2,33
0,1,0,0,2,7980,1,1,0,0,2,1,3,2,1,0,2,0,0,1,12,1,1,1,1,1,1,4,1,1,2,1,0,1,2,3,2,6,3,2,1,2,1,3,4,33
0,0,1,1,2,2093,0,0,0,0,1,1,1,2,0,1,1,0,0,1,2,1,1,0,0,1,0,3,1,0,1,2,1,1,1,0,2,6,3,2,1,2,3,1,1,5
1,0,2,2,2,9877,1,1,0,0,2,1,1,2,1,0,0,0,0,1,4,0,1,0,2,1,1,4,1,1,2,1,1,1,0,0,3,6,3,3,1,0,1,3,0,29
1,0,1,2,2,375,1,1,1,0,0,1,3,2,1,0,2,0,0,1,12,0,1,0,0,1,0,4,0,1,2,2,1,1,1,0,2,6,4,3,1,2,0,3,3,30
1,2,1,2,2,43812,1,1,0,0,2,1,3,1,0,1,1,0,0,1,12,1,1,2,2,1,1,4,1,1,2,1,1,1,2,4,2,6,3,3,1,1,1,3,4,33
0,2,0,0,2,-1,1,1,1,1,2,1,1,1,1,0,0,0,0,1,4,0,1,0,2,1,1,4,1,1,2,1,1,1,0,0,2,3,3,3,1,1,1,3,0,32
1,2,1,3,2,492,0,0,1,1,2,1,3,1,1,0,1,0,0,1,4,0,1,0,2,1,1,4,1,1,2,1,1,1,2,2,2,6,3,3,0,1,1,3,1,34
0,0,2,1,2,9531,0,1,1,1,2,1,3,1,1,0,2,0,0,1,12,0,1,1,2,1,1,4,0,1,2,2,0,3,2,2,3,5,4,3,1,2,1,3,3,33
0,0,0,1,2,109,0,0,2,2,2,0,0,0,0,0,2,0,0,1,4,1,0,2,1,4,0,2,0,0,1,2,1,0,-1,0,1,3,1,2,1,2,0,0,1,32
0,0,1,2,2,3139,0,1,0,0,2,1,1,1,1,0,1,0,0,1,4,1,1,2,1,1,1,4,1,1,2,1,1,1,1,0,3,6,3,3,1,2,1,3,2,32
1,0,1,2,2,9832,0,1,0,1,2,1,3,1,1,0,2,1,2,1,4,1,1,2,1,1,1,4,1,1,2,1,1,3,1,0,3,6,4,3,1,2,3,3,3,32
0,1,2,2,2,4289,0,1,0,0,2,1,1,1,1,0,2,0,0,1,12,0,1,0,0,1,0,4,1,1,2,1,1,3,0,0,3,6,3,2,1,2,1,3,4,25
0,2,1,3,2,2556,1,1,0,0,2,1,3,2,1,0,1,0,0,1,4,1,1,1,2,1,1,4,1,1,2,1,1,3,2,3,2,5,3,3,0,3,1,3,3,29
0,0,2,3,2,4256,1,1,0,0,2,1,1,2,1,0,2,0,0,1,12,0,1,0,2,1,1,4,1,1,2,1,1,1,1,5,3,6,4,3,1,1,3,3,4,33
1,0,2,2,2,7036,0,1,0,0,2,1,3,1,1,0,2,0,0,1,4,0,1,1,0,1,1,4,1,1,2,1,1,1,1,0,3,6,4,3,1,1,1,3,2,30
0,0,2,1,2,14346,0,1,1,1,2,1,3,2,0,0,2,0,0,1,3,1,1,1,1,4,1,4,1,1,1,1,1,1,1,0,2,6,4,3,1,2,1,3,3,31
1,0,0,1,2,7625,1,1,1,1,2,1,1,2,1,0,2,0,0,1,4,1,1,2,1,1,0,4,1,1,2,1,1,1,1,0,1,6,3,3,1,1,1,3,4,34
0,0,0,2,2,0,1,0,0,0,2,1,1,2,0,1,2,0,0,1,12,0,1,1,0,1,0,4,1,0,2,1,1,1,-1,2,0,6,3,0,1,3,0,3,0,33
0,2,2,2,1,5570,0,1,0,0,2,1,1,2,1,0,2,0,0,1,4,0,1,0,0,1,1,4,1,1,2,1,1,3,0,0,2,6,3,3,0,3,1,3,2,34
0,0,2,2,2,2889,0,1,0,0,2,1,3,2,1,0,2,1,1,1,12,1,1,1,0,1,0,4,0,0,2,1,0,1,2,5,3,6,3,3,1,2,0,3,3,27
0,0,0,1,2,5357,0,1,1,2,2,1,3,1,1,0,2,1,2,1,3,1,1,1,0,1,0,4,1,0,1,1,0,3,1,3,3,6,3,2,1,2,3,3,2,33
0,0,1,3,2,9637,1,1,0,0,2,1,1,2,0,0,0,0,0,1,6,0,1,0,2,1,1,4,1,1,2,2,1,1,0,0,1,6,3,3,1,1,3,2,0,33
0,0,2,3,2,13194,1,1,0,0,2,1,1,1,1,0,0,1,1,1,12,0,1,0,2,1,1,4,1,1,2,1,1,1,0,0,3,6,4,2,1,1,1,3,0,34
0,0,1,2,2,31,0,1,1,2,2,1,1,2,1,0,2,0,0,1,4,0,1,0,2,1,1,4,1,1,2,2,1,1,-1,0,1,6,4,2,1,1,1,3,0,33
0,2,2,2,2,-1,1,1,0,0,2,1,3,1,1,0,2,0,0,1,6,1,1,0,1,1,1,4,1,1,2,1,0,1,2,3,2,6,4,3,1,2,1,3,2,33
0,0,2,0,2,4875,0,1,0,0,2,1,3,2,1,0,1,0,0,1,10,0,1,1,2,1,1,4,1,1,2,1,1,1,2,2,2,6,4,3,1,1,1,3,4,29
0,0,1,0,2,-1,0,1,1,2,1,1,1,1,1,0,2,1,1,1,12,0,1,1,0,1,0,4,0,1,2,1,1,3,1,5,3,6,3,2,1,2,3,2,4,34
0,0,0,2,2,6124,0,1,0,2,2,0,0,0,1,0,0,1,4,1,6,0,1,0,0,1,1,4,1,0,2,1,0,0,0,0,3,6,4,2,1,2,1,3,0,34
1,0,2,2,2,24,0,1,1,2,2,1,3,1,1,0,2,1,3,1,4,0,1,2,2,1,1,4,1,1,2,1,1,3,1,2,3,6,3,3,1,1,1,3,4,34
0,2,2,0,2,13830,0,1,0,0,2,0,0,0,0,1,1,1,12,1,12,0,1,0,1,5,1,4,1,0,2,1,0,0,-1,0,2,6,3,3,1,3,1,3,2,31
0,2,1,3,2,27000,0,1,1,2,2,1,3,1,1,0,1,0,0,1,12,1,1,0,2,1,1,4,1,1,2,1,0,1,2,4,2,6,4,3,1,3,3,3,4,33
1,0,1,1,2,0,0,1,1,2,2,0,0,0,1,0,1,0,0,1,3,1,1,2,0,1,0,2,1,1,1,1,1,0,1,0,2,6,3,2,1,1,1,3,4,28
1,2,2,3,2,16052,1,1,1,2,2,1,3,2,1,0,2,0,0,1,12,0,1,1,2,1,1,4,1,1,2,1,1,3,2,5,3,6,4,3,1,1,1,3,1,32
1,2,3,2,2,24538,0,1,0,0,2,1,3,2,0,1,2,0,0,1,12,0,1,2,2,1,1,4,1,1,2,1,1,1,1,5,2,6,3,3,0,1,1,2,4,34
0,0,0,2,2,16422,0,1,0,0,0,1,1,2,1,0,2,0,0,1,12,0,1,1,2,1,1,4,1,1,2,1,0,3,2,1,1,6,2,3,1,0,3,3,1,25
1,0,2,3,2,12105,1,1,2,2,2,1,3,2,1,0,2,0,0,1,4,0,1,0,1,1,1,4,1,1,2,1,1,1,1,0,1,6,4,3,1,1,1,3,1,34
0,0,0,2,2,10364,0,1,0,0,2,1,1,2,0,1,2,0,0,1,12,0,1,1,0,4,1,4,1,1,2,1,1,1,1,5,2,6,3,3,1,1,3,3,2,32
1,0,0,0,2,-1,1,0,0,0,2,1,3,2,1,0,1,1,4,1,4,0,1,0,0,1,1,2,1,1,2,1,0,1,-1,5,1,6,3,3,0,3,3,2,1,30
1,2,1,0,2,4733,1,1,0,0,2,1,3,2,1,0,2,1,4,1,12,1,1,0,2,1,1,4,1,1,2,1,1,1,-1,0,3,6,3,3,1,1,1,3,0,33
1,0,0,1,2,7761,0,1,1,0,2,1,3,2,1,0,2,0,0,1,12,0,1,1,0,1,1,4,1,1,2,2,1,1,1,0,1,5,3,3,1,2,1,3,2,33
1,2,3,3,2,11991,1,1,0,0,2,1,3,2,1,0,1,1,4,1,4,1,1,2,0,1,1,4,1,1,2,1,1,1,2,4,2,6,4,3,1,1,3,3,2,31
0,2,0,2,2,20189,0,0,0,0,2,1,3,1,1,0,2,0,0,1,12,1,1,2,1,1,1,4,1,1,2,1,0,1,2,4,3,6,3,3,1,1,1,2,4,32
0,0,2,3,2,-1,1,1,2,1,2,1,1,2,0,1,1,1,4,1,12,1,1,2,1,1,1,4,1,1,2,1,1,1,1,5,3,6,3,2,1,1,0,3,2,32
0,0,1,1,2,3491,0,1,0,0,2,1,1,2,1,0,2,0,0,1,2,0,1,0,0,4,0,4,1,1,2,2,1,1,0,0,3,6,3,3,1,0,1,3,0,34
1,0,0,0,2,7070,0,1,0,0,2,0,0,0,0,0,2,0,0,1,4,1,1,0,0,1,0,4,1,1,1,2,0,0,1,5,1,6,2,3,1,0,1,3,2,26
0,0,0,2,2,3609,0,1,0,0,2,0,0,0,1,0,2,1,12,1,12,0,1,0,0,1,1,4,1,0,2,2,1,0,-1,0,0,6,3,3,1,1,3,3,3,31
0,2,2,3,2,25851,0,1,0,0,2,1,1,2,1,0,2,0,0,1,12,0,1,2,0,1,1,4,1,1,2,1,1,1,2,5,2,6,4,2,1,3,1,3,1,31
0,0,2,3,2,12069,1,0,0,0,2,1,1,2,1,0,2,0,0,1,1,0,1,0,1,0,1,4,1,1,2,1,0,3,1,2,1,6,3,3,1,1,3,3,0,32
1,2,2,3,1,54335,1,1,0,0,2,1,3,1,1,0,3,0,0,1,6,0,1,0,0,1,1,4,1,1,2,2,1,1,2,3,2,6,4,3,0,3,3,3,3,34
1,1,2,1,2,16882,1,1,0,0,2,1,3,1,1,0,1,0,0,1,6,0,1,0,2,1,1,4,1,1,2,1,1,1,1,1,3,6,4,3,1,1,1,2,4,32
0,0,2,2,2,13403,0,1,0,0,2,1,1,1,1,0,2,0,0,1,12,0,1,2,1,1,1,4,1,1,2,1,1,3,1,5,2,6,4,3,1,1,1,3,1,32
1,0,1,2,2,13834,0,0,1,1,2,1,3,2,0,1,1,0,0,1,11,1,1,2,0,1,1,4,1,1,2,1,1,1,-1,0,2,6,2,3,1,1,0,3,4,33
0,0,4,2,2,3780,1,1,0,0,2,1,1,2,1,0,0,0,0,1,12,0,1,0,0,1,1,4,0,1,2,1,1,1,0,0,3,6,3,3,1,2,3,3,0,33
0,0,2,2,2,21449,1,1,0,0,2,1,1,2,0,1,2,0,0,1,4,1,1,1,2,1,1,4,1,1,2,1,1,1,2,5,3,6,4,3,1,1,1,3,1,29
0,0,3,3,2,8831,1,1,0,0,2,0,0,0,1,0,1,1,2,1,12,1,1,0,2,1,1,4,1,1,2,1,1,0,2,5,3,6,3,3,1,3,0,3,4,31
1,2,3,3,2,31188,1,1,1,0,2,1,1,2,1,0,2,1,1,1,12,0,1,1,2,1,1,4,1,1,2,1,1,1,-1,0,3,6,3,3,1,1,1,3,3,32
0,1,2,2,2,-1,1,1,0,0,2,1,1,2,1,0,2,0,0,1,6,0,1,2,2,1,1,4,1,1,1,1,1,1,-1,3,2,6,3,3,1,1,3,3,0,33
1,1,2,2,2,9197,1,1,1,1,2,1,1,2,0,1,2,1,6,1,6,0,1,0,1,1,1,4,1,1,2,2,1,1,0,0,1,6,3,2,1,1,0,3,2,33
1,0,2,1,2,5843,0,1,0,0,2,1,1,2,1,0,3,0,0,1,4,0,1,2,0,1,0,2,1,1,1,1,1,1,1,5,3,6,3,2,1,0,1,3,3,32
1,2,2,2,1,997,1,1,0,0,1,1,3,2,1,0,2,0,0,1,4,1,1,0,1,1,1,4,1,1,2,1,1,1,1,0,2,6,4,3,0,1,1,3,2,34
0,2,2,2,2,12930,0,1,1,2,2,1,3,2,1,0,2,0,0,1,6,1,1,1,0,1,1,4,1,0,2,1,1,3,0,0,3,6,4,3,1,1,1,3,1,33
1,0,0,1,2,3706,0,0,0,0,2,1,3,1,1,0,1,0,0,1,4,1,1,2,1,1,1,4,0,0,2,1,0,3,1,0,2,6,3,3,1,1,1,3,4,34
1,0,1,3,2,-1,1,1,0,0,2,0,0,0,0,0,2,0,0,1,12,0,1,0,2,1,1,4,1,0,2,1,1,0,-1,0,1,6,3,3,1,1,1,3,0,31
1,0,0,1,2,2123,0,1,0,1,2,1,1,1,1,0,2,0,0,1,12,1,1,1,2,1,0,0,0,0,1,1,0,1,-1,0,3,6,3,2,1,0,1,3,4,28
1,0,1,1,2,-1,1,1,1,2,2,1,3,1,0,0,1,0,0,1,10,1,1,0,1,2,1,4,1,1,1,2,1,3,1,0,2,6,4,3,1,2,1,3,2,26
0,2,2,2,1,19485,0,1,1,2,2,1,1,1,0,0,1,0,0,1,6,1,1,0,2,1,1,4,1,1,2,1,1,1,1,0,3,6,3,3,1,1,1,3,2,33
0,2,0,2,2,-1,0,1,0,0,2,1,1,2,1,0,0,0,0,1,4,0,1,0,0,1,0,4,1,0,1,2,1,3,0,0,3,6,3,0,1,2,1,3,0,30
0,0,2,1,2,8412,0,1,0,0,2,0,0,0,0,0,2,0,0,1,4,1,1,2,0,4,0,4,1,1,1,1,1,0,1,0,2,6,2,2,1,0,1,3,1,33
1,2,2,2,1,29102,0,1,0,2,2,1,1,1,0,1,0,0,0,1,4,0,1,0,2,1,1,4,0,1,2,1,1,1,0,0,2,6,4,3,0,3,3,3,0,33
1,0,3,2,2,14434,1,1,1,2,2,1,3,2,0,0,1,1,2,1,4,0,1,0,0,1,1,4,1,1,2,1,1,1,1,0,3,6,4,3,1,1,3,3,2,33
0,0,2,1,2,16,0,1,1,2,2,1,1,2,0,1,2,1,4,1,4,1,1,0,1,5,1,4,0,1,1,1,1,1,-1,0,1,6,4,2,1,2,0,3,1,33
0,0,0,1,2,2107,0,1,0,0,2,1,1,1,1,0,0,0,0,1,4,0,1,1,0,1,0,4,0,1,2,1,0,3,0,0,3,6,3,2,1,3,1,3,0,31
1,0,0,1,2,-1,0,1,0,2,2,1,3,2,0,1,1,0,0,1,4,1,1,1,0,4,0,4,1,1,2,1,1,1,1,0,2,6,2,2,1,2,3,3,4,19
1,0,2,0,2,28126,1,1,1,2,2,1,3,2,1,0,1,0,0,1,6,0,1,0,2,1,1,4,1,1,2,1,1,1,1,0,1,6,3,3,1,3,1,3,3,30
0,1,1,2,2,450,0,1,0,1,2,1,3,1,1,0,2,0,0,1,6,1,1,1,2,1,1,4,1,1,2,1,1,1,1,0,3,6,4,3,1,3,1,3,4,26
0,0,2,0,2,16485,1,1,1,0,2,1,3,2,1,0,1,0,0,1,12,0,1,1,0,1,1,4,1,1,2,1,1,1,1,0,3,6,4,3,1,2,1,3,2,25
0,0,0,0,2,480,0,1,0,0,1,1,3,1,1,0,2,0,0,1,4,0,1,1,0,4,0,4,1,0,1,1,0,3,1,3,1,5,2,2,1,2,1,3,2,30
0,1,0,1,2,0,0,0,0,0,2,0,0,0,1,0,2,0,0,1,2,0,1,2,0,4,0,0,0,1,1,2,1,0,-1,0,0,6,3,0,1,2,2,1,0,34
0,0,2,1,2,11214,0,1,0,0,2,1,3,2,1,0,1,1,1,1,12,0,1,1,0,1,1,4,0,1,2,1,1,1,-1,0,2,6,4,3,1,1,1,3,4,30
0,0,1,2,2,12261,0,1,0,0,2,1,1,2,1,0,2,0,0,1,12,0,1,0,0,2,1,4,1,1,2,1,1,1,-1,0,3,6,4,3,1,2,1,3,0,33
0,0,2,1,2,4207,1,1,0,0,2,1,1,1,0,1,0,0,0,1,4,0,1,1,0,1,1,4,0,1,2,1,1,1,0,0,3,6,4,3,1,0,1,3,0,34
1,2,2,3,2,12735,1,1,0,0,2,1,3,1,1,0,0,0,0,1,5,1,1,0,2,1,1,4,1,0,2,1,1,3,0,0,2,6,3,3,0,3,1,3,0,34
1,0,2,2,2,33000,1,1,0,0,2,1,3,2,1,0,2,1,4,1,4,1,1,1,2,1,1,4,1,1,2,1,1,1,2,1,2,6,3,3,1,1,1,2,2,34
1,0,0,0,2,2651,1,1,0,0,2,1,3,1,1,0,1,0,0,1,12,0,1,2,0,3,0,4,1,0,2,1,0,0,0,0,3,6,3,3,1,1,1,3,2,30
0,2,1,3,2,7261,0,1,0,0,2,1,3,2,1,0,2,0,0,1,4,0,0,0,2,1,1,4,1,1,2,1,1,1,2,4,3,6,1,2,0,0,1,3,2,34
1,0,2,2,2,22343,0,1,1,0,2,1,3,2,1,0,2,0,0,1,12,0,1,2,0,1,1,4,1,1,2,1,0,3,1,0,3,6,4,3,1,0,0,3,4,25
1,0,2,2,2,0,0,1,1,0,2,1,1,2,1,0,2,1,2,1,4,0,1,1,1,1,1,4,1,1,2,1,1,3,2,4,3,6,4,3,1,0,1,3,3,34
1,0,2,1,2,3701,0,1,1,0,2,1,3,2,0,1,1,0,0,1,4,0,1,1,0,1,0,4,0,1,1,2,1,1,1,0,3,6,3,2,1,1,1,3,2,34
0,0,2,2,2,860,0,1,0,0,2,1,3,2,1,0,1,0,0,1,12,0,1,1,0,2,1,4,0,1,2,1,1,1,2,5,2,6,3,2,1,2,1,3,1,30
0,0,0,0,2,90,0,1,1,0,1,1,1,2,1,0,0,0,0,0,0,0,1,1,0,1,0,0,1,1,2,2,0,1,0,0,1,6,3,2,1,2,3,2,0,27
0,2,3,2,1,22267,0,1,0,0,2,1,1,2,1,0,0,0,0,1,11,0,1,0,2,1,1,3,1,1,2,1,1,1,0,0,3,6,4,3,1,1,1,3,0,34
1,0,4,3,2,3103,1,1,0,0,2,1,3,2,1,0,1,1,2,1,12,1,1,1,2,1,1,4,1,1,2,1,1,1,2,1,2,6,4,3,1,3,1,3,2,31
1,2,2,2,2,31618,0,1,0,0,2,1,1,2,1,0,2,0,0,1,12,0,1,0,2,1,1,4,1,0,2,1,1,3,2,5,3,6,4,3,1,1,1,3,3,31
1,0,0,1,2,8967,1,0,0,0,2,1,1,2,1,0,2,0,0,1,4,1,1,0,0,5,0,2,1,1,2,1,0,1,1,0,2,6,3,2,1,2,1,3,2,31
0,0,2,1,2,7202,1,0,0,0,2,1,3,2,1,0,1,0,0,1,4,1,1,1,1,1,0,4,0,1,1,1,1,1,1,0,2,6,3,3,1,2,1,3,1,34
1,0,0,1,2,598,0,1,1,0,2,1,1,2,1,0,0,0,0,1,3,0,1,2,0,4,0,3,1,1,1,1,1,1,0,0,1,2,2,3,1,1,1,3,0,33
1,0,3,2,2,43690,1,1,0,0,2,1,3,2,1,0,1,1,2,1,6,1,1,1,2,1,1,4,1,1,2,1,1,1,2,5,3,6,4,3,1,2,1,3,3,31
0,2,3,3,1,-1,0,1,0,0,2,1,3,2,1,0,1,1,2,1,6,1,1,0,2,1,1,4,1,1,2,1,1,1,1,0,2,6,4,2,1,1,0,3,4,29
1,0,2,0,2,9145,0,1,0,0,2,1,1,2,1,0,2,0,0,1,12,0,1,2,1,1,1,4,1,1,1,1,1,1,2,5,2,6,3,3,1,0,1,3,4,32
0,0,2,1,2,-1,0,0,2,1,2,1,3,2,0,1,2,1,2,1,2,1,1,2,1,1,0,4,1,1,1,1,1,1,1,2,2,6,3,3,1,1,1,3,1,31
0,0,2,2,2,-1,0,0,1,1,2,0,0,0,0,1,1,0,0,1,11,1,1,2,1,1,1,4,1,1,2,1,1,0,-1,0,2,6,4,3,1,2,0,3,4,33
0,0,2,1,2,1117,0,1,1,2,2,1,1,2,1,0,0,0,0,1,5,0,1,0,0,1,1,3,0,0,1,1,1,1,0,0,3,6,3,2,1,2,1,3,0,33
0,0,1,1,2,2108,0,1,0,0,2,0,0,0,0,1,0,0,0,1,4,0,1,0,1,4,1,4,1,1,2,1,1,0,0,0,3,6,3,3,1,0,1,3,0,30
1,0,3,0,2,4790,1,1,2,2,2,1,1,1,1,0,2,0,0,1,12,0,1,0,1,1,1,4,1,1,2,1,0,1,-1,0,1,5,2,2,1,2,1,3,0,34
0,0,1,1,2,-1,0,1,1,1,2,1,3,1,1,0,0,0,0,1,4,0,1,0,1,4,0,2,0,1,1,2,1,3,0,0,2,6,3,2,1,0,1,3,0,26
0,0,2,0,2,-1,0,0,1,2,2,1,3,2,1,0,1,0,0,1,6,0,1,1,1,1,1,4,1,1,2,1,1,3,2,1,2,6,4,3,1,1,1,3,3,34
1,0,0,1,2,-1,0,1,0,0,2,1,1,2,0,1,2,0,0,1,6,0,1,1,1,1,1,4,1,1,1,1,1,1,-1,0,3,5,3,2,1,1,0,3,4,32
1,0,2,2,2,19414,1,1,2,1,2,1,1,1,1,0,3,0,0,1,4,1,1,1,2,1,1,4,1,1,2,1,1,1,2,2,2,6,4,3,1,1,3,3,4,33
1,2,0,0,2,-1,0,1,2,1,2,1,1,1,0,0,2,0,0,1,6,0,1,1,1,4,1,4,0,0,2,1,1,1,1,0,2,5,3,3,1,2,0,3,1,34
1,2,0,0,2,19,0,1,1,1,2,1,1,1,0,1,0,0,0,1,12,0,1,0,0,1,0,4,1,1,1,1,0,1,0,0,2,6,3,3,1,2,1,3,0,29
1,0,1,1,2,7223,1,1,1,2,2,1,1,1,1,0,1,0,0,1,4,0,1,1,1,2,0,4,1,1,2,1,1,1,1,0,3,6,4,3,1,1,0,3,1,34
1,2,2,2,2,11682,0,1,1,2,2,1,1,2,1,0,0,0,0,1,4,0,1,0,2,1,1,4,1,1,2,1,1,2,0,0,3,6,3,3,1,1,3,3,0,34
0,2,0,3,2,-1,0,1,0,0,2,1,1,2,1,0,2,1,4,1,4,1,1,2,2,1,1,4,1,1,2,1,1,1,1,0,2,6,4,2,1,2,3,2,2,31
0,0,1,2,2,5904,0,1,0,0,1,1,1,2,1,0,1,1,0,1,4,1,1,1,1,4,0,4,1,1,2,2,1,2,1,0,2,6,4,2,1,1,3,3,3,32
1,0,0,1,2,3364,0,0,0,0,2,1,1,2,0,0,0,1,12,1,12,0,1,0,0,1,0,4,0,1,2,1,1,1,0,0,1,6,3,3,1,2,1,2,0,31
1,2,3,2,2,24691,0,1,0,1,2,1,3,2,1,0,1,0,0,1,4,0,1,2,2,1,1,4,1,1,2,1,1,1,1,0,3,6,4,3,0,1,1,2,4,27
1,2,2,3,2,35435,1,0,0,0,2,1,3,1,0,0,1,0,0,1,2,1,1,1,2,1,1,4,1,1,2,1,1,1,2,4,2,6,3,3,0,3,1,3,3,29
1,0,2,2,2,23421,0,1,0,0,2,1,1,2,1,0,2,0,0,1,8,1,1,1,1,1,1,4,1,1,2,1,1,1,-1,0,3,6,4,3,1,1,3,3,4,28
1,1,1,0,2,-1,1,0,1,1,2,1,3,2,1,0,2,0,0,1,4,0,1,0,1,4,1,2,1,1,1,1,1,1,-1,0,0,6,3,2,1,2,3,1,1,25
0,2,3,3,2,11116,0,1,0,0,2,1,3,1,1,0,2,0,0,1,4,1,1,2,1,1,1,4,1,1,2,1,1,1,1,5,3,6,3,3,1,1,3,2,4,31
1,0,2,1,2,13263,0,1,0,0,2,1,1,2,1,0,0,0,0,1,12,0,1,0,2,1,1,4,1,1,2,1,1,1,0,0,3,6,4,3,1,3,1,3,0,33
0,1,2,1,2,4740,0,0,0,0,2,1,3,1,0,1,2,0,0,1,4,1,1,2,0,1,0,4,1,1,2,1,1,1,1,0,0,6,3,2,1,2,1,3,2,33
0,0,2,2,2,14140,0,1,0,0,2,1,3,2,1,0,2,0,0,1,1,0,1,1,1,1,1,4,1,1,2,1,1,3,2,3,3,6,4,3,1,1,3,3,2,32
0,2,2,3,1,13234,0,1,0,0,2,1,1,2,1,0,1,0,0,1,12,0,1,0,1,1,1,4,1,1,2,1,1,1,0,0,3,6,4,2,1,1,1,3,0,30
1,0,2,2,2,20600,0,1,1,2,2,1,3,2,1,0,2,1,2,1,2,0,1,1,0,1,1,4,1,1,1,1,1,3,2,4,3,6,4,2,1,2,1,3,3,34
0,0,1,2,2,3255,1,1,0,0,0,1,3,1,1,0,2,0,0,1,6,1,1,1,2,1,1,4,1,1,2,2,1,1,1,0,2,6,3,2,1,2,1,3,2,28
0,0,0,3,2,13484,0,0,1,1,2,0,0,0,1,0,1,0,0,1,1,1,0,2,0,1,0,4,1,1,2,2,0,0,1,5,1,0,1,2,1,2,1,3,2,27
1,0,1,1,2,0,0,1,1,1,2,1,1,2,1,0,2,0,0,1,4,0,1,0,1,1,0,3,1,1,1,2,1,1,-1,0,2,6,2,2,1,2,1,3,0,0
0,0,1,2,2,4109,1,0,0,0,2,1,3,1,0,0,2,0,0,1,7,1,1,2,0,1,0,4,1,0,2,1,1,1,-1,0,1,6,2,2,1,1,1,2,1,25
0,2,2,3,1,19558,0,1,0,0,2,1,3,2,1,0,3,1,2,0,0,0,1,0,2,1,1,4,1,1,2,2,1,3,0,0,1,6,3,0,0,3,3,0,4,0
1,2,1,2,2,12262,1,1,2,2,2,1,3,1,1,0,2,0,0,1,2,0,1,0,2,1,1,4,1,1,2,1,1,1,1,0,3,6,3,3,1,2,0,3,1,34
1,2,2,0,1,6685,1,1,0,0,2,1,3,1,0,1,1,1,2,1,4,0,1,0,2,4,1,4,0,1,2,1,1,1,1,0,2,6,4,3,0,2,3,3,2,34
0,2,2,3,2,501,1,1,1,1,2,1,3,1,1,0,1,0,0,1,9,0,1,0,1,1,1,4,1,1,2,1,0,1,2,4,2,6,3,2,1,2,1,3,3,33
0,0,0,2,2,34805,0,1,0,1,2,1,3,2,1,0,2,0,0,1,6,0,1,2,1,1,1,4,1,0,2,1,1,3,2,3,2,6,4,3,1,0,3,3,4,32
1,0,1,0,2,13351,1,1,1,0,2,1,1,2,1,0,2,0,0,1,4,0,1,1,0,1,0,4,1,1,2,1,1,3,1,4,1,6,3,3,1,1,1,3,2,32
0,0,1,3,2,3933,1,1,2,1,2,1,1,2,1,0,2,0,0,1,4,0,1,0,2,1,1,4,1,1,2,1,1,1,1,5,3,6,4,2,1,1,1,3,4,32
0,0,2,3,2,5884,0,1,0,1,2,1,1,2,1,0,2,0,0,1,12,0,1,1,1,1,1,4,1,1,2,1,1,1,-1,0,1,6,3,2,1,2,1,3,4,23
0,2,2,2,2,-1,0,1,0,1,2,1,1,2,1,0,0,0,0,1,12,0,1,1,2,1,1,4,1,1,2,1,1,1,0,0,3,6,4,3,1,3,1,3,0,33
0,0,0,1,2,1340,0,1,1,1,2,1,1,1,1,0,0,0,0,1,4,0,1,0,0,1,0,4,0,0,2,1,0,1,0,0,2,6,2,3,1,2,1,3,0,30
1,0,1,2,2,9619,0,0,0,0,2,1,1,1,1,0,2,0,0,1,12,0,1,1,1,5,1,4,0,1,2,1,1,1,-1,0,3,6,4,3,1,2,1,3,1,30
1,2,2,3,2,8324,1,1,1,2,2,1,1,2,1,0,1,0,0,1,12,0,1,2,2,1,1,4,1,0,2,1,1,1,-1,0,2,6,4,3,1,3,3,3,3,33
1,0,1,2,2,7584,1,1,0,0,2,0,0,0,0,1,0,1,6,1,6,0,1,0,1,1,1,4,0,1,2,1,1,0,0,0,3,6,4,2,1,0,0,3,0,34
1,2,1,1,2,0,1,0,0,0,2,1,1,1,0,0,1,0,0,1,12,1,1,1,1,4,0,3,1,1,1,1,1,1,-1,0,1,6,3,2,1,2,3,3,2,32
0,2,3,0,1,7774,0,1,0,0,2,1,3,1,1,0,1,1,12,1,12,1,1,0,2,1,1,4,0,1,2,2,0,0,2,1,0,6,4,0,0,1,3,1,4,5
1,0,2,2,2,6798,0,1,0,0,0,1,3,2,1,0,1,0,0,1,12,1,1,0,0,1,1,4,1,1,2,2,1,1,1,0,2,6,4,3,1,2,1,3,2,30
1,0,2,2,2,24046,0,1,0,0,2,1,3,2,1,0,1,0,0,1,6,0,1,1,2,1,1,4,1,1,2,1,1,1,1,0,1,6,4,3,1,3,1,2,3,34
1,0,1,2,2,5841,1,1,0,0,2,1,1,2,1,0,1,0,0,1,4,0,1,0,0,1,1,4,1,1,2,1,1,1,1,0,2,5,4,2,1,2,1,3,4,32
0,2,2,2,2,-1,0,1,1,1,2,1,1,2,1,0,1,0,0,1,4,0,1,1,2,1,1,4,1,1,2,1,1,1,1,0,3,6,3,3,1,1,3,3,1,32
1,2,2,1,1,-1,1,1,0,0,2,1,1,2,1,0,1,0,0,1,12,0,1,0,1,1,1,4,1,1,2,1,1,1,1,5,3,6,4,3,0,2,3,3,1,33
0,2,3,3,2,-1,0,1,0,0,2,1,3,2,1,0,2,1,1,1,4,1,1,1,2,1,1,4,1,1,2,1,1,1,1,0,2,6,3,3,1,3,1,3,3,31
0,0,2,3,2,9711,1,1,1,1,2,1,3,1,0,1,2,0,0,1,5,1,1,1,2,1,1,4,1,1,2,1,1,1,1,0,3,6,4,3,1,1,1,3,1,34
1,2,1,1,2,1103,0,1,0,1,2,1,3,2,1,0,1,0,0,1,12,0,1,2,0,1,0,4,1,1,1,1,0,1,1,0,2,6,3,3,1,2,1,3,4,32
0,0,0,3,2,6272,1,1,0,0,2,1,1,2,1,0,2,0,0,1,12,0,1,1,1,1,1,4,1,1,2,1,0,1,1,5,1,6,3,2,1,2,1,3,0,23
0,2,2,2,2,15073,0,1,1,1,2,1,3,1,1,0,2,1,4,1,12,1,1,1,1,1,1,4,1,1,2,1,1,1,2,5,3,6,2,3,1,1,1,3,3,33
1,0,3,2,2,11442,0,1,1,2,2,1,3,2,1,0,1,0,0,1,12,0,1,0,1,1,1,4,1,1,2,1,1,3,-1,0,3,6,3,3,1,1,3,3,1,33
1,0,2,2,2,1390,0,1,0,0,2,1,1,2,1,0,0,0,0,1,12,0,1,0,2,1,1,4,1,1,2,1,1,1,0,0,3,6,3,3,1,3,0,3,0,33
1,0,2,2,2,21411,0,1,0,0,2,1,3,2,1,0,3,0,0,1,4,0,1,0,0,1,1,4,1,1,2,1,1,3,1,0,3,6,3,3,1,2,1,3,1,33
1,0,0,2,2,196,0,1,0,0,2,1,1,2,1,0,2,0,0,1,6,0,1,2,1,1,1,4,1,1,2,1,0,1,2,5,3,6,4,3,1,3,3,3,2,30
1,0,0,2,1,19868,0,1,0,0,2,1,1,2,1,0,2,1,2,1,10,1,1,1,2,1,1,4,1,1,2,1,1,3,-1,0,3,6,3,3,1,1,1,3,3,32
0,0,0,1,2,-1,0,1,0,0,2,1,1,2,1,0,1,0,0,1,3,1,1,2,0,1,0,2,1,0,1,2,0,1,1,0,0,3,4,2,1,2,1,3,3,34
1,2,2,3,2,18139,1,0,0,0,2,1,3,2,1,0,1,0,0,1,12,0,1,2,0,1,1,4,0,1,2,1,1,1,1,2,2,6,3,3,1,0,1,3,4,27
0,0,2,3,2,12755,0,1,0,0,2,1,1,2,1,0,2,0,0,1,6,1,1,0,2,1,1,4,1,1,2,1,1,1,-1,0,3,6,4,3,1,1,3,3,4,33
0,0,3,3,2,13637,0,1,0,0,2,1,1,2,0,0,2,0,0,1,6,0,1,1,1,1,1,4,1,1,2,1,1,1,1,4,2,6,3,3,1,2,1,3,2,24
1,0,2,2,2,22421,1,0,0,0,2,1,3,2,1,0,2,0,0,1,4,1,1,2,2,1,1,4,1,1,2,1,1,1,1,0,1,6,3,3,1,1,1,3,2,33
1,0,2,2,2,-1,0,1,2,0,2,1,1,2,1,0,2,0,0,1,4,1,1,0,1,1,1,4,1,1,2,1,1,1,-1,0,3,6,3,3,1,3,3,3,3,34
0,0,0,1,2,-1,0,1,0,0,2,1,1,2,0,0,0,0,0,1,4,1,1,0,1,1,1,4,0,1,2,2,0,1,0,0,2,6,3,0,1,1,1,3,0,33
1,0,2,2,2,5753,0,1,0,2,2,1,3,2,1,0,1,0,0,1,12,0,1,1,2,1,1,4,1,1,2,1,1,1,1,0,3,6,3,3,1,1,3,3,4,34
0,0,0,0,2,4778,0,1,0,0,2,1,1,2,0,1,2,0,0,1,4,0,1,1,0,2,1,4,1,1,2,1,1,2,2,5,2,6,3,3,1,2,1,3,4,31
0,0,1,3,2,6513,0,1,0,0,2,1,1,1,1,0,2,1,4,1,12,0,1,1,0,1,1,4,1,1,2,1,1,3,-1,0,1,6,4,2,1,2,3,1,4,33
1,2,1,1,1,4346,0,1,0,0,2,1,1,1,0,1,0,0,0,1,12,0,1,0,1,1,1,4,0,1,2,1,1,1,0,0,1,6,4,2,0,2,1,3,0,33
1,0,1,2,2,-1,1,1,0,0,2,1,1,2,1,0,0,0,0,1,4,0,1,0,0,1,1,4,1,0,2,1,1,1,0,0,2,6,4,3,1,1,1,3,0,31
0,0,2,3,2,-1,1,1,1,2,2,1,1,2,0,1,2,0,0,1,12,0,1,0,2,1,1,4,1,1,2,1,1,3,1,2,3,6,2,2,1,1,1,3,2,19
1,0,2,0,2,23728,0,0,1,2,2,1,3,2,1,0,1,0,0,1,12,0,1,1,1,1,1,4,1,1,2,1,0,1,1,0,3,5,3,3,1,2,3,3,0,34
1,0,1,1,2,2701,0,0,0,0,2,1,1,1,0,0,0,0,0,1,12,0,1,0,0,2,0,2,1,1,1,1,1,1,0,0,3,6,3,3,1,2,1,3,0,31
0,2,2,2,2,1932,0,1,0,1,2,1,1,2,1,0,0,0,0,1,12,1,1,0,2,1,1,4,1,1,2,1,1,1,0,0,3,6,4,3,1,1,1,3,0,34
1,0,2,3,2,-1,1,1,0,1,2,1,1,1,0,0,2,0,0,1,4,0,1,0,1,1,1,4,1,0,2,1,1,1,1,3,1,6,4,3,1,2,1,3,3,28
1,2,2,2,2,909,1,1,3,2,2,1,1,2,1,0,0,0,0,1,12,0,1,0,1,1,1,4,1,1,2,2,1,1,0,0,2,6,4,3,1,3,1,3,0,33
0,2,0,3,2,12090,0,0,0,0,2,1,1,2,1,0,0,0,0,1,12,0,1,0,0,5,1,4,1,1,2,1,0,1,0,0,3,6,4,2,1,2,1,3,0,31
1,0,1,1,2,7053,1,1,0,0,2,1,3,1,1,0,1,0,0,1,3,1,0,2,1,1,1,3,1,1,1,1,0,1,1,0,1,6,1,2,1,0,0,3,2,27
0,0,2,3,2,20169,0,1,0,2,2,1,1,1,1,0,2,0,0,1,12,0,1,0,2,1,1,4,1,1,2,1,1,1,0,0,1,6,4,2,1,1,1,2,0,32
0,0,3,3,2,-1,1,1,0,0,2,1,3,1,1,0,2,1,12,1,12,0,1,0,2,1,1,4,1,1,2,1,1,1,-1,0,2,6,4,2,1,3,1,3,3,33
0,0,0,1,2,0,0,1,0,0,1,0,0,0,0,0,3,0,0,1,6,1,1,2,0,2,0,3,1,1,1,1,1,0,-1,0,2,6,3,3,1,1,1,3,2,26
1,0,0,1,2,18342,0,0,2,0,1,1,1,2,1,0,2,0,0,1,12,0,1,0,0,4,0,2,1,0,1,2,0,1,-1,0,1,6,3,2,1,2,1,3,0,30
0,0,2,3,2,7759,1,1,0,0,2,1,3,2,1,0,2,0,0,1,4,0,1,1,1,1,1,4,1,1,2,1,1,1,-1,0,1,6,4,2,1,1,3,3,3,33
1,0,1,0,2,8810,0,1,1,0,2,1,1,2,1,0,2,0,0,1,12,1,1,1,1,1,1,4,0,1,2,2,1,1,1,0,2,6,2,3,1,2,1,3,1,31
1,0,2,1,2,18403,1,1,1,2,2,1,1,1,1,0,2,1,2,1,2,1,1,2,1,0,1,4,1,1,2,1,1,1,-1,3,2,6,4,3,1,0,3,3,1,34
1,0,2,2,2,1534,0,0,0,0,2,1,1,2,1,0,0,1,2,1,4,1,1,0,1,1,1,4,1,1,2,1,1,1,0,0,2,6,4,3,1,3,3,3,0,32
0,0,1,2,2,625,0,0,0,0,2,1,3,2,1,0,1,0,0,1,2,0,1,0,1,4,1,4,1,1,2,2,0,1,1,0,1,6,3,2,1,1,3,2,0,33
1,0,2,1,2,22303,1,1,1,2,2,1,3,2,1,0,1,1,6,1,6,0,1,1,2,4,1,4,1,1,1,1,1,1,1,0,1,6,4,2,1,2,1,3,2,33
0,0,0,3,2,4971,0,1,0,0,2,1,1,2,1,0,2,0,0,1,12,0,1,1,1,1,1,4,1,1,2,1,1,1,0,0,2,6,3,3,1,2,1,3,0,32
0,0,0,2,2,3535,0,1,0,0,1,1,1,1,1,0,1,0,0,1,12,0,1,0,1,1,1,4,1,1,2,1,1,1,0,0,2,6,2,3,1,2,3,3,0,32
1,0,2,1,2,12286,1,1,0,0,2,1,3,2,1,0,2,0,0,1,12,0,1,0,1,1,1,4,1,1,2,1,1,1,-1,0,2,6,4,3,1,1,3,3,2,29
1,2,1,3,2,15014,1,1,0,0,2,1,1,2,1,0,1,1,1,1,12,1,1,0,2,1,1,4,1,1,2,1,1,1,1,1,2,6,3,3,1,3,1,3,1,33
0,0,2,1,2,6692,0,1,1,2,2,1,1,1,0,0,2,0,0,1,4,0,1,0,1,1,0,4,1,1,2,1,0,3,1,0,2,6,4,0,1,1,0,3,3,25
0,2,3,3,1,-1,1,1,0,0,2,1,3,2,1,0,1,1,2,1,12,1,1,1,2,1,1,4,1,1,2,1,0,1,-1,0,2,6,4,3,1,1,1,2,4,23
1,0,2,1,2,11850,1,0,1,0,2,1,1,2,1,0,1,0,0,1,12,1,1,1,0,1,1,4,1,1,2,1,1,1,1,0,1,6,3,3,1,2,1,3,1,32
1,1,3,2,2,33978,1,1,0,0,2,1,3,2,1,0,1,1,1,1,12,0,1,1,2,1,1,4,1,1,2,1,1,1,1,5,0,6,4,0,1,1,3,3,2,34
1,0,3,1,2,19241,0,1,1,2,2,1,1,2,1,0,2,0,0,1,12,0,1,1,0,1,1,4,1,0,2,1,1,1,2,5,3,6,4,3,1,2,1,3,2,34
0,0,0,2,2,18977,0,1,0,0,2,1,3,2,1,0,2,0,0,1,4,0,1,2,1,1,1,4,0,1,2,1,1,1,2,5,2,6,4,3,1,1,1,3,2,33
0,0,2,2,2,695,0,1,1,1,2,1,1,2,1,0,2,1,1,1,12,0,1,1,0,1,1,4,1,1,2,1,1,3,0,0,2,6,4,2,1,3,0,3,0,33
0,0,2,1,2,12791,0,0,2,1,2,1,1,2,1,0,2,1,6,1,12,0,1,1,0,1,1,4,0,1,2,1,1,1,1,5,2,6,3,3,1,0,1,3,0,16
0,0,2,3,2,80034,0,1,0,1,2,1,3,2,1,0,1,0,0,1,12,1,1,1,1,1,1,4,0,1,2,1,1,1,1,0,1,6,3,2,1,0,1,3,1,30
0,2,2,1,2,15601,0,1,0,0,2,1,1,1,1,0,2,0,0,1,12,0,1,2,0,2,1,4,1,1,1,1,1,1,-1,0,2,6,3,2,0,3,1,3,0,30
1,2,2,3,2,20806,1,1,0,0,2,1,3,1,1,0,1,0,0,1,12,1,1,1,2,1,1,4,1,1,2,1,1,1,1,5,3,6,3,3,0,1,3,3,2,34
0,2,2,0,1,8916,0,1,0,0,2,1,3,2,1,0,1,0,0,0,0,1,1,0,2,1,1,4,1,1,2,2,0,1,2,4,0,6,4,0,0,1,3,1,4,0
0,2,2,0,2,6383,1,1,1,2,2,1,3,1,1,0,2,0,0,1,4,1,1,1,1,1,1,4,1,1,2,1,1,1,2,4,3,6,3,3,1,0,3,3,3,31
1,2,2,2,2,-1,0,1,0,2,2,1,3,1,1,0,1,0,0,1,12,1,1,2,2,1,1,4,1,1,2,1,1,1,1,0,2,6,3,3,1,1,1,3,4,28
1,0,0,0,2,0,0,1,1,0,2,1,3,1,1,0,1,0,0,1,12,1,1,2,0,1,0,4,1,1,1,1,1,1,1,0,1,6,3,3,1,2,0,3,0,32
0,0,1,0,2,796,1,1,0,0,2,0,0,0,0,1,2,0,0,1,6,1,1,1,0,1,1,1,1,1,2,1,1,0,1,0,3,5,3,3,1,1,1,3,3,33
0,2,2,2,2,-1,0,1,0,0,2,1,1,2,1,0,2,0,0,1,12,1,1,1,1,1,1,4,1,1,2,1,1,1,1,5,3,6,4,3,1,1,3,3,1,28
0,0,1,1,2,1927,0,1,0,0,2,1,1,2,0,1,2,1,2,1,12,1,1,0,0,1,1,4,1,1,2,1,0,1,0,0,1,6,3,3,1,2,1,3,2,31
0,0,1,2,2,7298,1,1,0,0,2,1,3,2,0,1,2,0,0,1,12,1,1,1,0,2,1,4,1,1,1,1,1,1,2,5,3,6,4,3,1,1,1,3,1,26
1,0,3,2,2,16802,1,0,1,0,2,1,3,1,0,0,1,0,0,1,12,0,1,1,0,1,1,3,0,1,2,1,1,1,1,0,3,6,3,3,1,1,0,3,1,25
1,2,2,2,2,4338,1,1,0,1,2,1,3,1,1,0,2,0,0,1,6,1,1,2,0,1,1,4,1,1,2,1,1,1,1,3,2,6,4,3,1,3,1,3,3,33
0,0,0,1,2,0,0,1,1,0,1,1,1,1,1,0,1,1,3,1,3,0,1,1,0,2,0,2,1,1,1,2,0,1,1,0,1,6,3,0,1,2,3,3,1,30
1,0,1,2,2,26142,1,1,0,2,2,1,3,1,1,0,2,1,2,1,12,1,1,1,2,1,1,4,1,1,2,1,0,1,1,4,2,6,4,3,1,0,3,3,4,34
1,2,2,0,2,2295,1,1,0,0,2,1,1,2,1,0,2,0,0,1,12,0,1,1,1,1,1,4,1,1,2,1,1,1,-1,0,2,6,4,2,1,1,1,3,1,32
0,2,0,2,2,8419,0,1,0,0,2,1,1,2,0,1,0,0,0,1,12,0,1,0,1,1,1,4,1,0,2,1,0,0,0,0,2,6,3,2,1,1,3,3,0,27
1,2,1,0,1,25240,0,1,0,0,2,1,3,2,1,0,1,0,0,1,12,1,1,1,1,1,1,4,1,1,2,1,1,1,2,5,2,6,4,3,1,1,1,3,3,33
0,0,1,3,2,-1,1,1,0,0,2,1,3,2,1,0,1,0,0,1,12,1,1,0,2,1,1,4,1,1,2,1,1,1,1,0,1,6,3,3,1,2,0,3,2,27
1,2,2,2,1,17479,1,1,0,0,2,1,1,2,1,0,1,0,0,1,12,0,1,0,0,1,1,4,1,1,2,2,1,2,1,0,3,6,4,3,1,1,1,3,2,34
1,2,1,2,2,6318,0,1,0,0,2,1,2,1,1,0,2,0,0,1,6,0,1,0,0,1,1,4,1,0,2,1,1,2,1,4,1,6,4,2,1,1,1,3,0,33
0,2,2,3,2,24248,1,1,0,1,2,1,1,2,0,1,1,0,0,1,12,0,1,0,1,1,1,4,1,1,2,1,1,1,0,0,3,6,3,2,1,3,1,3,0,31
0,2,2,1,2,23085,0,1,0,0,2,1,3,2,1,0,2,0,0,1,12,1,1,1,0,1,1,4,1,1,2,1,0,1,2,5,2,6,4,3,1,1,1,3,4,33
0,1,0,3,1,-1,0,1,0,0,2,1,3,2,1,0,0,1,12,1,12,0,0,0,1,1,1,4,1,1,2,2,1,0,0,0,0,5,1,0,0,3,3,1,0,3
0,0,2,1,2,1779,1,1,0,0,2,1,1,1,0,0,2,0,0,1,12,1,1,0,1,4,1,4,1,1,1,2,1,1,-1,0,2,6,3,2,1,1,1,3,4,31
0,0,2,2,2,10548,0,1,0,0,2,1,3,2,0,1,0,1,4,1,12,0,1,0,2,1,1,4,1,1,2,1,1,1,0,0,2,6,4,2,1,1,3,3,0,32
1,0,2,2,2,28697,1,1,0,0,2,1,3,2,1,0,2,0,0,1,10,0,1,0,2,1,1,4,1,1,2,1,1,1,1,5,3,6,3,3,1,1,3,3,0,33
1,0,2,1,2,483,0,1,0,0,2,1,1,2,1,0,0,0,0,1,12,0,1,0,1,1,0,4,1,1,2,1,1,3,0,0,3,6,4,3,1,1,1,3,0,33
0,2,1,1,2,10320,0,1,0,0,2,1,1,2,1,0,0,0,0,1,12,0,1,0,0,1,1,4,1,1,2,1,1,1,0,0,1,6,4,2,1,1,1,3,0,27
1,0,0,1,2,70,1,1,3,1,2,1,3,1,1,0,2,0,0,1,12,1,1,0,0,4,0,4,1,1,1,1,0,1,-1,0,3,6,3,3,1,2,1,3,2,31
1,0,0,1,2,6440,0,1,0,0,2,1,3,2,1,0,2,0,0,1,2,1,1,1,0,1,0,2,1,1,1,1,0,1,2,5,2,6,3,3,1,2,1,3,3,31
0,0,1,3,2,1475,1,1,0,0,2,1,1,1,1,0,1,0,0,1,12,1,1,2,0,5,0,4,1,0,2,1,1,1,1,0,3,6,3,3,1,1,1,3,3,27
0,0,2,0,2,8613,1,1,2,2,2,1,1,1,0,0,2,0,0,1,12,1,1,1,2,1,1,4,1,1,2,1,0,1,2,2,2,6,4,3,1,1,0,2,4,30
1,2,2,1,2,53511,0,1,0,0,2,1,3,1,1,0,1,0,0,1,12,1,1,2,0,1,1,4,1,1,2,1,1,3,2,4,2,6,4,3,1,3,3,3,2,33
1,0,0,1,2,0,1,1,0,0,2,1,1,2,1,0,2,1,1,1,4,0,1,1,0,1,0,4,0,0,1,1,1,1,1,0,3,6,3,3,1,2,1,3,2,30
1,0,0,2,2,711,0,1,1,1,2,0,0,0,1,0,1,0,0,1,6,0,1,2,1,1,1,4,0,0,2,1,1,0,1,0,2,6,3,2,1,2,1,3,3,33
0,0,0,0,2,-1,0,0,0,0,2,0,0,0,0,1,0,0,0,1,4,0,1,0,1,1,1,4,1,1,1,1,1,0,0,0,2,6,3,2,1,2,3,3,0,33
1,0,2,2,2,14190,0,1,1,2,2,1,1,2,1,0,2,0,0,1,12,0,1,0,1,1,1,4,1,1,2,1,1,1,1,3,2,6,3,2,1,1,1,3,0,30
0,0,2,2,2,7319,0,0,0,0,1,1,3,1,0,0,1,0,0,1,12,1,1,2,0,1,0,4,1,1,2,2,0,1,1,0,3,6,2,2,1,1,2,3,2,26
0,0,2,3,1,2549,0,1,0,1,2,1,1,1,1,0,0,0,0,1,12,1,1,0,2,1,1,4,1,1,2,2,1,1,0,0,3,6,3,3,0,2,1,3,0,32
0,0,1,0,2,6748,1,1,3,2,2,1,1,2,0,1,1,0,0,1,4,0,1,0,1,1,1,4,1,0,2,1,1,1,1,0,2,6,4,2,1,1,3,3,1,25
1,2,1,3,2,3417,1,1,0,1,2,1,3,1,1,0,1,0,0,1,12,1,1,2,2,1,1,4,1,1,2,1,1,1,1,1,3,6,3,3,1,3,1,3,1,31
0,0,0,2,2,4950,0,0,0,0,2,1,1,2,1,0,2,0,0,1,12,0,1,1,0,1,0,4,1,1,2,1,1,1,-1,0,2,6,3,2,1,2,1,3,3,33
0,0,0,0,2,2120,0,0,0,0,2,1,3,1,0,0,2,1,1,1,12,0,1,1,0,1,1,4,1,0,1,1,0,3,0,0,2,6,3,2,1,0,1,3,1,27
0,0,1,2,2,2447,0,1,0,0,2,1,3,1,0,0,1,0,0,1,4,1,1,1,0,1,0,4,1,1,1,2,1,1,1,0,1,6,3,3,1,2,1,3,2,26
0,2,0,0,2,4688,0,0,0,0,2,1,1,1,1,0,1,0,0,0,0,1,1,1,0,1,1,4,1,1,2,1,1,1,1,0,3,6,4,3,1,1,1,3,4,34
0,0,2,1,2,900,0,0,0,0,2,1,1,2,1,0,2,0,0,1,12,0,1,1,1,1,1,4,1,1,1,1,1,1,1,5,2,6,4,3,1,2,1,1,2,33
0,2,0,0,1,1664,0,1,0,0,2,1,1,2,1,0,3,0,0,0,0,0,1,0,1,1,1,4,1,1,2,2,1,1,-1,0,0,6,3,0,0,1,1,1,0,5
0,2,2,2,1,13684,1,1,0,0,2,1,3,2,1,0,2,1,1,1,1,1,1,1,2,1,1,4,1,1,2,1,1,1,2,3,2,6,4,3,1,3,3,3,2,34
1,2,0,0,2,300,0,1,2,1,2,1,2,2,1,0,0,0,0,1,4,1,1,0,2,5,1,3,1,1,2,1,1,1,0,0,1,6,2,0,1,1,3,1,0,34
1,0,2,3,2,11501,1,1,0,0,2,1,3,1,1,0,2,0,0,1,12,1,1,0,2,1,1,4,1,1,2,1,0,1,1,3,2,6,4,3,1,1,3,3,2,33
1,0,2,3,2,12338,1,1,0,0,2,1,2,1,1,0,1,1,2,1,12,1,1,2,1,1,1,4,1,1,2,1,0,1,1,0,3,6,3,3,1,2,2,3,2,32
0,0,2,2,2,19935,0,1,0,0,2,1,1,2,1,0,1,1,2,1,12,1,1,1,2,1,1,4,1,1,2,1,0,3,1,0,2,6,4,3,1,1,3,3,2,33
0,2,0,3,2,10927,0,1,1,1,2,1,1,2,1,0,1,0,0,1,3,0,1,0,1,1,1,4,0,0,2,1,1,1,0,0,2,6,3,3,1,1,1,3,0,33
1,0,2,1,2,-1,0,1,1,2,2,1,1,2,1,0,2,1,1,1,4,0,1,1,0,1,1,4,1,1,2,1,1,1,1,4,3,6,3,3,1,0,1,3,2,29
1,2,2,2,2,7981,0,1,0,0,2,1,1,2,1,0,0,0,0,1,4,0,1,0,2,1,1,4,1,0,2,1,1,1,0,0,2,6,3,3,1,2,1,3,0,33
0,0,3,2,2,460,1,1,0,0,2,1,1,1,0,1,0,0,0,1,12,0,1,0,1,1,1,4,1,1,2,1,1,1,0,0,3,6,4,3,1,3,1,3,0,33
0,0,0,0,2,2981,0,1,0,0,2,1,1,2,1,0,0,0,0,1,4,0,0,1,0,1,0,2,0,0,1,1,1,1,0,0,2,6,1,2,1,2,3,1,0,33
0,0,1,3,2,3717,1,1,0,0,2,1,3,2,1,0,2,0,0,1,20,1,1,1,0,1,1,4,1,1,2,2,1,1,2,1,2,5,3,3,1,2,1,3,2,33
0,2,3,2,2,9151,0,1,1,1,2,1,3,1,1,0,1,1,2,1,4,1,1,2,1,1,1,4,1,1,2,1,1,1,2,1,2,6,3,3,1,1,3,3,3,34
0,2,2,3,2,35669,0,1,1,1,2,1,1,2,1,0,2,1,1,1,12,0,1,1,2,1,1,4,1,0,2,1,0,1,1,4,3,6,4,3,1,1,0,3,3,32
1,0,1,3,2,13118,1,1,1,1,2,1,1,1,1,0,2,1,4,1,12,0,1,2,1,1,1,4,1,0,2,1,0,1,1,1,3,6,3,3,1,0,1,3,2,25
1,0,2,1,2,2633,1,1,0,0,2,1,3,1,1,0,2,0,0,1,3,1,1,1,2,1,1,4,1,0,2,1,1,1,1,0,3,6,3,3,1,3,1,3,3,29
1,0,2,3,2,-1,1,1,0,0,2,1,3,1,0,0,1,1,12,1,12,0,1,1,1,1,1,4,1,1,2,1,0,1,2,3,3,6,3,2,1,1,1,3,4,34
0,2,1,3,2,2420,1,1,1,2,2,1,1,1,1,0,2,0,0,1,8,0,1,1,2,1,1,4,0,1,2,1,0,3,1,4,3,6,3,3,1,2,0,3,3,32
0,0,1,1,2,-1,0,1,1,2,2,1,1,2,1,0,1,0,0,1,14,1,1,0,0,5,1,4,1,0,2,1,0,1,2,4,3,6,2,3,1,2,1,3,4,0
1,2,2,2,1,13933,0,1,0,0,2,1,3,1,1,0,2,0,0,0,0,1,1,1,1,1,1,4,1,1,2,1,0,1,1,0,3,6,3,3,1,1,0,3,3,31
1,0,1,3,2,16068,1,1,0,0,2,1,1,2,1,0,2,0,0,1,12,0,1,0,2,1,1,4,1,1,2,1,1,3,1,5,3,6,3,2,1,2,1,3,0,34
1,0,2,3,2,17712,1,1,0,2,2,1,3,2,1,0,1,0,0,1,12,1,1,0,1,1,1,4,1,1,2,1,1,0,1,0,2,6,3,3,1,2,1,3,4,31
0,0,1,2,2,18534,0,1,0,0,2,1,1,2,0,1,0,1,6,1,6,0,1,0,1,1,1,4,1,1,2,1,1,1,0,0,2,6,3,3,1,1,3,3,0,31
0,0,2,3,2,4058,1,1,1,2,2,1,3,1,1,0,1,0,0,1,1,1,1,0,2,1,1,4,1,1,2,1,1,3,2,1,1,6,3,2,1,2,1,3,2,24
1,0,2,2,2,9466,1,1,1,0,2,1,1,1,1,0,0,0,0,1,4,0,1,0,1,1,1,4,1,1,2,1,0,1,0,0,3,6,4,2,1,1,1,3,0,28
0,2,2,2,2,-1,0,1,1,2,2,1,3,2,0,0,1,0,0,1,12,1,1,2,1,1,1,4,1,1,2,1,1,1,1,0,2,6,3,3,1,1,1,3,3,34
0,0,2,1,2,1976,1,1,1,2,2,1,3,2,1,0,2,1,10,0,0,0,1,1,0,1,1,4,0,0,2,1,1,3,2,1,3,6,3,3,1,2,1,3,3,33
0,0,1,3,2,7351,0,0,0,0,2,1,1,1,0,0,2,0,0,1,12,0,1,2,1,1,1,4,1,1,2,1,0,1,1,0,2,6,3,2,1,0,3,3,1,28
0,2,1,2,2,16833,0,1,0,0,2,1,3,2,1,0,2,1,3,1,12,1,1,2,2,1,1,4,0,1,2,1,1,1,1,5,1,6,4,3,1,3,1,3,2,34
1,0,0,3,2,-1,0,1,0,0,2,1,1,2,0,0,1,0,0,0,0,1,1,2,1,1,1,4,1,0,2,1,1,1,-1,0,3,6,4,3,1,2,1,3,3,28
0,0,0,1,2,5917,0,0,0,0,1,1,3,2,0,1,1,0,0,1,4,1,1,2,0,1,0,0,0,0,1,2,0,1,1,0,2,0,3,2,1,2,1,2,2,31
0,2,4,0,2,5268,0,1,4,1,2,1,3,1,1,0,1,1,2,1,2,1,1,0,2,1,1,4,1,1,2,1,1,3,2,3,3,6,3,3,0,2,1,2,4,0
0,2,2,0,2,10904,0,1,0,0,2,1,3,2,1,0,1,0,0,1,4,0,1,1,1,1,1,4,0,1,2,1,1,1,1,0,1,6,4,3,0,1,1,3,1,34
1,0,2,2,2,0,0,1,0,0,2,1,3,2,1,0,2,0,0,1,12,1,1,0,1,1,1,4,1,1,2,1,0,1,2,5,3,6,3,3,1,2,0,3,4,32
0,0,0,1,2,7395,0,1,1,1,2,1,1,2,1,0,2,0,0,1,6,0,1,1,0,1,0,1,1,1,2,1,1,1,1,3,1,6,4,2,1,2,1,1,1,32
0,2,2,3,1,-1,1,1,0,0,2,1,3,1,1,0,1,1,1,1,12,1,1,2,2,1,1,4,1,1,2,1,0,1,2,1,3,6,3,3,0,1,0,3,4,32
1,0,1,1,2,7433,1,1,0,0,2,1,3,1,1,0,1,0,0,1,4,0,1,0,1,1,0,2,0,1,2,2,1,1,1,0,2,6,3,2,1,2,0,3,3,32
0,0,2,3,2,-1,1,1,0,0,1,1,3,1,0,0,1,0,0,1,12,1,1,2,1,1,1,4,1,1,2,1,1,1,1,0,2,6,4,3,1,2,1,3,4,31
0,2,2,3,2,10933,1,1,1,0,2,1,3,1,1,0,1,0,0,1,12,1,1,1,1,1,1,4,1,1,2,1,1,1,2,3,3,6,3,2,1,2,1,1,2,31
1,0,2,2,2,23540,0,1,1,0,2,1,3,2,1,0,1,1,1,1,12,1,1,1,1,1,1,4,1,1,2,1,1,1,1,0,1,6,4,3,1,3,1,3,3,30
0,0,0,1,2,0,0,0,0,0,2,1,1,2,0,1,0,0,0,1,4,0,1,0,0,1,0,2,1,1,1,2,0,1,0,0,1,6,3,2,1,1,3,0,0,34
0,0,2,2,2,3691,0,1,0,0,2,1,1,2,1,0,1,0,0,1,12,1,1,1,2,1,1,4,1,1,2,1,1,1,1,0,3,6,4,3,1,3,1,3,4,33
0,2,1,2,1,9249,1,1,1,0,2,1,3,1,1,0,1,1,2,1,6,0,1,0,1,1,1,4,1,1,2,1,1,3,1,0,2,6,3,3,1,1,1,3,2,32
1,2,3,2,2,22551,0,1,0,0,2,1,1,1,1,0,2,0,0,1,4,0,1,0,1,1,1,4,1,1,2,1,1,1,0,0,2,6,4,3,1,2,1,3,2,34
0,2,2,3,2,20123,1,1,0,0,2,1,1,2,1,0,0,0,0,1,6,0,1,0,2,1,1,4,1,1,2,1,1,1,0,0,2,6,4,3,1,1,3,3,0,33
0,0,2,2,2,12123,1,1,1,2,2,1,3,2,1,0,1,0,0,1,4,0,1,2,1,1,1,4,1,1,2,1,1,1,1,0,3,6,3,2,1,1,1,3,3,34
1,2,1,2,2,24199,1,1,0,0,2,1,3,2,0,0,2,0,0,1,5,1,1,1,1,1,1,4,1,1,2,1,1,1,1,0,2,6,3,3,0,1,1,3,0,34
1,0,2,2,2,-1,0,1,0,0,2,1,1,2,1,0,2,0,0,1,12,0,1,0,1,1,0,4,1,1,2,1,1,1,1,0,2,6,3,3,1,2,0,3,4,27
1,0,1,1,2,52166,0,0,1,2,2,1,1,2,1,0,0,1,0,1,42,0,1,0,1,1,0,4,1,1,1,1,1,1,0,0,2,6,3,3,1,1,3,3,0,30
0,2,3,3,2,27132,1,1,2,1,1,1,1,2,1,0,1,0,0,1,6,0,1,0,2,1,1,4,1,1,2,1,0,1,0,0,1,6,4,3,0,3,0,3,0,34
0,0,0,1,2,6249,0,1,1,1,2,1,1,2,0,1,2,1,2,1,4,0,1,1,1,4,0,4,0,1,1,1,1,1,1,5,2,6,4,2,1,1,3,3,2,31
0,2,1,0,2,5939,1,1,0,0,2,1,3,1,1,0,2,0,0,1,4,1,1,2,1,1,1,4,1,1,2,1,1,1,1,2,3,3,3,2,1,0,3,3,4,31
1,0,2,2,2,6220,0,1,0,0,2,1,3,1,0,0,1,0,0,1,5,1,1,1,0,4,1,4,1,1,2,1,1,1,1,0,2,6,3,3,1,1,0,3,4,34
0,0,1,1,2,3130,0,0,1,2,2,1,1,2,1,0,0,0,0,1,6,0,1,1,1,1,1,3,1,1,2,1,1,1,0,0,2,6,3,2,1,2,0,3,0,33
0,0,2,2,2,12167,1,1,0,0,2,1,1,2,1,0,0,0,0,1,4,0,1,1,1,1,0,4,0,1,2,1,1,1,0,0,2,6,4,3,1,2,3,3,0,30
1,2,2,0,2,11683,0,1,0,0,2,1,3,2,1,0,1,1,1,1,12,1,1,1,2,1,1,4,0,1,2,1,1,1,2,5,2,6,4,3,1,3,1,3,4,29
0,2,2,2,2,9118,1,1,2,2,2,1,1,2,1,0,2,0,0,1,12,0,1,0,0,1,1,4,0,1,2,2,1,1,-1,0,1,6,3,3,1,2,1,3,4,33
0,0,0,1,2,38242,0,0,0,0,2,1,1,2,0,1,0,0,0,1,4,0,1,0,0,1,0,4,1,1,2,1,1,1,0,0,3,6,4,2,1,0,1,3,0,34
1,0,1,0,2,2235,1,0,1,2,2,1,3,1,1,0,2,0,0,1,4,0,1,1,0,1,1,2,1,1,1,2,1,3,1,0,2,5,4,2,1,2,1,3,4,32
1,0,1,2,2,14627,1,1,0,0,2,1,1,2,1,0,2,0,0,1,4,1,1,1,0,1,1,3,1,1,2,1,1,1,1,0,2,6,3,3,1,3,2,3,4,30
0,2,1,1,2,4000,0,0,1,1,2,1,1,2,0,1,2,0,0,1,12,0,1,0,0,1,1,4,1,1,2,1,0,1,-1,0,2,5,2,2,1,1,1,3,0,27
0,2,2,3,2,5691,0,1,0,0,2,1,3,2,1,0,2,1,12,1,12,1,1,2,2,1,1,4,0,1,2,1,1,1,2,5,3,6,4,3,1,1,1,3,2,32
0,0,1,0,2,4143,1,1,0,0,2,1,3,2,1,0,2,0,0,1,4,1,1,1,2,1,1,4,1,1,2,1,1,1,2,5,1,6,4,3,1,0,3,3,2,34
0,0,1,1,2,16442,0,1,0,0,2,1,1,2,0,0,0,0,0,1,12,0,1,1,1,1,1,4,0,1,2,1,0,3,0,0,1,6,4,2,1,1,3,3,0,25
0,0,2,0,2,21920,0,1,0,0,2,1,1,2,1,0,2,0,0,1,12,0,1,1,1,1,1,4,1,0,2,1,1,1,0,0,0,5,3,3,1,0,1,3,2,33
1,0,3,1,2,19384,0,1,0,0,2,1,1,2,1,0,2,0,0,1,12,0,1,0,2,1,1,4,1,1,2,1,1,1,0,0,3,6,4,3,1,1,0,3,2,33
1,0,1,3,2,32623,0,1,1,2,2,1,3,1,1,0,2,0,0,1,12,1,1,1,2,1,1,4,1,1,2,1,1,1,2,2,2,6,3,3,1,1,1,3,3,32
0,2,2,0,2,10369,0,1,0,0,2,1,3,2,1,0,1,0,0,1,4,0,1,2,2,1,1,4,1,1,2,1,1,1,2,1,2,6,4,3,1,1,1,3,3,29
1,0,2,2,2,-1,1,1,0,2,2,1,1,2,0,1,2,0,0,1,4,0,1,0,2,1,1,4,1,1,2,1,1,1,-1,0,3,6,3,3,1,1,1,3,1,34
0,0,0,1,2,1095,1,1,2,2,2,1,1,2,1,0,2,0,0,1,4,1,1,1,0,2,1,3,1,0,1,1,1,1,-1,5,3,6,3,2,1,0,1,1,4,33
0,0,0,1,2,1230,0,1,2,1,2,1,1,2,1,0,3,0,0,1,6,0,1,1,1,4,0,4,1,0,2,2,1,1,1,0,1,3,2,2,1,1,0,3,3,32
0,1,0,3,1,3630,0,1,0,0,2,1,1,2,1,0,3,0,0,1,12,0,0,0,1,1,1,4,1,1,2,2,1,1,-1,0,0,6,1,0,0,2,1,1,0,4
1,0,2,2,2,33023,0,1,0,0,2,1,1,2,1,0,2,0,0,1,2,0,1,1,0,1,1,4,1,1,2,1,0,1,1,4,3,6,4,3,1,1,3,3,4,33
0,0,1,1,2,6730,1,1,1,1,2,1,3,2,1,0,1,0,0,1,4,1,1,1,1,1,1,2,1,1,2,1,0,1,1,0,1,2,3,3,1,2,1,3,2,30
1,2,2,3,1,38158,1,0,0,0,2,1,1,1,1,0,0,0,0,1,5,0,1,0,1,1,1,4,1,0,2,2,1,1,0,0,2,6,4,3,0,1,1,2,0,34
0,2,2,2,2,11814,0,0,1,2,2,1,2,2,1,0,2,0,0,1,6,1,1,1,2,1,1,4,1,1,2,1,0,3,0,0,2,6,4,3,1,1,1,3,0,34
0,2,2,3,2,10838,0,1,0,0,2,1,3,2,1,0,1,0,0,1,4,1,1,1,2,1,1,4,1,1,2,1,0,1,2,3,3,6,4,3,0,3,3,3,1,29
0,2,0,0,1,8559,0,1,0,0,2,1,2,2,1,0,1,0,0,1,12,1,1,2,0,1,1,4,0,1,2,1,1,1,2,1,2,6,3,3,1,3,1,3,1,34
1,2,1,0,2,5377,1,1,0,0,2,1,3,2,1,0,2,1,2,1,12,0,1,0,2,1,1,4,1,1,2,1,1,1,1,1,3,6,3,3,1,1,1,3,2,31
0,0,0,1,2,2405,0,1,1,1,2,1,3,2,1,0,2,0,0,1,16,1,1,0,0,1,0,4,0,1,2,1,1,3,1,0,2,6,3,2,1,2,3,3,2,34
1,2,1,3,2,43768,0,0,0,0,2,1,1,2,1,0,2,0,0,1,6,0,1,2,1,1,1,4,1,1,2,1,1,1,0,0,0,6,4,3,1,1,1,3,1,30
1,0,2,1,2,81889,0,1,0,0,2,1,3,1,0,0,1,0,0,1,4,0,1,0,1,1,0,2,1,1,1,2,1,1,1,0,2,6,4,2,1,2,1,3,2,32
1,0,2,0,2,15500,0,0,0,0,2,1,1,2,1,0,2,0,0,1,12,0,1,1,1,1,0,4,1,1,2,1,1,3,1,5,2,6,4,3,1,2,2,3,0,32
1,0,2,1,2,7957,0,1,0,0,2,1,3,2,1,0,2,0,0,1,12,0,1,1,1,1,1,4,1,1,1,1,1,1,-1,0,2,6,4,3,1,1,1,3,2,33
0,0,2,2,2,21173,0,1,0,2,2,1,3,2,1,0,2,0,0,1,12,0,1,1,2,1,1,4,1,0,2,1,1,1,1,0,3,6,4,3,1,3,1,3,2,26
0,2,2,2,1,-1,0,1,1,2,2,1,3,2,1,0,2,0,0,1,6,1,1,0,1,1,1,4,1,1,2,1,1,1,1,0,2,6,4,3,1,1,1,3,2,33
1,2,3,2,2,26299,1,1,0,0,2,1,3,1,1,0,2,1,2,1,4,1,1,1,2,1,1,4,1,1,2,1,1,1,2,5,3,6,4,3,1,3,3,3,2,31
1,0,2,3,2,14075,0,1,1,2,2,1,3,2,1,0,2,0,0,1,1,0,1,2,1,1,1,4,1,1,2,2,0,1,1,1,0,6,3,0,1,1,1,3,2,33
0,0,1,3,2,-1,1,1,0,0,2,1,1,2,0,0,1,1,1,1,6,1,1,1,0,1,1,4,1,1,2,1,1,1,1,0,2,6,3,3,1,2,1,3,4,30
1,2,2,3,2,-1,0,1,1,1,2,1,3,2,1,0,2,1,6,1,6,1,1,1,2,1,1,4,1,0,2,1,1,1,2,5,3,6,3,3,1,1,1,3,3,34
0,2,2,2,1,2880,1,1,0,0,2,1,3,2,1,0,1,0,0,1,4,0,1,1,1,1,1,4,1,1,2,1,0,1,2,5,2,6,4,3,0,2,1,3,2,34
0,0,2,2,2,5217,0,1,2,2,2,1,3,2,1,0,1,0,0,1,6,0,1,1,2,1,1,4,0,1,2,1,1,1,1,0,2,6,4,3,1,1,1,3,4,32
1,0,1,2,2,-1,0,0,0,0,2,1,1,2,0,0,2,0,0,1,2,0,1,1,0,1,0,4,1,1,2,1,1,1,-1,0,2,6,3,2,1,2,1,3,1,32
0,2,3,3,1,47975,1,0,2,2,2,1,3,1,1,0,1,0,0,1,12,1,1,0,2,1,1,4,1,1,2,1,1,1,2,1,1,6,3,3,0,2,0,3,3,32
0,0,0,2,2,6309,0,0,0,0,2,1,1,1,1,0,1,1,3,1,12,0,1,1,2,5,1,4,0,0,2,1,1,3,1,1,3,6,2,3,1,2,3,3,0,28
1,0,2,1,2,6153,1,1,1,2,2,1,3,2,1,0,1,0,0,1,4,1,1,1,2,1,1,4,1,1,2,1,1,1,1,0,3,6,3,3,1,1,0,3,1,34
0,2,3,2,1,9636,0,1,0,2,2,1,3,1,1,0,1,1,2,1,6,0,1,0,2,1,1,4,1,0,2,1,1,3,2,5,3,6,4,3,1,1,1,3,4,32
0,0,1,2,2,13776,0,1,0,0,2,1,1,2,1,0,2,0,0,1,12,0,1,0,0,1,1,4,1,1,2,1,1,3,-1,0,3,6,3,3,1,1,1,3,0,33
1,0,2,2,2,15542,0,1,1,2,2,1,1,2,1,0,2,0,0,1,12,0,1,1,0,1,1,4,0,1,2,2,1,1,1,5,2,6,3,3,1,2,1,3,3,16
1,0,2,3,2,19389,1,1,0,0,2,1,1,2,1,0,1,0,0,1,6,0,1,2,2,1,1,4,1,1,2,1,1,2,1,0,2,6,4,3,1,1,1,3,4,34
1,0,1,0,2,17838,0,0,2,1,2,1,1,2,1,0,0,1,2,1,2,0,1,1,2,1,1,4,1,0,2,1,1,3,0,0,3,6,4,3,1,1,3,3,0,24
1,0,0,1,2,0,1,1,0,0,2,1,3,2,1,0,1,0,0,1,4,0,1,1,1,1,0,4,1,1,2,1,1,1,-1,0,2,6,4,3,1,1,1,3,1,34
1,0,2,3,2,1935,1,1,0,0,2,1,2,2,0,1,1,0,0,1,12,1,1,1,1,1,0,4,0,1,2,1,1,1,1,0,3,6,3,2,1,2,0,3,3,32
1,0,2,2,2,63260,0,1,1,1,1,0,0,0,0,0,0,0,0,1,12,0,1,0,0,1,0,4,1,0,1,2,1,0,0,0,1,6,3,2,1,1,1,3,0,31
0,2,2,3,2,-1,1,1,0,2,2,1,3,2,1,0,1,1,1,1,12,1,1,0,1,1,1,4,1,1,2,1,1,3,2,2,3,6,4,3,0,3,1,3,3,34
0,0,2,3,2,2743,1,1,0,0,2,1,3,1,1,0,2,0,0,1,12,1,1,1,1,1,1,4,1,1,2,1,1,3,1,5,3,6,3,2,1,1,1,3,1,34
0,0,1,2,2,7844,0,1,1,2,2,1,3,1,1,0,2,0,0,1,2,1,1,0,1,1,1,4,1,1,2,1,1,1,-1,0,3,6,3,2,1,2,1,3,0,32
1,0,1,3,2,7555,1,1,0,0,2,1,3,1,0,0,1,1,4,1,2,0,1,1,1,1,1,4,1,1,2,1,1,1,1,0,2,6,4,2,1,1,1,3,2,34
1,0,2,2,2,1566,1,1,0,1,2,1,1,2,0,1,1,0,0,1,3,1,1,1,0,1,0,4,0,1,1,1,1,1,2,2,3,5,3,3,1,3,1,3,4,34
0,0,0,1,2,-1,1,1,0,0,2,1,1,1,0,0,1,0,0,1,2,1,1,0,0,4,0,4,1,0,1,2,0,1,1,0,1,6,3,2,1,2,0,3,2,33
0,0,2,2,2,205,1,1,2,2,2,1,3,1,0,1,1,0,0,1,4,1,1,2,1,1,1,4,1,1,2,2,1,0,1,0,2,6,3,3,1,2,1,3,4,28
1,0,2,0,2,18244,0,1,2,2,2,1,1,2,1,0,2,0,0,1,6,1,1,1,0,1,1,4,1,1,2,1,1,1,1,5,3,6,4,3,1,2,1,3,4,30
0,0,0,1,2,125,0,0,0,0,2,1,1,2,1,0,0,0,0,1,2,0,1,1,0,4,0,3,0,0,2,1,1,1,0,0,2,5,3,3,1,2,1,3,0,32
1,2,2,2,2,16691,1,1,0,0,2,1,1,2,1,0,1,0,0,1,4,0,1,1,1,1,1,4,1,1,2,1,1,1,1,0,3,6,4,3,0,2,3,3,1,33
0,2,2,3,2,17503,1,1,0,2,2,1,3,2,1,0,2,0,0,1,4,0,1,1,2,1,1,4,1,1,2,1,1,1,2,2,3,6,3,3,1,0,1,3,4,34
0,0,2,3,2,-1,0,0,1,0,1,1,1,1,1,0,2,0,0,1,6,0,1,0,1,1,1,4,1,1,2,1,1,1,0,0,1,6,4,2,1,2,3,3,0,33
1,0,0,1,2,2451,1,1,2,2,2,1,3,1,0,0,1,0,0,1,6,1,1,2,0,4,0,4,1,1,2,1,1,1,1,0,2,6,3,3,1,1,1,3,3,32
0,2,3,3,2,9364,1,1,0,0,2,1,3,2,1,0,2,0,0,1,6,1,1,0,2,1,1,4,1,1,2,1,1,1,2,4,2,2,4,2,1,3,1,3,3,33
0,0,0,2,2,-1,0,1,0,0,2,1,1,1,0,1,1,0,0,1,12,1,1,2,0,4,0,4,0,1,1,1,0,1,-1,0,3,6,3,2,1,2,1,3,0,32
0,0,0,0,2,221,0,1,0,0,2,1,1,2,0,1,1,0,0,1,4,1,1,0,1,1,1,4,1,1,2,1,1,3,1,0,2,6,3,3,1,1,3,3,3,32
0,0,2,2,2,19616,0,1,0,0,2,1,1,1,1,0,1,1,6,1,6,0,1,1,2,1,1,2,1,1,2,1,1,1,0,0,3,6,4,3,1,1,3,3,0,31
0,0,2,3,2,-1,0,0,3,2,2,1,1,2,0,0,0,0,0,1,6,0,1,0,1,1,1,4,0,1,2,1,0,1,0,0,3,6,3,2,1,1,1,3,0,28
0,0,2,2,2,21395,1,1,0,2,2,1,3,1,0,1,2,0,0,1,12,0,1,1,1,1,1,4,1,1,2,1,1,3,2,5,2,6,3,3,1,1,3,3,4,34
1,0,2,0,2,23192,0,1,0,0,1,1,1,2,1,0,2,0,0,1,5,0,1,1,1,1,1,4,1,1,2,1,1,1,1,1,2,5,3,3,1,0,1,3,4,32
1,0,1,1,2,13204,1,1,1,0,2,1,1,2,1,0,1,0,0,1,12,0,1,0,0,1,1,4,1,0,2,1,0,1,-1,0,2,6,3,3,1,2,1,3,2,32
0,0,0,2,2,4406,1,1,0,0,2,1,3,2,1,0,2,0,0,1,6,0,1,1,0,1,0,4,1,1,1,2,1,1,1,4,1,6,2,2,1,2,3,3,4,33
0,0,0,1,2,6688,0,1,0,0,2,1,1,1,0,1,0,0,0,1,4,0,1,0,0,1,0,4,1,0,2,1,0,1,0,0,3,3,3,3,1,1,1,3,0,30
1,0,2,2,2,37123,0,1,0,0,2,1,1,1,1,0,2,0,0,1,12,0,1,1,1,1,1,4,1,1,2,1,1,3,2,2,3,6,3,3,1,1,1,3,3,32
0,0,2,2,2,-1,0,1,2,1,2,1,3,2,1,0,1,1,6,1,6,0,1,0,2,1,1,4,0,0,2,1,1,3,1,2,2,6,3,3,1,1,1,3,2,31
0,0,2,0,2,95,0,0,0,0,2,1,1,2,1,0,2,1,6,1,6,0,1,1,1,1,1,4,1,1,2,1,1,1,2,4,2,6,4,3,1,3,1,3,2,32
0,0,3,3,2,28028,0,1,2,2,2,1,1,2,0,1,1,1,6,1,4,1,1,1,2,1,1,4,1,1,2,1,1,1,1,0,2,6,4,3,1,3,1,1,1,29
0,2,3,0,2,79714,0,1,1,2,0,1,1,2,1,0,2,0,0,0,0,0,1,1,1,1,1,4,1,1,2,1,1,3,2,1,2,6,4,3,0,3,1,3,1,3
1,0,2,3,2,708,0,1,3,1,2,1,1,2,1,0,2,1,2,1,4,0,1,1,2,1,1,4,1,1,2,1,1,1,2,2,2,6,2,3,1,2,1,3,4,33
0,2,3,0,1,6893,1,1,0,0,2,1,1,2,1,0,1,0,0,1,12,0,1,0,2,1,1,4,1,1,2,1,1,1,2,3,3,6,4,3,1,1,1,3,0,34
1,0,2,2,2,27146,0,1,0,0,2,1,3,2,1,0,1,0,0,1,12,1,1,1,0,1,1,4,1,1,2,1,1,1,2,4,3,6,3,3,1,0,1,3,4,25
1,2,1,2,2,19166,1,1,0,0,2,1,3,2,1,0,2,0,0,1,12,0,1,1,2,1,1,4,1,1,2,1,1,1,2,3,2,6,4,3,1,1,0,3,2,32
0,0,2,2,2,5318,0,1,1,1,2,1,3,2,1,0,2,1,1,1,11,0,1,1,1,1,0,4,1,1,2,1,1,1,0,0,3,6,3,3,1,2,1,3,4,29
1,0,2,3,2,777,1,1,0,0,2,1,1,2,1,0,2,0,0,1,12,0,1,1,2,1,1,4,1,1,2,1,1,1,-1,0,2,6,4,3,1,0,3,2,0,28
0,0,0,2,2,11232,0,1,0,1,2,1,1,2,1,0,0,0,0,1,4,0,1,0,0,1,1,4,1,1,2,1,0,1,0,0,2,6,3,3,1,1,3,3,0,34
1,0,3,2,2,92,0,1,1,2,2,1,1,1,1,0,2,0,0,1,4,0,1,2,0,1,1,4,1,1,2,1,1,1,1,3,3,6,4,3,1,1,1,3,0,34
0,0,1,1,2,1925,1,1,0,0,2,1,1,2,0,1,1,0,0,1,12,0,1,1,0,2,0,4,1,0,1,1,1,1,-1,0,1,6,3,3,1,3,3,2,2,23
0,2,2,2,2,13736,1,1,1,2,2,1,3,1,0,0,1,0,0,1,4,0,1,0,0,1,1,4,1,0,2,1,1,1,2,1,2,5,3,3,1,1,1,3,3,34
0,0,0,3,2,20508,0,1,0,0,2,1,3,2,1,0,1,0,0,1,4,1,1,1,2,1,1,4,1,1,2,1,1,1,1,0,2,6,4,2,1,1,3,1,2,29
0,2,1,1,2,10398,0,1,0,0,2,1,3,1,0,0,1,1,3,1,4,0,1,0,1,4,0,2,1,1,1,1,0,1,1,0,3,2,2,2,1,2,1,3,3,22
0,0,0,3,2,0,0,0,1,1,2,1,1,2,1,0,1,0,0,1,12,0,1,0,2,5,1,4,1,1,2,1,1,3,1,5,0,6,3,3,1,3,1,3,4,31
1,0,1,0,2,11738,1,1,0,0,2,1,1,2,1,0,2,1,4,1,4,1,1,2,1,1,1,4,1,1,2,1,1,1,1,0,2,6,3,3,1,1,1,3,3,29
1,2,2,3,1,7889,1,1,0,0,2,1,3,1,1,0,2,1,1,1,4,1,1,2,1,1,1,4,1,0,2,1,1,1,2,4,2,6,4,3,1,2,3,3,2,31
0,0,2,2,2,3339,0,1,0,0,2,1,1,2,1,0,2,0,0,1,12,0,1,2,2,1,1,4,1,1,2,1,1,1,-1,0,2,6,3,3,1,2,1,3,1,28
1,0,1,2,2,20412,0,1,1,1,2,1,3,2,0,1,2,0,0,1,12,1,1,1,1,1,1,4,1,0,2,1,1,3,2,5,3,6,4,3,1,0,3,3,4,32
0,2,3,3,2,1629,0,1,0,0,2,1,1,2,1,0,2,0,0,1,12,0,1,1,2,1,1,4,1,1,2,1,1,1,-1,0,2,6,3,2,1,1,1,2,2,31
0,2,0,1,2,7390,0,1,0,0,2,1,1,2,1,0,0,0,0,1,12,0,1,0,2,1,1,4,1,1,2,1,0,1,0,0,1,6,3,2,1,1,1,3,0,27
1,0,1,0,2,-1,0,1,1,2,2,1,2,2,1,0,2,0,0,1,6,0,1,1,1,1,1,4,1,1,2,1,1,3,1,5,2,6,3,3,1,1,3,3,1,32
1,0,1,1,2,8178,0,1,1,2,2,1,3,1,0,0,1,1,1,1,4,1,1,0,0,1,1,2,0,1,2,1,1,1,-1,0,2,6,3,3,1,1,1,3,1,33
0,0,2,2,2,19218,0,1,0,1,2,1,1,1,1,0,1,0,0,1,12,0,1,1,2,1,1,4,1,0,2,1,1,1,2,5,2,6,4,3,1,1,1,3,1,34
1,0,2,2,2,8403,0,0,0,0,2,1,1,1,0,0,2,0,0,1,4,0,1,0,1,1,1,4,1,1,2,2,1,1,-1,0,2,6,4,3,1,2,3,3,1,22
0,0,1,3,2,5261,0,1,0,0,2,1,1,2,1,0,2,0,0,1,12,0,0,1,1,1,1,4,1,0,2,1,1,1,1,2,1,6,1,2,1,1,3,3,1,28
1,0,2,3,2,22480,1,1,1,1,2,1,3,1,0,0,1,1,2,1,4,1,1,1,1,1,1,4,1,1,2,1,1,3,2,1,3,6,4,3,1,1,1,3,3,29
1,0,3,3,2,-1,0,1,0,0,2,1,3,1,1,0,1,1,12,1,12,0,1,0,1,1,1,4,1,1,2,1,1,1,2,5,2,6,3,3,1,1,1,3,2,34
1,2,2,0,2,16081,1,1,0,0,2,1,3,2,1,0,1,0,0,1,12,1,1,2,2,1,1,4,1,1,2,1,1,1,1,4,2,6,4,3,0,3,1,3,4,32
0,0,0,2,2,3715,1,1,2,0,2,1,1,2,1,0,1,0,0,1,2,1,1,1,0,1,0,4,1,1,2,1,1,1,1,0,3,3,2,2,1,2,1,3,0,22
0,0,0,3,2,1501,0,0,0,0,2,1,3,1,1,0,2,0,0,1,5,0,1,1,1,1,1,4,1,1,2,1,1,1,1,0,0,5,3,2,1,2,0,3,1,28
0,0,2,3,2,-1,1,1,0,0,2,1,1,1,1,0,2,0,0,1,12,0,1,1,2,1,1,4,1,1,2,1,0,1,1,1,3,6,3,3,1,1,3,3,4,33
1,2,1,2,2,19694,1,1,1,0,2,1,3,2,1,0,2,0,0,1,5,0,1,0,0,1,1,4,1,1,2,1,1,1,1,0,2,6,4,3,0,2,1,3,3,34
1,0,1,0,2,14230,0,1,1,2,2,1,3,2,1,0,2,0,0,1,2,0,1,1,1,1,1,4,1,1,2,1,1,1,1,5,3,6,3,3,1,1,1,3,4,30
0,0,0,3,2,-1,0,1,0,0,2,1,1,2,0,1,1,0,0,1,7,0,1,2,0,1,0,1,1,0,1,2,1,1,0,0,2,6,3,0,1,0,1,3,2,32
0,0,0,1,2,5459,0,1,2,2,2,1,1,2,1,0,0,0,0,1,12,0,1,1,0,1,0,4,1,1,1,1,0,1,0,0,2,6,3,3,1,2,1,3,0,33
1,0,1,0,2,30235,1,1,0,0,2,1,3,1,1,0,1,0,0,1,4,1,1,1,2,1,1,4,1,1,2,1,1,1,1,0,3,6,4,3,1,1,1,3,2,33
1,0,2,3,2,27097,0,1,1,2,2,1,1,2,1,0,2,0,0,1,12,0,1,1,2,1,1,4,1,1,2,1,1,3,2,5,3,6,3,3,1,1,1,3,2,32
0,2,2,3,2,8613,0,1,0,0,2,1,1,2,1,0,1,0,0,1,6,0,1,1,2,1,1,4,0,1,2,1,1,1,1,0,2,6,3,3,0,1,1,3,0,34
0,0,2,1,2,15296,0,1,0,0,2,1,1,2,1,0,0,0,0,1,2,0,1,0,0,1,1,4,1,1,2,1,1,1,0,0,3,6,3,3,1,1,3,3,0,28
1,0,2,2,2,-1,0,1,1,1,2,1,1,2,1,0,0,0,0,1,4,0,1,2,1,1,1,4,1,0,2,1,1,1,0,0,3,6,4,3,1,1,3,3,0,25
0,0,1,3,2,6050,1,1,0,2,2,1,2,2,1,0,2,0,0,1,12,0,1,1,2,1,1,4,1,0,2,1,1,1,2,4,2,6,3,2,1,3,1,2,4,32
0,2,3,2,2,-1,0,1,0,0,2,1,1,2,1,0,0,0,0,1,4,0,1,0,2,1,1,4,1,0,2,1,1,1,0,0,3,6,4,3,1,2,1,3,0,33
1,0,2,2,2,31396,0,1,0,0,2,1,3,2,1,0,2,1,1,1,12,1,1,1,1,1,1,4,1,1,2,1,1,1,1,5,2,6,3,3,1,1,1,3,2,34
1,0,1,2,2,15642,0,1,0,0,2,1,1,2,1,0,1,1,12,1,12,0,1,1,0,1,1,4,0,0,2,1,1,1,0,0,2,6,3,3,1,2,3,3,0,32
0,2,2,1,2,-1,1,1,0,0,2,0,0,0,1,0,2,1,5,1,12,1,1,1,1,1,1,4,0,1,2,1,1,0,1,0,3,6,2,3,1,3,3,3,2,23
0,0,0,2,2,7514,0,1,1,1,2,1,3,2,0,1,2,0,0,1,3,1,1,2,1,1,1,4,0,1,2,1,1,1,1,0,1,6,3,3,1,1,3,3,2,30
1,2,2,2,2,30505,0,1,0,0,2,1,3,2,1,0,1,0,0,1,12,0,1,1,2,1,1,4,1,1,2,1,1,1,2,3,2,6,4,3,1,1,1,3,2,32
0,0,0,3,2,26843,1,1,2,0,2,1,3,2,1,0,2,0,0,1,4,0,1,2,0,1,0,4,1,1,2,2,1,1,1,0,1,6,3,2,1,2,1,3,2,34
0,2,1,1,2,3999,0,0,0,2,2,1,1,1,0,0,2,1,12,1,12,0,1,0,2,1,1,4,1,1,2,2,1,1,1,0,1,6,4,2,1,2,1,3,2,33
1,2,1,2,2,8865,0,0,0,0,2,1,1,2,1,0,2,0,0,1,6,0,1,1,1,1,1,4,1,1,2,1,0,1,0,0,2,5,3,3,1,2,1,3,0,34
1,0,0,2,2,9677,0,1,1,2,2,1,3,2,0,0,2,0,0,1,3,1,1,2,0,5,1,4,1,1,2,2,0,0,1,1,3,6,3,2,1,2,1,2,3,34
1,0,2,2,2,15319,0,1,0,0,2,1,1,2,1,0,2,0,0,1,12,0,1,1,0,1,1,4,1,0,2,1,1,1,1,5,2,6,4,3,1,2,3,3,0,32
1,0,2,2,2,7260,0,1,1,2,2,1,2,2,1,0,2,0,0,1,4,0,1,0,1,1,1,4,1,1,2,1,0,1,1,5,1,5,3,2,1,2,1,2,1,32
0,0,2,2,2,16839,0,1,0,0,2,1,1,1,1,0,2,0,0,1,4,0,1,1,2,1,1,4,0,1,2,1,1,1,1,0,2,6,3,3,1,1,3,3,1,31
0,0,0,1,2,90,1,1,1,2,2,1,1,2,1,0,1,0,0,1,12,1,1,2,0,1,1,3,0,1,1,1,0,1,1,0,2,6,3,2,1,1,0,3,0,29
1,0,1,1,2,-1,0,1,1,2,2,1,1,1,1,0,2,0,0,1,12,0,0,1,1,4,0,2,1,1,1,1,1,3,1,3,2,6,1,3,1,2,1,3,3,25
0,0,0,0,2,0,0,1,1,2,2,1,1,2,1,0,1,0,0,0,0,0,1,0,1,1,0,4,1,1,1,2,1,1,1,0,3,6,4,2,1,2,1,3,4,30
0,0,2,2,2,6662,0,0,1,2,2,1,1,1,1,0,0,0,0,1,4,0,1,0,0,1,0,4,1,1,2,1,1,1,0,0,1,6,3,2,1,2,0,3,0,25
0,0,2,3,2,13964,0,1,1,2,2,1,1,2,1,0,0,0,0,1,12,0,1,0,2,1,1,4,1,1,2,1,1,1,0,0,2,6,4,2,1,1,1,3,0,32
0,0,2,3,2,4050,0,1,1,2,2,1,1,2,1,0,1,0,0,1,4,1,1,0,0,5,1,4,1,0,2,2,1,3,2,2,2,6,4,3,1,3,3,3,2,32
0,0,0,2,2,824,0,1,0,0,2,1,1,2,1,0,1,0,0,1,4,0,1,1,1,1,1,4,1,1,2,1,1,2,1,0,2,6,3,3,1,1,1,3,0,33
1,0,1,3,2,19107,1,1,0,0,2,1,3,1,1,0,1,0,0,1,12,1,1,0,1,1,1,4,1,0,2,1,1,0,1,0,3,6,4,3,1,3,2,3,4,31
1,2,2,2,2,-1,0,1,1,1,2,1,1,2,1,0,1,0,0,1,12,1,1,1,1,1,1,4,1,1,1,1,1,1,1,0,2,2,4,3,0,1,1,3,4,34
0,0,1,2,2,41588,0,1,0,0,2,1,3,2,1,0,1,0,0,1,6,0,1,1,1,1,1,4,1,1,2,1,1,3,1,5,3,6,4,3,1,1,1,3,4,31
0,2,1,3,2,1120,0,1,1,1,2,1,1,2,1,0,2,1,12,1,12,0,1,1,2,1,1,4,1,1,2,1,1,1,1,4,3,6,4,3,1,0,1,2,3,32
0,0,2,2,2,4715,1,1,0,0,2,1,1,2,1,0,2,0,0,1,12,0,1,0,0,1,1,4,0,1,2,1,1,1,1,5,2,6,4,3,1,2,1,3,1,32
1,0,0,1,2,5700,1,1,0,0,2,1,1,2,1,0,1,0,0,1,4,1,1,0,0,1,0,4,1,1,1,1,0,1,1,0,2,6,2,3,1,2,1,3,4,31
1,2,2,1,2,14560,0,1,0,0,2,1,1,1,1,0,2,0,0,1,12,0,1,0,2,1,1,4,1,1,1,1,0,1,1,4,2,6,3,2,1,1,1,3,1,31
0,2,2,3,2,6948,1,1,3,2,2,1,1,2,1,0,0,0,0,1,12,0,1,0,2,1,1,4,0,1,2,2,1,1,0,0,1,6,4,3,1,1,1,2,0,33
1,0,3,2,2,9027,0,1,0,0,2,1,3,2,1,0,1,0,0,1,12,0,1,1,1,5,1,4,1,0,2,1,1,1,1,2,3,6,3,3,1,1,1,3,2,28
1,0,2,0,2,89,1,1,0,0,2,1,1,2,0,1,0,0,0,1,12,0,1,0,0,1,1,4,1,1,2,1,1,1,0,0,3,6,4,3,1,2,1,3,0,32
0,0,1,1,2,6154,0,1,0,0,2,1,1,1,1,0,2,0,0,1,4,1,1,1,0,1,1,4,0,1,2,1,1,1,1,0,1,6,3,2,1,2,3,2,1,31
1,0,2,2,2,39800,0,0,0,0,2,1,1,2,1,0,2,0,0,1,6,0,1,1,1,1,1,4,1,1,2,1,1,3,1,1,3,6,4,3,1,1,1,3,1,33
1,1,0,1,2,7976,1,1,0,0,2,1,3,2,1,0,2,0,0,1,12,0,1,0,2,1,0,4,1,1,1,1,0,1,1,0,1,6,3,3,1,2,3,3,1,31
1,2,3,2,2,23087,1,1,0,0,2,1,3,2,1,0,2,0,0,1,12,0,1,1,2,1,1,4,1,1,2,1,1,1,2,5,3,6,4,3,0,1,1,3,4,31
1,0,2,2,2,15738,1,1,1,2,2,0,0,0,1,0,1,0,0,1,12,0,1,2,0,1,1,4,1,1,2,1,1,0,2,5,3,6,3,3,1,3,1,3,4,31
1,0,2,2,2,-1,0,1,0,0,2,1,1,1,1,0,2,0,0,1,1,0,1,0,1,1,1,4,1,1,2,1,1,1,1,3,3,6,4,3,1,2,3,3,3,25
0,2,0,1,2,2884,0,1,1,1,2,1,1,2,0,1,2,0,0,1,3,0,1,1,0,2,0,4,1,1,1,2,0,1,1,5,3,5,3,2,1,0,3,2,0,34
0,2,2,2,2,6790,0,1,0,0,2,1,3,1,1,0,0,1,14,1,4,0,1,0,1,1,1,4,0,0,2,1,1,1,0,0,2,6,4,3,1,1,1,3,0,34
0,0,1,3,2,8283,1,1,0,0,2,1,3,2,1,0,2,0,0,1,30,1,1,0,2,1,1,4,0,1,2,1,0,1,1,0,1,6,3,0,1,1,2,3,2,29
0,1,0,0,1,10762,0,0,1,1,2,0,0,0,1,0,2,0,0,0,0,0,1,1,0,1,1,4,1,1,2,2,1,0,2,1,2,6,4,3,0,1,0,1,1,3
1,0,2,3,2,10278,0,1,0,0,2,1,1,2,1,0,2,1,12,1,12,1,1,1,2,1,1,4,1,1,2,1,1,1,1,0,2,6,4,2,1,1,1,3,3,31
0,2,2,0,2,731,1,0,0,0,2,1,1,2,1,0,2,1,1,1,4,0,1,0,2,1,1,4,1,1,2,1,1,1,1,0,2,6,4,3,1,2,1,3,4,33
0,2,0,3,2,636,0,1,0,0,2,1,1,2,1,0,1,0,0,1,8,0,1,2,2,5,1,4,1,1,2,1,1,1,1,0,2,6,3,3,1,1,3,2,1,32
0,0,2,3,2,10827,1,1,0,0,2,1,3,2,1,0,1,0,0,1,4,0,1,0,0,1,1,4,1,1,2,1,1,1,1,0,3,6,4,2,1,0,1,3,4,33
1,2,2,2,2,897,0,1,0,0,2,1,1,2,0,1,2,0,0,1,12,0,1,0,2,1,1,4,1,1,2,1,1,1,0,0,2,6,4,3,0,3,3,3,0,31
0,0,1,1,2,5135,0,1,1,2,2,1,1,2,1,0,2,0,0,1,12,0,1,1,0,1,1,4,1,1,2,1,1,1,-1,0,3,3,3,3,1,1,1,3,0,28
1,2,3,2,2,37684,1,1,2,2,2,1,3,1,1,0,1,1,12,1,6,1,1,0,2,1,1,4,1,1,2,1,1,1,1,0,3,6,4,3,1,1,0,3,3,29
1,0,1,1,2,8851,0,0,1,2,2,1,3,2,1,0,2,0,0,1,3,1,1,1,1,4,0,4,1,1,2,2,1,3,1,0,1,6,3,3,1,1,1,3,4,30
1,0,0,1,2,-1,1,1,0,0,2,0,0,0,0,1,1,0,0,1,4,0,1,2,0,4,1,0,1,1,1,2,0,0,1,0,2,6,3,2,1,2,1,1,2,25
0,2,2,2,1,9356,0,1,0,0,2,1,1,1,1,0,1,0,0,1,12,0,1,0,1,1,1,4,1,1,2,1,1,1,0,0,3,6,4,3,1,3,1,3,0,33
1,0,2,3,2,-1,1,0,0,0,2,1,3,1,1,0,2,1,1,1,20,1,1,1,1,1,1,4,1,1,2,1,1,1,2,3,0,6,3,3,1,1,0,3,4,28
1,0,0,0,2,10347,1,1,1,2,2,1,1,2,0,1,2,0,0,1,12,0,1,1,1,1,1,4,1,1,2,1,1,1,1,3,2,6,4,3,1,0,1,3,2,33
0,0,2,2,2,10356,0,1,0,1,2,1,1,2,1,0,0,0,0,1,4,0,1,0,0,1,1,4,0,1,2,2,1,3,0,0,1,6,4,3,1,2,3,3,0,32
1,0,2,1,2,23429,1,1,0,0,2,0,0,0,0,1,0,0,0,1,12,0,1,0,1,1,1,4,1,1,1,1,1,0,0,0,2,5,3,3,1,2,3,3,0,32
1,0,2,1,2,14755,1,1,0,0,2,1,1,2,0,1,2,0,0,1,4,0,1,0,0,1,0,4,1,0,2,1,1,1,1,2,1,6,4,3,1,0,1,3,4,25
1,0,2,2,2,26213,0,1,1,1,2,1,1,1,1,0,2,1,4,1,4,0,1,1,1,1,1,4,0,0,2,1,1,1,1,5,2,6,3,3,1,3,1,3,2,34
0,0,0,2,2,6555,0,1,0,0,2,1,3,2,1,0,2,1,2,1,12,0,1,2,1,1,1,4,0,1,2,1,0,1,1,0,2,6,3,3,1,2,3,3,2,31
0,2,2,2,2,6831,0,1,0,0,2,1,3,1,0,0,1,0,0,1,6,0,1,2,1,1,1,4,1,1,2,1,1,1,1,0,2,6,3,1,1,2,1,3,3,33
0,2,3,3,2,0,0,1,0,2,2,1,1,2,1,0,2,0,0,1,4,0,1,1,2,1,1,4,1,1,2,1,0,1,1,5,3,6,4,2,1,1,3,3,4,31
1,2,2,2,2,10780,0,1,1,1,2,1,1,2,1,0,0,0,0,1,4,0,1,0,2,1,1,4,1,0,2,1,1,1,0,0,3,6,3,3,1,0,3,3,0,33
0,0,2,1,2,4366,1,1,1,2,2,1,1,2,1,0,2,1,12,1,12,0,1,0,2,1,1,4,1,1,2,1,0,1,1,0,2,6,4,2,1,1,0,3,3,25
1,0,3,2,2,14804,0,1,0,0,2,1,3,2,1,0,2,0,0,1,6,0,1,2,2,1,1,4,1,1,2,1,1,1,2,5,2,6,4,3,1,1,1,3,3,34
1,0,2,1,2,14731,1,1,0,0,2,1,3,2,0,0,2,0,0,1,4,1,1,0,1,1,0,4,1,1,2,1,1,1,1,0,2,6,4,3,1,2,0,3,3,24
1,2,3,2,2,5355,1,1,0,1,2,1,3,1,1,0,1,1,2,1,10,1,1,0,2,1,1,4,1,1,2,1,1,1,2,4,3,6,4,3,1,1,1,3,4,31
1,2,2,2,2,20152,1,1,8,2,2,1,3,1,1,0,1,0,0,1,20,1,1,2,0,1,1,4,1,1,2,1,1,1,1,0,3,5,3,3,1,1,1,3,2,33
0,0,1,2,2,2221,0,1,1,2,2,1,3,2,1,0,2,0,0,1,12,0,1,1,2,1,1,4,1,1,2,1,1,3,-1,1,3,3,3,3,1,1,3,3,2,28
1,2,3,3,1,26390,1,1,0,0,2,1,3,2,1,0,2,0,0,1,18,1,1,0,2,1,1,4,1,1,2,1,1,1,1,0,3,6,3,3,1,1,1,3,4,34
0,0,2,2,2,18310,1,0,0,0,2,1,1,2,1,0,2,0,0,1,3,0,1,0,2,1,1,4,1,0,2,1,1,1,2,5,2,6,3,3,1,0,3,3,2,33
0,0,0,1,2,1276,1,0,0,0,2,1,3,2,1,0,1,0,0,1,6,0,1,1,0,4,0,2,1,1,1,1,0,1,1,0,3,6,2,2,1,2,1,3,2,31
1,0,1,2,2,582,0,1,1,1,1,1,1,2,0,0,2,0,0,1,6,0,1,1,1,1,1,4,0,0,2,1,1,3,0,0,1,6,3,2,1,1,3,3,4,30
1,0,2,1,2,7844,0,0,0,0,2,1,1,1,0,1,0,0,0,1,12,0,1,0,0,4,0,1,1,1,1,1,1,1,0,0,2,0,4,3,1,1,1,1,0,29
0,1,0,0,2,-1,0,0,0,0,2,1,1,2,0,0,0,0,0,1,4,1,1,0,0,1,0,1,0,0,2,2,1,1,0,0,0,0,3,2,0,2,1,1,0,34
1,0,1,2,2,13534,0,1,1,1,2,1,3,2,1,0,2,0,0,1,3,0,1,2,1,0,1,4,1,1,2,1,1,1,-1,0,1,6,3,3,1,1,3,3,2,32
1,2,2,3,2,33482,1,1,2,2,2,1,3,2,1,0,1,0,0,1,12,0,1,1,1,1,1,4,1,1,2,1,1,1,1,0,2,6,4,3,1,1,1,3,4,29
0,0,2,2,2,44980,0,1,0,0,2,1,2,2,1,0,1,0,0,1,6,1,1,2,1,1,1,4,1,1,2,1,1,3,2,5,3,6,3,3,1,2,1,3,3,31
1,0,2,1,2,-1,1,0,0,0,2,1,3,2,1,0,1,0,0,1,12,0,1,1,0,4,1,4,1,1,1,1,1,1,1,0,2,6,3,3,1,2,1,3,3,14
0,0,1,2,2,13737,0,1,0,0,2,1,2,1,0,0,2,0,0,1,4,1,1,1,1,1,1,4,1,1,2,1,1,1,-1,0,2,6,3,3,1,2,1,3,3,31
0,2,1,0,2,7110,0,1,0,1,2,1,3,2,1,0,2,0,0,1,12,0,0,0,2,1,1,4,1,1,2,1,1,1,1,0,2,6,1,3,1,1,3,3,0,33
1,2,3,2,2,14886,0,1,0,0,2,1,1,2,0,1,2,1,4,1,4,1,1,1,2,1,1,4,1,0,2,1,1,1,0,0,2,6,4,3,1,1,1,3,0,33
1,0,1,2,2,75039,0,1,0,0,2,1,1,2,1,0,2,0,0,1,6,1,1,2,2,1,0,4,1,1,2,1,1,1,-1,5,2,6,4,3,1,2,1,3,4,34
0,0,0,1,2,2744,0,0,0,0,2,1,3,1,0,0,2,0,0,1,4,1,1,0,1,1,1,4,1,1,2,1,0,1,1,0,2,6,2,3,1,2,3,3,2,32
0,1,1,3,2,-1,1,1,0,0,2,1,1,1,0,0,1,0,0,1,2,0,1,2,0,1,1,4,1,1,1,1,1,1,1,0,2,6,4,3,0,1,1,3,4,34
1,0,1,1,2,6300,1,1,1,1,2,1,3,2,1,0,2,1,4,1,6,0,1,0,0,4,1,4,1,1,2,1,1,1,1,1,3,6,4,3,1,3,1,3,0,33
0,0,0,3,2,6714,1,1,0,0,2,1,1,2,1,0,1,1,12,1,12,0,1,0,0,1,1,4,1,1,2,1,1,1,1,0,2,6,4,3,1,2,3,3,4,32
1,2,2,2,1,24584,0,0,0,2,2,1,3,2,1,0,2,1,1,1,6,0,1,2,1,5,1,4,1,0,2,2,1,1,2,2,2,6,4,2,1,1,3,3,3,34
0,0,2,2,2,13561,0,1,0,0,2,1,1,1,1,0,1,0,0,1,4,1,1,2,1,1,1,4,1,1,2,1,1,1,-1,0,1,6,4,3,1,3,1,3,2,30
0,0,0,0,2,3576,0,1,0,0,2,1,1,2,1,0,0,0,0,1,4,0,1,0,1,1,1,4,1,1,2,1,1,1,0,0,0,6,4,2,1,1,1,3,0,30
1,0,2,2,2,20694,1,0,0,0,2,1,3,1,1,0,2,1,8,1,6,1,1,0,2,1,1,4,1,1,2,1,1,1,2,4,2,5,3,3,1,1,3,3,3,31
0,0,3,3,2,10159,0,1,0,0,2,1,1,2,1,0,2,1,1,1,3,1,1,0,2,1,1,4,1,1,2,1,1,1,1,5,3,6,4,3,1,1,1,3,0,34
0,2,0,3,2,7878,0,1,0,0,2,1,3,2,1,0,1,1,1,1,4,1,1,1,1,1,1,4,1,1,2,1,1,1,1,0,3,6,4,2,1,1,3,3,2,31
1,1,1,2,2,3584,0,1,0,0,2,1,3,2,1,0,1,0,0,1,12,0,1,1,2,1,1,4,1,1,2,1,1,1,1,5,1,6,4,3,1,3,1,3,0,28
1,2,3,2,2,38128,1,1,0,0,2,1,3,1,1,0,1,0,0,1,12,0,1,0,2,1,1,4,1,1,2,2,1,1,1,0,3,6,3,3,1,1,1,3,1,34
0,0,1,0,2,-1,1,1,0,0,0,0,0,0,0,1,1,0,0,1,12,0,1,2,1,1,1,3,1,1,2,1,0,0,-1,0,3,6,4,2,1,0,1,3,2,30
0,0,0,1,2,6000,1,0,1,2,2,1,1,2,1,0,1,0,0,0,0,0,1,2,1,1,0,4,0,1,1,1,1,1,1,0,2,6,3,3,1,2,1,3,4,27
1,0,0,1,2,2763,0,1,0,0,2,1,3,2,1,0,2,1,2,1,6,0,1,1,1,4,1,2,1,0,1,1,1,1,1,4,3,6,2,3,1,1,1,3,3,29
0,2,3,3,1,19555,1,1,0,0,2,1,3,1,0,0,1,0,0,1,12,0,1,1,2,1,1,4,1,0,2,2,0,1,2,4,1,6,3,2,0,1,1,3,3,32
1,0,3,2,2,4213,0,1,1,2,2,1,1,2,0,1,2,0,0,1,12,0,1,1,1,4,1,4,1,1,2,1,1,1,1,5,2,6,4,2,1,0,3,3,2,32
1,0,1,3,2,9448,0,1,0,0,2,1,3,2,0,1,2,1,3,1,12,0,1,2,1,1,1,4,1,0,2,1,1,1,-1,0,1,6,3,3,1,2,1,3,3,31
1,0,1,1,2,-1,1,1,0,0,2,1,1,2,1,0,2,1,1,1,4,0,1,1,0,1,1,4,1,1,2,1,1,1,1,4,3,6,4,3,1,2,3,3,4,29
0,0,2,0,2,23085,1,1,1,2,2,1,1,2,1,0,2,0,0,1,4,0,1,1,1,5,1,4,1,1,2,1,1,2,0,0,3,6,4,3,1,1,3,3,2,34
0,0,0,1,2,45822,0,0,0,0,2,1,1,2,0,1,2,0,0,1,6,0,1,1,1,1,1,4,1,1,2,1,0,1,1,5,3,6,3,3,1,3,1,3,1,0
0,1,2,3,2,1793,1,1,1,1,2,1,1,1,0,0,2,1,12,1,12,0,1,1,2,1,1,4,0,1,2,1,1,1,1,5,3,6,4,2,1,3,1,3,3,32
1,0,3,2,2,45714,0,1,1,1,2,1,3,1,1,0,1,0,0,1,6,1,1,2,1,1,1,4,1,0,2,1,1,1,1,0,2,6,4,3,1,1,1,3,4,34
1,0,1,2,2,1200,1,1,1,2,2,1,3,2,0,0,2,1,12,1,12,0,1,2,1,1,1,3,0,1,1,1,1,1,1,0,2,6,3,3,1,2,1,3,1,31
0,0,0,3,2,11419,0,0,1,2,2,1,1,1,1,0,0,0,0,1,3,0,1,0,0,1,0,4,1,1,2,2,1,1,0,0,2,6,3,2,1,1,1,3,0,25
0,0,2,2,2,20975,0,1,1,0,2,1,3,2,1,0,1,0,0,1,11,0,1,2,2,1,1,4,1,1,2,1,1,3,2,1,3,6,4,3,1,1,3,3,4,31
0,2,0,3,2,11992,0,1,0,0,2,1,1,1,0,1,0,0,0,1,12,0,1,0,1,1,1,4,1,1,2,1,1,1,0,0,2,6,3,2,1,1,0,3,0,31
1,1,0,0,2,0,1,1,0,0,2,1,3,2,1,0,1,0,0,1,0,1,1,1,0,1,0,4,1,1,2,1,1,1,1,0,1,6,3,2,1,2,1,3,2,29
1,0,1,1,2,-1,0,1,0,0,2,1,3,2,1,0,1,0,0,1,8,0,1,0,0,4,0,4,1,1,1,1,1,1,1,0,3,6,3,3,1,2,1,3,1,32
0,0,0,2,2,-1,0,0,1,1,2,1,1,2,1,0,2,0,0,1,12,0,1,1,0,1,1,4,1,1,2,1,1,1,-1,0,2,6,3,3,1,1,1,3,4,32
0,2,2,2,2,38437,1,1,0,2,2,1,3,1,0,0,1,1,0,1,4,1,1,0,2,1,1,4,1,1,2,1,1,1,2,4,3,6,4,3,1,1,1,3,3,33
1,1,2,2,2,6275,0,1,0,0,2,1,1,1,1,0,1,1,3,1,3,0,1,0,1,1,1,4,1,1,2,1,1,3,1,0,3,6,3,3,1,2,2,3,0,32
1,2,1,2,2,-1,0,1,2,2,2,1,1,2,1,0,2,0,0,1,12,1,1,0,1,2,1,4,1,1,1,1,1,3,1,0,2,6,3,3,1,2,1,3,4,28
0,2,2,2,1,11240,1,1,0,0,2,1,3,2,1,0,1,0,0,1,12,1,1,1,1,1,1,4,1,1,2,1,1,1,2,4,2,6,4,3,0,3,1,3,2,30
0,0,2,2,2,17528,0,1,0,0,2,1,3,2,1,0,1,1,6,0,0,0,1,0,1,1,1,4,0,1,2,1,1,1,1,5,2,6,3,3,1,2,1,3,0,33
0,0,2,2,2,13930,0,1,1,2,2,1,3,2,1,0,2,0,0,1,4,1,1,1,2,1,1,4,1,1,2,1,1,1,-1,0,1,6,4,3,1,1,3,3,1,34
1,0,0,2,2,4378,0,0,0,0,2,1,1,1,1,0,2,0,0,1,12,0,1,1,1,1,0,4,1,0,2,1,1,1,-1,0,2,5,3,3,1,2,1,3,4,26
0,1,0,0,1,17910,0,0,0,2,1,1,1,1,1,0,0,0,0,0,0,0,1,0,2,1,1,4,1,1,1,2,1,0,0,0,0,6,3,0,0,1,1,1,0,0
0,0,0,1,2,-1,0,1,0,0,2,1,1,2,0,0,0,1,4,1,4,0,1,0,1,1,1,3,1,1,2,1,1,1,0,0,2,6,4,3,1,2,1,3,0,31
1,0,1,1,2,10905,0,1,0,0,2,1,1,2,0,0,2,0,0,1,12,0,1,1,1,1,0,4,1,1,2,1,1,1,-1,0,2,6,3,3,1,1,1,3,4,18
1,2,2,2,2,24415,0,0,1,2,2,1,3,1,1,0,1,0,0,1,4,0,1,0,2,1,1,4,1,1,2,1,1,1,0,0,3,6,4,3,1,1,3,3,3,34
0,2,0,2,2,19289,0,1,1,2,2,1,3,2,1,0,1,0,0,1,12,0,1,0,2,1,1,4,1,1,2,1,1,1,1,0,2,6,3,3,0,1,1,3,1,32
0,2,2,0,1,-1,0,1,0,0,2,1,3,1,1,0,1,0,0,1,4,1,1,0,2,1,1,4,1,1,2,1,1,1,2,1,2,6,4,3,0,3,3,3,3,31
1,0,0,1,2,5470,0,0,0,0,2,1,3,2,0,0,2,0,0,1,5,0,1,1,0,4,1,4,1,0,2,1,0,1,-1,0,2,6,1,2,1,2,0,3,4,29
1,0,1,1,2,41,1,1,0,0,2,1,1,2,1,0,1,0,0,1,2,1,1,1,0,1,0,4,1,1,1,1,1,1,1,0,2,5,3,2,1,2,1,1,2,33
0,0,0,2,2,8954,0,1,1,0,2,1,1,2,0,1,2,0,0,1,2,1,1,2,0,2,1,4,1,1,2,1,0,1,1,0,2,5,3,2,1,1,1,3,1,27
0,0,1,2,2,4941,0,1,0,0,2,1,1,2,0,0,0,0,0,1,4,0,1,0,1,1,0,4,0,1,2,1,1,1,0,0,2,6,3,3,1,2,1,3,0,32
1,0,2,1,2,-1,1,1,1,0,2,1,1,2,1,0,1,0,0,1,12,1,1,1,0,4,1,4,1,1,1,1,1,1,2,5,2,6,3,2,1,2,0,3,4,29
0,0,3,3,2,10814,1,1,0,0,2,1,3,1,1,0,2,0,0,1,12,0,1,1,2,1,1,4,1,1,2,1,1,1,1,3,3,6,4,2,1,3,1,3,4,33
0,2,2,0,1,6463,0,1,0,2,2,1,2,2,1,0,3,0,0,0,0,0,1,0,1,1,1,4,1,1,2,2,1,0,2,5,0,6,3,0,0,3,1,0,4,0
0,2,1,2,2,11050,1,1,0,2,2,1,3,2,1,0,1,0,0,1,4,1,1,0,2,1,1,4,1,0,2,1,0,3,2,2,2,6,3,3,1,1,3,3,3,34
1,2,2,2,2,19749,0,0,2,2,2,1,3,1,0,1,1,0,0,0,0,0,1,0,2,1,1,4,1,1,2,1,1,0,2,3,2,6,3,3,1,0,1,3,4,34
0,0,0,3,2,742,0,1,2,1,2,1,1,2,1,0,2,0,0,1,1,0,1,0,2,1,1,4,1,1,2,1,1,1,1,5,2,6,3,3,1,1,1,3,4,18
0,0,2,1,2,5117,1,1,1,2,2,1,1,1,1,0,3,0,0,1,4,1,1,1,0,1,0,2,1,1,2,1,1,1,1,0,2,6,3,3,1,2,1,3,4,32
0,1,0,0,2,27481,1,1,1,1,2,1,3,1,0,0,1,1,2,1,12,0,1,1,2,1,1,4,1,1,2,1,1,1,1,0,3,6,4,3,1,1,3,3,0,32
0,0,1,0,2,4409,1,1,1,1,2,1,1,2,1,0,0,0,0,0,0,0,1,0,1,1,1,4,1,1,2,1,0,1,0,0,2,6,3,2,1,1,1,3,0,32
0,0,2,3,2,16208,0,1,0,2,2,1,1,1,1,0,1,1,4,1,4,0,1,0,2,1,1,4,1,1,2,1,1,1,1,5,3,6,3,3,1,1,1,3,0,34
0,0,2,3,2,4411,0,1,2,1,2,1,3,1,1,0,2,0,0,1,12,1,1,0,1,1,1,4,1,1,2,1,1,1,1,0,3,6,3,3,1,2,1,3,3,27
0,2,2,2,2,12433,0,1,0,0,2,1,1,2,0,0,1,0,0,1,4,0,1,0,2,1,1,4,0,1,2,1,0,3,0,0,2,6,4,2,1,1,1,3,0,33
1,0,1,1,2,5856,0,1,1,1,1,1,3,1,1,0,1,1,4,1,4,0,1,1,0,4,1,3,1,1,1,1,1,1,1,0,3,6,3,2,1,2,1,1,4,34
1,0,1,2,2,18926,0,1,1,2,0,1,1,1,1,0,1,0,0,1,4,0,1,2,0,1,1,4,1,1,2,1,1,3,1,0,3,6,3,3,1,2,0,3,1,33
0,2,2,3,1,13994,0,1,0,0,2,1,3,1,1,0,1,0,0,1,12,1,1,0,2,1,1,4,1,1,2,1,1,3,2,3,3,6,4,3,0,3,1,3,4,29
1,0,1,2,2,14017,1,1,1,2,2,1,1,1,0,0,2,0,0,1,12,0,1,1,1,1,1,4,1,1,2,1,1,1,1,5,2,6,3,2,1,2,3,3,0,19
0,2,1,3,1,13914,1,1,0,0,2,1,3,1,1,0,2,0,0,1,12,1,1,0,2,1,1,4,1,1,2,1,1,1,1,4,3,6,3,3,0,1,0,3,4,33
0,2,2,3,1,21431,1,1,0,0,2,1,1,2,1,0,2,0,0,1,12,0,1,0,2,1,1,4,1,1,2,1,1,1,2,5,2,6,3,3,0,1,1,3,3,32
0,2,3,2,2,18647,0,1,0,0,2,1,1,2,1,0,1,0,0,1,12,0,1,2,2,1,1,4,1,1,2,1,0,1,0,0,3,6,3,3,1,1,1,3,0,33
0,0,2,3,2,5933,0,1,0,0,2,1,3,1,0,0,3,0,0,1,6,1,1,1,0,4,0,4,1,1,2,1,0,1,1,0,2,6,3,3,1,2,1,3,3,33
0,0,2,3,2,10788,1,1,1,2,2,1,3,2,0,1,2,1,12,1,12,1,1,0,0,1,1,4,1,1,2,2,1,1,-1,0,3,6,4,2,1,1,1,3,1,32
0,2,2,2,2,16107,0,1,0,0,2,1,1,1,0,0,0,0,0,1,4,0,1,0,1,1,1,4,1,1,2,1,0,1,0,0,3,6,3,3,1,1,3,3,0,33
1,0,3,3,2,43429,1,1,2,0,2,1,3,2,1,0,2,0,0,1,4,1,1,1,2,1,1,4,1,1,2,1,1,1,-1,0,2,6,3,3,1,1,2,3,3,31
0,0,0,2,2,18928,0,0,0,0,2,1,1,2,1,0,2,0,0,1,6,0,1,1,1,1,1,4,1,1,2,1,1,3,2,2,3,6,4,3,1,1,3,3,2,33
0,2,1,3,2,8604,0,1,0,0,2,1,1,2,1,0,0,0,0,1,4,0,1,0,2,1,1,4,1,1,2,1,1,1,0,0,3,6,2,3,1,2,3,3,0,33
0,0,0,1,2,-1,0,1,0,0,2,0,0,0,0,0,1,1,1,1,6,0,1,0,1,4,0,1,0,1,1,1,0,0,-1,0,2,6,2,2,1,2,2,1,0,30
1,2,2,2,2,24270,0,1,5,2,2,1,3,1,1,0,2,0,0,0,0,1,1,0,2,1,1,4,1,1,2,1,1,1,1,0,2,3,3,3,1,1,1,2,4,33
0,0,2,2,2,772,1,1,0,0,2,1,3,1,1,0,1,0,0,1,4,1,1,1,1,1,1,3,0,1,2,1,1,1,1,0,2,6,3,2,1,2,1,3,2,33
0,0,0,3,2,1178,1,1,1,1,2,1,3,2,1,0,1,1,15,1,15,0,1,1,1,4,0,4,1,0,2,2,1,1,1,0,2,6,3,2,1,1,3,3,3,32
0,2,1,2,2,6396,1,1,0,0,2,1,3,1,1,0,1,0,0,1,3,0,1,1,0,1,1,4,1,0,2,1,1,1,1,0,2,6,4,3,1,2,1,3,1,24
0,0,1,2,2,-1,0,1,1,0,2,1,1,2,1,0,0,0,0,1,12,0,1,0,2,2,1,4,1,1,2,1,1,1,0,0,2,6,4,3,1,1,2,3,0,34
1,0,0,1,2,7833,0,0,1,1,1,1,3,2,0,1,1,0,0,1,4,1,1,1,0,1,0,2,1,1,2,1,0,0,1,0,3,6,2,3,1,0,1,3,3,34
0,2,2,3,2,13477,1,1,0,0,2,1,1,1,1,0,1,0,0,1,12,0,1,0,1,1,1,4,1,1,2,1,1,1,1,0,2,6,4,3,1,1,1,3,1,34
1,0,3,2,2,1021,1,1,0,0,2,1,3,2,0,1,2,1,12,1,12,1,1,0,1,1,0,4,1,1,2,1,0,1,1,0,0,6,4,3,1,1,0,3,1,30
0,0,1,3,2,2496,0,0,0,2,2,1,3,1,0,1,1,0,0,1,12,1,1,2,0,5,1,4,1,1,2,1,1,1,1,0,2,6,3,3,1,2,1,3,2,32
1,2,2,2,2,-1,0,1,1,1,2,1,2,1,0,1,1,1,12,1,3,1,1,2,1,4,1,4,1,1,2,1,1,3,-1,0,1,6,4,3,1,2,3,3,2,32
1,0,0,1,2,51,0,1,1,2,2,1,1,2,1,0,2,0,0,1,3,1,1,1,1,1,0,3,0,0,1,1,1,1,1,5,1,6,3,2,1,2,1,2,2,33
0,0,2,2,2,802,1,1,0,0,2,1,3,1,1,0,2,1,7,1,8,1,1,1,2,1,1,4,1,0,2,1,1,1,1,0,3,6,4,3,1,1,1,2,4,26
1,0,0,1,2,22,0,1,0,0,2,1,3,2,1,0,2,0,0,1,4,1,1,2,1,2,1,4,0,1,2,1,0,1,1,0,1,6,3,3,1,2,1,3,2,30
1,0,1,2,2,4123,0,0,1,1,2,1,1,2,0,1,1,0,0,1,2,1,1,0,0,2,0,4,1,0,1,2,1,1,1,0,2,6,4,2,1,2,1,3,2,5
0,0,2,2,2,7172,0,1,0,2,2,1,3,2,1,0,2,0,0,1,4,0,1,0,2,1,1,4,1,1,2,1,1,1,-1,0,3,6,4,2,1,3,1,3,4,34
0,0,1,3,2,12323,0,0,0,2,2,1,1,2,1,0,2,0,0,1,4,0,1,1,0,1,1,4,1,1,2,1,1,3,-1,0,3,6,2,2,1,2,3,3,0,25
0,1,2,0,1,3901,0,1,1,0,2,0,0,0,0,1,1,0,0,0,0,1,1,0,2,1,1,4,1,1,2,2,1,0,2,4,0,6,4,0,0,3,1,0,4,0
0,2,1,0,2,-1,1,1,1,1,2,1,3,1,1,0,1,0,0,1,12,1,1,0,1,1,0,4,1,1,1,2,1,1,1,0,2,6,3,2,1,1,1,3,1,32
0,2,2,2,2,4250,0,1,0,0,2,1,3,1,1,0,2,0,0,1,4,0,1,1,0,1,1,4,1,1,2,1,1,1,-1,0,0,6,4,3,1,1,1,3,3,24
0,2,2,2,2,6369,0,0,0,0,2,1,1,1,1,0,1,0,0,1,4,0,1,1,2,1,0,4,1,1,2,2,0,1,-1,0,3,6,4,3,1,1,1,3,0,33
1,0,0,1,2,4780,1,1,1,2,1,1,2,2,0,1,1,0,0,1,6,1,1,2,0,1,1,2,0,1,1,1,1,1,-1,0,2,6,3,3,1,2,3,3,1,29
1,0,2,1,2,-1,0,1,0,0,2,1,1,2,1,0,2,0,0,1,12,1,1,1,1,1,1,2,1,1,2,1,1,1,1,5,2,6,4,3,1,1,3,2,4,34
0,2,2,3,2,632,0,1,0,1,2,1,1,2,1,0,2,0,0,1,4,1,1,2,0,1,1,4,1,1,2,1,1,1,2,3,3,6,4,3,1,1,1,3,4,31
1,0,3,3,2,28023,0,1,0,0,2,1,3,1,1,0,1,0,0,1,6,0,1,1,2,5,1,4,1,1,2,1,0,1,2,5,2,6,3,2,1,3,1,3,4,30
0,2,2,3,1,-1,1,1,1,2,2,1,3,2,1,0,1,1,3,1,2,1,1,1,2,1,1,4,1,1,2,1,1,1,2,5,3,6,3,3,0,1,3,3,3,29
0,0,2,2,2,19068,1,1,0,0,2,1,1,1,0,0,1,0,0,1,4,1,1,2,1,1,1,4,1,1,2,1,1,1,1,0,2,6,3,3,1,2,3,3,3,30
0,0,2,3,2,28861,1,1,0,0,2,1,3,1,1,0,1,0,0,1,12,1,1,2,0,1,1,4,1,1,2,2,1,1,1,0,2,3,3,3,1,2,3,3,1,30
0,2,1,2,2,22252,0,1,0,0,2,1,1,2,1,0,0,0,0,1,4,0,1,0,1,1,0,4,1,1,2,1,0,1,0,0,3,6,3,3,1,1,1,3,0,34
0,2,2,0,1,6733,0,1,0,0,2,1,3,2,0,1,1,0,0,1,6,0,1,0,1,1,1,4,0,1,2,1,1,1,1,0,2,6,4,3,0,1,1,3,4,34
1,0,1,2,2,17000,1,1,0,0,2,1,1,2,1,0,2,1,1,1,12,0,1,1,1,1,1,4,1,1,2,1,1,1,1,0,1,6,4,3,1,1,1,3,3,25
0,0,0,1,2,10,0,0,0,0,1,0,0,0,1,0,0,0,0,1,6,1,1,0,0,4,0,0,1,0,1,2,0,0,0,0,1,6,2,2,1,2,0,2,0,27
1,0,0,0,2,19279,1,1,0,0,1,1,1,1,1,0,2,0,0,1,12,0,1,0,2,1,1,4,1,0,2,1,0,1,0,0,2,3,2,3,1,1,1,3,3,33
0,2,3,3,2,2432,0,1,0,0,2,1,3,2,1,0,1,0,0,1,4,1,1,2,2,1,1,4,1,1,2,1,1,1,1,2,3,6,4,3,0,3,3,3,1,34
0,0,1,3,2,8808,0,0,1,2,2,1,1,1,1,0,2,0,0,1,12,0,1,1,0,1,1,4,1,1,2,1,1,1,1,5,3,6,4,2,1,1,1,3,3,34
1,0,2,3,2,-1,1,1,1,1,2,1,3,1,1,0,2,0,0,1,12,1,1,1,2,1,1,4,1,1,2,1,1,1,2,3,2,6,3,3,1,2,1,3,3,34
0,0,2,3,2,15181,0,1,0,2,2,1,1,1,0,0,2,0,0,1,4,0,1,0,2,1,1,4,1,1,2,1,1,1,-1,0,2,6,3,3,1,3,0,3,1,34
1,0,2,2,2,0,0,1,1,1,2,1,3,2,0,0,1,0,0,1,12,1,1,0,0,1,1,4,0,1,2,1,1,1,2,1,0,6,3,3,1,0,1,3,4,31
0,0,1,2,2,-1,0,0,0,0,2,1,1,1,1,0,0,0,0,1,4,0,1,0,0,1,1,4,1,1,2,1,1,1,0,0,3,6,4,3,1,2,1,3,0,31
0,2,2,2,1,17318,0,1,1,0,2,1,3,2,1,0,2,0,0,1,6,0,1,0,2,1,1,4,0,1,2,1,0,1,2,2,3,6,4,3,0,1,1,3,3,32
0,0,2,3,2,6618,1,1,1,2,2,1,1,2,1,0,2,1,2,1,12,0,1,1,2,1,1,4,1,1,2,1,1,2,1,3,2,6,3,3,1,3,1,3,4,33
1,2,1,1,2,10518,1,1,1,0,2,1,3,2,1,0,2,0,0,1,6,0,1,1,0,1,1,4,0,1,2,1,1,1,2,5,3,3,3,3,1,1,1,3,4,32
0,0,0,2,2,7774,1,1,0,0,2,1,1,2,1,0,0,0,0,1,4,0,1,1,0,1,1,4,1,1,2,1,1,1,0,0,3,6,4,0,1,2,1,3,0,34
0,0,2,2,2,750,0,0,0,0,2,1,3,1,0,1,1,1,2,1,6,1,1,1,0,1,1,4,1,0,2,1,1,1,-1,0,2,6,3,3,1,1,1,2,1,25
1,0,1,0,2,-1,0,1,0,2,2,1,1,2,1,0,0,0,0,1,4,0,1,0,0,2,0,1,1,0,2,1,1,1,0,0,3,6,3,3,1,1,1,3,0,30
0,0,1,3,2,13337,0,1,1,1,2,1,1,2,1,0,2,0,0,1,12,0,1,1,2,1,1,4,1,1,2,1,1,3,2,5,3,6,4,3,1,1,3,3,3,32
0,1,0,3,1,11973,0,1,1,2,2,1,1,2,1,0,1,0,0,1,12,0,1,0,2,1,1,4,1,1,2,2,1,0,2,4,0,6,4,0,0,1,3,1,4,0
1,0,1,0,2,-1,0,1,0,0,2,0,0,0,0,0,1,0,0,1,4,1,1,2,0,1,0,4,1,0,1,2,1,0,1,0,1,6,3,2,1,0,1,3,1,33
0,0,0,3,2,2661,0,1,0,0,2,1,1,2,1,0,1,0,0,1,12,0,0,2,1,1,0,4,1,0,2,1,0,1,-1,0,1,5,1,2,1,2,3,3,4,28
0,0,2,3,2,1722,0,1,0,0,2,1,1,2,1,0,1,0,0,1,4,1,1,1,1,1,1,4,1,1,1,1,1,1,1,0,2,6,4,2,1,3,1,3,2,31
1,0,0,0,1,14591,0,0,0,1,2,1,3,2,1,0,1,0,0,1,12,1,1,0,1,1,1,4,1,1,2,1,0,1,2,3,0,6,3,0,0,3,1,3,4,34
1,0,2,3,2,-1,1,1,1,2,2,1,1,2,1,0,0,0,0,1,4,0,1,0,2,5,1,4,1,1,2,1,1,1,0,0,2,6,4,3,1,3,0,3,0,32
0,2,1,2,2,9390,0,1,0,0,2,1,1,2,0,1,0,0,0,1,12,0,1,0,1,1,1,4,0,1,2,1,1,3,0,0,2,6,3,3,1,1,3,3,0,27
0,2,0,2,2,11745,1,1,0,0,1,1,1,2,1,0,0,0,0,1,1,0,1,0,2,1,1,4,1,1,2,1,1,1,0,0,3,5,3,3,1,1,0,3,0,33
0,0,2,2,2,3438,1,0,1,1,2,1,1,2,0,0,2,1,2,1,4,0,1,1,0,1,0,3,1,0,2,1,1,1,0,0,2,6,3,2,1,2,1,3,0,25
0,2,2,3,2,17568,1,1,1,2,2,1,1,1,1,0,2,0,0,1,12,0,1,2,2,1,1,4,1,1,2,1,1,1,1,0,2,3,3,2,1,1,3,3,1,28
1,2,3,2,2,7656,0,1,0,0,2,1,1,1,0,0,1,0,0,1,4,1,1,0,2,1,1,4,1,1,2,1,0,1,-1,0,2,6,3,3,1,3,1,3,2,32
1,2,2,2,2,29431,0,1,0,0,2,1,3,2,1,0,2,1,1,1,12,0,1,1,2,1,1,4,1,1,2,1,1,1,2,4,2,6,4,3,0,1,1,3,3,34
0,0,2,3,2,-1,1,0,0,0,2,1,3,2,1,0,2,0,0,1,4,1,1,1,0,1,1,4,1,1,1,2,1,1,-1,0,2,6,3,2,1,1,0,2,1,33
0,2,0,2,2,0,0,1,2,2,2,1,3,2,0,1,1,0,0,1,4,1,1,2,1,1,1,4,1,1,1,2,1,1,1,0,1,6,4,2,1,2,1,3,1,34
0,0,0,2,2,10202,0,1,0,0,2,1,1,2,1,0,1,0,0,0,0,0,1,1,0,1,1,4,1,1,2,1,1,3,1,2,2,5,3,2,1,1,1,3,1,32
0,2,3,0,2,-1,1,1,1,1,2,1,3,2,1,0,2,0,0,1,6,1,1,1,1,1,1,4,1,1,2,2,1,1,2,2,2,6,4,2,0,3,1,3,4,29
1,0,0,2,2,5100,0,1,0,0,2,1,1,2,1,0,2,1,12,1,12,0,1,1,1,1,1,4,1,1,2,1,1,1,1,5,3,6,4,3,1,2,1,3,4,32
0,0,0,3,2,-1,0,1,0,0,2,1,1,2,1,0,2,1,1,1,6,1,1,0,0,1,1,3,1,1,2,1,1,1,1,4,2,6,3,3,1,1,3,3,2,0
0,2,1,3,2,2406,0,1,0,1,2,1,3,2,1,0,2,1,1,1,12,0,1,0,1,1,1,4,1,1,2,1,1,3,-1,0,3,6,3,3,1,1,1,3,0,31
0,2,0,2,2,17830,0,1,0,0,2,1,1,2,0,0,2,1,12,1,12,0,1,2,2,1,1,3,0,1,2,1,1,3,1,5,2,6,3,2,1,1,1,3,4,31
1,0,1,2,2,9212,0,1,0,0,2,1,1,2,1,0,0,0,0,1,4,0,1,0,0,1,1,3,1,0,2,1,1,1,0,0,3,6,3,2,1,2,1,3,0,33
0,0,2,3,2,3357,0,1,0,0,2,1,1,1,1,0,1,0,0,1,12,1,1,1,2,1,1,4,1,1,2,1,1,1,1,0,0,6,4,2,1,1,1,3,2,32
0,2,2,2,2,574,0,1,2,1,2,1,3,2,1,0,1,0,0,1,12,0,1,2,2,1,1,4,1,1,2,1,1,3,2,5,3,6,3,3,1,1,3,3,3,32
0,2,1,2,2,13085,1,1,0,0,2,1,1,2,1,0,2,0,0,1,4,0,1,1,2,1,1,3,1,1,2,1,1,1,0,0,1,6,3,2,1,1,1,1,0,34
1,0,3,2,2,12225,0,1,0,0,1,1,1,2,0,1,2,0,0,1,12,0,1,1,0,1,1,4,1,1,2,1,1,1,-1,0,3,6,4,3,1,2,1,3,3,32
0,0,2,1,2,3500,1,1,0,0,2,1,1,2,1,0,1,0,0,1,4,0,1,2,2,1,0,4,0,1,1,1,1,1,1,0,2,6,2,3,1,1,1,1,2,33
0,0,0,1,1,-1,0,1,0,0,2,0,0,0,1,0,0,0,0,1,4,0,0,0,0,4,0,0,0,1,1,2,0,0,0,0,1,0,1,2,1,2,1,0,0,32
1,1,2,2,2,4134,0,1,0,2,2,1,3,2,1,0,1,0,0,1,12,0,1,1,2,1,1,4,1,1,2,1,1,1,1,0,3,6,4,3,1,3,1,3,4,26
1,2,2,2,1,27622,1,1,0,0,2,1,1,1,1,0,2,1,1,1,5,0,1,0,2,1,1,4,1,1,2,1,1,3,2,4,2,6,4,3,0,1,1,3,4,34
0,0,1,1,2,-1,1,1,0,1,2,1,1,2,1,0,2,1,1,1,1,0,1,1,2,1,1,4,1,1,1,1,1,1,1,0,3,6,4,2,1,2,1,3,1,29
0,2,0,2,2,8204,0,1,1,2,2,1,1,2,1,0,1,0,0,1,3,1,1,0,0,2,0,4,1,0,1,1,1,1,0,0,3,6,3,2,1,2,1,3,0,34
0,0,1,3,2,-1,0,0,0,0,2,1,1,2,1,0,2,0,0,1,12,1,1,0,0,1,1,4,1,1,1,1,1,1,-1,0,0,6,4,2,1,3,3,3,1,33
0,1,2,0,2,13946,0,1,2,1,2,1,1,2,1,0,0,0,0,1,12,1,1,1,2,1,1,4,1,1,2,1,1,3,0,0,2,6,4,3,1,3,1,3,0,31
0,0,2,3,2,15450,1,1,1,2,2,1,1,2,1,0,1,0,0,1,12,1,1,1,2,1,1,4,1,1,2,1,1,1,2,2,3,6,4,3,1,1,0,3,4,33
0,0,2,3,2,11573,0,1,0,0,2,1,3,1,1,0,2,0,0,1,12,0,0,1,1,1,1,4,1,0,2,1,1,1,-1,5,2,6,1,2,1,1,1,3,4,31
0,0,0,0,2,1236,1,1,1,2,2,1,1,1,1,0,2,0,0,1,3,0,1,1,0,1,0,4,1,0,2,1,1,1,0,0,1,6,3,3,1,2,1,3,1,25
0,0,1,2,2,6316,0,1,1,0,2,0,0,0,0,0,2,0,0,1,4,1,1,2,0,5,1,4,1,1,2,2,1,0,1,2,3,6,3,2,1,2,1,2,2,34
0,0,2,2,2,15410,0,1,1,2,2,1,2,2,1,0,1,0,0,1,6,0,1,1,1,1,1,4,1,1,2,1,1,1,1,0,2,6,3,3,1,2,3,3,3,33
1,0,1,2,2,8318,1,0,0,0,2,1,1,2,1,0,2,0,0,0,0,1,1,1,0,1,1,4,1,1,2,1,1,1,-1,0,3,6,4,3,1,1,3,3,1,26
1,0,0,1,2,7900,0,0,1,1,2,1,3,2,0,1,2,0,0,1,4,1,1,0,0,1,0,4,1,1,2,1,1,1,1,5,2,6,3,3,1,0,1,3,1,31
0,0,2,2,2,15615,0,1,0,0,2,1,3,1,0,0,2,0,0,1,4,0,1,2,1,1,1,4,1,1,2,1,1,1,1,0,2,6,4,3,1,0,1,3,1,31
1,0,2,2,2,21360,1,1,0,0,2,1,1,1,1,0,2,0,0,1,4,0,1,0,0,1,1,4,1,1,2,1,1,1,-1,0,2,6,3,3,1,1,1,3,1,33
0,0,2,2,2,6124,0,1,1,2,2,1,3,1,1,0,0,0,0,1,3,0,1,0,2,1,1,4,1,1,2,1,0,1,0,0,2,6,3,3,1,1,3,3,0,31
0,0,2,2,2,7161,0,1,0,0,2,1,3,2,1,0,2,0,0,0,0,1,1,1,1,4,1,4,1,1,2,1,1,1,1,0,2,6,3,2,1,2,3,3,2,31
1,0,1,3,2,1843,1,1,0,0,2,1,1,2,1,0,1,0,0,1,12,0,1,0,1,1,1,4,1,1,2,1,1,1,-1,5,3,6,4,2,1,3,1,3,2,32
1,2,1,2,2,31874,0,1,3,1,2,1,1,1,1,0,1,0,0,1,4,1,1,0,2,1,1,4,1,1,2,1,1,1,1,0,3,6,3,3,1,1,1,3,3,29
0,0,2,2,2,-1,0,1,0,0,2,1,1,2,1,0,1,0,0,1,4,0,1,2,1,1,0,4,1,1,2,1,0,1,1,0,0,6,4,2,1,1,3,3,4,30
1,0,0,1,2,8639,1,1,0,0,2,1,3,1,0,1,1,0,0,1,4,1,1,1,0,1,0,3,0,0,2,2,1,1,-1,0,2,3,3,2,1,2,1,3,2,33
0,2,3,3,2,4112,0,1,0,0,2,1,1,2,1,0,0,0,0,1,12,0,1,0,1,1,1,4,1,0,2,1,1,1,0,0,2,6,4,3,1,1,0,3,0,33
0,0,0,3,2,-1,1,1,3,1,2,1,1,2,1,0,0,0,0,1,18,0,1,0,1,1,1,4,0,1,2,1,1,1,0,0,0,6,4,2,1,1,1,3,0,33
1,0,2,2,2,12193,0,1,1,1,2,1,1,1,1,0,2,1,1,1,6,0,1,0,1,1,1,4,1,1,2,1,1,3,1,4,3,6,3,3,1,1,1,3,1,33
1,0,2,1,2,1800,0,1,0,0,2,1,3,2,1,0,2,0,0,1,4,1,1,0,1,1,1,4,1,1,2,1,1,1,0,0,3,5,3,3,1,1,1,3,0,34
0,0,1,2,2,5645,0,1,1,1,2,1,3,2,1,0,2,1,6,1,12,0,1,1,0,1,0,4,0,0,2,1,1,1,-1,0,3,6,3,3,1,2,0,3,4,29
0,2,0,2,1,685,0,1,0,0,2,1,1,2,0,0,1,0,0,1,12,0,1,2,1,1,0,4,0,1,2,1,1,1,-1,0,2,5,3,2,0,2,1,3,0,33
1,2,1,1,2,13657,0,1,1,2,2,1,1,2,0,1,2,0,0,1,6,0,1,0,1,1,0,4,1,1,2,1,0,1,-1,0,2,6,3,3,1,0,1,3,0,27
1,0,2,3,2,9556,1,1,2,1,2,1,1,2,1,0,0,0,0,1,12,0,1,0,1,1,1,4,1,1,2,1,1,1,0,0,3,6,4,3,1,3,1,3,0,33
1,2,2,1,2,12433,0,1,2,1,2,1,1,2,0,1,0,0,0,1,12,0,1,2,0,1,1,4,0,1,2,1,0,1,0,0,2,5,3,3,1,2,3,3,0,27
0,1,0,3,1,23642,0,1,1,2,2,1,1,2,0,1,2,0,0,0,0,0,1,1,1,1,1,4,1,1,1,2,1,1,2,1,0,6,3,0,0,3,3,1,1,3
0,0,0,2,2,3856,0,1,1,1,2,1,1,2,1,0,0,0,0,1,6,0,1,0,1,4,0,4,1,1,2,1,1,1,0,0,1,6,3,2,1,1,1,3,0,33
1,0,1,2,2,16300,0,1,0,0,2,1,1,1,1,0,2,0,0,1,1,0,1,1,2,1,1,4,1,1,2,1,1,3,-1,0,2,6,3,3,1,1,3,3,2,32
0,0,1,3,2,13652,1,1,0,0,2,1,1,2,0,1,2,0,0,1,4,0,1,2,1,5,1,4,0,0,2,1,1,2,0,0,3,6,4,3,1,1,0,3,0,29
1,0,1,3,2,6229,0,1,0,0,2,0,0,0,1,0,2,1,1,1,12,0,1,1,0,1,1,4,1,0,2,1,0,0,1,0,3,6,4,3,1,1,1,3,2,32
0,1,0,1,2,8469,0,0,1,0,2,1,1,2,1,0,2,0,0,1,4,0,0,0,0,4,0,0,0,1,1,2,0,1,-1,0,1,6,1,2,1,2,3,0,0,33
0,0,1,3,1,7843,1,1,0,2,2,1,1,1,0,0,3,0,0,1,12,0,0,1,2,1,1,4,1,1,2,2,1,1,-1,0,1,5,1,2,0,0,1,1,2,32
0,2,2,2,2,7437,0,1,0,0,2,1,3,2,1,0,1,0,0,1,4,1,1,1,0,1,1,4,1,1,2,1,1,1,1,0,2,6,3,3,0,1,1,3,3,34
0,0,1,1,2,4247,0,1,0,0,2,1,1,2,1,0,0,0,0,1,4,0,1,0,2,1,1,4,0,1,2,1,1,1,0,0,1,6,3,3,1,1,1,3,0,28
1,0,2,2,2,21580,0,1,0,0,2,1,1,1,0,0,1,0,0,1,10,1,1,0,2,1,1,4,1,1,2,1,1,1,-1,0,2,6,3,3,1,1,1,3,4,34
0,0,1,1,2,504,0,0,0,0,2,1,3,2,0,1,2,0,0,1,12,0,1,0,0,4,1,4,1,1,2,1,1,1,-1,0,2,6,4,3,1,3,1,3,1,18
1,0,2,1,2,2523,0,1,0,0,2,1,1,1,1,0,2,0,0,1,4,0,1,1,2,1,1,4,1,1,2,1,1,1,-1,2,3,6,3,3,1,2,1,3,2,25
0,0,2,2,2,7317,0,1,1,1,2,1,1,2,1,0,1,0,0,1,6,1,1,0,1,1,1,2,1,1,2,1,1,1,1,0,2,6,4,3,1,1,1,3,3,32
1,0,1,2,2,-1,0,1,1,1,2,1,1,2,0,1,0,0,0,1,12,0,1,0,0,4,0,4,1,1,2,1,0,1,0,0,1,6,4,2,1,0,1,3,0,29
0,0,0,1,2,5210,1,1,2,2,2,1,1,2,1,0,2,1,6,1,12,0,1,1,1,1,1,2,1,1,1,1,1,1,-1,0,3,6,3,3,1,2,1,3,1,32
1,0,3,2,2,35510,1,1,1,1,2,1,1,1,1,0,2,0,0,1,6,0,1,2,0,1,1,4,1,1,2,1,0,1,-1,4,3,6,4,3,1,3,3,3,4,30
0,0,0,2,2,99431,0,1,0,0,2,1,1,1,1,0,2,0,0,1,4,0,1,2,0,1,1,4,1,1,2,1,1,1,1,3,3,6,4,3,1,2,3,3,4,33
0,0,1,2,2,9062,1,1,2,2,2,1,1,2,1,0,2,0,0,1,12,0,1,1,0,1,0,4,1,1,2,1,1,3,1,5,3,6,3,2,1,3,3,3,1,19
0,2,2,2,2,17149,0,1,0,0,2,1,3,2,1,0,2,0,0,1,12,0,1,1,1,1,1,4,1,1,2,1,1,3,1,3,3,6,4,3,1,1,1,3,3,34
1,0,0,0,2,-1,0,0,1,1,2,1,1,2,1,0,1,0,0,1,12,0,1,1,0,1,0,4,1,1,1,2,1,1,1,0,1,6,2,2,1,2,1,3,3,26
0,0,2,2,2,5876,0,1,0,0,2,1,1,1,0,1,2,0,0,1,4,0,1,1,0,1,0,4,1,1,2,1,1,1,0,0,1,6,4,2,1,2,1,3,0,25
1,2,2,2,2,21517,1,1,1,2,2,1,3,2,1,0,2,0,0,1,6,1,1,0,2,1,1,4,1,1,2,2,1,1,1,5,2,3,4,3,1,1,3,3,2,33
0,0,1,1,2,-1,0,1,1,0,2,1,1,2,1,0,1,0,0,1,0,0,1,2,1,1,1,4,1,1,2,1,1,3,-1,0,0,6,3,2,1,1,1,3,4,26
0,2,2,0,2,12283,0,1,0,0,2,1,3,1,0,1,1,0,0,1,4,1,1,2,1,1,1,4,1,1,2,1,1,3,-1,0,3,6,3,3,1,1,1,3,4,31
0,2,1,3,2,2931,0,1,1,2,2,1,1,2,1,0,1,0,0,1,12,0,1,0,1,1,1,4,1,1,2,1,1,3,0,0,3,3,3,3,1,2,1,1,0,31
0,0,1,2,2,4631,0,1,1,2,2,1,1,2,1,0,2,0,0,1,4,0,1,0,2,1,0,4,1,1,2,1,1,3,1,0,2,6,4,3,1,1,1,3,4,29
1,0,0,2,2,6873,1,1,0,0,2,1,3,2,1,0,1,0,0,1,11,0,1,1,1,1,1,4,1,1,2,1,0,1,1,0,3,6,3,3,1,2,1,3,2,30
0,2,2,3,2,4628,0,0,1,0,2,1,1,2,1,0,2,0,0,1,3,0,1,0,0,1,0,4,0,1,2,1,1,1,0,0,2,6,4,2,1,2,1,2,2,25
1,0,1,1,2,11274,0,1,0,0,2,1,1,1,1,0,1,0,0,1,12,1,1,1,0,4,1,3,1,1,1,1,0,1,1,0,1,6,3,3,1,0,1,2,2,28
0,0,0,2,2,-1,0,1,1,1,1,1,1,2,1,0,0,0,0,1,12,0,1,0,1,1,1,4,1,1,2,1,0,1,0,0,3,3,3,3,1,1,0,3,0,34
1,2,1,2,2,29484,1,1,1,2,2,1,1,2,1,0,2,0,0,1,4,0,1,1,2,1,1,4,1,1,2,1,1,1,1,5,2,6,3,3,0,1,1,3,0,33
0,0,2,2,2,7565,1,1,0,0,2,1,1,2,1,0,2,1,13,1,4,0,1,0,2,1,1,4,1,1,2,1,1,1,1,5,3,6,3,2,1,1,1,3,4,34
0,0,2,3,2,19222,1,1,1,2,2,1,3,2,1,0,1,0,0,1,12,0,1,0,2,4,1,4,1,1,2,1,1,1,1,0,3,6,3,2,1,3,1,3,3,33
1,0,2,3,2,25072,0,1,0,0,2,1,1,1,1,0,1,0,0,1,12,1,1,1,2,1,1,4,1,0,2,1,1,1,1,0,2,6,4,3,1,1,1,3,4,33
0,0,2,3,2,14849,1,1,0,0,2,1,3,2,0,0,1,0,0,1,2,0,1,1,2,1,1,4,1,1,2,1,1,1,1,0,1,6,3,3,1,1,0,3,1,33
0,2,3,3,1,18184,0,1,0,0,2,1,1,2,1,0,3,0,0,0,0,0,1,0,2,1,1,4,0,1,1,2,1,1,-1,0,1,6,3,2,0,1,3,0,0,3
1,0,2,0,2,10139,0,1,2,2,2,1,3,2,0,1,1,0,0,1,4,1,1,2,0,1,1,4,1,1,2,2,1,0,-1,0,0,6,4,2,1,2,1,2,4,28
0,0,1,3,2,987,1,1,1,2,2,1,1,2,1,0,2,0,0,1,4,1,1,2,2,1,1,4,1,1,2,1,1,1,1,5,3,6,4,3,1,1,3,3,4,34
0,2,2,3,2,30751,1,1,1,1,2,1,3,1,1,0,2,0,0,1,6,0,1,0,2,1,1,4,1,1,2,1,1,1,1,0,3,6,3,3,1,1,1,3,2,32
0,0,2,2,2,2365,1,1,1,2,2,1,3,1,1,0,1,1,12,1,12,0,1,1,2,1,1,2,1,1,2,1,1,1,1,0,3,6,3,3,1,2,1,3,3,28
0,0,2,2,2,4813,0,1,0,0,2,1,1,1,1,0,0,0,0,1,4,0,1,0,1,1,1,4,0,0,2,1,1,1,0,0,2,6,3,3,1,1,1,3,0,33
0,0,0,2,2,2452,0,1,0,0,2,1,1,1,0,0,0,1,14,1,12,0,1,1,0,1,1,4,1,1,2,1,1,1,0,0,1,6,3,3,1,2,1,3,0,31
1,0,2,2,2,-1,0,1,0,0,2,1,3,1,1,0,2,1,6,1,6,1,1,1,2,1,1,4,1,1,2,1,1,1,2,1,3,6,3,3,1,0,1,3,2,34
0,0,1,2,2,2234,1,1,0,0,2,1,1,2,1,0,2,1,4,1,4,0,1,0,0,4,0,1,1,1,1,1,1,1,-1,0,2,6,4,2,1,2,1,3,1,32
0,0,2,2,2,5237,0,1,1,2,2,1,1,2,1,0,2,1,3,1,6,0,1,0,2,1,1,4,1,1,2,1,1,1,0,0,2,6,4,3,1,0,3,3,1,33
1,0,2,2,2,3708,1,1,3,0,2,1,1,2,1,0,0,0,0,1,4,0,1,0,0,1,0,4,1,1,2,1,1,1,0,0,2,6,3,2,1,2,0,3,0,34
1,0,2,1,2,-1,1,1,0,0,2,1,3,2,0,1,2,0,0,1,4,0,1,2,0,2,1,4,1,1,2,1,1,1,1,0,3,6,3,3,1,1,0,3,0,34
1,2,2,2,1,22690,0,1,0,0,2,1,3,2,1,0,2,0,0,1,12,1,1,0,0,1,1,4,0,1,2,1,1,1,1,0,2,6,4,3,1,1,1,3,2,34
1,0,2,0,2,16368,1,1,0,0,1,1,1,1,1,0,2,0,0,1,4,0,1,1,0,1,0,4,1,1,2,1,1,1,1,5,2,6,3,3,1,2,1,3,3,33
0,0,0,1,2,51215,1,1,1,1,2,1,1,2,1,0,2,0,0,1,12,0,1,1,0,4,0,2,1,1,1,1,1,3,2,5,2,6,3,3,1,0,1,3,3,25
0,2,2,3,2,11042,0,1,2,2,2,1,1,2,1,0,1,1,12,1,12,1,1,1,2,1,1,4,1,0,2,1,1,1,1,5,3,6,4,2,1,1,1,3,4,31
1,2,2,1,2,-1,0,1,0,2,2,1,1,1,1,0,2,0,0,1,4,0,1,1,1,1,0,4,0,1,2,1,1,1,1,4,2,6,3,3,1,2,1,3,1,31
0,1,0,0,1,-1,0,0,1,1,2,1,1,1,1,0,1,0,0,0,0,0,1,0,2,1,1,4,1,0,2,2,0,3,2,3,1,6,4,2,0,2,3,1,3,5
0,0,1,0,2,12571,0,1,0,0,2,1,3,2,0,1,2,0,0,1,10,0,1,0,1,1,1,4,1,1,2,1,1,1,-1,0,0,6,2,2,1,1,3,3,0,26
0,2,2,2,2,6535,0,1,0,0,2,1,3,2,1,0,0,0,0,1,12,0,1,0,2,1,1,4,1,1,2,1,1,1,0,0,3,6,4,3,1,1,1,3,0,31
1,2,2,2,2,3307,0,1,2,1,2,1,1,1,1,0,2,0,0,1,12,0,1,1,2,1,1,4,1,1,2,1,0,1,1,0,2,6,3,3,1,3,0,3,1,32
0,0,1,2,2,-1,1,0,1,2,2,1,1,2,0,0,2,1,3,1,4,1,1,1,1,1,1,4,1,0,2,1,1,1,-1,0,2,6,3,2,1,1,2,3,4,29
0,0,2,0,2,4377,0,1,1,2,2,1,1,2,1,0,0,0,0,1,4,0,1,0,0,1,0,1,1,0,1,2,1,1,0,0,1,6,4,2,1,2,1,3,0,26
1,2,1,2,2,3426,1,1,2,0,2,1,1,1,1,0,2,0,0,1,12,0,1,2,2,1,1,4,1,0,1,1,1,1,1,2,3,6,3,3,0,1,1,3,1,30
1,0,0,1,2,5373,0,1,0,0,2,0,0,0,0,0,0,0,0,1,6,0,1,1,0,1,0,2,1,0,1,1,0,0,0,0,1,6,3,2,1,2,3,0,0,34
0,0,2,0,2,21932,0,1,0,0,2,1,2,2,1,0,2,1,3,1,4,1,1,2,2,1,1,4,1,1,2,1,1,3,2,5,2,5,4,3,1,3,1,3,1,34
0,0,2,3,2,2050,1,1,2,2,2,1,1,2,0,1,1,1,1,1,12,1,1,1,1,1,1,4,1,1,2,1,1,1,0,0,3,6,4,3,1,0,3,3,2,33
0,0,1,1,2,10493,0,1,0,0,2,1,1,2,0,1,2,0,0,1,12,0,1,0,0,1,0,4,1,1,1,1,1,1,1,5,3,6,3,3,1,1,1,3,0,32
0,2,1,2,2,10103,0,1,2,2,2,1,3,2,1,0,2,0,0,1,4,1,1,2,1,1,1,4,1,0,2,1,1,1,1,0,3,6,3,3,0,3,1,3,1,27
1,0,2,1,2,9061,1,1,0,0,2,1,1,2,1,0,2,0,0,1,12,0,1,1,1,1,0,2,1,1,2,1,1,1,1,4,1,6,4,3,1,2,1,1,0,32
1,0,2,2,2,41320,1,1,0,0,2,1,3,1,1,0,2,0,0,1,12,0,1,0,2,1,1,4,1,1,2,1,1,1,1,0,2,6,4,3,1,1,0,3,4,34
0,0,2,2,2,5724,1,1,3,0,2,1,1,2,0,1,0,0,0,1,6,0,1,1,0,1,1,4,1,1,2,1,1,1,0,0,1,6,4,2,1,1,1,3,0,25
0,0,1,2,2,3177,0,1,0,0,2,1,1,2,1,0,1,1,6,1,6,0,1,1,0,1,1,4,0,0,2,1,1,1,1,0,2,6,4,3,1,1,1,3,2,32
1,2,1,2,2,12317,0,1,0,0,2,1,3,2,1,0,1,0,0,1,12,1,1,1,0,1,1,4,0,0,1,1,1,1,1,0,2,6,3,3,1,1,1,3,1,30
1,0,0,1,2,9861,0,1,0,0,2,0,0,0,1,0,1,1,3,1,12,1,1,2,0,1,0,1,1,1,1,1,1,0,-1,0,1,5,2,2,1,2,1,1,4,26
0,0,2,2,2,-1,0,1,2,2,2,1,3,1,0,0,1,1,3,1,6,1,1,1,0,4,1,4,1,0,2,1,1,1,1,0,3,6,3,3,1,1,3,3,3,32
0,0,2,0,2,2573,0,1,0,0,2,1,3,2,0,1,2,0,0,1,4,0,1,2,1,5,1,4,0,1,2,1,1,3,2,1,1,6,2,2,1,1,3,3,1,32
0,0,1,0,2,21818,1,1,1,2,2,1,3,2,1,0,1,0,0,1,12,1,1,1,2,1,1,4,1,1,2,1,1,1,2,3,2,6,4,3,1,1,1,3,3,31
0,2,1,2,2,521,0,1,1,1,2,1,1,2,1,0,2,0,0,1,4,0,1,2,0,1,1,3,1,1,2,1,1,1,1,4,3,6,3,3,1,1,1,3,0,34
1,2,2,3,2,11786,1,1,1,2,2,1,3,2,1,0,1,1,2,1,12,1,1,1,2,1,1,4,0,0,2,1,1,1,2,5,3,6,3,3,1,3,0,3,0,32
0,2,2,0,2,466,0,1,0,0,2,1,1,2,1,0,2,1,4,1,4,0,1,1,0,1,1,4,0,1,2,1,1,2,0,0,3,6,4,3,1,1,1,2,0,33
1,0,3,2,2,583,0,1,0,0,2,1,3,2,1,0,1,0,0,1,6,1,1,1,2,1,1,4,1,1,2,1,1,1,1,0,2,6,4,3,1,1,3,3,3,34
0,2,3,3,1,13965,0,1,0,2,2,1,1,2,1,0,2,0,0,1,23,0,1,0,0,1,1,4,1,1,2,1,1,1,1,0,2,6,4,3,0,1,1,3,2,34
1,2,0,1,2,6464,0,1,1,1,2,1,3,2,0,0,1,1,12,1,12,1,1,2,0,5,0,4,1,0,2,1,1,1,-1,0,2,6,3,3,1,2,3,3,4,32
1,0,1,3,2,13515,1,1,1,1,2,1,1,1,1,0,2,1,3,1,12,0,1,0,2,1,1,4,1,1,1,1,1,1,1,5,1,6,3,3,1,1,1,3,3,33
0,0,0,3,2,3456,1,1,1,2,2,1,1,2,0,1,1,0,0,1,12,0,1,0,0,1,1,4,1,0,2,2,1,1,1,0,3,6,4,2,1,1,1,3,2,32
1,0,0,1,2,-1,0,1,0,0,2,1,3,2,0,1,2,0,0,1,4,1,1,2,1,1,1,4,1,0,2,1,0,1,-1,0,3,6,3,2,1,3,1,3,3,29
0,0,2,2,2,1013,0,1,0,0,2,1,1,2,1,0,2,0,0,1,4,0,1,1,0,1,1,4,1,1,2,1,0,2,1,5,2,6,4,3,1,1,1,3,0,33
1,2,1,2,2,11794,0,1,0,0,2,1,3,1,1,0,1,0,0,1,12,1,1,0,2,1,1,4,1,1,2,1,1,3,2,1,2,6,3,3,1,1,1,3,3,32
1,0,3,2,2,22150,0,1,1,2,2,1,3,1,1,0,2,0,0,1,4,0,1,1,2,1,1,4,1,1,2,1,1,1,1,0,3,6,4,3,1,1,1,3,2,34
0,0,1,3,2,2927,0,0,0,0,2,1,1,2,1,0,2,0,0,1,12,0,0,0,0,1,1,4,1,0,2,1,1,2,1,0,1,6,1,2,1,1,3,2,3,28
1,0,1,2,2,-1,1,0,0,0,2,1,1,2,0,1,0,0,0,1,4,0,1,0,2,1,1,4,1,1,2,2,0,1,0,0,2,5,3,3,1,2,1,3,0,26
0,0,1,3,2,5388,0,1,0,1,2,1,1,2,1,0,1,1,0,1,12,1,1,1,2,1,1,4,1,1,2,1,1,1,1,5,2,5,3,3,1,1,3,3,2,31
1,0,3,3,2,7710,1,1,1,1,2,1,1,2,1,0,2,1,2,1,12,0,1,0,2,1,1,4,1,1,2,1,1,1,-1,3,2,6,4,3,1,3,3,3,3,33
1,0,2,1,2,1891,0,1,1,1,2,0,0,0,0,0,0,1,5,1,12,0,1,0,2,1,1,4,0,1,1,1,1,0,0,0,0,6,2,2,1,2,3,3,0,29
1,0,1,1,2,8723,0,1,1,0,2,1,1,2,0,1,2,0,0,1,4,0,1,0,0,4,1,4,0,1,2,1,1,1,1,0,2,6,3,3,1,2,0,3,2,33
0,2,2,2,2,6606,0,1,0,0,2,1,3,1,1,0,1,0,0,1,4,0,1,2,1,1,1,4,1,1,2,1,1,1,1,2,2,6,4,3,1,2,0,3,1,32
0,0,2,1,2,3305,1,0,0,0,2,1,1,2,1,0,0,0,0,1,12,0,1,0,1,1,1,3,1,1,2,1,0,1,0,0,2,6,3,2,1,1,1,3,0,33
1,1,2,2,2,10512,1,1,0,0,2,1,1,1,1,0,2,0,0,1,12,0,1,1,2,1,1,4,0,1,2,1,1,1,1,4,3,6,4,3,1,1,3,3,3,33
1,0,1,2,2,5869,0,1,0,2,2,1,3,2,1,0,2,1,2,1,6,1,1,1,1,1,1,4,1,1,2,1,1,1,2,3,3,6,3,3,1,1,2,3,3,32
0,0,2,3,2,9717,1,1,2,1,2,1,1,1,0,0,0,1,2,1,2,0,1,0,1,1,1,2,1,1,2,1,1,3,0,0,3,6,4,2,1,2,0,3,0,34
0,1,0,0,1,12073,0,0,0,0,2,1,1,2,1,0,1,0,0,0,0,0,1,0,1,1,1,4,1,1,2,2,1,0,2,3,0,6,4,0,0,0,3,1,4,0
0,1,2,3,2,89831,0,1,1,2,2,1,3,2,1,0,2,0,0,1,6,1,1,2,2,1,1,4,1,1,2,1,1,1,1,0,2,6,3,3,1,3,0,3,4,30
1,0,2,1,2,6931,1,0,0,0,2,0,0,0,0,0,1,0,0,1,4,0,1,2,0,1,0,2,0,1,1,1,1,0,1,0,1,6,4,2,1,2,1,3,1,32
0,2,2,3,2,1222,1,1,1,2,2,1,1,2,0,1,2,0,0,1,6,0,1,2,2,1,1,2,1,1,2,1,1,2,1,3,3,6,4,3,1,1,3,3,3,33
1,0,2,1,2,-1,1,1,0,2,2,1,1,1,1,0,2,1,1,1,5,0,1,1,0,1,1,3,1,1,2,1,1,1,1,5,3,6,4,3,1,3,1,3,0,29
0,0,2,2,2,16070,1,1,0,0,2,1,1,2,1,0,2,0,0,0,0,0,1,2,1,1,0,4,1,1,2,1,1,1,1,0,2,6,4,3,1,0,1,3,4,31
1,2,1,2,2,16640,1,1,0,0,0,1,3,2,1,0,2,1,2,1,12,0,1,1,2,1,1,4,1,1,2,1,1,1,1,5,1,6,3,3,1,3,1,3,4,29
1,0,0,1,2,5451,1,1,1,1,2,1,3,2,1,0,2,1,6,1,4,0,1,2,0,4,1,2,1,1,1,1,1,1,-1,0,3,5,3,3,1,1,2,3,3,29
0,0,2,0,2,14352,0,1,0,0,2,1,3,2,1,0,1,0,0,1,4,0,1,2,1,1,1,4,1,0,2,1,1,1,1,0,2,6,3,3,1,1,1,3,1,32
1,0,1,1,2,7428,1,1,0,0,2,1,3,2,1,0,2,0,0,1,12,0,1,1,0,4,1,4,1,1,1,1,1,1,-1,0,3,6,3,3,1,0,1,3,2,32
0,0,1,2,2,4736,0,1,0,0,2,1,1,2,1,0,2,0,0,1,12,0,1,0,1,1,1,4,1,1,2,1,1,2,1,3,1,6,3,3,1,0,1,3,0,27
1,0,1,2,2,425,0,1,0,0,2,1,1,2,1,0,0,1,4,1,4,0,1,0,2,1,1,4,1,1,2,1,1,1,0,0,2,6,4,3,1,0,1,3,0,33
0,2,2,3,2,1453,0,1,0,0,2,1,1,2,1,0,1,0,0,1,12,0,1,0,2,1,1,4,1,1,2,1,1,1,2,5,3,6,4,3,1,0,1,3,4,31
1,0,1,2,2,31426,1,1,1,2,2,1,1,2,1,0,2,1,3,1,12,1,1,0,2,1,1,4,1,1,2,1,1,1,2,5,3,6,4,3,1,1,3,2,0,34
0,0,2,3,2,-1,0,1,1,1,2,1,1,2,1,0,0,1,0,1,0,0,1,0,0,1,1,3,1,0,2,1,1,3,0,0,3,6,3,3,1,3,1,3,0,30
0,2,1,2,2,5954,0,1,0,0,2,1,1,2,1,0,0,0,0,1,12,0,1,0,0,1,1,4,1,1,2,1,1,2,0,0,3,6,2,3,0,1,1,3,0,33
0,0,2,3,2,1185,0,1,0,0,2,1,2,2,0,1,2,0,0,1,4,0,1,0,1,1,1,4,1,1,2,1,0,1,-1,0,2,6,4,2,1,1,3,3,0,25
0,2,1,0,1,17575,0,1,0,2,2,1,3,2,1,0,1,0,0,1,12,0,1,2,2,1,1,4,1,1,2,1,1,3,2,4,2,6,4,3,1,3,1,3,4,34
0,0,1,3,2,3834,1,1,0,0,2,1,3,1,1,0,1,1,1,1,11,1,1,0,0,1,1,4,1,1,2,1,1,1,2,2,2,6,4,2,1,2,1,3,3,32
1,2,0,2,2,15859,0,1,0,0,2,1,3,1,0,0,1,0,0,1,12,1,1,2,1,4,1,4,1,1,2,1,1,1,1,0,2,3,3,3,1,2,1,3,2,32
0,0,1,0,2,2560,1,1,0,0,2,1,1,1,1,0,1,0,0,1,6,1,1,1,2,1,1,4,1,0,2,1,1,1,-1,0,1,6,3,2,1,1,3,3,4,34
0,2,3,0,2,7315,1,1,0,0,2,1,1,1,1,0,1,1,2,1,4,0,1,0,1,1,1,4,1,1,2,1,1,1,2,5,2,6,4,3,1,1,3,3,1,34
1,2,2,2,2,34746,1,1,1,2,2,1,3,2,1,0,1,1,2,1,6,1,1,0,1,1,1,4,1,1,2,1,1,3,2,5,3,6,4,3,0,1,1,3,4,28
0,2,2,2,2,7210,1,1,1,1,2,1,1,2,0,1,1,0,0,1,1,0,1,1,1,1,1,4,1,1,2,1,1,3,1,0,3,6,4,3,1,1,1,3,2,33
0,0,3,3,2,9086,0,1,0,0,1,1,3,2,1,0,2,1,1,1,4,0,1,1,1,1,1,4,1,0,2,1,1,1,-1,0,2,6,4,3,1,3,1,3,2,34
0,0,2,1,2,31035,0,1,0,0,2,1,3,2,0,0,2,0,0,1,12,0,1,1,1,1,1,4,1,0,2,1,1,1,-1,0,3,6,4,2,1,1,1,3,4,0
0,0,2,3,2,22610,1,1,0,0,0,1,1,2,1,0,2,1,12,1,12,0,1,1,2,1,1,2,1,1,2,1,1,1,1,5,2,6,4,3,1,1,1,3,3,32
1,0,2,3,2,11175,0,1,2,2,2,1,3,2,0,0,2,0,0,1,6,1,1,0,1,1,1,4,1,0,2,1,0,0,-1,1,3,6,4,3,1,1,1,3,2,18
1,0,2,2,2,2120,1,1,2,2,2,1,1,1,0,1,0,0,0,1,6,0,1,0,1,1,1,4,1,0,2,1,1,1,0,0,3,6,4,2,1,1,1,3,0,28
0,0,2,2,2,10146,0,1,0,0,2,1,1,2,1,0,2,0,0,1,6,0,1,1,2,1,1,4,0,1,2,1,1,1,0,0,2,6,4,3,1,3,3,3,1,33
1,0,1,2,2,5165,0,1,1,0,2,1,1,2,0,0,1,0,0,1,4,1,1,0,1,1,0,4,1,1,2,1,1,1,1,0,3,6,3,3,1,2,1,3,0,32
0,0,1,1,2,12237,0,1,0,0,2,1,3,2,0,1,2,0,0,1,12,1,1,1,0,2,1,4,1,1,1,1,1,1,2,5,3,6,4,3,1,1,1,3,2,26
1,0,2,2,2,-1,0,1,1,2,2,1,3,2,1,0,2,1,2,1,42,0,1,1,1,1,1,4,1,1,2,1,1,1,2,4,3,6,4,3,1,3,1,3,3,34
0,0,2,3,2,14550,1,1,1,2,2,1,3,2,1,0,1,0,0,1,12,1,1,0,1,1,1,4,1,0,2,1,1,1,1,0,2,6,3,3,1,1,1,3,1,33
0,1,0,0,1,15598,0,1,1,2,2,1,3,1,1,0,0,1,6,1,12,1,1,0,2,1,1,4,0,1,2,2,1,3,0,0,0,6,3,0,0,1,2,1,0,0
0,2,2,3,1,6595,1,1,0,0,2,1,1,1,0,1,2,0,0,1,6,0,1,0,2,1,1,4,0,0,2,1,1,1,1,0,2,6,4,3,0,1,1,3,2,34
1,0,2,2,2,5606,0,1,0,0,2,0,0,0,1,0,1,0,0,1,4,1,1,1,0,1,1,4,1,1,1,1,1,0,1,0,3,6,4,3,1,0,1,3,3,31
1,2,2,3,2,591,0,1,1,1,2,1,3,2,1,0,2,1,12,1,12,1,1,1,2,1,1,4,1,1,2,1,0,1,1,5,2,6,4,3,1,3,0,3,2,32
0,2,4,2,2,1249,1,0,0,1,2,0,0,0,1,0,2,0,0,1,12,0,1,2,1,1,1,4,1,1,2,1,0,0,1,0,0,6,3,3,1,1,0,3,0,31
1,0,1,2,2,8475,0,1,1,2,2,1,3,2,1,0,2,1,4,1,4,1,1,2,1,1,1,4,1,1,2,1,1,1,-1,0,3,6,3,2,1,1,3,3,1,33
1,0,0,2,2,14617,0,1,0,0,2,1,3,1,1,0,2,0,0,1,12,0,1,1,2,5,1,4,0,1,2,1,0,1,1,1,3,6,2,3,1,0,3,3,3,25
0,0,1,2,2,3926,0,1,0,0,2,1,3,1,0,1,2,0,0,1,6,0,1,2,2,1,1,4,1,1,2,1,1,0,2,2,1,6,4,2,1,2,1,3,1,33
1,0,1,2,2,0,0,1,0,0,2,1,1,2,1,0,1,0,0,1,12,0,1,2,1,2,1,4,1,1,2,1,1,1,-1,3,0,6,4,3,1,2,1,3,3,29
1,2,2,2,2,11845,0,1,0,0,2,1,3,2,1,0,1,0,0,1,12,0,1,1,1,1,1,4,1,1,2,1,1,3,2,3,3,6,3,3,1,1,1,3,1,32
0,2,0,2,1,-1,0,0,1,1,2,0,0,0,1,0,1,1,1,1,12,1,1,0,1,1,1,4,1,1,2,1,1,0,-1,0,3,6,4,2,1,1,1,3,2,23
0,0,2,3,2,5092,1,0,1,2,2,1,1,1,1,0,1,1,11,1,11,0,1,1,2,1,1,4,1,0,2,1,1,1,2,1,3,3,3,3,1,2,1,3,4,32
1,0,2,2,2,12152,1,1,0,2,2,1,3,2,1,0,3,0,0,1,4,0,1,1,0,1,1,4,0,1,2,1,1,1,1,5,2,5,3,3,1,2,1,3,0,32
1,0,2,2,2,8777,1,1,0,0,2,1,3,1,0,1,1,0,0,1,1,0,1,0,1,1,0,3,1,1,1,1,1,1,1,0,1,6,3,2,1,1,1,3,3,30
0,1,0,0,2,1533,1,1,0,0,2,1,1,1,0,0,2,0,0,1,12,0,1,1,1,1,1,4,1,1,2,1,0,3,1,4,2,6,3,2,1,1,3,1,2,28
0,2,0,1,2,-1,0,0,0,0,2,1,1,1,1,0,1,0,0,1,12,1,1,1,1,1,0,4,1,1,2,2,1,1,1,0,2,6,3,2,1,0,1,3,3,31
1,0,1,1,2,4320,0,1,0,0,2,1,1,2,1,0,2,0,0,1,12,0,1,0,0,1,1,4,0,1,2,1,1,1,1,0,2,6,3,3,1,2,1,3,2,29
0,0,3,3,2,8740,1,1,0,0,2,1,1,2,1,0,2,1,3,1,12,0,1,0,2,1,1,4,1,1,2,1,1,1,1,3,2,6,4,3,1,1,3,3,1,33
0,0,1,3,2,44656,0,1,1,2,2,1,1,2,1,0,2,1,6,1,6,0,1,0,2,1,1,4,1,1,2,1,1,1,1,1,2,6,3,2,1,1,0,2,2,30
1,2,1,2,2,15408,0,1,1,1,2,1,1,2,1,0,2,0,0,1,12,0,1,1,2,1,1,4,1,1,2,2,1,1,-1,0,0,6,3,2,1,2,0,3,3,29
0,0,2,3,2,-1,1,1,0,0,2,1,3,2,1,0,2,1,12,1,12,0,1,2,2,1,1,4,1,1,2,1,1,1,2,5,3,6,4,3,1,2,1,3,1,34
0,0,1,3,2,-1,0,1,2,2,2,1,3,2,1,0,1,0,0,1,12,1,1,0,1,1,1,4,1,1,2,1,1,1,1,0,3,6,4,3,1,1,3,3,4,34
0,2,1,1,2,22155,0,1,0,0,2,1,3,2,1,0,1,0,0,1,12,1,1,2,1,1,1,4,1,1,2,1,1,3,2,5,2,6,4,3,1,1,1,3,3,33
1,2,1,2,1,1958,0,1,0,0,2,1,1,2,1,0,2,0,0,1,6,0,1,1,2,1,1,4,1,0,2,1,1,2,0,0,2,6,4,3,1,1,3,2,0,34
1,0,2,2,2,6987,1,1,1,2,2,1,1,1,0,0,1,0,0,1,12,0,1,1,1,1,1,4,1,1,1,1,1,3,1,0,2,6,3,3,1,1,1,3,2,30
0,0,1,2,2,17382,1,1,0,0,2,1,3,1,1,0,1,1,6,1,1,1,1,1,1,1,1,4,1,1,2,1,1,1,1,0,3,6,4,2,1,1,3,3,4,34
1,0,2,2,2,28906,1,1,0,0,2,1,1,2,1,0,1,0,0,1,6,0,1,0,1,1,1,4,1,1,2,1,1,1,2,5,3,6,4,3,1,1,1,3,4,33
1,1,2,2,2,18187,1,1,0,0,2,1,3,2,1,0,2,0,0,1,12,1,1,0,2,1,1,4,1,1,2,1,1,1,2,1,2,6,4,3,1,1,0,3,2,32
0,0,0,2,2,-1,0,1,0,0,2,1,1,2,0,0,0,1,0,1,4,0,1,0,1,1,1,4,1,1,2,1,1,1,0,0,3,6,3,3,1,2,1,3,0,31
1,2,1,2,2,20412,0,1,1,2,2,1,3,2,1,0,3,1,2,1,12,1,1,2,2,1,1,4,1,1,2,1,1,1,1,0,2,6,4,3,0,1,1,3,1,31
1,2,0,1,2,7710,0,1,1,2,2,1,1,2,1,0,1,0,0,1,12,0,1,1,1,1,0,3,1,1,2,1,1,1,-1,0,1,5,2,2,1,1,3,1,0,32
0,0,0,2,2,0,0,1,0,0,2,1,1,2,0,0,1,0,0,1,12,0,1,1,1,4,0,4,1,1,1,1,1,1,2,1,1,6,4,2,0,2,0,3,0,33
0,2,0,2,2,10211,0,1,0,0,2,1,1,2,1,0,0,0,0,1,12,0,1,0,1,1,1,4,1,1,2,1,1,2,0,0,2,6,3,2,1,1,1,3,0,27
1,2,2,2,2,39639,1,1,0,0,2,1,3,1,1,0,1,0,0,1,12,1,1,2,0,1,1,4,1,1,2,1,1,3,2,4,2,6,4,3,1,1,1,3,4,33
1,2,2,2,2,-1,0,1,2,1,2,1,2,1,1,0,1,0,0,1,4,0,1,2,1,1,1,4,1,1,2,1,1,1,1,2,3,6,3,3,1,1,3,3,2,28
0,2,3,2,1,19257,0,1,0,0,2,1,1,2,1,0,1,0,0,1,12,0,1,0,0,1,1,4,0,1,2,1,1,1,0,0,3,6,4,2,1,3,1,3,0,30
0,0,2,3,2,551,1,1,0,0,2,1,1,2,1,0,0,0,0,1,12,0,1,0,2,1,1,4,1,1,2,1,1,1,0,0,3,6,4,2,1,1,3,3,0,34
0,0,2,3,2,16112,0,1,1,1,2,1,3,1,0,1,1,0,0,1,12,1,1,1,2,1,1,4,0,1,2,1,1,1,2,2,3,6,4,3,1,1,3,3,4,31
0,0,2,2,2,5533,0,1,0,2,2,1,3,2,0,1,1,0,0,1,4,1,1,2,1,1,0,4,1,1,1,1,1,1,1,0,3,6,4,3,1,1,0,3,2,33
1,2,1,3,1,24077,1,1,0,0,2,1,3,1,1,0,1,0,0,1,12,0,1,1,2,1,1,4,0,0,2,1,0,1,2,3,3,6,4,3,0,3,1,3,4,33
0,0,3,3,2,-1,1,1,0,0,2,1,3,1,0,1,1,1,1,1,41,1,1,1,2,1,1,4,1,1,2,1,1,1,1,0,3,6,3,3,1,1,1,3,4,34
1,0,2,0,2,325,0,1,0,2,2,1,3,2,1,0,2,0,0,1,6,1,1,1,2,1,1,4,1,1,2,1,1,1,2,5,2,0,4,3,1,1,3,3,1,34
1,0,2,3,2,16747,1,1,0,0,2,1,3,1,1,0,2,0,0,1,12,1,1,1,1,1,1,4,1,1,2,1,1,0,1,4,3,6,3,3,1,1,1,3,4,26
1,0,2,1,2,10756,1,1,0,0,2,1,1,2,1,0,2,0,0,1,4,0,1,1,0,1,1,4,1,1,1,1,1,1,-1,0,2,5,3,3,1,2,1,3,1,31
1,0,0,2,2,5544,0,1,0,0,2,1,1,1,1,0,0,1,1,1,4,0,1,0,1,1,0,4,1,1,2,1,0,1,0,0,3,6,3,3,1,2,3,3,0,24
1,0,1,1,2,4205,1,1,0,0,2,1,1,1,1,0,1,0,0,1,4,0,1,0,1,1,1,4,0,1,2,1,1,1,1,0,3,6,3,3,1,2,1,3,3,32
0,0,0,1,2,40900,0,1,2,0,2,1,3,2,1,0,2,0,0,1,12,1,1,2,1,1,1,4,1,1,2,1,1,1,1,0,2,2,3,2,1,3,1,3,4,30
1,0,1,1,2,9565,1,0,0,0,2,0,0,0,0,1,2,0,0,1,4,0,1,0,0,1,1,4,1,1,1,1,1,0,0,0,2,6,3,2,1,1,3,3,0,33
0,2,2,2,2,1,0,1,1,2,2,1,1,2,1,0,2,0,0,1,12,0,1,0,0,5,1,4,0,1,2,1,0,1,-1,0,2,6,3,3,1,1,3,3,0,27
1,0,2,2,2,-1,0,1,1,0,2,1,3,1,1,0,1,1,2,1,12,1,1,2,1,1,1,4,1,1,2,1,1,3,1,0,3,6,3,3,1,2,3,3,2,32
0,0,2,2,2,2549,1,1,0,0,2,1,3,1,0,0,1,1,12,1,12,1,1,1,0,4,1,4,1,1,2,1,1,1,1,3,1,6,2,3,1,2,1,3,4,34
1,2,2,3,1,45161,1,1,1,2,2,1,1,2,1,0,0,0,0,1,4,0,1,0,1,1,1,4,1,1,2,2,1,1,0,0,2,6,4,3,0,1,1,3,0,34
0,0,1,2,2,7435,0,1,0,0,2,1,3,2,1,0,2,0,0,1,6,0,1,0,1,1,1,4,1,1,2,2,0,1,0,0,2,6,4,3,1,3,3,2,2,33
0,0,2,3,2,7326,1,1,0,0,2,1,3,1,1,0,2,0,0,1,12,1,1,1,2,4,1,4,1,1,2,1,1,1,1,0,2,6,4,2,1,1,1,3,4,33
0,0,0,0,2,-1,0,1,1,0,2,1,1,2,1,0,2,1,6,1,6,0,1,0,2,1,1,4,0,1,2,1,1,1,0,0,1,6,3,0,1,0,1,0,1,31
0,2,2,2,2,-1,0,1,0,0,2,1,1,2,1,0,0,0,0,1,4,0,1,0,2,1,1,4,0,0,2,1,1,1,0,0,2,6,3,3,1,1,1,3,0,33
0,0,0,2,2,2326,0,1,1,2,2,0,0,0,0,1,0,0,0,1,12,0,1,0,0,1,1,4,0,1,2,1,0,0,0,0,3,6,2,3,1,2,1,3,0,32
0,0,3,3,2,1368,0,0,0,0,2,1,1,2,1,0,2,1,1,1,12,0,1,1,1,1,1,4,1,1,2,1,0,1,-1,0,3,6,4,3,1,1,1,2,1,32
0,0,0,3,2,8457,0,1,1,2,2,1,3,2,0,1,1,1,1,1,4,1,1,1,1,1,1,4,1,1,2,1,0,1,1,0,2,6,3,2,1,1,0,0,4,29
1,0,2,2,2,7831,0,1,0,0,2,1,1,1,0,1,2,0,0,1,12,0,1,1,2,1,1,4,1,1,2,1,1,1,0,0,2,6,4,2,1,1,1,3,0,29
0,2,0,1,2,967,0,1,1,2,2,1,3,2,0,0,2,0,0,1,10,1,1,2,0,4,1,2,1,1,2,1,1,1,1,0,1,6,3,0,1,1,1,1,1,32
0,0,2,0,2,718,0,1,0,0,2,1,1,2,0,1,0,0,0,1,12,0,1,2,0,1,1,4,1,1,2,1,1,2,0,0,1,6,3,2,1,1,1,3,0,31
1,0,2,0,2,9074,1,1,0,2,2,1,1,1,0,0,2,1,1,1,6,0,1,0,0,1,1,4,1,1,2,1,1,1,1,3,2,6,3,3,1,1,1,3,1,33
0,2,2,3,2,739,0,1,0,0,2,1,3,2,1,0,1,0,0,1,12,1,1,0,2,1,1,4,1,1,2,1,1,1,1,0,3,6,4,3,1,3,1,3,3,31
1,0,2,2,2,-1,0,1,0,0,2,1,1,2,1,0,2,0,0,1,4,1,1,1,0,5,1,4,1,0,2,1,0,1,0,0,1,6,4,3,1,1,3,3,0,25
1,0,0,1,2,-1,1,0,0,0,2,1,1,2,0,1,0,0,0,1,4,0,1,1,0,1,0,4,1,1,1,2,0,1,0,0,2,5,3,2,1,2,1,3,0,31
0,0,2,3,2,24203,1,1,0,0,2,0,0,0,0,0,1,0,0,1,12,1,1,2,1,1,1,4,1,1,2,1,1,0,2,3,3,6,4,2,1,3,1,3,4,33
1,2,3,3,1,24119,1,1,0,0,2,1,3,2,1,0,1,0,0,1,12,0,1,0,2,1,1,4,1,1,2,1,1,1,1,0,2,6,4,3,0,3,1,3,4,32
1,0,1,3,2,13886,1,1,1,0,2,1,3,1,0,1,1,0,0,1,11,1,1,0,1,4,1,4,1,1,2,1,0,1,-1,0,2,6,3,3,1,1,2,3,3,33
0,0,2,3,2,28928,1,1,1,1,2,1,3,2,1,0,1,1,1,1,12,0,1,1,1,1,1,4,1,1,2,1,1,1,1,0,2,6,4,3,1,3,1,3,3,30
1,0,2,2,2,12488,0,1,0,2,2,1,3,2,1,0,2,1,1,1,12,0,1,2,2,1,1,4,1,1,2,1,1,1,-1,0,3,6,3,3,1,0,3,3,3,34
1,0,2,2,2,30419,0,1,1,2,2,1,1,2,1,0,2,0,0,1,4,0,1,0,1,1,1,4,1,0,2,1,1,1,1,2,1,6,3,3,1,0,1,3,2,34
0,1,0,0,1,-1,0,1,0,0,1,0,0,0,0,1,0,0,0,1,12,0,1,0,2,1,1,4,1,1,2,2,1,0,0,0,0,6,4,0,0,1,1,0,0,5
1,2,1,2,2,29923,0,1,1,2,2,1,1,2,1,0,1,0,0,1,4,0,1,2,2,1,1,4,1,1,2,1,1,1,-1,0,1,6,3,2,1,3,3,3,0,33
0,1,1,0,2,4601,0,1,0,0,2,1,1,2,1,0,2,0,0,1,4,0,1,0,2,1,1,4,1,1,2,1,1,1,2,4,2,6,3,3,1,0,1,3,0,33
0,0,2,3,2,7319,1,1,2,1,2,1,1,2,1,0,2,1,1,1,12,0,1,1,2,1,1,4,1,1,2,1,1,1,1,5,3,6,2,3,1,1,0,3,3,32
1,2,3,0,2,4376,1,1,1,1,2,1,1,2,1,0,2,1,1,1,12,0,1,1,2,1,1,4,1,1,2,1,1,1,-1,0,3,6,4,3,1,1,2,3,3,32
0,0,1,3,2,6000,1,0,0,0,2,1,3,1,1,0,1,0,0,1,12,0,1,1,0,1,1,4,0,1,2,1,1,1,1,0,3,6,3,3,1,1,0,3,4,33
1,1,2,2,2,7806,1,1,0,0,2,0,0,0,0,0,2,0,0,1,6,0,1,0,1,1,1,4,1,1,2,1,1,0,1,0,2,6,2,2,1,1,1,3,1,33
1,0,1,2,2,630,0,1,0,0,2,1,1,2,1,0,2,0,0,1,12,0,1,1,1,1,0,4,1,1,2,1,0,1,1,5,3,6,3,3,1,0,3,3,0,34
0,2,2,2,2,16419,0,1,1,2,2,1,3,1,1,0,2,0,0,1,12,0,1,0,1,1,1,4,1,0,2,1,1,3,2,5,2,6,3,3,0,1,0,3,4,34
1,2,1,2,2,16165,0,1,0,0,2,1,3,2,1,0,1,1,1,1,12,1,1,1,2,1,1,4,1,1,2,1,1,1,1,0,1,6,3,3,1,3,1,3,2,28
0,0,2,3,2,-1,1,1,1,1,2,1,3,1,1,0,0,0,0,1,12,0,1,0,1,1,1,4,1,1,2,1,1,3,0,0,2,6,4,2,1,3,1,3,0,28
0,2,2,0,2,-1,0,1,2,2,2,1,3,1,1,0,1,1,12,1,12,1,1,0,2,1,1,4,1,1,2,1,1,3,2,3,3,6,4,3,0,1,1,3,4,0
0,0,2,2,2,16955,0,1,1,1,2,1,3,2,1,0,1,0,0,1,2,1,1,0,2,1,1,4,1,1,2,1,1,1,1,0,2,6,4,3,1,3,3,3,3,34
0,0,0,1,2,1903,0,1,1,2,2,1,1,2,0,1,0,0,0,1,4,0,1,0,0,2,0,1,1,1,1,1,1,1,0,0,2,6,3,2,1,2,0,1,0,29
0,0,0,2,2,11459,0,1,0,0,2,1,1,2,1,0,2,0,0,1,12,0,1,1,1,1,1,4,1,1,2,1,0,1,-1,0,1,6,3,2,1,1,1,3,2,26
0,0,2,3,2,322,1,1,2,2,2,1,1,2,1,0,0,0,0,1,12,0,1,0,0,1,1,4,1,1,2,1,1,1,0,0,3,6,4,2,1,2,0,3,0,33
0,0,0,0,2,3635,0,0,1,1,2,1,3,2,1,0,1,0,0,1,4,1,1,1,1,1,0,4,0,1,1,1,0,1,1,0,1,6,3,2,1,0,1,3,2,26
0,0,0,1,2,175,1,1,0,0,2,1,3,1,0,0,2,1,12,1,12,0,1,1,0,4,0,4,1,1,1,1,0,3,-1,0,2,6,3,3,1,0,0,3,2,18
0,2,1,2,1,12303,0,1,1,1,2,1,1,1,0,0,1,0,0,1,12,1,1,2,2,1,1,4,1,1,2,1,0,1,1,0,2,6,3,3,1,1,0,3,1,33
0,0,2,2,2,662,1,0,0,0,2,1,1,2,1,0,0,0,0,1,12,0,1,0,1,1,1,4,1,1,2,1,1,1,0,0,2,6,4,2,1,0,1,3,0,31
1,0,2,1,2,274,0,1,0,0,2,1,1,1,0,0,2,0,0,1,12,0,1,0,0,1,0,4,1,1,2,1,1,1,0,0,2,6,3,3,1,2,1,3,2,23
0,0,0,2,2,602,0,1,0,0,1,1,1,2,1,0,0,0,0,1,4,0,1,1,0,1,1,4,1,1,2,1,1,3,0,0,0,5,3,2,1,2,0,3,0,33
0,0,1,3,2,30065,0,1,0,2,2,1,3,1,1,0,2,0,0,1,12,0,1,2,2,1,1,4,1,1,2,1,1,1,2,5,2,6,4,3,1,3,1,3,0,34
0,0,1,2,2,-1,0,1,0,0,2,1,1,1,0,0,2,0,0,1,3,0,1,2,2,1,1,4,0,1,2,1,0,2,1,0,1,6,2,3,1,2,1,3,4,31
0,0,2,0,2,11522,1,1,0,0,2,1,1,2,1,0,0,0,0,1,4,0,1,0,0,4,0,4,1,1,2,1,1,1,0,0,1,6,2,3,1,0,1,3,0,25
0,2,2,2,2,16130,0,1,1,2,2,1,3,2,1,0,1,0,0,1,6,1,1,1,2,1,1,4,1,1,2,1,1,1,1,0,3,6,4,3,1,1,1,3,1,32
1,2,1,1,2,8415,0,1,0,0,2,1,1,2,0,1,0,0,0,1,12,0,1,0,1,1,1,4,0,0,2,1,1,1,0,0,2,6,4,3,1,2,1,3,0,33
0,2,3,2,2,20528,1,1,0,0,2,1,1,1,1,0,1,0,0,1,12,1,1,0,2,1,1,4,0,1,2,2,1,1,1,0,3,6,4,3,1,3,1,3,1,34
0,0,2,0,2,1639,0,1,0,0,2,1,3,2,1,0,2,1,12,1,12,1,0,2,2,1,1,4,1,1,2,1,1,1,1,0,3,6,1,2,1,1,1,3,3,33
0,0,0,2,2,-1,1,1,2,2,2,1,1,2,1,0,2,0,0,1,12,0,1,1,1,1,1,4,1,1,2,1,1,1,0,0,1,6,4,2,1,2,0,3,0,33
0,2,1,3,1,6303,0,1,0,0,2,1,3,2,1,0,1,0,0,1,4,0,1,2,2,1,1,4,1,1,2,1,0,1,1,0,2,6,3,3,0,1,1,3,1,34
0,0,1,0,2,-1,0,0,1,2,2,1,1,2,1,0,1,0,0,1,4,0,1,1,1,4,1,3,1,1,1,1,1,1,1,0,1,6,3,2,1,1,1,3,1,33
0,0,2,3,2,8399,1,1,0,0,2,1,1,1,1,0,0,0,0,1,12,0,1,2,2,1,1,4,1,1,2,1,1,1,0,0,2,6,4,2,1,1,3,3,0,34
1,2,2,2,2,21682,0,1,1,0,2,1,3,2,1,0,1,1,4,1,12,1,1,1,2,1,1,4,1,1,2,1,0,1,2,3,1,6,3,3,1,3,1,3,3,34
0,2,0,0,1,8709,0,1,0,1,2,1,3,2,1,0,3,0,0,1,12,1,1,2,1,1,1,4,1,1,2,1,1,3,1,5,2,6,4,3,1,1,1,3,2,34
1,2,2,3,1,507,1,0,0,2,2,1,3,2,1,0,1,0,0,1,11,1,1,1,1,1,1,4,1,1,2,1,1,1,1,5,2,5,3,3,0,3,1,3,3,33
0,0,1,3,2,12997,1,1,0,0,2,1,1,2,0,0,2,0,0,1,12,0,1,1,0,1,1,4,1,1,2,1,1,1,0,0,3,6,3,3,1,2,0,3,0,33
0,0,2,2,2,-1,1,1,0,1,2,1,1,2,1,0,1,0,0,1,12,1,1,1,1,1,1,4,1,1,2,1,0,1,1,0,2,6,4,2,1,2,1,2,1,33
0,0,0,1,1,-1,0,0,1,1,1,0,0,0,0,1,0,0,0,1,3,0,0,0,0,4,0,0,0,0,1,2,0,0,0,0,1,0,1,2,1,0,3,0,0,32
0,0,1,1,2,8888,0,1,0,0,2,1,1,1,1,0,1,0,0,1,6,0,1,1,0,4,1,4,1,1,1,1,1,1,1,0,1,5,2,3,1,0,1,3,2,28
0,0,1,2,2,11067,0,1,0,0,2,1,1,2,1,0,2,0,0,1,12,0,1,2,1,1,1,4,1,0,2,1,1,1,1,5,1,6,4,2,1,1,3,3,1,27
0,2,1,3,2,19456,0,1,0,0,2,1,1,1,1,0,1,0,0,1,6,0,1,2,2,1,1,4,1,1,2,1,1,1,1,4,2,6,3,3,1,1,1,3,0,33
0,0,1,3,2,3853,1,1,1,1,2,1,1,1,0,1,0,0,0,1,6,0,1,0,0,1,0,4,1,1,2,1,1,1,0,0,3,6,4,2,1,2,1,3,0,31
1,2,2,2,2,6342,0,0,1,1,2,1,1,1,1,0,2,0,0,1,4,0,1,0,1,4,1,4,1,1,2,1,1,1,2,4,3,6,3,3,1,3,1,3,4,29
1,0,3,0,2,21266,1,1,0,0,2,1,3,1,1,0,2,0,0,1,6,1,1,1,0,1,1,4,1,1,2,1,0,1,2,3,3,6,4,3,1,3,3,3,4,32
0,2,1,1,2,0,1,1,0,0,2,1,1,2,1,0,0,0,0,1,4,0,1,1,2,1,1,4,0,1,2,1,1,1,0,0,3,6,3,3,1,3,1,3,0,33
0,0,0,0,2,10783,0,1,0,0,2,1,3,2,1,0,2,0,0,1,6,0,1,1,1,1,1,2,1,1,2,1,1,3,1,3,3,6,3,3,1,1,3,1,1,32
1,2,2,2,2,17371,0,1,0,0,2,1,1,2,1,0,2,0,0,1,12,0,1,1,1,1,1,4,1,1,2,1,1,1,2,5,2,6,4,3,1,1,0,3,1,32
0,2,1,2,2,1187,0,0,0,0,2,1,1,2,1,0,2,1,12,1,12,0,1,0,2,5,0,4,1,1,2,1,1,3,2,5,2,6,4,3,1,1,1,2,1,32
0,0,3,3,2,7003,0,1,2,2,2,1,1,1,1,0,1,0,0,1,12,1,1,0,2,1,1,4,1,1,2,1,1,1,1,0,3,6,3,3,1,1,1,3,3,33
1,0,0,2,2,12986,0,1,0,0,2,1,3,2,1,0,2,0,0,1,12,0,1,1,0,4,1,4,1,0,2,1,1,1,1,0,2,6,2,3,1,1,1,3,4,30
0,2,2,3,1,987,1,1,0,0,2,1,1,2,1,0,1,0,0,1,12,0,1,1,1,1,1,4,1,1,2,1,0,1,2,3,3,6,4,3,0,1,3,3,4,33
0,0,2,2,2,-1,1,1,1,1,2,1,1,2,1,0,2,0,0,1,12,0,1,1,0,1,1,4,1,1,2,1,1,1,-1,0,2,6,3,3,1,1,1,3,4,32
1,0,2,2,2,12306,0,1,0,0,2,1,1,2,1,0,1,1,2,1,4,1,1,2,0,1,1,4,1,1,2,1,1,1,1,0,2,5,3,2,1,1,1,3,2,32
0,2,1,3,1,27381,0,0,1,1,2,1,3,2,1,0,1,1,1,0,0,1,1,0,1,1,1,4,1,0,2,1,0,1,2,5,1,6,4,3,1,1,3,3,4,34
1,0,0,1,2,120,1,1,1,0,2,1,1,1,1,0,2,0,0,1,4,1,1,1,0,1,0,4,1,1,2,1,0,3,-1,0,2,6,3,3,1,2,1,3,4,34
0,0,2,2,2,13535,0,1,0,0,2,1,1,2,1,0,0,0,0,1,4,0,1,0,2,1,1,4,1,1,2,1,1,1,0,0,3,6,4,3,1,3,1,3,0,28
1,0,1,2,2,2121,0,1,1,2,2,1,3,2,1,0,2,0,0,1,4,1,1,0,2,1,0,4,1,0,2,2,1,3,1,0,1,6,3,3,1,3,3,3,4,32
1,0,2,1,2,7242,0,1,0,0,2,1,1,2,0,1,2,0,0,1,12,0,1,0,0,4,1,4,1,1,2,1,1,1,-1,0,3,5,3,3,1,2,3,3,0,18
1,0,2,2,2,5421,0,1,1,2,2,1,1,2,1,0,0,0,0,1,4,0,1,0,0,1,0,4,1,1,2,1,1,1,0,0,3,6,3,3,1,2,1,3,0,32
0,0,1,2,2,5732,0,1,0,0,2,1,1,1,1,0,2,1,12,1,12,0,1,1,1,4,0,4,1,1,2,1,1,1,1,5,3,5,4,3,1,2,1,3,1,34
0,0,0,1,2,2026,1,0,0,0,2,1,3,2,1,0,1,0,0,1,12,1,1,0,0,1,0,4,0,1,1,2,0,1,1,0,0,6,3,3,1,2,1,3,4,29
0,0,0,2,2,16491,0,1,0,0,2,1,1,2,1,0,1,0,0,1,4,0,0,0,0,1,0,4,1,1,2,1,1,1,1,2,2,6,1,3,1,2,1,3,2,28
0,0,2,2,2,7234,0,1,0,0,2,1,1,2,1,0,2,0,0,1,12,0,1,1,2,1,1,4,1,1,2,1,1,1,1,5,3,6,4,2,1,3,1,3,1,34
0,2,2,0,2,4016,0,1,0,0,2,1,3,2,1,0,1,1,12,1,12,0,1,1,2,1,1,4,1,1,2,1,1,0,2,5,3,6,4,3,1,3,1,3,3,31
1,0,3,2,2,31014,1,1,1,1,2,1,1,1,1,0,1,1,4,1,0,1,1,1,2,1,1,4,1,1,2,1,1,1,1,0,3,6,3,3,1,3,1,3,2,34
1,2,1,2,2,10630,0,1,0,0,2,1,1,2,1,0,2,0,0,1,6,0,1,0,1,1,1,4,1,1,2,1,1,1,-1,0,2,6,2,3,1,1,1,3,0,33
0,0,0,1,2,1724,1,1,1,2,2,1,1,1,1,0,0,1,2,1,4,1,1,1,0,4,0,2,1,1,2,1,1,1,0,0,2,2,3,2,1,2,1,1,0,28
0,0,2,2,2,18819,0,1,0,0,2,1,1,2,1,0,1,0,0,1,4,0,1,0,0,1,1,4,1,0,2,1,0,1,-1,0,2,6,4,3,1,1,3,3,2,30
0,0,0,1,2,2465,0,1,1,2,2,1,1,2,1,0,0,0,0,1,6,0,1,0,0,2,0,2,1,1,1,1,0,1,0,0,2,6,3,2,1,2,1,3,0,29
1,0,2,1,2,13846,0,1,0,0,2,1,1,2,1,0,0,0,0,1,4,0,1,0,2,2,1,4,0,1,2,2,1,1,0,0,3,6,3,3,1,1,3,3,0,32
0,2,2,2,2,31547,1,0,0,0,2,1,1,2,1,0,2,0,0,1,6,0,1,2,1,1,1,4,1,1,2,1,1,3,1,2,3,6,4,3,1,1,3,3,2,33
0,2,0,2,2,7468,0,1,0,0,2,1,2,1,0,1,0,0,0,1,12,0,1,0,0,1,1,4,1,1,2,1,1,2,0,0,2,6,4,3,0,1,1,2,0,27
1,0,3,3,2,-1,1,1,0,0,2,1,3,2,1,0,2,1,2,1,12,0,1,1,2,1,1,4,1,1,2,1,0,1,2,3,2,6,3,3,1,1,3,3,4,33
1,0,1,2,2,37284,0,1,2,1,2,1,3,2,1,0,1,0,0,1,6,1,1,1,0,1,1,4,1,1,2,1,0,1,1,0,3,6,4,3,1,2,1,3,1,34
0,0,3,2,2,15320,0,0,0,0,2,1,3,2,0,1,2,0,0,1,4,1,1,2,1,1,1,4,1,1,2,1,0,1,-1,0,2,6,3,3,1,2,1,3,2,31
1,0,1,2,2,3244,1,1,1,2,2,1,3,2,1,0,1,1,1,1,12,1,0,1,0,1,1,4,1,1,2,1,1,1,1,0,1,6,1,3,1,2,1,3,2,34
1,0,0,1,2,79,1,1,0,2,2,1,1,2,1,0,1,0,0,1,4,1,1,0,1,4,0,4,0,1,2,1,1,3,1,0,2,6,4,3,1,1,1,3,3,34
1,2,2,2,2,16250,1,1,1,1,2,1,1,1,1,0,0,0,0,1,4,0,1,0,1,1,1,4,0,1,2,1,1,1,0,0,2,6,2,3,1,1,1,3,0,34
1,2,2,1,2,11997,0,0,0,0,2,1,3,2,0,0,1,0,0,1,4,1,1,2,2,1,1,4,1,1,2,1,0,3,1,5,2,6,3,3,1,3,3,3,3,34
0,0,2,2,2,21,0,1,4,2,2,1,3,2,1,0,2,1,4,1,4,0,1,1,1,1,1,4,1,1,2,1,1,1,-1,0,3,6,3,3,1,1,3,3,1,34
0,0,0,3,2,-1,0,1,0,0,1,0,0,0,0,0,2,1,2,1,12,1,1,2,0,1,0,4,0,1,2,1,0,0,1,0,2,6,3,3,1,1,1,1,2,31
1,0,2,2,2,2843,1,1,0,0,2,1,1,2,1,0,1,0,0,1,4,0,1,0,1,1,1,4,1,0,2,1,1,2,2,4,2,3,4,3,1,1,1,3,0,33
0,0,1,2,2,6853,1,1,0,0,2,1,1,2,1,0,2,0,0,1,12,0,1,1,0,1,1,4,1,1,2,1,1,1,1,5,2,6,3,3,1,2,1,3,1,32
1,0,1,2,2,10411,0,1,0,0,2,1,1,2,1,0,2,0,0,1,4,1,1,0,1,4,1,4,1,1,2,1,1,1,1,0,1,6,3,2,1,2,1,3,3,33
0,0,1,3,2,509,0,0,0,0,2,1,1,2,1,0,2,0,0,1,4,0,1,1,2,1,1,4,1,1,2,1,1,1,1,0,2,6,4,2,1,3,3,3,2,33
0,0,0,1,2,3946,0,1,0,0,2,1,3,2,1,0,0,1,1,1,4,1,1,0,2,1,1,4,1,1,2,1,1,1,0,0,3,6,3,3,1,2,1,3,0,28
1,2,1,3,2,8061,1,1,2,0,2,1,3,1,1,0,1,0,0,1,12,1,1,0,2,1,1,4,1,1,2,1,1,1,2,4,3,6,3,3,1,3,1,3,4,31
0,0,3,3,2,34663,1,1,0,0,2,1,3,2,1,0,1,1,2,1,12,1,1,2,2,1,1,4,1,1,2,1,1,1,1,0,3,6,4,3,1,3,1,3,1,31
1,2,2,2,1,32933,0,1,0,1,2,1,3,2,1,0,2,0,0,1,4,0,1,2,2,1,1,4,1,1,2,1,1,1,1,0,2,6,4,3,0,1,1,3,3,27
0,0,2,3,1,47755,0,1,0,0,2,1,1,2,1,0,1,0,0,0,0,0,1,0,0,1,1,4,1,0,2,2,1,0,2,5,0,6,4,0,0,2,3,1,4,3
0,0,1,3,2,5971,1,1,0,0,2,1,3,2,1,0,1,0,0,0,0,1,1,2,1,1,1,4,1,1,2,1,1,1,1,0,1,6,3,2,1,1,0,3,3,27
0,0,0,1,2,5000,0,1,0,0,2,1,1,2,1,0,1,0,0,1,4,1,1,0,0,1,1,4,0,1,2,1,1,1,-1,0,2,6,3,2,1,2,1,3,2,29
0,0,2,2,1,6380,0,1,0,0,2,1,3,1,1,0,1,1,4,1,4,0,1,1,1,1,1,4,0,1,2,1,1,1,1,0,2,6,4,2,1,1,3,3,2,34
0,0,2,0,2,8297,0,1,0,0,2,1,1,2,1,0,2,0,0,1,12,0,1,1,1,1,1,4,1,1,2,1,1,1,1,0,2,6,3,3,1,2,1,3,2,28
0,0,0,2,2,459,0,1,0,0,2,1,1,2,1,0,2,0,0,1,12,0,1,2,0,1,1,4,1,1,2,1,1,1,1,0,2,6,3,3,1,2,1,3,1,33
0,0,2,0,2,12171,1,1,0,0,2,1,1,2,1,0,2,1,1,1,1,0,1,1,1,1,1,4,1,1,2,1,1,3,2,5,3,6,4,3,1,2,3,3,1,33
0,0,1,2,2,12208,0,1,3,1,2,1,3,1,0,0,1,0,0,1,12,1,1,0,2,1,1,4,1,0,2,1,1,1,1,0,2,6,3,2,1,1,1,3,3,27
1,2,3,3,2,1759,1,1,1,1,2,1,1,2,1,0,2,1,1,1,12,0,1,2,2,1,1,4,1,1,2,1,1,3,-1,0,3,6,4,3,1,3,1,3,3,32
0,2,2,0,1,16728,0,0,0,0,2,1,3,2,1,0,1,1,12,1,12,1,1,2,0,1,1,4,1,1,2,1,1,1,2,5,2,6,4,3,0,1,3,3,4,34
1,0,1,3,2,7046,1,0,0,0,2,1,3,2,0,1,2,0,0,1,12,1,1,2,1,1,1,4,1,1,2,1,1,1,1,0,3,6,2,2,1,1,1,3,4,32
0,0,0,1,2,1094,0,1,0,0,2,1,1,2,1,0,0,0,0,1,6,0,1,1,0,4,0,2,1,0,2,1,1,3,0,0,2,6,3,3,1,2,1,1,0,28
0,0,0,3,1,13235,0,0,0,1,2,1,3,1,1,0,3,0,0,1,12,1,1,0,2,1,1,4,1,1,2,1,1,1,1,0,2,6,3,2,0,2,0,3,3,32
1,2,2,3,1,16158,1,0,0,0,2,1,1,1,1,0,2,0,0,1,17,0,1,0,1,1,1,4,1,1,2,1,1,0,1,3,1,6,4,3,1,1,1,3,4,0
1,2,2,2,1,33290,1,1,0,0,2,1,3,2,1,0,1,1,6,1,4,1,1,1,2,1,1,4,1,0,2,1,1,1,2,5,2,6,3,3,0,3,1,3,4,29
1,0,2,2,2,2890,1,1,0,0,2,1,3,2,1,0,1,0,0,1,2,0,1,1,0,1,1,4,0,1,2,1,1,1,2,5,3,6,4,3,1,0,3,3,3,33
0,0,0,2,2,17278,1,1,0,2,2,1,3,1,0,0,2,0,0,1,11,0,1,2,0,1,1,4,1,1,2,1,1,1,2,1,2,6,3,3,1,2,1,2,4,30
1,0,2,2,2,273,0,1,0,0,2,1,1,1,0,0,0,0,0,1,12,0,1,0,0,4,0,4,0,1,1,1,1,1,0,0,2,6,3,3,1,2,1,3,0,23
1,0,1,2,2,-1,1,1,0,0,0,1,1,1,1,0,2,0,0,1,12,0,1,0,1,1,1,4,1,1,2,2,1,1,-1,0,2,6,4,3,1,0,1,3,1,28
1,0,1,2,2,491,0,1,0,0,2,1,1,2,0,1,0,0,0,1,12,0,1,1,0,4,0,4,1,1,1,2,1,1,0,0,2,6,3,0,1,1,1,3,0,29
0,0,1,2,2,7542,1,1,1,0,2,1,1,2,1,0,2,0,0,0,0,1,0,1,1,1,1,4,1,0,1,1,0,1,-1,0,0,6,1,2,1,1,3,1,2,31
1,2,2,2,2,16000,1,1,1,2,2,1,1,2,1,0,2,1,2,1,4,0,1,1,1,1,1,4,1,1,2,1,1,1,0,0,0,6,4,3,1,1,1,3,0,30
1,0,2,2,2,0,1,1,1,1,2,1,3,2,0,1,1,0,0,1,2,1,1,1,0,4,1,2,1,1,2,2,1,1,1,0,1,6,3,2,0,2,1,3,0,30
0,0,3,2,2,28558,1,1,0,2,2,1,1,2,1,0,2,1,1,1,6,0,1,1,2,1,1,4,1,1,2,1,1,1,0,0,2,6,4,2,1,1,1,3,0,33
0,0,3,2,2,15785,1,1,2,1,2,1,3,2,1,0,1,0,0,1,12,0,1,1,1,1,1,4,1,1,2,1,1,1,1,0,3,6,4,3,1,1,1,2,2,25
1,0,1,1,2,12608,0,1,0,0,2,1,1,2,1,0,2,0,0,1,12,1,1,2,1,1,1,3,1,1,2,1,1,1,-1,0,3,6,3,3,1,1,0,3,0,33
1,0,1,2,2,-1,1,1,1,2,2,1,1,2,1,0,0,0,0,1,4,0,1,0,0,1,1,4,0,1,2,1,1,1,0,0,2,6,4,3,1,1,1,3,0,31
0,0,0,1,2,68,1,0,1,2,2,1,3,2,1,0,1,0,0,1,6,0,1,1,1,4,1,4,1,1,2,1,1,1,1,0,2,6,3,3,1,1,3,3,4,32
0,2,0,2,2,26351,0,1,0,0,2,1,1,2,0,1,2,0,0,1,12,0,1,1,2,1,1,4,0,1,2,1,1,1,1,1,2,5,3,2,1,0,3,3,1,33
0,0,0,2,2,-1,1,1,1,2,2,1,3,2,0,1,1,0,0,1,12,1,1,1,1,1,1,4,1,1,2,1,1,1,1,0,1,6,4,2,1,1,1,3,1,33
1,0,3,0,2,15399,0,1,2,1,2,0,0,0,0,1,2,1,1,1,12,1,1,2,0,1,1,4,1,0,2,1,1,0,2,2,2,6,3,3,1,1,3,3,4,27
1,0,2,2,2,3617,0,1,1,2,2,1,1,2,0,1,2,1,3,1,3,1,1,1,1,5,1,4,1,1,2,1,1,1,1,4,2,6,4,3,1,0,3,3,3,32
1,0,2,2,2,36828,1,1,1,1,2,1,3,1,1,0,1,0,0,1,12,1,1,1,2,1,1,4,1,0,2,1,1,1,2,4,3,6,3,3,1,3,1,3,3,31
0,2,2,3,2,5492,0,1,1,2,2,1,1,2,1,0,1,0,0,1,4,0,1,1,2,1,1,4,1,1,2,1,1,1,2,4,2,3,4,2,1,1,1,3,2,31
0,0,1,1,2,2872,0,1,0,0,2,1,3,1,0,0,1,0,0,1,6,1,1,2,0,4,0,2,1,1,1,1,1,1,1,0,2,6,3,2,1,2,1,3,4,25
0,2,0,2,2,10420,0,1,0,0,2,1,1,1,1,0,0,1,12,1,10,0,1,0,1,4,1,4,1,1,2,1,1,1,0,0,2,6,3,3,1,1,0,3,0,33
0,2,2,2,2,25630,0,1,1,1,2,1,3,2,1,0,1,0,0,1,12,0,1,1,2,1,1,4,1,1,2,1,1,1,2,1,3,6,3,3,1,1,1,3,4,33
0,0,2,2,2,0,1,0,0,0,2,1,1,2,0,0,0,0,0,1,4,0,1,0,0,1,0,4,1,1,2,2,1,1,0,0,2,6,4,2,1,2,1,3,0,33
0,0,1,0,1,-1,1,1,0,0,2,1,3,1,1,0,1,1,1,1,12,1,1,0,2,1,1,4,0,1,2,2,1,1,2,1,3,6,3,3,0,3,1,1,4,32
0,0,1,0,2,20471,0,0,0,0,2,1,1,2,1,0,1,0,0,1,12,0,1,1,2,1,1,4,1,1,2,1,1,1,-1,0,3,6,4,3,1,1,3,3,0,32
0,2,2,2,2,32011,1,1,0,0,2,1,3,2,1,0,1,1,14,1,4,1,1,2,1,0,1,4,1,1,2,1,1,1,2,5,2,6,4,3,0,1,3,2,3,29
0,0,1,3,2,2772,0,1,0,0,2,1,3,2,0,0,1,0,0,1,4,1,1,1,1,1,1,4,1,1,2,1,1,1,1,0,2,6,4,2,1,1,0,1,2,29
0,0,0,1,2,3183,1,0,0,0,2,1,3,2,0,1,2,0,0,1,4,1,1,2,1,1,1,4,1,1,2,1,1,1,-1,0,3,6,4,3,1,3,1,3,1,34
0,0,2,1,2,5360,1,1,0,0,2,1,1,2,1,0,2,0,0,1,12,0,1,0,0,1,1,4,1,1,2,1,1,1,0,0,0,6,3,2,1,3,1,3,4,29
0,0,2,3,2,21123,1,1,0,0,2,1,3,2,1,0,1,1,3,1,12,1,1,2,2,1,1,4,1,1,2,1,1,1,2,2,1,6,4,3,1,3,3,3,3,33
1,0,2,0,2,-1,1,1,2,2,2,1,1,2,1,0,2,0,0,1,4,0,1,1,0,1,1,4,1,1,2,1,1,1,-1,0,2,6,4,3,1,1,1,3,0,33
1,2,2,3,2,30197,1,1,1,0,2,1,1,1,1,0,2,0,0,1,12,0,1,2,0,1,1,4,1,1,2,1,0,1,1,5,3,6,4,3,1,3,0,3,4,29
0,2,2,3,2,7303,0,1,1,1,2,1,1,2,1,0,1,1,1,1,12,0,1,1,0,1,1,3,1,1,2,1,1,1,1,0,1,6,4,2,1,3,1,2,0,31
0,0,2,3,2,8235,0,1,0,2,2,1,1,2,1,0,2,0,0,1,12,0,1,1,1,1,1,4,1,1,2,1,1,1,2,2,3,6,3,3,1,1,3,3,3,32
0,0,3,2,2,7464,1,1,0,2,2,1,1,2,1,0,2,1,3,1,12,0,1,0,0,1,1,4,1,1,2,1,1,1,1,5,2,6,4,3,1,1,1,3,3,32
0,0,0,3,2,-1,1,0,0,0,2,1,1,1,1,0,1,0,0,1,12,1,1,2,1,1,1,4,1,1,2,1,0,1,1,0,1,6,3,2,1,1,3,3,2,33
1,2,2,2,2,37355,1,1,0,0,2,1,1,2,1,0,2,0,0,1,12,0,1,1,1,4,1,4,1,1,2,1,1,3,1,5,2,6,2,3,1,2,1,3,2,27
1,0,2,2,2,15044,1,1,0,0,2,1,1,2,1,0,2,0,0,1,12,0,1,2,2,1,1,4,1,1,2,1,1,3,1,5,2,5,3,3,1,1,1,3,4,33
0,0,1,2,2,8409,1,1,1,1,2,1,3,1,0,0,2,0,0,1,6,0,1,0,0,1,1,4,1,0,2,1,1,1,1,0,3,6,4,3,1,1,0,3,1,33
1,0,0,2,2,9427,0,1,1,1,1,1,1,2,1,0,0,0,0,1,12,1,1,1,0,4,0,4,1,1,2,1,1,1,0,0,2,6,4,3,1,2,1,3,0,31
0,2,2,2,1,20385,0,1,1,2,2,1,3,2,1,0,1,0,0,1,12,1,1,1,2,4,1,4,1,1,2,2,1,3,2,5,2,6,4,2,0,1,3,3,4,29
0,0,2,2,2,9547,0,1,0,0,2,1,1,1,1,0,2,0,0,1,12,0,1,1,1,1,1,4,0,1,2,1,1,1,0,0,2,6,4,3,1,2,1,3,0,32
0,0,0,0,2,10767,0,1,0,0,2,1,3,1,1,0,1,0,0,1,4,0,1,1,2,1,1,4,1,1,2,1,0,1,1,0,2,6,4,3,1,1,1,1,3,29
0,0,0,1,2,4678,0,1,0,2,2,1,1,1,0,0,2,0,0,1,12,0,1,1,1,1,0,2,1,1,1,1,0,1,1,3,2,6,3,3,1,1,1,3,4,25
0,0,1,3,2,-1,0,0,0,1,2,1,1,1,1,0,0,0,0,1,4,0,1,0,0,1,1,4,0,1,2,1,0,1,0,0,3,6,3,2,1,1,1,3,0,33
1,2,1,0,1,0,0,1,0,0,2,1,3,1,1,0,2,0,0,1,12,1,1,0,0,4,1,3,1,0,2,1,1,1,2,4,3,6,3,3,0,1,1,3,1,30
1,2,2,3,1,-1,1,1,1,1,2,1,1,2,1,0,2,0,0,1,4,0,1,1,2,1,1,4,0,1,2,1,1,1,1,0,2,6,4,3,0,1,3,3,2,34
0,0,0,3,2,15,0,1,1,2,2,1,1,2,1,0,0,1,2,1,2,0,1,0,1,4,1,4,1,1,1,1,1,1,0,0,3,6,4,2,1,0,1,1,0,24
1,0,0,2,2,-1,1,0,3,2,2,1,1,2,1,0,1,0,0,1,12,1,1,0,0,1,0,4,1,1,2,1,1,1,1,0,0,6,3,3,1,1,3,3,2,33
0,0,0,1,2,11254,0,1,3,2,2,1,1,1,0,1,2,1,4,1,4,0,1,1,0,1,1,4,1,0,2,1,1,1,-1,0,1,6,3,2,1,1,3,3,2,22
0,0,1,3,2,72833,1,1,1,1,2,1,1,1,0,0,0,1,4,1,2,0,1,1,1,1,1,4,1,1,2,1,1,3,0,0,3,6,3,2,1,2,1,3,0,24
1,0,2,3,2,-1,0,1,2,2,2,1,2,1,1,0,1,1,0,1,1,1,1,2,2,1,1,4,1,1,2,1,1,2,1,0,1,6,3,3,1,3,3,3,4,27
1,0,1,2,2,3944,0,1,0,0,2,1,1,2,1,0,2,0,0,1,4,0,1,0,1,1,0,4,1,1,2,1,1,1,1,0,3,6,4,3,1,2,1,3,0,32
1,0,3,3,2,399,1,1,0,0,2,1,1,2,1,0,0,1,4,1,8,0,1,0,2,1,1,4,1,1,2,1,1,1,0,0,2,6,4,2,1,3,1,3,0,32
1,2,2,2,1,0,0,1,0,0,2,1,3,1,1,0,1,0,0,1,4,1,1,0,2,1,1,4,1,1,2,1,0,1,2,4,3,6,4,3,1,1,0,3,2,31
0,0,2,2,2,4280,1,1,1,2,2,1,1,1,0,1,2,1,0,1,12,0,1,1,1,1,1,3,1,1,2,1,1,1,-1,0,3,6,4,3,1,1,1,3,2,33
1,0,2,1,2,7465,1,1,0,0,2,1,3,1,1,0,1,0,0,1,12,1,1,0,1,1,0,4,1,1,1,2,1,1,1,0,2,6,3,3,1,2,1,3,2,30
0,2,2,3,2,743,1,1,1,2,2,1,3,2,1,0,2,0,0,1,12,0,1,0,2,1,1,4,0,1,2,1,1,1,2,5,3,6,4,3,1,1,1,3,0,31
1,2,1,2,1,31533,1,0,0,0,2,1,3,1,1,0,1,0,0,1,12,0,1,0,2,1,1,4,1,1,2,1,1,1,1,0,3,6,4,3,1,1,0,3,1,34
1,2,3,2,2,33370,0,1,1,2,2,1,3,2,1,0,2,0,0,1,12,0,1,2,2,1,1,4,1,0,2,1,1,1,1,5,3,6,4,3,1,1,1,3,1,34
0,0,1,2,2,7786,1,1,3,1,2,1,3,2,1,0,2,0,0,1,12,1,1,0,0,4,1,4,1,1,2,1,1,1,1,0,3,6,4,2,1,1,1,3,3,25
1,2,2,0,1,5595,1,1,0,2,2,1,3,2,1,0,3,1,12,1,12,1,1,2,1,1,1,4,1,1,2,1,1,1,1,4,2,6,4,3,0,1,1,3,4,34
0,0,0,1,2,-1,0,1,0,0,1,0,0,0,0,1,1,0,0,1,4,1,1,2,0,1,0,1,0,1,1,2,0,0,1,0,1,6,3,2,1,0,1,3,0,26
1,0,2,2,2,23230,1,1,1,1,2,1,1,1,1,0,2,0,0,0,0,0,1,1,0,1,1,4,1,0,2,1,1,1,-1,0,3,6,3,3,1,1,0,3,0,33
1,2,1,2,2,-1,0,1,1,2,2,1,3,1,1,0,1,0,0,1,6,1,1,2,2,1,1,4,1,1,2,1,1,3,1,0,3,6,4,3,1,3,1,3,3,28
1,0,1,1,2,6705,0,1,0,0,2,1,3,2,0,0,1,0,0,1,4,0,1,0,1,2,0,4,1,1,2,2,0,2,1,5,2,6,3,3,1,2,1,3,1,32
0,2,2,2,2,-1,1,1,0,0,2,1,1,2,0,1,1,0,0,1,6,1,1,1,1,1,1,4,1,1,2,1,1,1,2,2,3,6,3,3,1,2,2,3,4,33
1,2,3,2,1,-1,0,1,1,2,2,1,3,2,0,1,1,0,0,1,12,1,1,0,2,1,1,4,1,1,2,1,1,3,1,0,2,6,3,3,1,1,3,3,3,28
0,0,0,1,2,1072,1,1,1,2,2,1,1,2,1,0,1,0,0,1,6,1,1,1,1,1,0,4,0,1,1,1,1,1,1,0,3,6,4,2,1,0,3,3,1,31
0,2,2,0,2,3258,0,1,0,0,2,1,1,2,1,0,2,0,0,1,4,0,1,2,2,1,1,4,1,0,2,1,1,1,2,5,3,6,4,3,1,1,3,3,3,31
0,1,3,0,1,16923,0,1,0,0,2,1,1,2,1,0,1,0,0,0,0,0,1,0,1,1,1,4,1,1,1,2,1,0,2,5,0,6,3,0,0,1,0,1,2,0
0,2,2,3,1,132,1,1,1,1,2,1,3,2,1,0,2,1,12,1,12,1,1,0,2,1,1,4,1,1,2,1,1,1,2,5,2,6,4,3,1,1,1,3,1,34
0,2,2,2,2,-1,0,1,1,0,2,1,3,2,1,0,2,1,3,1,12,1,1,1,2,1,1,4,1,1,2,1,1,3,2,2,1,6,4,3,1,3,1,3,2,34
1,2,2,3,2,40447,1,1,0,0,2,1,3,1,0,1,1,0,0,1,12,1,1,1,2,1,1,4,1,1,2,1,1,1,1,0,2,6,4,3,1,1,0,3,3,32
0,0,0,1,2,2723,0,1,0,0,1,1,3,2,1,0,2,0,0,1,4,1,1,2,0,1,0,3,0,1,2,1,1,1,-1,0,1,2,2,2,1,1,1,0,4,31
0,0,0,1,2,0,0,1,0,0,1,0,0,0,1,0,1,0,0,1,3,0,1,1,0,1,0,0,0,0,1,2,0,0,-1,0,1,3,1,2,1,3,1,1,3,34
1,0,1,2,2,888,1,0,0,0,2,1,1,1,1,0,2,0,0,1,4,0,1,1,0,1,1,4,1,1,2,1,1,1,1,5,3,6,3,3,1,1,1,3,1,25
1,2,3,3,1,25526,1,1,1,1,2,1,3,2,1,0,1,0,0,1,4,1,1,0,1,1,1,4,1,1,2,1,1,1,1,0,3,6,3,3,1,2,3,3,3,31
1,0,3,2,2,604,1,1,1,2,2,0,0,0,1,0,1,0,0,1,6,1,1,1,1,1,1,4,1,1,2,1,1,0,1,0,3,6,4,3,1,1,1,3,2,33
1,0,2,3,2,21397,0,1,0,2,2,1,1,1,0,1,2,1,0,1,6,0,1,1,2,1,1,4,1,1,2,1,1,1,1,5,3,6,3,3,1,1,1,3,4,33
0,0,0,0,2,-1,0,1,0,1,2,1,3,2,0,0,1,0,0,1,4,0,1,2,0,1,0,2,1,1,1,1,0,3,1,0,2,6,3,3,1,1,0,1,3,30
0,0,0,1,2,3029,0,1,2,1,2,0,0,0,0,1,0,0,0,1,6,1,1,2,0,1,0,4,0,1,1,2,1,0,0,0,2,0,3,3,1,2,1,3,0,31
1,0,2,2,2,15024,0,0,0,0,2,1,3,2,1,0,3,1,6,1,12,1,1,1,2,1,1,4,1,1,2,1,1,3,1,0,2,6,4,3,1,1,1,3,2,33
0,2,2,3,2,6820,1,0,0,0,2,1,1,2,1,0,3,0,0,1,5,0,1,2,1,1,1,4,1,1,2,1,1,1,1,5,3,6,4,3,1,1,1,3,1,32
1,0,1,2,2,11649,0,1,0,0,2,1,3,2,1,0,1,0,0,1,4,0,1,1,1,1,1,4,1,1,2,1,1,1,2,4,3,6,3,3,1,1,1,3,4,34
0,2,1,2,2,6904,0,1,1,0,2,1,1,1,1,0,2,0,0,1,12,0,1,0,0,1,1,4,0,1,2,1,1,1,0,0,2,6,3,3,1,0,1,3,0,33
0,0,2,1,2,69,0,1,0,0,2,1,1,1,1,0,2,0,0,1,12,0,1,2,1,1,1,4,1,1,1,1,1,1,1,4,2,6,4,3,1,2,1,3,1,28
0,0,0,1,2,2884,0,0,0,0,2,1,3,2,1,0,2,1,4,1,4,0,1,1,1,1,0,4,0,0,2,1,0,1,1,0,2,0,2,2,1,3,1,3,2,34
1,0,2,1,2,8326,0,1,0,0,2,1,3,2,1,0,0,0,0,1,4,1,1,2,0,1,0,4,1,1,2,1,1,1,0,0,2,6,3,3,1,2,1,3,0,33
1,2,1,2,2,4109,1,1,1,2,2,1,2,2,1,0,1,0,0,1,12,1,1,0,2,1,1,4,1,1,2,1,1,1,1,5,2,6,4,3,1,1,1,3,3,34
1,2,3,3,1,29793,1,1,0,0,2,1,1,2,0,1,2,1,12,1,12,0,1,2,2,1,1,4,1,1,2,1,1,1,-1,0,3,6,3,3,0,3,1,3,2,32
1,0,2,2,2,22944,1,1,1,1,2,1,3,2,1,0,2,0,0,1,12,0,1,1,1,1,1,4,1,1,2,1,1,1,1,0,3,6,4,3,1,2,0,3,2,32
1,0,1,3,2,16329,1,0,4,1,2,1,1,1,1,0,0,0,0,1,4,0,1,0,0,1,1,4,1,1,1,2,1,1,0,0,1,3,3,2,1,2,1,2,0,31
1,0,1,2,2,626,1,1,0,0,2,1,1,2,1,0,2,0,0,1,12,0,1,1,2,1,1,4,1,0,2,1,1,1,1,5,2,6,3,3,1,1,1,3,3,33
1,0,2,2,2,-1,1,1,0,0,2,0,0,0,0,0,2,1,6,1,6,1,1,0,1,1,1,4,1,1,2,1,1,0,1,0,3,6,4,3,1,1,1,3,2,32
0,2,2,3,2,8177,1,1,0,0,2,1,1,2,1,0,2,0,0,1,4,1,1,0,2,1,1,4,1,1,2,1,1,1,1,4,2,6,2,3,0,3,1,3,4,34
0,2,1,2,2,18179,1,1,0,0,2,1,3,1,1,0,1,1,4,1,12,1,1,1,2,1,1,4,1,1,2,1,0,1,1,3,3,6,3,3,1,1,1,3,3,34
1,0,2,3,2,10250,1,1,1,1,2,1,1,1,1,0,0,0,0,1,12,0,1,0,0,1,1,4,1,1,2,1,0,1,0,0,2,6,3,3,1,2,1,3,0,30
0,0,1,3,2,2296,0,0,0,0,2,1,1,2,1,0,2,0,0,1,12,0,1,2,0,1,1,4,1,0,2,1,1,1,-1,0,1,6,3,2,1,2,1,3,4,28
0,2,2,3,2,20179,1,1,1,2,2,1,3,2,0,1,1,0,0,1,6,1,1,2,2,1,1,4,1,1,2,1,1,1,2,5,3,3,4,3,0,1,1,3,4,29
1,0,2,2,2,2508,1,0,0,2,2,1,3,1,0,0,2,0,0,1,6,0,1,2,0,1,1,4,1,1,2,1,1,1,1,0,3,6,3,3,1,2,3,3,2,33
0,2,1,2,2,3298,0,1,0,0,2,1,1,2,1,0,1,0,0,1,4,1,1,0,1,1,1,4,1,1,1,1,1,1,-1,0,2,6,3,2,1,1,1,3,1,29
0,0,1,1,2,8410,0,1,2,2,2,1,3,2,1,0,2,0,0,1,2,1,1,2,0,1,1,4,1,0,1,2,1,3,1,0,2,6,4,3,1,2,3,3,3,31
1,2,2,2,1,-1,0,1,1,2,2,1,3,2,1,0,1,1,1,1,12,1,1,2,2,1,1,4,1,1,2,1,1,3,1,0,2,6,4,3,1,3,1,3,4,28
1,0,0,2,2,-1,0,1,0,0,2,1,1,2,1,0,1,0,0,1,2,1,1,2,1,1,1,4,1,0,2,2,1,1,1,0,2,6,4,3,1,1,3,3,4,28
1,2,3,2,2,28061,0,1,2,2,2,1,1,2,1,0,2,0,0,1,12,1,1,1,2,1,1,4,1,1,2,1,1,3,1,0,2,6,3,3,1,1,0,2,2,33
1,2,1,2,2,10203,0,1,0,0,2,1,3,2,1,0,2,1,5,1,12,1,1,1,2,1,1,4,1,1,2,1,1,1,1,3,3,6,3,3,1,1,1,3,2,34
0,2,2,2,2,14744,0,1,1,2,2,1,1,2,1,0,0,1,1,1,12,0,1,0,2,1,1,3,1,1,2,1,1,1,0,0,3,6,4,3,0,1,1,2,0,27
1,0,2,0,2,20840,1,0,0,0,2,1,3,2,1,0,2,0,0,1,4,0,1,2,2,1,1,4,0,1,2,1,1,1,1,4,3,6,3,3,1,1,1,3,1,33
0,0,2,2,2,17523,0,1,1,0,2,1,1,2,1,0,1,1,2,1,6,1,1,1,2,5,1,4,1,1,2,1,1,3,1,0,2,6,4,3,1,1,3,3,2,28
0,0,1,3,2,-1,0,1,1,1,2,1,1,2,1,0,2,0,0,1,4,0,1,1,2,1,1,4,1,1,2,1,0,1,1,5,3,3,3,2,1,1,1,3,3,31
1,0,1,1,2,24554,0,1,1,2,1,1,3,1,0,0,2,0,0,1,4,1,1,1,0,4,1,4,1,1,1,1,1,1,-1,0,2,6,3,3,1,0,1,3,1,33
0,2,2,2,2,24842,0,1,0,0,2,1,1,1,1,0,1,0,0,1,12,0,1,1,1,1,1,4,1,1,2,1,1,1,1,0,3,6,4,3,1,1,1,3,2,34
1,0,0,1,2,10586,0,1,1,1,2,0,0,0,0,1,1,0,0,1,12,0,1,1,1,1,0,4,0,0,2,1,1,0,2,1,3,6,3,3,1,2,1,3,1,33
1,0,2,3,2,4573,0,1,0,0,2,1,1,2,1,0,2,0,0,1,6,0,1,0,0,1,0,4,1,1,2,1,1,3,1,5,1,6,4,2,1,1,1,3,3,30
0,0,2,3,2,13042,0,0,0,2,0,1,3,1,1,0,2,0,0,1,12,1,1,1,1,1,1,4,0,1,2,1,0,3,1,0,1,6,4,3,1,2,1,3,1,30
1,0,1,1,2,-1,0,1,1,1,2,1,3,2,0,1,1,0,0,1,6,1,1,1,1,4,1,4,1,0,2,2,1,1,1,0,2,6,3,3,1,2,1,3,2,34
1,2,2,0,1,1140,0,0,0,1,2,1,3,1,1,0,1,0,0,1,12,1,1,0,2,1,1,4,1,1,2,1,1,1,2,4,2,6,3,3,0,3,1,3,3,34
0,0,0,1,2,2051,1,0,0,0,2,1,3,1,1,0,2,0,0,1,16,0,1,0,1,1,0,4,0,0,1,1,1,1,-1,0,1,6,3,2,1,1,1,3,1,33
1,0,2,2,2,12347,0,0,0,0,2,1,1,2,1,0,1,0,0,1,4,0,1,1,0,1,1,4,0,1,2,1,0,1,1,0,3,6,3,3,1,2,1,3,1,30
0,0,2,2,2,28990,1,1,0,0,2,1,3,1,1,0,2,0,0,1,3,0,1,1,2,1,1,4,1,1,2,1,0,3,1,2,3,3,3,3,1,1,0,3,2,33
0,2,2,3,2,7729,1,1,0,1,2,1,1,2,1,0,1,0,0,1,12,1,1,0,2,1,1,4,1,1,2,1,1,3,1,0,2,6,4,3,0,1,0,2,2,27
0,0,1,1,2,-1,0,1,1,1,2,1,2,1,0,0,1,0,0,1,6,0,1,2,0,4,0,2,1,1,1,1,1,2,0,0,2,6,3,2,1,0,1,0,1,33
1,2,2,2,1,17119,0,1,0,0,2,1,3,1,1,0,2,0,0,1,12,1,1,2,1,1,0,4,1,1,2,1,1,1,2,5,3,6,4,3,1,1,1,3,2,32
0,0,2,3,2,908,1,1,0,2,2,1,1,2,1,0,2,1,2,1,6,0,1,1,1,1,1,4,0,1,2,1,1,1,0,0,2,6,4,2,1,3,3,3,0,33
1,0,0,1,2,6465,0,1,1,2,2,0,0,0,0,1,1,0,0,1,2,1,1,1,1,4,1,2,1,0,2,2,0,0,1,0,1,6,3,2,1,0,1,3,1,30
0,0,2,2,2,1657,1,1,0,0,2,1,1,2,0,1,2,0,0,1,12,0,1,1,0,1,1,4,1,1,2,1,1,1,0,0,2,6,4,3,1,2,1,3,4,33
0,1,3,0,2,20695,0,1,0,0,2,1,3,2,1,0,2,0,0,1,4,0,1,1,1,1,1,4,1,1,2,1,1,1,-1,3,2,6,4,3,1,1,3,3,3,32
1,2,2,0,1,-1,0,1,0,0,2,1,3,2,1,0,1,0,0,1,4,0,1,1,2,1,1,4,1,1,2,1,1,3,2,1,2,6,4,3,0,3,0,3,3,31
0,2,3,2,2,189,0,1,0,0,2,1,1,2,1,0,1,1,4,1,4,0,1,0,2,1,1,4,1,1,2,1,0,1,2,3,2,6,3,2,0,3,3,3,1,34
1,0,2,3,2,-1,0,0,0,0,2,1,1,1,1,0,2,1,1,1,20,1,1,1,1,1,1,4,1,0,2,1,1,1,2,3,0,6,4,3,1,1,0,3,4,28
0,0,2,2,2,29952,0,1,0,0,2,1,1,1,1,0,0,0,0,1,6,0,1,0,2,1,1,4,1,1,2,1,1,1,0,0,3,6,3,2,1,3,1,3,0,29
1,0,2,0,2,6248,0,0,1,2,2,0,0,0,1,0,2,0,0,1,12,0,1,1,1,1,1,4,1,1,2,1,1,0,2,2,2,6,3,3,1,1,1,3,3,32
0,0,1,1,2,7402,0,1,1,1,2,0,0,0,0,1,1,0,0,1,12,1,1,2,1,1,0,1,1,1,2,1,1,0,1,0,3,6,4,3,1,2,1,3,4,32
0,2,3,2,1,-1,1,1,0,0,2,1,1,1,1,0,0,0,0,1,5,0,1,0,2,1,1,4,1,1,2,1,1,1,0,0,2,6,4,3,0,3,1,3,0,34
0,0,2,2,2,19341,0,1,0,0,2,1,3,2,1,0,2,0,0,1,12,1,1,1,2,1,1,4,1,1,2,1,1,1,1,0,2,6,4,3,1,1,1,3,3,34
0,2,2,2,1,17660,1,1,0,0,2,1,1,2,1,0,1,0,0,1,9,1,1,2,2,1,1,4,1,1,2,1,1,1,1,0,2,6,3,3,0,1,0,3,3,31
1,2,2,2,2,17498,0,1,2,2,2,1,3,1,1,0,2,1,12,1,12,1,1,0,2,1,1,4,1,1,2,1,1,3,2,4,3,6,4,3,1,1,1,3,4,31
0,2,1,2,2,-1,0,1,0,0,2,1,3,2,1,0,2,1,2,1,12,0,1,1,1,1,1,4,1,0,2,1,1,1,2,5,2,6,3,3,1,1,3,3,3,34
0,0,3,2,2,8533,1,1,1,2,2,1,3,2,0,1,2,0,0,1,4,0,1,2,1,1,1,4,1,1,2,1,1,1,2,5,3,6,4,3,1,1,1,3,4,33
0,0,2,2,2,8889,0,1,0,0,2,1,1,2,1,0,2,0,0,1,12,0,1,1,1,1,1,4,1,1,2,1,0,1,0,0,3,6,4,3,1,3,1,3,0,34
0,0,0,0,2,1441,0,1,0,0,2,1,1,2,1,0,2,0,0,1,4,0,1,0,0,4,1,4,0,0,2,1,1,1,-1,0,3,6,2,3,1,0,1,3,0,28
1,2,2,0,1,11739,0,1,0,0,2,1,3,2,1,0,3,0,0,1,12,0,1,2,2,1,1,4,1,1,2,1,1,1,1,3,2,6,4,3,0,1,1,3,3,34
0,0,0,2,2,291,0,0,0,1,2,0,0,0,1,0,1,0,0,1,4,1,0,2,1,2,1,4,1,1,2,1,1,0,1,0,3,3,1,3,1,1,1,3,4,32
1,0,0,0,2,11631,1,1,0,0,2,1,1,1,1,0,0,0,0,1,12,1,1,0,2,1,1,4,1,1,2,1,1,1,0,0,3,6,4,3,1,3,3,2,0,32
1,1,2,3,2,30403,1,1,0,0,2,1,3,2,1,0,2,1,1,1,6,1,1,1,2,1,1,4,1,1,2,1,1,1,2,5,2,6,3,2,1,1,0,3,4,30
0,0,1,3,2,1000,1,1,1,2,2,1,1,2,0,0,1,0,0,1,12,0,1,0,0,1,1,3,1,1,2,2,1,1,1,0,2,5,3,2,1,1,3,0,2,34
0,0,0,0,2,16467,0,1,0,0,2,1,1,2,1,0,1,0,0,1,12,0,1,1,2,1,1,4,1,0,2,1,1,1,1,5,2,6,4,3,1,0,3,3,4,32
1,0,2,2,2,23656,0,0,0,0,2,1,3,1,1,0,1,1,12,1,12,0,1,2,2,1,1,4,0,1,2,1,1,3,2,4,3,6,3,3,1,3,1,3,3,33
1,0,2,2,2,16912,1,1,1,2,2,1,3,1,1,0,2,0,0,1,4,0,1,2,2,1,1,4,1,1,2,1,1,0,1,3,3,6,3,3,1,1,1,3,2,33
0,0,2,3,2,311,0,1,0,0,2,1,3,2,1,0,2,0,0,1,6,0,1,1,2,1,1,4,1,1,2,1,1,1,2,1,2,6,4,3,1,1,1,3,3,31
1,2,1,1,2,2500,0,1,0,0,2,1,1,1,0,1,2,0,0,1,12,1,1,1,1,1,1,4,0,1,2,1,0,1,-1,0,2,3,4,3,1,1,3,3,0,33
0,2,2,2,2,19752,0,1,0,1,2,1,3,1,1,0,2,0,0,1,4,1,1,2,2,1,1,4,1,1,2,1,1,1,1,0,2,6,3,3,0,1,1,3,4,27
1,0,1,2,2,29227,1,0,1,1,2,1,1,2,1,0,2,0,0,1,12,0,1,2,2,1,1,4,1,1,2,1,1,2,0,0,2,6,2,3,1,1,1,3,3,33
1,0,3,3,2,-1,1,1,1,0,2,1,1,2,1,0,0,0,0,1,6,0,1,0,2,1,1,4,1,1,2,1,1,1,0,0,3,6,4,3,1,1,1,2,0,32
1,0,3,2,2,20892,1,1,0,0,2,1,1,2,1,0,2,1,4,1,2,0,1,1,0,1,1,4,1,1,2,1,1,1,2,5,2,6,4,3,1,1,3,3,1,34
0,0,2,2,2,24997,1,0,0,0,2,1,1,2,1,0,2,0,0,1,4,0,1,1,2,1,1,4,1,1,2,1,1,1,-1,0,3,6,4,3,1,1,1,3,0,33
0,2,2,3,2,1950,0,1,0,0,2,1,3,1,1,0,2,0,0,1,12,1,1,1,1,1,1,4,1,1,2,1,1,3,1,1,3,6,3,2,1,1,1,3,1,33
0,0,1,2,2,4550,0,1,2,1,2,1,1,1,1,0,0,0,0,1,4,0,1,0,1,1,1,4,1,0,2,1,1,3,0,0,1,6,3,3,1,1,1,3,0,28
0,0,0,1,2,2576,1,1,1,1,2,1,1,2,1,0,2,1,1,1,4,0,1,2,0,1,0,4,1,1,2,2,1,1,1,5,3,6,3,2,1,2,1,3,0,32
1,2,2,3,2,26965,1,1,0,0,2,1,1,1,1,0,2,1,12,1,12,0,1,1,2,1,1,4,1,0,2,1,1,1,2,1,3,6,4,3,1,3,0,3,4,32
1,0,0,2,2,15973,0,0,2,2,2,1,1,1,1,0,2,0,0,1,4,0,1,1,0,1,0,4,0,1,2,1,1,1,1,0,1,6,2,3,1,0,0,3,2,31
0,0,2,0,2,-1,0,1,0,0,2,1,1,2,0,0,2,0,0,1,3,0,1,0,0,1,0,4,1,1,2,1,0,1,1,0,1,6,3,3,1,1,3,3,1,30
0,0,2,2,2,12061,0,1,1,1,2,1,1,2,1,0,1,0,0,1,6,1,1,1,0,1,0,4,0,1,2,1,1,1,1,0,3,6,4,2,1,2,1,3,1,34
1,0,0,1,2,3539,1,1,1,2,2,1,1,1,0,0,1,0,0,1,6,0,1,1,0,1,0,4,1,1,2,1,1,1,1,0,3,1,3,2,1,2,1,3,1,34
0,2,2,3,2,7833,0,1,1,2,2,1,1,2,1,0,2,1,1,1,12,0,1,1,2,1,1,4,1,1,2,1,1,1,-1,5,3,6,4,3,1,1,1,3,1,32
0,0,1,2,2,5380,0,1,0,0,2,1,1,2,0,1,2,0,0,1,3,0,1,1,2,4,0,4,1,1,2,1,1,1,1,3,1,6,3,2,0,0,1,3,1,34
0,0,1,0,2,3562,0,1,0,0,2,1,3,2,0,1,2,0,0,1,4,1,1,1,1,1,0,4,0,1,2,1,1,3,0,0,2,5,3,3,1,1,3,3,4,32
0,2,0,2,2,4517,0,1,0,0,2,1,1,2,1,0,2,0,0,1,4,0,1,1,2,1,1,4,1,1,1,1,1,2,0,0,3,5,3,3,1,1,3,3,0,33
1,0,0,1,2,-1,0,1,0,0,1,1,1,2,1,0,2,0,0,1,12,0,1,1,0,4,1,2,0,0,1,2,1,1,2,5,2,6,3,2,1,1,3,1,4,31
0,0,1,1,2,-1,0,1,0,0,1,1,3,2,0,1,1,0,0,1,12,1,1,1,0,4,0,0,0,1,2,1,1,1,1,0,3,6,3,2,1,2,3,3,2,33
1,0,1,3,2,5357,0,1,3,2,2,1,1,1,1,0,2,0,0,1,3,0,1,1,0,2,0,4,1,1,2,1,1,2,1,0,3,6,3,2,1,1,1,3,1,33
1,0,2,2,2,2983,0,0,0,0,2,1,2,2,0,1,2,0,0,1,4,0,1,0,0,1,1,4,0,1,2,1,1,1,0,0,2,6,4,3,1,1,1,3,0,33
0,0,2,0,1,-1,0,1,0,0,2,1,1,2,1,0,3,0,0,1,12,0,1,1,2,1,1,4,1,1,2,1,1,1,1,0,3,6,4,2,0,1,2,1,4,32
0,0,0,2,2,16637,0,1,0,0,2,1,1,1,0,0,2,0,0,1,6,0,1,1,1,1,1,4,1,1,2,1,0,1,2,1,3,3,4,3,1,0,3,3,2,32
0,0,2,2,2,1844,1,1,1,2,2,1,3,2,1,0,2,1,12,1,12,1,1,1,2,1,1,4,1,0,2,1,1,3,1,2,3,6,3,3,1,1,1,3,2,28
1,0,1,2,2,3412,0,0,0,0,2,1,1,2,0,1,1,0,0,1,3,0,1,0,0,1,0,3,1,1,1,2,1,1,1,0,2,6,3,2,1,2,3,3,2,5
0,0,2,2,2,15425,0,1,2,1,2,1,1,2,0,1,0,0,0,1,4,0,1,0,2,1,1,4,1,1,2,1,1,1,0,0,2,6,4,3,1,2,3,2,0,30
0,0,0,2,2,11012,0,1,1,2,2,1,3,2,1,0,2,0,0,1,12,0,1,2,1,1,1,4,1,1,2,1,1,3,2,4,0,6,2,3,1,3,1,3,2,27
1,0,1,2,2,8934,1,0,0,0,2,0,0,0,1,0,2,0,0,1,12,1,1,0,1,1,1,4,1,1,2,2,1,0,1,0,3,6,4,3,1,1,1,3,1,31
1,0,1,2,2,10542,0,1,2,2,0,1,1,2,1,0,1,0,0,1,12,0,1,2,1,1,0,4,1,0,2,1,1,1,1,0,3,6,3,3,1,3,1,3,3,32
1,0,0,2,2,9706,1,1,1,2,2,1,1,2,0,1,2,0,0,1,12,0,1,0,0,4,1,4,1,1,1,1,1,3,-1,0,3,6,3,3,1,1,1,3,1,33
1,0,3,3,2,7432,1,1,0,0,2,1,3,1,1,0,1,1,12,1,12,1,1,1,1,1,1,4,1,1,2,1,1,1,1,0,2,6,3,3,1,1,1,3,3,28
0,2,3,2,2,14075,0,1,0,2,2,1,3,1,0,1,1,0,0,1,4,1,1,0,2,1,1,4,1,1,2,1,0,1,2,2,2,6,4,3,1,1,1,3,3,34
0,2,2,3,2,10718,1,0,1,2,2,1,3,2,1,0,2,0,0,1,12,1,1,0,1,1,1,4,1,1,2,1,1,1,2,2,2,6,3,3,0,3,3,3,4,34
0,0,2,2,2,1672,0,1,0,0,2,1,1,2,1,0,0,0,0,1,4,0,1,0,2,1,1,4,1,1,2,1,1,1,0,0,2,6,4,2,1,3,3,3,0,32
1,2,2,2,2,-1,0,1,1,2,2,1,1,1,0,1,0,1,3,1,6,0,1,0,1,1,1,4,1,1,2,1,1,1,0,0,3,6,4,3,1,2,1,3,0,31
0,0,1,0,2,8521,0,1,1,1,2,1,1,1,1,0,2,0,0,1,3,0,1,2,1,4,1,4,1,1,2,1,0,1,1,1,2,6,3,3,1,1,3,3,1,32
0,2,3,2,2,24053,0,1,1,1,2,1,3,2,1,0,2,1,12,1,12,0,1,1,2,1,1,4,1,1,2,1,1,3,2,5,3,6,3,3,1,1,1,3,4,32
1,0,0,2,2,-1,0,0,0,0,2,1,3,2,1,0,2,0,0,1,12,1,0,1,1,1,1,4,1,1,2,1,0,1,1,0,1,6,1,3,1,1,1,3,4,27
0,2,2,0,2,1043,0,1,0,0,2,1,3,1,0,0,1,0,0,1,12,1,1,0,2,1,1,4,1,1,2,1,1,1,1,5,3,6,4,3,1,1,2,3,3,34
1,0,3,2,2,17876,0,1,0,0,2,1,3,2,1,0,2,0,0,1,12,1,1,0,1,1,1,4,1,1,2,1,1,1,2,4,3,6,4,3,1,2,1,3,1,32
1,0,1,1,2,1999,0,1,1,2,2,1,1,2,1,0,0,0,0,1,12,1,1,1,0,1,1,4,1,1,2,1,0,3,0,0,2,6,3,3,1,2,1,3,0,28
0,2,2,3,2,10653,0,1,1,0,2,1,3,2,1,0,1,1,12,1,12,1,1,0,1,1,1,4,1,1,2,1,1,1,-1,0,2,6,4,3,1,1,1,3,4,33
0,0,0,2,2,7287,1,1,0,0,2,1,3,2,0,1,1,0,0,0,0,1,1,2,0,1,1,4,0,1,2,1,1,1,1,0,1,6,3,2,1,3,1,2,3,34
0,0,4,1,2,82,1,1,0,0,2,1,3,2,1,0,2,0,0,1,12,1,1,1,0,1,0,4,1,0,1,1,1,1,1,0,3,6,3,3,1,2,0,3,2,33
0,2,1,3,1,5519,0,1,0,2,2,1,1,2,1,0,2,0,0,1,12,0,1,0,2,1,1,4,1,1,2,1,1,1,0,0,2,6,4,3,1,1,1,3,1,34
0,0,3,2,2,34935,0,1,2,1,2,1,1,2,1,0,2,1,1,1,3,1,1,1,2,1,1,4,1,1,2,1,1,1,2,1,3,6,4,3,1,3,3,3,1,32
0,0,0,0,2,-1,0,1,0,0,2,1,1,2,0,1,2,1,1,1,4,0,1,1,0,1,0,4,1,1,2,1,1,1,-1,2,3,6,3,2,1,3,0,2,1,28
0,0,1,3,2,18995,1,1,0,0,2,1,3,1,1,0,1,1,2,1,12,0,1,1,2,1,1,4,1,1,2,1,1,1,1,0,2,6,4,3,1,1,3,3,0,33
0,0,0,1,2,1841,0,1,1,0,2,1,1,1,0,1,1,0,0,1,10,0,1,0,0,4,0,0,0,0,1,2,0,1,1,0,1,0,3,2,1,2,1,1,0,32
0,0,1,0,2,3034,0,0,1,2,2,1,3,1,1,0,0,0,0,1,12,1,1,0,2,1,1,4,1,1,2,1,1,1,0,0,3,6,3,2,1,2,1,3,0,24
0,0,1,0,2,12313,0,1,1,1,2,1,3,2,1,0,2,1,1,1,4,1,1,1,1,1,1,4,1,1,2,1,1,1,1,0,3,6,3,3,1,3,3,3,2,34
0,2,2,3,1,5500,0,1,1,0,2,1,1,2,1,0,0,0,0,1,4,0,1,1,2,1,1,4,1,0,2,1,1,1,0,0,3,6,4,3,1,1,1,3,0,31
0,0,0,0,2,-1,0,0,0,0,2,1,1,2,0,1,0,0,0,1,4,0,0,0,0,4,0,0,1,0,1,2,0,1,0,0,1,5,1,2,1,2,0,0,0,26
0,0,2,3,2,11147,0,1,0,0,2,1,3,1,1,0,1,1,12,1,12,1,1,1,2,1,1,4,1,1,2,1,1,3,2,4,2,6,4,3,1,1,1,3,3,33
1,2,2,2,2,9231,1,1,0,0,2,1,1,2,1,0,2,1,6,1,6,0,1,2,1,1,1,4,1,0,2,1,1,1,1,5,1,6,4,3,1,2,0,3,3,30
0,2,2,3,1,9762,0,1,0,0,2,1,1,2,1,0,2,0,0,1,1,1,1,0,2,1,1,4,1,1,2,1,1,1,-1,0,3,6,4,3,0,1,1,3,0,31
0,0,0,1,2,6243,0,1,0,0,2,0,0,0,1,0,2,0,0,1,4,0,1,1,1,4,0,4,0,1,2,2,0,0,2,5,1,6,3,3,1,2,0,3,1,31
1,0,0,0,2,46228,0,0,0,0,2,1,1,2,1,0,0,0,0,1,12,0,1,1,1,1,0,4,0,1,2,1,1,3,0,0,2,6,4,3,1,2,1,3,0,32
1,2,2,2,2,18861,1,1,1,2,2,1,3,2,1,0,1,0,0,1,12,0,1,0,2,1,1,4,1,1,2,1,1,3,2,2,3,6,4,3,1,2,0,3,4,33
0,0,2,2,2,10686,0,1,0,0,2,1,1,2,0,1,2,0,0,1,12,1,1,2,0,1,1,4,0,1,2,1,0,1,1,5,1,6,3,3,1,2,3,3,1,34
1,0,2,2,2,31363,0,1,0,0,2,1,1,2,1,0,1,1,0,1,12,0,1,2,2,1,1,4,0,1,2,1,1,1,1,5,2,6,4,3,1,3,1,3,0,33
0,2,2,3,1,15066,1,1,0,0,2,1,3,1,0,0,2,1,12,1,6,1,1,2,2,1,1,4,1,1,2,1,1,1,2,3,2,6,4,3,0,3,1,3,4,29
1,0,1,2,2,18811,1,1,0,0,2,1,3,2,0,1,1,1,12,1,12,0,1,1,0,4,0,4,1,1,2,1,1,1,1,0,2,6,4,3,1,2,1,3,2,28
1,0,1,3,2,0,1,1,1,1,2,1,1,2,0,0,0,1,1,1,12,0,1,1,1,1,1,4,1,1,2,1,1,1,0,0,1,6,3,3,0,2,1,3,0,25
1,0,3,2,2,11612,0,1,1,1,2,1,1,2,1,0,2,1,3,1,3,1,1,1,1,1,1,4,1,1,2,1,1,1,1,1,1,6,4,3,1,2,1,3,3,22
1,0,1,2,2,21914,0,1,0,0,2,1,1,2,1,0,2,1,3,1,12,0,1,0,1,1,1,4,1,1,2,1,1,1,0,0,2,6,3,3,1,2,1,3,3,29
0,0,2,3,2,39732,1,1,0,0,2,1,1,1,1,0,2,1,12,1,12,0,1,1,2,1,1,4,1,1,2,1,1,1,2,2,1,6,3,2,1,3,3,3,2,33
0,0,1,3,2,14192,1,1,0,0,2,1,3,1,1,0,1,0,0,1,12,0,1,1,2,1,1,4,1,1,2,1,1,1,1,0,3,6,4,2,1,3,1,3,4,33
0,0,2,2,2,7192,0,1,0,0,2,1,1,2,1,0,2,1,12,1,12,0,1,1,2,1,1,4,1,1,2,1,1,3,1,1,3,6,4,2,1,1,0,3,0,29
0,0,1,2,2,9759,0,1,0,0,2,1,1,2,1,0,2,0,0,1,6,0,1,1,1,5,1,4,1,1,2,1,1,1,-1,0,1,6,4,3,1,1,3,3,1,32
0,0,1,2,2,4876,0,1,0,0,2,1,1,2,1,0,0,0,0,1,4,0,1,0,1,1,1,4,0,0,2,1,1,1,0,0,3,6,3,2,1,2,3,3,0,32
0,0,0,1,2,-1,0,1,0,0,1,1,1,1,0,0,1,0,0,1,3,1,0,2,0,2,0,3,0,1,2,1,0,1,1,0,2,6,1,3,1,0,1,1,1,33
0,0,0,1,2,0,0,0,0,0,2,0,0,0,1,0,0,0,0,1,2,0,0,0,1,1,0,3,0,0,1,2,0,0,0,0,2,0,1,2,1,1,3,1,0,27
1,2,2,2,2,18737,0,1,0,0,2,1,3,2,1,0,1,1,12,1,12,1,1,1,2,1,1,4,1,1,2,1,1,1,1,1,3,6,4,3,0,1,2,3,4,31
1,0,0,2,2,-1,1,0,0,1,2,1,3,1,1,0,1,0,0,1,12,0,1,1,1,1,0,4,1,1,2,1,1,1,1,0,1,6,2,2,1,2,1,3,3,33
0,2,0,3,1,23506,1,1,0,0,2,1,3,1,1,0,1,1,2,1,6,0,1,0,1,1,1,4,1,1,2,1,1,1,1,2,3,6,2,2,1,1,3,3,1,33
0,0,2,3,2,4823,0,1,0,0,2,1,1,2,0,1,0,0,0,1,12,0,1,0,1,1,1,4,1,0,2,1,0,1,0,0,2,6,4,2,1,2,1,3,0,28
1,0,2,3,2,2455,0,1,0,0,2,1,3,1,1,0,2,0,0,1,12,1,1,1,1,1,1,4,0,0,2,1,0,1,-1,0,2,6,3,2,1,1,1,3,4,34
0,0,1,2,2,6314,0,1,0,0,2,1,1,2,1,0,0,0,0,1,6,0,1,0,0,1,1,4,1,1,2,1,0,1,0,0,3,6,4,3,1,3,1,3,0,33
0,0,0,2,2,0,0,0,0,0,2,1,1,1,1,0,2,0,0,1,2,0,1,0,0,1,0,0,1,0,2,1,0,1,2,3,0,6,2,3,1,2,3,3,0,27
0,2,1,2,2,31275,1,1,0,0,2,1,3,2,1,0,2,1,3,1,12,1,1,2,2,1,1,4,1,1,2,1,1,1,1,4,3,6,3,3,1,3,1,3,3,34
0,2,1,3,2,36154,1,1,0,0,2,1,3,2,1,0,2,0,0,1,12,0,1,1,2,1,1,4,1,1,2,1,1,1,2,2,3,6,4,3,0,1,1,3,4,34
1,0,0,0,2,-1,0,0,0,0,2,0,0,0,0,0,1,0,0,1,3,0,1,2,0,1,0,1,1,1,1,2,0,0,1,0,1,6,2,2,1,2,3,0,2,26
0,0,2,1,2,8890,0,1,1,2,2,1,1,2,1,0,2,0,0,1,4,0,1,1,1,1,1,4,1,0,2,1,1,1,1,5,3,6,3,3,1,2,1,3,2,33
0,0,0,2,2,411,1,1,0,0,2,1,1,2,1,0,2,0,0,1,6,0,1,0,2,1,1,3,1,0,1,1,1,1,0,0,2,6,3,3,1,2,1,3,0,29
1,0,1,3,2,17466,0,1,1,2,2,1,3,2,1,0,1,0,0,1,12,1,1,0,2,1,1,4,1,1,2,1,1,1,1,5,0,6,4,3,1,1,1,3,3,31
0,0,1,2,2,0,0,1,0,0,2,1,1,2,1,0,0,0,0,1,4,0,1,0,1,4,1,3,1,1,2,1,1,1,0,0,1,6,3,3,1,2,1,3,0,33
0,0,2,3,2,17850,1,1,1,1,2,1,3,1,1,0,1,1,1,1,3,0,1,1,1,1,1,4,1,1,2,1,0,1,1,5,0,6,3,2,1,1,1,3,4,28
1,0,3,1,2,2132,0,1,2,1,2,1,1,2,1,0,2,0,0,1,4,0,1,0,0,4,1,2,1,1,2,2,1,1,-1,0,3,6,3,3,1,1,1,1,0,34
0,0,2,1,2,2143,0,1,1,2,2,1,3,2,1,0,2,0,0,1,12,0,1,1,0,1,1,4,1,1,1,1,1,1,-1,0,3,6,4,2,1,2,1,3,1,28
0,2,4,3,2,44515,0,1,2,2,2,1,3,2,0,1,2,0,0,1,6,1,1,0,2,1,1,4,1,1,2,1,1,3,2,1,3,6,4,3,1,1,1,3,4,29
0,0,0,1,2,-1,0,0,0,0,1,1,1,2,1,0,1,0,0,1,4,0,1,1,0,1,0,4,0,1,1,2,1,1,-1,0,2,6,2,2,1,2,1,3,0,26
0,0,2,0,2,68,1,1,0,0,2,1,1,2,1,0,2,0,0,1,12,0,1,1,0,1,1,4,1,1,2,2,1,1,-1,0,2,6,4,3,1,2,1,3,1,28
1,2,4,3,2,48980,1,1,2,2,2,1,3,2,1,0,1,0,0,1,12,1,1,0,2,1,1,4,1,1,2,2,1,3,2,4,2,6,4,3,0,3,1,3,4,0
1,0,2,3,2,153,0,0,0,1,2,1,1,1,1,0,0,0,0,1,6,0,1,0,1,1,1,4,1,1,2,1,1,3,0,0,3,6,3,3,1,0,1,3,0,32
0,0,1,0,1,12386,1,0,1,1,2,1,3,1,1,0,3,0,0,1,12,1,0,0,2,1,1,4,0,1,1,2,1,1,1,0,3,6,1,2,0,1,1,1,4,32
1,0,0,0,2,3093,1,1,0,0,2,1,1,2,1,0,0,0,0,1,12,0,1,1,0,1,1,4,1,1,2,1,1,3,0,0,2,6,4,3,1,1,3,3,0,32
0,2,2,3,1,13878,0,1,0,2,2,1,3,1,1,0,1,0,0,1,12,1,1,1,2,1,1,4,1,1,2,2,1,1,1,0,2,6,4,3,1,3,3,3,4,34
1,0,2,2,2,18470,0,1,0,0,2,1,1,2,1,0,2,0,0,1,12,0,1,1,1,1,1,4,1,1,2,1,0,1,1,0,3,6,3,3,1,1,1,3,1,34
0,0,0,3,1,14027,1,0,1,1,2,1,3,2,1,0,3,0,0,1,12,1,0,1,2,1,1,4,1,1,1,2,1,1,2,5,3,6,1,3,0,0,1,3,4,32
0,2,2,3,2,28718,0,1,0,0,2,1,1,2,1,0,1,0,0,1,12,0,1,0,2,1,1,4,1,1,2,1,1,1,0,0,3,3,4,3,1,3,0,3,0,33
1,0,0,1,2,26,0,0,1,1,2,1,3,2,0,0,2,0,0,1,5,1,1,1,2,1,1,4,1,0,1,1,0,1,1,0,2,6,3,3,1,0,1,3,1,31
0,0,2,1,2,288,0,1,0,0,2,1,1,2,1,0,2,0,0,1,12,0,1,1,0,1,1,4,1,0,2,1,1,1,1,3,0,6,4,3,1,2,1,3,0,29
0,2,2,3,1,4840,1,0,1,1,2,1,3,2,1,0,3,0,0,1,12,0,1,1,2,5,1,4,1,1,2,1,1,1,2,5,2,6,4,2,1,1,3,3,2,31
0,2,3,2,2,13320,0,1,1,2,2,1,1,2,1,0,2,0,0,1,10,0,1,1,0,1,1,4,1,1,2,1,1,2,1,0,3,6,4,3,1,2,1,3,0,27
0,0,2,3,2,584,1,0,0,0,2,1,3,1,1,0,1,0,0,1,12,0,1,1,1,1,1,4,1,1,2,1,1,1,1,3,3,6,4,2,1,0,1,3,4,32
0,0,0,2,2,56,0,0,1,1,2,1,1,2,0,1,0,0,0,0,0,0,1,0,1,1,0,4,0,1,1,1,0,1,0,0,1,6,4,2,1,2,3,3,0,25
0,0,2,1,2,4045,0,0,0,0,2,1,1,2,1,0,0,0,0,1,12,0,1,0,0,4,0,4,1,1,1,2,1,1,0,0,2,6,3,2,1,2,3,3,0,33
0,0,0,2,2,9702,0,1,1,1,2,1,3,2,1,0,2,0,0,1,6,0,1,0,0,1,0,4,0,1,1,1,0,1,1,2,1,6,2,2,1,2,1,3,2,32
0,0,2,2,2,-1,0,1,0,0,2,1,1,1,1,0,2,0,0,1,4,0,1,1,1,1,1,4,1,0,2,1,0,1,1,4,1,6,3,2,1,1,3,3,1,25
0,2,1,2,2,44239,0,1,2,1,2,1,3,2,1,0,1,1,12,1,12,0,1,1,1,1,1,4,0,1,2,1,1,0,1,5,3,6,4,3,1,1,1,3,0,31
1,0,1,2,2,17205,0,1,0,0,2,1,1,2,1,0,2,0,0,1,6,0,1,1,0,1,1,4,1,1,2,1,1,1,1,4,2,3,3,3,1,2,3,3,3,32
1,0,2,1,2,2,0,1,1,1,2,1,3,1,1,0,0,0,0,1,12,0,1,0,0,4,1,4,1,1,1,1,1,1,0,0,1,6,2,2,1,2,1,3,0,31
1,0,2,3,2,8536,0,1,0,0,2,1,3,2,1,0,1,0,0,1,4,1,1,0,0,1,1,4,1,1,2,2,0,1,1,0,3,4,3,3,1,1,1,3,2,26
1,0,1,1,2,110,1,1,1,0,2,1,1,2,1,0,0,0,0,1,12,0,1,1,0,1,0,4,1,1,2,1,1,3,0,0,3,6,4,3,1,2,3,3,0,33
1,0,2,2,2,29364,1,1,0,0,2,1,1,2,1,0,2,1,1,1,12,0,1,1,1,1,1,4,1,0,2,1,1,1,-1,0,3,6,4,3,1,0,3,3,2,34
0,0,1,2,2,8515,1,1,0,0,1,1,1,2,1,0,2,0,0,1,5,0,1,0,0,1,1,4,1,1,2,1,1,1,-1,0,2,6,3,3,1,2,1,3,4,27
1,0,2,1,2,17412,1,1,0,0,2,1,1,1,0,0,1,0,0,1,6,0,1,0,1,1,1,4,1,1,2,1,0,1,1,0,2,6,3,3,1,1,1,3,3,32
0,2,3,0,2,7713,0,1,0,0,2,1,3,1,0,0,1,1,1,1,6,1,1,0,1,1,1,3,1,0,2,1,1,1,1,2,3,6,3,3,0,1,1,3,0,28
0,0,3,2,2,1173,0,1,0,0,2,1,1,2,1,0,0,1,3,1,4,0,1,2,2,1,1,4,1,0,2,1,0,1,0,0,2,6,2,3,1,1,1,3,0,33
1,2,0,1,2,8888,1,1,0,0,2,1,3,2,1,0,2,0,0,1,6,1,1,0,1,4,0,3,1,1,1,1,1,1,-1,0,2,6,3,3,1,0,3,3,1,31
0,0,0,0,2,7778,1,1,0,0,2,1,3,2,1,0,2,0,0,1,12,0,1,1,2,5,1,4,1,0,2,1,1,1,1,5,3,5,3,3,1,1,1,3,0,28
0,0,2,2,2,10362,1,1,1,1,2,1,1,1,1,0,2,0,0,1,12,0,1,0,0,1,1,4,1,1,2,1,1,1,-1,0,3,6,4,3,1,2,0,3,4,33
0,0,1,2,2,-1,0,1,0,0,1,1,1,2,1,0,1,0,0,1,12,0,1,1,0,1,1,4,1,1,2,1,1,1,2,5,2,6,3,3,1,1,1,3,4,34
0,0,1,1,2,4616,0,1,1,2,2,0,0,0,0,0,2,1,4,1,4,1,1,1,0,4,0,2,1,1,2,2,1,0,1,0,3,6,3,3,1,2,0,3,3,33
0,1,2,0,1,16283,0,1,0,0,2,1,1,2,1,0,1,0,0,1,1,0,0,0,1,1,1,4,0,1,2,2,0,1,2,4,0,6,1,0,0,1,0,1,2,0
1,2,2,0,2,12611,0,1,0,0,2,1,1,2,0,1,2,1,2,1,5,1,1,2,1,1,0,4,1,0,2,1,1,1,1,0,2,6,4,3,1,1,1,3,0,30
0,2,2,3,2,10369,0,1,0,0,2,1,3,2,1,0,1,0,0,1,4,1,1,0,2,1,1,4,1,1,2,1,1,1,2,4,2,6,4,3,1,1,1,3,3,29
0,0,2,3,2,12342,1,1,1,2,2,1,3,2,1,0,2,1,1,1,12,1,1,1,1,1,1,4,1,1,2,1,1,1,2,1,3,6,2,3,1,2,1,3,3,27
1,2,0,0,2,0,1,1,0,0,2,1,3,1,0,0,1,0,0,1,12,1,1,1,1,4,0,2,0,0,1,1,1,1,-1,0,2,6,3,2,1,2,3,3,2,32
0,2,2,2,2,18542,1,0,0,1,2,1,2,2,0,0,1,0,0,1,3,1,1,0,2,1,1,4,1,1,2,1,1,2,1,0,3,6,4,3,1,1,1,3,2,31
0,0,2,2,2,14923,0,0,0,0,2,1,3,2,1,0,2,0,0,1,1,1,1,0,1,1,1,4,1,1,2,1,1,1,1,0,3,3,3,3,1,2,1,3,1,27
0,2,1,3,2,15500,1,1,0,0,2,1,3,1,1,0,1,0,0,1,10,1,1,1,2,1,1,4,1,1,2,1,1,1,2,1,3,6,4,3,0,3,1,3,2,34
1,0,1,0,2,7239,0,1,2,1,2,1,3,1,0,0,1,1,4,1,4,1,1,1,0,1,1,4,1,0,2,2,1,1,1,0,1,6,3,3,1,1,1,3,4,32
1,0,1,1,2,15517,0,1,0,0,2,1,1,2,1,0,1,0,0,1,4,1,1,0,1,1,1,4,1,1,1,1,1,1,2,5,1,6,4,3,1,0,1,3,3,31
1,0,0,2,2,23847,0,1,0,0,2,1,3,2,1,0,2,0,0,1,12,0,1,2,0,1,1,4,1,0,2,1,1,1,1,1,1,6,3,3,1,2,1,3,2,34
0,0,0,0,2,4541,0,1,0,0,2,1,1,2,1,0,1,0,0,1,4,1,1,1,0,1,0,4,1,1,2,1,0,1,1,0,2,6,3,3,1,1,1,3,4,34
1,0,2,2,2,39456,1,1,0,0,2,1,1,2,1,0,2,0,0,1,11,0,1,0,1,1,1,4,1,1,2,1,1,1,1,3,3,6,3,3,1,1,1,3,4,30
1,2,2,3,2,26866,1,1,2,0,2,1,3,2,1,0,1,0,0,1,12,1,1,0,0,1,1,4,1,1,2,1,1,1,1,5,2,6,3,3,0,2,1,3,3,34
1,0,1,1,2,10069,0,1,0,0,2,0,0,0,0,1,1,0,0,1,12,1,1,2,0,1,0,4,1,1,2,1,1,0,-1,0,3,6,3,3,1,2,0,3,2,33
1,0,2,1,2,5380,0,1,1,1,2,1,3,1,1,0,1,0,0,1,4,1,1,2,0,1,1,3,1,1,1,1,0,1,1,0,3,6,4,3,1,1,1,3,3,31
1,2,2,2,2,15167,1,1,2,2,2,1,1,2,1,0,2,0,0,1,6,0,1,2,1,1,1,4,1,1,2,1,1,1,0,0,2,6,3,3,1,1,1,3,0,33
1,2,1,0,2,10565,1,1,0,0,2,1,1,2,1,0,2,0,0,1,4,0,1,2,2,1,1,4,0,1,2,1,1,2,1,3,3,6,3,3,1,1,1,3,1,29
1,0,1,0,2,1400,1,1,0,0,2,1,3,2,1,0,2,0,0,1,12,0,1,0,1,1,1,3,1,0,1,2,1,1,1,0,2,6,3,2,1,1,3,2,2,34
0,0,2,2,2,-1,0,1,0,0,2,1,1,2,1,0,1,0,0,1,12,0,1,1,2,1,1,4,1,1,2,1,1,1,1,0,2,6,3,3,1,2,3,3,1,34
1,1,1,2,2,24697,1,1,1,1,2,1,3,2,1,0,1,0,0,1,12,1,1,2,2,1,1,4,1,1,2,1,1,1,1,1,2,6,4,3,0,1,3,3,2,33
0,0,1,0,2,6566,1,1,1,2,2,1,3,2,1,0,1,0,0,1,18,1,0,0,2,1,1,4,1,1,2,1,1,1,2,1,2,6,1,3,1,1,1,3,2,33
0,2,2,2,2,17527,0,1,0,0,2,1,1,1,1,0,2,0,0,1,4,1,1,1,1,1,1,4,0,1,2,1,1,1,1,5,3,6,3,3,1,2,3,3,4,33
0,0,2,3,2,7533,0,1,0,0,2,1,3,2,1,0,2,0,0,1,6,0,1,1,2,1,1,4,1,1,2,1,1,1,1,1,3,6,4,3,1,3,1,3,0,31
1,0,1,3,2,-1,1,1,0,0,2,1,2,1,0,0,1,0,0,1,12,1,1,0,1,1,1,4,1,1,2,1,1,0,1,0,3,6,4,2,1,3,3,3,4,34
1,0,3,2,2,15975,1,1,0,2,2,1,1,2,1,0,2,0,0,1,4,0,1,0,2,1,1,4,1,1,2,1,1,1,1,5,3,6,3,3,1,3,1,3,2,34
1,2,1,3,2,-1,1,1,0,0,2,1,1,2,1,0,1,0,0,1,8,0,1,1,1,1,1,4,1,1,2,1,1,1,1,0,2,6,4,3,1,1,3,3,0,33
0,0,3,3,2,3797,0,1,0,0,2,1,3,2,1,0,1,1,1,1,12,1,1,0,2,1,1,4,1,1,2,1,1,1,2,1,3,6,3,2,1,1,1,3,3,33
0,2,3,0,2,10706,1,1,0,0,2,1,3,2,1,0,2,0,0,1,5,0,1,0,1,1,1,4,1,1,2,1,1,1,1,0,2,6,3,2,1,1,1,3,4,33
0,0,3,2,2,6220,0,1,1,1,2,1,3,2,1,0,2,1,2,1,4,0,1,1,2,1,1,4,1,1,2,1,0,1,2,3,2,6,3,3,1,1,1,3,2,34
0,2,1,2,2,11802,1,1,0,0,1,1,3,1,0,1,1,0,0,1,4,1,1,1,2,1,1,4,1,1,2,2,1,1,1,0,2,6,3,3,1,0,3,3,1,29
1,0,1,1,2,13520,0,1,0,0,2,1,1,1,1,0,2,1,12,1,12,0,1,1,1,4,1,4,1,1,1,1,1,1,-1,0,3,6,4,3,1,2,0,3,0,32
1,0,1,3,2,1854,1,1,0,0,2,1,3,2,1,0,1,0,0,1,6,1,1,0,2,1,1,4,1,1,2,1,1,1,2,5,2,6,4,3,1,3,1,3,4,31
1,0,0,1,2,9166,1,1,2,2,2,1,3,1,0,0,1,0,0,1,4,1,1,1,0,4,0,2,0,0,1,1,0,1,1,0,1,6,3,2,1,2,1,3,2,30
0,0,2,3,2,8372,1,1,0,0,2,1,3,2,1,0,1,1,2,1,4,1,1,1,2,1,1,4,1,1,2,1,1,1,1,0,3,6,4,3,1,3,1,1,3,29
1,0,0,0,2,-1,0,0,0,0,2,1,1,2,0,0,1,0,0,1,12,1,1,0,1,1,0,4,1,0,1,1,0,1,-1,0,3,6,3,2,1,0,1,3,2,32
0,2,0,0,1,13363,0,1,0,0,2,1,1,2,1,0,1,1,2,0,0,0,1,2,2,1,1,4,1,0,2,2,1,0,2,4,0,6,4,0,0,1,1,0,2,5
0,2,2,3,2,77522,0,1,2,2,2,1,1,1,0,0,0,0,0,1,4,0,1,0,0,1,1,4,1,1,2,1,1,1,0,0,3,6,3,2,1,2,1,3,0,28
1,0,0,1,2,3328,1,1,0,2,2,1,3,1,1,0,1,1,4,1,4,1,1,2,0,1,0,4,1,1,1,1,1,1,1,0,2,6,3,3,1,2,0,3,2,33
1,0,3,2,2,35378,1,1,0,0,2,1,3,2,1,0,1,1,6,1,12,1,1,0,2,1,1,4,1,1,2,1,1,1,2,2,2,6,4,3,1,1,3,3,2,34
1,0,0,2,2,6972,1,1,0,0,2,1,1,2,0,1,0,1,12,1,12,0,1,0,0,4,0,3,0,0,2,2,1,1,0,0,3,6,3,2,1,2,1,3,0,25
0,0,0,0,2,1894,0,1,0,0,2,1,1,2,0,0,0,0,0,1,4,0,1,0,0,2,0,4,1,1,1,1,1,1,0,0,1,6,3,2,1,1,1,1,0,33
0,0,2,2,2,4579,0,1,0,1,2,1,1,1,1,0,0,1,4,0,0,0,1,0,2,1,1,4,0,1,2,1,1,1,0,0,2,6,4,3,1,3,3,3,0,32
0,2,2,2,1,4581,0,0,0,0,2,1,3,2,1,0,2,1,1,1,10,1,1,2,2,1,1,4,1,1,2,1,1,1,2,2,1,6,3,3,1,0,1,3,4,34
0,0,0,0,2,107,0,1,0,0,2,1,1,2,0,1,2,0,0,1,4,0,1,1,0,1,0,4,1,0,2,1,1,1,1,0,1,6,3,3,1,0,1,3,2,33
0,1,0,0,2,0,0,1,0,0,2,1,3,1,0,0,1,0,0,1,2,1,1,2,0,4,0,2,1,0,1,1,0,1,1,0,1,6,2,2,1,2,1,3,3,30
0,0,1,2,2,3303,0,1,0,0,2,1,3,1,1,0,2,0,0,1,6,1,1,2,0,4,1,4,1,1,2,1,1,1,-1,0,2,6,3,2,1,0,3,3,2,31
1,0,1,2,2,10022,1,1,1,2,2,1,1,2,1,0,1,0,0,1,12,0,1,2,2,1,1,4,1,0,2,1,1,1,1,0,3,3,3,3,1,2,1,3,1,32
0,0,0,0,2,17160,0,1,0,0,2,1,1,2,1,0,1,0,0,1,4,0,1,1,2,1,1,4,1,0,2,1,1,1,1,0,2,5,3,3,1,1,1,3,4,30
1,0,2,1,2,-1,0,1,0,0,2,1,3,2,1,0,1,0,0,1,12,0,1,2,1,4,1,4,1,1,1,1,1,3,1,0,2,6,3,3,1,3,1,3,1,14
1,2,2,2,2,8527,1,1,0,0,2,1,1,2,0,1,2,1,0,1,6,0,1,1,1,1,1,4,0,0,2,1,1,1,1,1,2,6,4,3,1,1,3,3,2,30
0,0,1,0,2,-1,1,1,0,0,2,0,0,0,0,1,1,0,0,1,12,1,1,2,1,1,1,4,1,1,2,1,1,0,1,0,1,6,4,2,1,2,1,3,1,34
1,0,2,1,2,5806,0,0,1,2,2,1,1,2,1,0,1,0,0,1,12,1,1,1,0,1,0,3,0,1,1,1,1,1,2,1,2,6,3,3,1,0,1,2,3,31
1,2,1,2,2,18218,0,1,0,0,2,1,1,2,0,1,2,0,0,1,5,0,0,1,1,1,0,4,1,0,2,1,1,1,-1,0,0,6,1,3,1,1,1,3,0,30
1,0,3,2,2,12002,0,1,1,2,2,1,3,1,0,0,1,0,0,1,7,0,1,1,2,1,1,4,1,0,2,1,1,3,2,3,3,6,3,3,1,3,3,2,3,32
0,0,2,2,2,35730,0,1,1,2,2,1,1,2,0,1,2,0,0,1,3,1,1,1,0,1,0,4,1,1,1,1,1,1,1,0,3,6,3,2,1,2,0,3,4,34
0,0,1,1,2,42,0,1,2,1,2,1,1,1,1,0,2,0,0,1,4,0,1,1,0,1,1,4,1,1,2,1,1,1,1,0,1,6,4,3,1,2,1,3,2,32
0,0,2,1,2,17805,0,1,1,2,2,1,1,2,1,0,1,1,4,1,2,0,1,2,0,1,1,4,1,1,2,1,1,1,2,3,3,6,3,2,1,1,1,3,4,33
0,0,2,0,2,12044,1,1,0,2,2,1,3,2,0,1,1,0,0,1,12,1,1,1,1,1,1,4,1,0,2,1,0,1,1,0,1,6,3,3,1,2,1,3,1,32
1,2,2,2,1,38248,0,1,0,0,2,1,1,2,0,1,1,0,0,1,4,0,1,1,2,1,1,4,1,1,2,1,1,1,-1,0,1,6,4,1,1,3,1,3,0,33
0,0,2,1,2,11109,0,1,0,0,1,1,1,2,1,0,0,0,0,1,4,0,1,0,0,1,1,1,0,1,2,2,1,1,0,0,3,6,2,3,1,0,3,3,0,32
1,0,2,2,2,10017,0,1,0,0,2,1,1,1,1,0,0,0,0,1,12,0,1,0,2,1,1,4,1,1,2,1,0,1,0,0,2,6,4,2,1,2,1,3,0,34
1,2,2,2,2,11356,0,0,1,1,2,1,1,2,1,0,2,1,4,1,4,1,1,1,2,1,1,4,1,1,2,1,1,3,1,0,1,5,3,2,1,1,0,1,0,34
0,2,3,2,2,388,1,0,1,2,2,1,1,2,1,0,2,0,0,1,4,0,1,0,1,1,1,4,1,1,2,1,1,1,0,0,3,6,4,3,0,1,1,3,0,34
1,0,2,2,2,12792,0,1,1,1,2,1,1,2,0,1,2,1,12,1,12,0,1,1,1,1,1,4,1,1,2,1,0,1,-1,0,2,5,4,3,1,1,0,3,3,33
1,0,1,0,2,177,0,1,0,0,2,1,3,2,0,1,1,1,4,1,4,1,1,1,1,1,1,4,1,1,2,2,1,1,1,0,2,6,3,3,1,0,1,3,4,32
0,2,2,2,2,4282,0,1,1,2,2,1,1,2,1,0,2,1,2,1,2,1,1,2,1,1,1,4,0,0,2,1,1,3,1,5,2,6,4,3,1,2,3,3,3,34
0,0,3,3,2,16620,1,1,0,0,2,1,3,2,0,0,2,0,0,1,12,1,1,0,2,1,1,3,1,1,2,1,1,1,2,2,2,6,4,3,1,3,1,3,3,32
1,2,2,3,2,24575,1,1,1,1,2,1,1,2,1,0,0,0,0,1,4,1,1,0,2,1,1,4,1,1,2,1,1,1,0,0,2,6,4,3,1,1,1,3,0,34
0,0,1,2,2,65,0,0,1,1,2,1,1,2,1,0,2,0,0,1,4,1,1,2,1,1,0,4,1,1,2,1,1,1,1,5,2,6,3,3,1,1,1,3,1,32
1,0,2,2,2,13478,1,1,1,2,2,0,0,0,1,0,2,0,0,1,10,0,1,0,2,1,1,4,1,1,2,1,1,0,-1,5,3,6,4,3,1,1,1,3,0,27
0,0,2,2,2,22148,0,1,0,0,2,0,0,0,0,0,2,0,0,1,6,0,1,1,1,1,1,4,1,1,2,1,1,0,1,3,2,6,3,2,1,1,1,3,4,34
0,0,2,2,2,11087,0,1,0,0,2,1,3,2,1,0,3,1,6,1,6,0,1,2,2,1,1,4,1,1,2,1,1,1,1,0,3,6,3,3,1,1,3,3,0,31
0,0,2,2,2,2715,0,1,0,0,2,1,3,2,1,0,1,0,0,1,4,0,1,1,2,2,0,4,1,1,2,1,1,1,-1,0,3,6,4,3,1,2,1,3,2,33
1,0,1,3,2,16705,0,1,0,2,2,1,1,2,0,1,2,0,0,1,4,0,1,0,2,4,1,4,1,1,2,1,1,1,1,5,3,6,4,3,1,1,1,3,0,34
0,0,2,1,2,10527,0,1,0,0,2,1,3,2,1,0,2,0,0,1,4,1,1,0,0,1,0,2,1,1,2,1,1,1,1,0,2,6,2,3,1,0,1,3,4,31
1,2,3,2,1,21361,1,1,0,0,2,1,3,1,1,0,2,0,0,1,24,1,1,0,2,1,1,4,1,1,2,1,1,3,2,3,3,6,4,3,1,1,1,3,4,34
0,1,2,2,2,813,0,1,1,2,2,1,3,2,0,1,1,0,0,1,6,0,1,1,1,1,1,4,1,1,2,1,0,3,1,5,3,6,3,3,1,1,1,3,2,33
0,0,0,1,2,0,0,1,2,0,2,1,1,1,1,0,2,0,0,1,4,1,1,1,1,1,1,3,1,1,2,1,1,2,2,3,3,3,3,2,1,1,0,1,1,0
1,0,0,1,2,5017,0,0,0,0,2,1,3,2,1,0,1,1,5,1,5,1,1,0,1,1,1,4,0,1,2,1,1,1,1,0,3,6,3,3,1,1,1,3,3,34
0,0,0,3,2,63109,1,0,2,2,2,1,3,2,1,0,2,0,0,1,12,1,1,1,0,4,1,4,1,1,1,1,1,1,2,3,2,6,3,2,1,3,1,2,4,30
1,0,1,2,2,-1,0,1,1,2,2,1,1,2,0,1,1,0,0,1,12,0,1,0,1,1,0,4,1,1,2,2,1,2,-1,0,0,6,2,3,0,1,1,3,1,28
0,2,1,2,2,-1,0,1,0,0,2,1,1,2,1,0,0,1,2,1,4,0,1,0,2,1,1,4,1,1,2,1,0,1,0,0,3,6,4,3,1,2,1,3,0,28
0,0,0,2,2,6231,0,1,0,0,2,1,1,2,1,0,2,0,0,1,6,0,1,0,2,1,1,4,1,1,2,1,1,3,0,0,2,6,4,3,1,3,2,3,1,33
0,2,2,2,2,24499,0,1,1,2,2,1,1,2,1,0,0,0,0,1,4,0,1,2,2,1,1,4,1,1,2,1,1,1,0,0,2,5,3,3,0,1,0,3,0,27
0,0,1,1,2,1716,1,1,0,0,2,1,3,2,0,0,1,1,4,1,4,1,1,1,1,1,0,4,1,1,2,1,1,1,1,0,2,6,3,2,1,1,1,3,1,32
1,1,1,2,2,28812,0,1,1,2,2,1,3,2,1,0,2,0,0,1,4,0,1,2,1,1,0,4,1,1,2,1,1,1,1,5,3,6,3,3,1,1,1,3,3,28
1,0,2,2,2,10740,0,0,1,2,2,1,1,2,1,0,2,0,0,1,4,0,1,0,0,1,1,4,1,1,2,1,1,1,1,1,2,6,3,3,1,2,1,3,2,34
1,2,3,2,2,33158,1,1,0,0,2,1,3,1,1,0,1,0,0,1,4,1,1,1,2,1,1,4,1,1,2,1,1,1,2,2,3,6,3,3,0,1,1,3,4,34
0,0,2,0,2,0,1,0,5,2,2,1,1,1,0,1,2,1,2,1,1,1,1,1,0,1,0,4,1,1,2,1,1,1,1,3,2,5,3,3,1,1,2,3,0,32
1,0,2,2,2,2449,0,1,0,0,2,1,3,1,0,0,1,0,0,1,12,1,1,2,1,1,1,4,0,0,1,1,1,1,1,0,3,6,3,3,1,1,0,3,4,34
0,0,2,2,2,7392,0,1,0,0,2,1,1,2,1,0,2,0,0,1,12,0,1,1,0,5,1,4,0,1,2,1,1,1,-1,0,3,6,3,2,1,2,1,3,0,33
1,2,2,2,2,15105,1,1,0,0,2,1,1,2,1,0,1,0,0,1,12,0,1,0,1,1,1,4,1,1,2,1,1,1,0,0,2,6,3,3,1,1,1,3,0,31
0,0,1,2,2,3715,1,0,0,0,2,1,3,1,1,0,1,0,0,1,1,0,1,2,0,1,0,4,1,1,1,1,0,1,1,0,2,6,4,3,1,1,0,3,3,34
0,2,1,3,2,8888,1,1,0,0,2,1,3,2,1,0,1,1,2,1,12,0,1,0,2,1,1,4,1,1,2,1,1,3,2,5,2,6,4,3,1,1,1,3,2,34
1,0,1,1,2,7595,0,1,0,0,2,1,3,2,1,0,1,0,0,1,4,1,1,1,0,1,0,4,0,1,1,1,1,1,2,5,3,6,3,3,1,1,1,3,1,34
0,0,2,0,2,0,1,1,0,0,2,1,3,1,1,0,1,0,0,1,4,1,1,0,0,1,0,4,1,1,2,2,1,1,1,0,0,6,3,2,1,2,1,3,3,30
1,0,2,2,2,19273,1,1,0,0,2,1,3,2,1,0,2,0,0,1,3,1,1,0,0,1,1,4,1,0,2,1,1,1,-1,0,2,6,4,3,1,1,3,3,2,31
1,0,1,1,2,81,0,1,0,0,2,1,1,2,1,0,1,0,0,1,12,1,1,0,1,1,1,4,1,1,1,1,1,1,1,0,3,6,3,3,1,2,1,3,4,31
0,0,2,3,2,31433,1,1,2,2,2,1,3,2,1,0,1,0,0,1,2,0,1,1,2,1,1,4,1,1,2,1,1,1,1,0,2,6,4,2,1,3,1,1,3,29
0,0,1,2,2,16640,0,1,0,0,2,1,2,2,0,0,1,0,0,1,4,1,1,2,2,1,1,4,1,0,2,1,1,2,1,0,2,6,4,3,1,3,3,3,2,31
0,2,2,3,2,23294,0,1,0,0,2,1,1,2,1,0,1,1,12,1,12,1,1,1,1,1,1,4,1,1,2,1,1,3,2,1,2,6,4,3,0,1,0,3,4,34
1,2,2,2,2,17399,0,0,0,0,2,1,3,2,1,0,2,0,0,1,12,1,1,0,2,1,1,4,1,1,2,1,1,1,1,5,2,6,4,3,1,1,0,3,3,32
0,0,3,3,2,28229,0,1,0,2,2,1,3,2,0,1,1,0,0,1,4,1,1,2,2,1,1,4,1,1,2,1,1,1,1,0,2,6,3,3,1,1,0,1,2,29
0,2,2,2,2,7197,0,1,0,0,2,0,0,0,1,0,1,0,0,1,12,1,1,1,2,1,1,4,1,0,2,1,0,0,2,1,3,6,4,3,1,3,3,3,1,34
1,2,1,2,1,6325,0,0,0,0,2,1,1,1,1,0,0,0,0,1,12,0,1,1,0,1,1,4,0,1,2,1,0,1,0,0,2,6,3,3,0,1,1,2,0,30
0,2,1,3,1,9916,0,1,0,2,2,1,1,2,1,0,1,0,0,1,12,0,1,0,2,1,1,4,1,1,2,1,1,1,0,0,2,3,3,3,0,1,2,3,1,34
1,2,2,1,2,8665,0,1,0,0,2,1,3,2,1,0,1,0,0,1,4,0,1,0,0,1,1,4,1,1,2,1,1,1,-1,0,3,6,4,2,1,2,1,3,0,33
0,0,1,3,2,2901,0,0,1,1,2,1,3,1,0,0,1,0,0,1,4,0,1,0,1,4,1,3,1,1,2,1,1,1,1,0,2,2,3,3,1,2,3,3,3,32
0,2,3,3,1,18875,1,1,2,1,2,1,3,2,1,0,2,0,0,1,12,0,1,0,2,1,1,4,0,1,2,1,1,1,2,5,3,6,4,3,0,1,1,3,2,32
1,0,1,3,2,4246,0,1,1,1,2,1,3,2,1,0,1,0,0,1,12,1,1,0,2,4,1,4,1,0,2,1,0,1,-1,0,3,6,4,3,1,0,0,3,1,30
1,0,2,2,2,1691,1,1,1,0,2,1,1,2,1,0,2,0,0,1,4,0,1,0,0,1,1,4,1,1,2,2,1,3,-1,0,1,6,3,2,1,2,1,3,0,33
0,0,1,3,2,-1,0,1,0,0,2,1,1,2,1,0,2,0,0,1,12,0,1,0,0,1,1,4,0,1,2,1,0,1,1,1,0,6,4,2,1,1,1,3,1,33
0,2,3,3,2,18579,1,1,1,2,2,1,3,2,1,0,1,1,1,1,4,1,1,2,1,1,1,4,1,1,2,1,1,1,1,0,2,6,3,2,1,3,3,3,4,31
1,0,2,2,2,11748,0,0,0,0,2,1,3,2,0,1,1,1,12,1,4,1,1,0,1,1,1,4,1,1,2,1,1,1,1,0,2,6,4,3,1,1,3,3,3,32
1,0,1,2,2,-1,0,0,0,0,2,1,1,1,0,0,0,1,12,1,12,1,1,0,1,1,1,4,1,1,2,1,1,1,0,0,2,6,3,3,1,1,2,3,0,19
0,2,0,3,1,921,0,0,0,0,0,1,1,2,1,0,1,1,4,1,4,0,1,0,0,1,1,4,1,1,2,1,1,1,2,3,2,6,3,3,1,1,1,3,0,33
1,2,1,2,2,10292,0,1,0,0,2,1,3,2,1,0,2,0,0,1,12,1,1,1,1,4,1,4,1,1,2,1,1,3,0,0,3,6,3,3,1,2,0,3,3,32
0,2,1,0,2,6121,0,1,0,0,2,1,1,2,1,0,2,0,0,1,12,0,1,1,1,1,1,4,1,1,2,1,1,1,1,0,2,5,3,3,1,2,1,3,2,28
0,1,0,0,1,20347,0,1,0,0,2,1,1,2,1,0,1,0,0,0,0,0,1,1,1,1,1,4,1,1,2,2,1,0,2,4,1,6,4,2,0,1,1,1,4,0
0,2,2,2,2,9135,0,1,0,0,2,1,3,1,1,0,1,0,0,1,4,1,1,1,1,1,1,4,1,1,2,1,1,1,2,3,2,6,4,3,1,1,1,3,3,34
1,0,0,2,2,2552,1,1,0,0,2,1,1,2,0,1,1,0,0,1,12,0,1,0,0,1,0,2,1,1,2,2,0,1,2,5,1,6,4,3,1,1,0,3,4,32
1,0,3,3,2,482,1,1,0,0,1,1,3,2,1,0,1,0,0,1,12,1,1,1,1,1,1,4,1,0,2,1,1,1,1,4,0,6,4,2,1,1,1,3,2,33
1,2,2,2,2,9681,1,1,1,2,2,1,3,2,1,0,2,1,2,0,0,1,1,1,2,1,1,4,0,1,2,1,1,1,1,0,2,6,3,3,1,1,1,3,1,33
1,2,2,2,2,14169,1,1,0,0,2,1,3,1,1,0,1,1,1,1,12,0,1,1,2,1,1,4,0,1,2,1,1,1,2,5,3,6,4,3,1,1,0,3,1,32
0,0,0,2,2,800,0,0,1,1,2,0,0,0,0,1,0,0,0,1,0,0,1,0,0,0,0,0,1,1,2,2,0,0,0,0,1,5,3,2,1,2,1,2,0,34
0,0,2,2,2,27591,0,1,2,2,2,1,3,1,1,0,2,0,0,1,4,0,1,2,0,1,1,4,1,0,2,1,0,1,1,0,3,6,3,3,1,1,1,3,2,34
0,0,1,1,2,266,1,1,0,0,2,0,0,0,1,0,2,0,0,1,12,0,1,2,0,4,0,0,0,1,1,1,1,0,1,1,1,6,3,2,1,1,3,3,1,31
0,0,2,3,2,-1,1,1,0,0,2,1,1,2,1,0,2,0,0,1,11,0,1,0,0,1,1,4,1,1,2,1,1,1,0,0,2,6,4,2,1,2,1,3,0,32
0,0,0,1,2,3509,0,0,0,0,2,1,1,2,0,1,1,0,0,1,3,0,1,0,1,4,0,2,0,0,1,2,1,1,-1,0,2,5,3,2,1,2,3,1,2,5
0,2,1,2,2,7359,0,1,1,1,2,1,1,2,1,0,2,1,3,1,3,0,1,0,2,2,1,4,0,1,2,1,1,1,1,0,1,6,3,2,1,1,1,3,3,34
1,2,1,1,2,15903,0,1,0,0,2,1,3,1,1,0,1,0,0,1,12,1,1,1,1,4,1,4,1,1,1,2,1,1,-1,0,2,6,3,3,1,2,1,3,4,32
1,2,1,2,2,16610,0,1,1,2,2,1,1,2,1,0,1,0,0,1,1,1,1,2,2,1,1,4,1,1,2,1,0,1,2,2,3,6,3,3,1,1,3,3,4,31
0,0,2,2,2,3692,0,1,0,0,2,1,1,2,1,0,1,0,0,1,4,1,1,0,1,1,1,4,1,1,2,1,1,1,1,0,3,6,4,3,1,2,1,3,0,32
1,2,2,3,1,39337,1,1,0,0,2,1,1,1,1,0,2,1,3,1,6,0,1,0,2,1,1,4,1,1,2,2,1,1,2,3,2,6,3,3,0,1,3,3,4,34
0,0,1,3,1,136,1,1,1,1,2,1,3,2,0,0,2,1,12,1,12,1,1,1,2,1,1,4,1,1,2,1,1,1,1,0,1,6,4,3,1,1,1,3,2,34
0,0,2,2,2,6761,0,1,0,0,2,1,3,2,1,0,2,0,0,1,6,0,1,1,1,1,1,4,1,1,2,1,1,1,1,3,3,6,3,3,1,1,1,3,0,18
0,0,1,2,2,9191,0,1,0,1,2,1,1,2,1,0,2,0,0,1,6,1,1,1,0,1,0,4,0,1,2,1,1,1,-1,2,2,6,3,3,1,2,1,3,4,24
1,0,3,2,2,956,0,1,0,1,2,1,1,2,1,0,2,1,2,1,6,0,1,1,0,1,1,4,1,1,2,1,1,2,1,5,2,6,4,3,1,1,1,3,4,32
0,0,2,2,2,15196,0,1,0,0,2,1,1,2,1,0,1,0,0,1,6,0,1,0,2,1,1,4,1,1,2,1,1,1,-1,0,2,6,4,2,1,1,1,3,0,33
0,0,0,2,2,18824,1,0,1,0,2,1,3,1,1,0,2,0,0,1,12,1,1,1,2,1,1,4,1,1,1,1,1,1,1,0,2,6,2,3,1,1,1,3,2,33
1,0,0,1,2,-1,0,1,0,0,2,1,1,2,0,0,1,0,0,1,4,1,1,2,0,4,0,3,1,1,1,2,0,1,1,0,1,6,2,2,1,2,0,3,3,25
0,2,2,2,2,7265,0,1,1,2,2,1,3,2,0,1,2,0,0,0,0,1,1,0,1,1,1,4,1,1,2,2,1,1,-1,0,1,6,3,2,1,2,3,3,1,33
0,0,2,1,2,2596,0,1,0,0,2,1,3,2,1,0,2,0,0,1,13,0,1,1,1,1,1,4,1,0,2,1,1,1,-1,0,2,6,4,3,1,2,1,3,4,31
1,2,3,3,1,25305,1,1,0,0,2,1,3,1,0,0,1,0,0,1,12,1,1,1,2,1,1,4,1,1,2,1,1,1,2,2,3,6,3,3,0,1,1,3,2,29
0,2,1,3,2,41070,1,1,1,1,2,1,1,2,1,0,2,1,2,1,2,1,1,1,2,5,1,4,1,1,2,1,1,1,2,5,1,6,3,2,0,3,1,3,3,29
0,1,2,3,1,297,0,1,0,0,2,1,3,2,1,0,1,1,6,1,24,0,1,0,2,1,1,4,1,1,2,2,0,0,2,4,0,6,4,0,0,1,3,1,3,5
1,2,0,1,2,4019,0,1,1,1,2,1,3,2,1,0,0,0,0,1,12,0,1,0,0,1,1,4,1,1,2,1,1,3,0,0,2,6,4,3,0,2,1,3,0,33
0,0,2,2,2,9684,0,1,1,0,2,1,3,2,1,0,2,0,0,1,6,1,1,2,2,1,1,0,1,1,2,1,1,1,2,1,1,6,3,3,1,1,1,3,3,18
0,0,1,0,2,2905,1,1,0,0,2,1,1,2,0,1,2,0,0,1,12,1,1,1,0,1,0,4,0,1,1,2,1,1,2,5,1,5,3,0,1,2,1,3,2,34
0,0,2,2,1,-1,1,1,0,0,2,1,1,1,1,0,2,0,0,1,4,0,1,0,0,1,1,4,1,1,2,1,1,1,1,1,3,6,3,0,0,1,3,2,3,28
1,2,2,2,2,-1,0,1,0,0,2,1,3,1,1,0,2,0,0,1,12,1,1,1,2,1,1,4,1,0,2,1,1,0,1,5,2,6,4,3,0,1,0,3,2,34
0,2,2,1,2,15233,1,1,1,2,2,1,1,2,1,0,0,0,0,1,12,0,1,0,1,1,1,0,1,1,2,1,1,1,0,0,2,3,3,3,1,1,1,3,0,27
0,2,2,3,2,8781,0,1,0,0,2,1,3,2,1,0,1,0,0,1,12,1,1,0,2,1,1,4,1,1,2,1,1,1,1,0,1,6,3,3,1,2,1,3,2,33
1,0,0,1,2,56986,0,1,0,0,2,1,3,1,1,0,2,0,0,1,12,0,1,1,1,4,0,4,1,1,2,1,0,1,-1,0,1,6,3,3,1,1,1,3,1,30
0,1,0,0,1,1334,0,1,0,0,2,1,3,2,1,0,1,0,0,1,12,1,1,0,2,1,1,4,1,1,2,2,1,0,2,4,0,6,3,0,0,3,1,1,2,0
1,2,3,2,2,48305,1,1,0,1,2,1,3,2,1,0,1,0,0,1,12,0,1,0,2,1,1,4,1,1,2,1,1,1,1,4,0,6,4,3,1,1,1,3,0,33
0,0,1,1,2,4085,0,1,0,0,2,1,1,1,0,0,0,1,2,1,11,0,1,1,0,1,0,4,1,1,1,1,0,1,0,0,1,6,3,2,1,2,1,3,0,30
0,0,0,1,2,3727,0,0,0,0,2,1,1,2,0,1,2,0,0,1,3,0,1,1,0,1,1,4,0,1,2,1,0,1,-1,0,1,6,3,2,1,2,1,3,2,22
0,1,0,1,1,1968,0,0,0,0,1,0,0,0,0,1,1,0,0,1,4,1,0,1,0,4,0,2,1,0,1,1,0,0,1,0,1,5,1,2,1,0,3,1,2,31
0,0,2,3,2,20959,1,1,1,1,2,1,3,1,1,0,2,0,0,1,12,1,1,0,0,1,1,4,1,1,2,1,1,1,1,0,3,6,4,2,1,0,1,3,2,29
0,2,0,2,2,-1,0,1,1,0,2,1,1,1,0,1,2,0,0,1,8,0,1,2,2,1,1,4,1,1,2,1,1,3,1,0,2,6,3,2,1,3,1,3,0,33
0,1,0,3,1,12380,0,1,0,0,2,1,1,2,1,0,1,0,0,0,0,1,0,0,2,1,1,4,1,1,2,2,1,0,2,4,0,6,1,0,0,3,3,1,4,0
0,0,1,1,2,6053,0,0,0,0,2,1,2,1,0,0,2,0,0,1,12,0,1,1,0,1,1,4,1,1,1,1,1,1,1,0,2,6,4,3,1,2,3,3,2,30
1,2,2,1,2,6242,0,1,0,0,2,1,1,2,0,1,0,0,0,1,4,0,1,0,1,1,1,4,1,1,2,1,1,1,0,0,2,6,3,3,1,1,1,3,0,32
1,0,2,3,2,4399,1,1,2,2,2,1,3,1,0,1,2,0,0,1,12,0,1,2,2,1,1,4,1,1,2,1,1,1,1,0,3,6,3,2,1,1,0,3,2,32
0,0,1,2,2,9364,0,1,0,0,2,1,1,2,1,0,2,1,3,1,12,0,1,1,0,1,1,4,1,1,2,1,1,1,1,5,3,6,3,3,1,2,1,3,2,32
1,2,3,3,2,16681,1,1,1,2,2,1,3,2,1,0,2,0,0,1,12,1,1,2,2,1,1,4,1,1,2,1,1,1,1,0,3,6,4,3,1,0,1,3,4,29
0,0,0,1,2,8186,1,1,1,0,2,1,1,2,1,0,1,0,0,1,2,1,1,0,2,1,1,4,1,1,2,1,1,1,1,0,2,6,3,3,1,2,0,3,4,32
0,0,0,2,2,1869,0,1,0,0,2,1,1,2,1,0,1,1,1,1,12,0,1,1,0,5,0,4,0,1,2,1,1,3,1,5,3,6,3,3,1,2,0,3,2,33
0,0,2,2,2,10230,0,1,0,2,2,1,1,2,0,1,2,0,0,1,4,0,1,0,2,1,1,4,1,1,2,1,1,3,1,3,3,6,4,3,1,1,1,3,3,34
0,0,1,2,2,4034,0,1,2,2,2,1,1,1,1,0,2,0,0,1,4,1,1,2,0,1,0,4,1,1,2,1,1,1,-1,0,3,6,3,3,1,1,0,3,1,32
1,2,2,1,2,59132,1,1,1,2,2,1,1,1,1,0,2,1,1,1,12,0,1,2,2,1,1,4,1,1,2,1,1,1,-1,1,2,6,4,3,1,2,1,3,3,27
0,0,2,3,1,17541,0,1,1,0,2,1,3,2,1,0,2,0,0,1,12,1,1,1,2,1,1,4,1,1,2,1,1,1,2,2,3,6,4,3,0,3,1,3,4,34
1,1,2,2,1,41832,0,1,0,0,2,1,1,2,1,0,1,0,0,1,12,0,1,1,2,1,1,4,1,0,2,1,0,1,1,0,2,6,4,3,1,3,1,3,1,33
0,0,0,1,2,11836,1,1,0,0,2,1,1,2,0,0,2,0,0,1,4,0,1,0,0,2,0,4,0,1,1,2,1,1,0,0,1,5,3,2,1,2,3,2,2,34
0,2,3,3,2,31333,1,1,0,1,2,1,1,2,1,0,2,0,0,1,3,1,1,0,2,1,1,4,1,1,2,1,1,3,1,5,3,6,4,3,1,1,1,3,0,29
0,2,2,2,2,21283,0,1,1,2,2,1,3,2,1,0,2,0,0,1,12,1,1,0,2,1,1,4,1,1,2,1,1,1,2,1,3,6,4,3,1,3,1,2,3,33
0,2,0,3,2,216,0,1,1,0,2,1,1,2,1,0,0,0,0,1,4,0,1,0,1,1,1,4,1,0,2,1,1,1,0,0,2,6,4,3,1,3,1,3,0,33
1,0,3,2,2,30171,0,1,1,2,2,1,1,2,1,0,2,1,2,1,4,0,1,1,2,1,1,4,1,1,2,1,1,3,1,1,3,6,3,3,1,1,3,3,0,33
1,0,0,3,1,8648,0,1,1,2,2,1,1,2,1,0,1,0,0,1,6,0,1,0,2,1,1,4,1,1,2,1,0,1,-1,0,2,6,4,3,1,1,3,3,4,33
0,0,1,2,2,2911,0,1,0,0,2,1,1,1,0,1,1,0,0,1,12,0,1,0,0,1,0,4,0,1,2,1,1,1,1,0,1,6,3,3,1,2,3,3,4,31
1,0,1,0,2,6569,0,0,0,0,2,1,1,1,1,0,0,0,0,1,4,0,1,0,1,1,0,4,1,1,2,1,1,1,0,0,2,6,3,3,1,2,1,3,0,30
1,2,3,3,2,13590,1,1,0,0,2,1,3,2,1,0,1,1,1,1,12,0,1,0,2,1,1,4,1,1,2,1,1,1,1,0,2,6,3,3,1,1,1,2,4,33
0,0,1,2,2,4347,0,0,0,0,2,1,1,2,1,0,2,0,0,1,12,0,1,0,2,1,1,4,1,1,2,1,1,1,1,4,0,0,3,2,1,1,3,3,2,27
0,0,2,3,2,28657,0,1,0,0,2,1,1,2,1,0,2,1,1,1,6,0,1,1,2,1,1,4,1,1,2,1,1,3,2,1,2,3,4,2,1,1,1,3,4,30
1,2,1,3,2,7587,0,1,1,2,2,1,1,2,1,0,1,0,0,1,6,1,1,2,1,1,0,4,0,0,2,1,1,1,1,0,0,6,4,2,1,2,1,3,3,26
0,2,1,3,2,25037,1,1,0,0,2,1,3,1,1,0,2,0,0,1,6,1,1,0,2,1,1,4,1,1,2,1,1,1,2,5,3,6,3,3,0,1,3,3,3,29
0,1,0,0,1,13117,0,1,0,0,2,1,1,1,0,0,1,1,4,0,0,1,1,0,1,1,1,4,0,0,2,2,1,0,2,4,0,6,4,0,0,3,1,0,4,0
0,0,0,1,2,2707,0,0,0,0,2,1,3,2,1,0,2,0,0,1,6,0,1,1,0,1,0,1,1,1,2,1,0,2,1,5,2,6,2,2,1,1,1,3,0,30
1,0,3,3,2,8844,0,1,0,2,2,1,3,2,1,0,2,1,14,1,4,0,1,0,2,1,1,4,1,1,2,1,1,1,2,3,3,6,4,3,1,3,1,3,4,34
0,2,2,3,2,12629,0,1,0,0,2,1,1,2,1,0,2,0,0,1,1,0,1,0,2,1,1,4,1,1,2,1,1,1,-1,0,2,6,4,3,0,3,2,3,3,34
0,0,3,2,2,7911,0,1,0,0,2,1,1,2,1,0,2,0,0,1,5,0,1,1,1,1,0,4,1,1,2,2,1,1,-1,0,2,6,3,3,1,2,1,3,2,22
0,0,2,2,2,6154,0,1,1,2,2,1,1,2,1,0,2,0,0,1,15,0,1,1,2,1,1,3,1,1,2,1,1,1,0,0,3,6,3,3,1,1,1,3,0,34
0,2,2,3,2,9333,1,1,1,2,2,1,3,2,1,0,2,0,0,1,4,1,1,1,2,1,1,4,1,0,2,1,1,3,2,2,3,6,4,3,1,0,0,3,4,31
1,0,1,3,2,4638,1,1,1,2,2,1,1,1,1,0,0,0,0,1,1,1,1,2,0,1,1,4,1,1,2,1,1,1,0,0,2,6,3,3,1,2,1,3,0,24
1,0,0,0,2,-1,1,1,1,1,2,1,1,2,1,0,2,0,0,1,3,1,1,1,0,1,0,2,1,1,1,1,0,1,-1,0,3,6,3,2,1,2,1,0,2,25
0,0,1,2,2,4625,0,1,2,1,2,1,1,2,0,1,2,0,0,1,4,0,1,1,2,1,0,4,1,1,2,1,1,1,1,0,2,6,3,3,1,1,1,3,2,33
0,2,2,2,2,6102,0,1,0,0,2,1,1,2,0,1,0,0,0,1,4,0,1,0,1,1,1,4,1,1,2,1,1,1,0,0,1,6,4,3,1,1,3,3,0,34
1,0,1,3,2,-1,0,1,0,0,2,1,1,2,1,0,0,0,0,1,4,0,1,0,1,1,1,4,1,1,2,1,1,1,0,0,1,6,4,2,1,0,3,3,0,29
0,0,2,0,2,5366,0,1,1,2,2,1,3,2,1,0,1,0,0,1,12,1,1,1,2,1,1,4,1,1,2,1,1,1,1,0,1,6,4,2,1,1,1,3,2,33
1,0,0,1,2,0,1,1,0,2,2,1,3,1,1,0,1,0,0,1,3,1,1,2,0,4,0,4,1,0,1,1,1,1,1,0,2,6,2,3,1,2,0,3,4,31
0,0,0,3,2,9844,0,0,0,0,2,1,1,2,1,0,0,0,0,1,4,0,1,0,1,1,1,4,1,1,2,1,0,3,0,0,2,3,3,2,1,1,3,3,0,30
0,0,1,3,2,7202,1,1,0,2,2,1,1,2,1,0,2,1,3,1,12,0,1,1,2,1,1,4,1,1,2,1,1,1,-1,0,2,6,3,2,1,2,0,3,2,32
0,0,2,2,2,6058,0,1,1,1,2,1,1,2,1,0,1,0,0,1,12,0,1,1,2,5,0,4,1,1,2,1,0,1,1,0,2,6,3,3,1,2,1,3,2,30
1,0,2,2,2,-1,1,1,0,0,2,1,1,1,1,0,2,0,0,1,12,0,0,1,2,1,1,4,1,1,2,1,1,1,1,4,2,6,1,3,1,1,1,3,4,33
0,0,1,3,2,3842,1,0,0,0,0,1,1,1,1,0,0,0,0,1,12,1,1,0,2,1,1,4,1,1,2,1,1,1,0,0,3,6,3,2,0,0,0,1,0,32
0,0,0,1,2,-1,1,0,0,0,2,0,0,0,0,1,2,0,0,1,5,1,1,2,1,1,0,3,1,1,1,2,0,0,1,3,1,5,3,2,1,0,1,3,3,26
0,0,2,2,2,5982,0,1,1,2,2,1,1,1,1,0,2,1,2,1,4,0,1,1,2,1,1,4,1,1,2,1,1,1,1,2,3,3,4,3,1,3,1,3,1,34
0,2,1,2,1,20095,0,1,0,0,2,1,3,2,1,0,1,0,0,1,7,0,1,0,2,1,1,4,1,1,2,1,1,1,2,5,2,6,3,2,1,3,1,3,4,32
1,0,1,2,2,-1,0,1,1,2,2,1,1,2,1,0,2,0,0,1,4,0,1,1,1,1,1,4,0,1,2,1,1,1,-1,5,2,6,4,3,1,1,1,3,0,31
0,2,2,3,2,90018,0,1,0,0,2,1,1,2,0,1,1,0,0,1,4,0,1,0,0,1,1,4,1,1,2,1,1,1,1,0,2,6,3,2,1,2,1,3,4,33
0,2,2,3,2,13733,0,1,0,2,2,1,3,1,1,0,1,0,0,1,4,0,1,1,2,1,1,4,0,1,2,1,1,1,2,2,3,6,4,2,1,1,3,3,4,34
0,0,2,2,2,1114,0,1,1,2,2,0,0,0,0,1,2,0,0,1,6,0,1,0,1,1,1,4,1,1,2,1,1,0,1,0,2,6,3,2,1,1,3,3,2,33
1,2,2,2,2,9116,0,0,0,0,2,1,3,2,1,0,1,1,12,1,12,1,1,1,1,1,0,4,1,1,2,1,1,1,2,5,2,6,4,3,1,1,1,3,4,33
0,0,2,3,2,488,0,0,0,0,2,1,1,2,1,0,2,1,1,1,6,0,1,1,0,1,1,4,1,0,2,1,1,1,-1,0,0,6,4,2,1,1,1,3,2,30
0,0,0,2,2,-1,0,0,1,1,2,1,1,2,1,0,1,0,0,1,12,0,1,0,2,1,0,4,0,0,1,2,0,1,1,0,2,6,2,0,1,2,1,3,2,32
1,0,1,2,2,14669,0,1,0,0,2,1,3,1,0,1,2,1,4,1,6,1,1,1,2,1,1,4,1,1,2,1,1,1,-1,0,3,6,3,3,1,1,1,3,4,31
0,0,1,3,2,8494,0,0,1,2,2,1,3,2,1,0,1,0,0,1,4,1,1,2,0,1,1,4,1,1,2,1,0,1,1,0,2,6,3,2,1,1,1,3,4,31
0,0,3,3,2,3542,0,1,0,0,2,1,1,2,1,0,1,0,0,1,12,0,1,1,2,1,1,4,0,1,2,1,1,3,2,1,3,6,4,2,1,1,1,3,4,33
1,0,0,1,2,5615,1,1,0,0,2,1,1,2,1,0,2,0,0,1,12,0,1,1,0,4,0,4,1,1,1,1,0,1,1,0,3,4,3,3,1,2,0,3,4,18
0,0,1,2,2,5345,0,1,0,0,2,1,1,2,1,0,2,0,0,1,6,1,1,2,1,4,1,4,0,1,2,1,1,1,1,0,3,6,3,2,1,1,1,3,0,18
0,0,2,0,2,13762,1,1,1,0,1,1,3,2,0,0,2,0,0,1,3,0,1,0,1,1,1,4,1,1,2,1,0,1,1,1,2,5,2,3,1,1,3,3,1,32
0,0,1,3,2,-1,1,1,0,0,2,1,3,1,1,0,1,0,0,1,11,0,1,0,2,1,1,4,1,1,2,1,1,1,1,4,3,6,4,2,1,2,1,3,2,32
0,0,2,2,2,5699,0,1,0,0,2,1,1,2,1,0,0,0,0,1,2,1,1,0,1,1,1,4,0,1,2,1,1,1,0,0,2,6,2,3,1,3,3,3,0,32
1,0,1,1,2,4921,0,1,0,0,2,0,0,0,0,1,2,0,0,1,12,0,1,2,0,1,0,1,1,1,2,1,1,0,1,0,2,6,4,3,1,2,1,3,1,32
1,0,2,3,2,11249,0,1,1,2,2,1,1,2,0,1,1,0,0,1,12,0,1,2,0,1,1,4,1,1,2,1,1,1,1,2,1,6,3,3,1,1,1,3,3,33
1,2,4,3,1,75139,0,1,1,2,2,1,3,2,1,0,1,0,0,1,12,1,1,2,2,1,1,4,1,1,2,1,1,1,-1,3,3,6,4,0,0,3,1,3,0,4
0,2,2,3,2,10955,1,0,1,2,2,1,1,2,1,0,2,0,0,1,12,0,1,0,1,1,1,4,1,1,2,1,1,1,-1,0,2,6,3,3,1,3,1,3,1,33
0,0,0,1,2,4006,0,0,0,0,2,1,1,1,1,0,0,0,0,1,12,0,1,0,0,1,0,3,0,1,2,1,0,1,0,0,2,5,3,2,1,2,1,3,0,33
0,2,1,2,2,14213,0,1,0,0,1,1,3,2,1,0,2,0,0,1,12,1,1,2,2,1,1,4,1,1,2,1,1,0,2,5,3,6,4,3,1,1,3,3,4,33
1,0,1,3,2,1627,0,1,0,0,2,1,3,2,1,0,2,0,0,1,6,0,1,1,2,1,1,4,1,1,2,1,1,1,2,5,3,6,4,3,1,1,1,3,3,32
0,0,2,1,2,2417,0,1,0,0,2,1,1,1,1,0,1,0,0,1,10,0,1,1,1,1,0,4,0,1,2,1,0,1,1,0,0,6,4,3,1,1,0,3,1,28
1,2,1,2,2,4519,1,1,1,2,2,1,3,1,1,0,2,0,0,1,4,0,1,0,0,1,1,4,1,1,2,1,1,1,-1,0,3,0,3,3,1,2,1,3,1,34
0,0,0,1,2,6828,0,1,0,0,2,1,1,2,1,0,2,1,3,1,12,0,1,1,1,4,0,4,1,1,1,1,0,1,-1,0,3,6,3,3,1,2,1,3,1,32
1,2,2,2,1,16941,1,1,0,0,2,1,3,2,1,0,1,0,0,1,4,1,1,2,2,1,1,4,1,1,2,1,1,3,2,5,2,6,3,2,1,3,1,2,4,33
0,0,1,2,2,9000,0,1,2,2,2,1,1,2,1,0,2,0,0,1,12,1,1,1,0,3,1,4,0,1,2,1,1,1,2,2,2,6,4,3,1,2,3,3,2,31
0,0,3,3,2,6805,1,1,0,0,2,1,1,1,1,0,2,1,12,1,12,1,1,0,0,1,1,4,0,1,2,1,0,1,1,1,3,6,4,2,1,2,1,3,4,29
0,0,1,3,2,1594,0,1,0,0,2,1,1,1,1,0,0,0,0,1,12,0,1,0,2,4,1,4,1,1,2,1,1,1,0,0,1,5,3,2,1,1,0,3,0,32
1,0,2,3,2,90016,1,0,0,0,2,1,3,1,1,0,1,0,0,1,12,1,1,1,1,1,1,4,1,1,2,1,1,1,1,0,2,6,3,3,1,2,1,3,2,28
0,0,1,3,2,11830,0,1,0,0,2,1,1,2,1,0,0,0,0,0,0,0,1,0,0,1,0,4,0,1,2,1,0,1,0,0,0,0,3,2,1,0,0,3,0,25
0,2,2,0,2,-1,0,1,1,0,2,1,3,2,1,0,3,1,5,1,12,0,1,0,1,1,1,3,1,1,2,2,1,1,-1,4,0,6,4,0,0,3,1,3,2,34
0,0,2,2,2,18000,0,1,0,0,2,1,1,2,1,0,0,1,12,1,4,0,1,0,1,1,1,4,1,1,2,1,1,1,0,0,2,6,4,2,1,1,3,3,0,32
0,0,1,1,2,10725,0,1,0,0,2,1,3,1,1,0,1,0,0,1,4,0,1,1,0,1,0,0,1,0,1,1,1,1,1,0,1,6,2,3,1,0,1,3,4,28
0,2,2,0,1,3544,0,1,0,0,2,1,1,2,1,0,3,0,0,0,0,0,1,0,2,1,1,4,0,1,2,2,0,0,1,5,0,6,4,0,0,2,3,0,0,5
1,0,2,0,2,17883,0,1,1,2,2,1,1,1,0,1,0,0,0,1,1,0,1,0,2,1,1,4,1,1,2,1,1,1,0,0,2,5,4,3,1,0,1,3,0,34
0,0,0,0,2,17207,1,1,1,2,2,1,3,2,1,0,2,0,0,1,12,1,1,2,0,1,1,4,1,1,2,1,1,1,2,1,2,2,3,3,1,2,1,2,4,31
1,0,0,2,2,36366,1,1,0,0,2,1,3,2,1,0,2,0,0,1,6,1,1,1,2,1,1,4,1,1,2,1,1,1,1,5,3,6,4,3,1,3,1,3,3,30
0,2,0,3,2,24141,0,1,0,0,2,1,3,2,1,0,0,0,0,1,12,0,1,0,2,1,1,4,1,1,2,1,1,1,0,0,2,6,3,3,1,0,1,3,0,31
1,0,2,1,2,16379,0,0,1,2,2,1,1,1,1,0,1,0,0,1,12,1,1,2,2,4,1,4,1,0,2,1,1,1,1,0,1,6,4,3,1,2,1,3,1,34
1,0,1,2,2,4968,0,1,1,2,2,1,3,2,1,0,1,0,0,1,4,1,1,2,0,1,0,4,1,1,2,2,1,3,-1,0,1,6,4,3,1,1,3,3,3,32
0,0,0,0,2,10614,0,1,1,0,2,1,1,2,1,0,2,0,0,1,3,0,1,0,1,4,0,0,1,0,1,1,1,1,0,0,0,4,3,2,1,2,1,3,0,33
0,2,2,3,2,1116,0,1,0,0,2,1,1,2,0,1,1,0,0,1,12,0,1,1,1,1,1,4,1,1,2,1,1,1,1,0,3,6,4,2,1,0,3,3,2,29
1,0,2,1,2,0,1,0,1,1,2,1,1,2,0,1,3,0,0,1,3,1,1,0,0,1,0,4,1,1,2,1,1,1,1,0,3,6,3,3,1,3,1,3,1,26
1,2,1,3,2,9828,1,1,0,0,2,1,3,2,1,0,1,0,0,1,12,1,1,1,2,1,1,4,1,1,2,1,1,1,1,0,3,6,4,3,1,1,0,3,2,33
0,0,2,0,2,4475,1,1,1,1,2,1,1,1,0,0,2,0,0,1,6,0,1,1,0,1,1,4,1,1,2,1,1,1,1,3,2,6,3,2,1,1,0,3,3,34
0,0,2,2,2,7168,0,1,0,0,2,1,1,2,0,0,2,0,0,1,4,0,1,1,1,1,1,4,1,1,2,1,1,1,1,0,2,5,3,3,1,1,2,3,1,31
0,2,2,3,1,8924,1,1,0,0,2,1,3,1,1,0,1,0,0,1,12,1,1,2,0,5,1,4,1,1,2,1,1,1,1,0,3,6,4,3,1,1,0,3,3,32
0,0,1,2,2,-1,0,0,1,2,2,1,1,2,1,0,2,0,0,1,12,0,1,1,0,1,1,4,0,1,2,1,1,1,-1,0,2,6,3,3,1,3,0,3,4,32
0,0,3,3,2,1067,1,1,0,0,2,1,1,2,1,0,0,0,0,1,12,0,1,0,0,1,1,4,1,1,2,1,1,1,0,0,2,6,4,2,1,1,0,3,0,33
1,2,0,1,2,671,0,1,0,0,2,1,1,2,1,0,0,0,0,1,4,0,1,0,0,2,0,4,1,0,2,2,0,3,0,0,3,5,3,2,1,1,1,3,0,30
0,2,2,3,2,14414,0,1,4,2,2,1,3,2,1,0,1,1,3,1,12,1,1,1,1,1,1,4,1,1,2,1,1,1,1,0,3,6,4,3,0,1,1,3,2,32
1,0,0,3,2,-1,1,1,2,2,2,1,3,2,1,0,1,0,0,1,2,0,1,2,1,1,1,4,0,1,2,1,0,0,0,0,3,6,4,3,1,3,0,3,3,33
1,0,0,2,2,1479,0,1,0,0,2,1,3,1,1,0,1,1,6,1,6,1,1,2,1,5,0,2,0,1,1,1,1,1,1,0,3,6,3,3,1,2,1,3,4,34
0,2,1,3,2,3963,1,1,1,2,2,1,3,2,0,1,1,1,1,1,12,1,1,1,2,1,1,4,1,1,2,1,0,1,1,0,3,6,4,3,1,2,2,3,4,33
0,0,2,3,2,17594,1,1,1,2,2,1,1,2,1,0,2,1,1,1,12,1,1,1,0,1,1,4,1,1,2,1,1,1,1,5,0,6,3,2,1,1,3,3,0,27
1,0,0,0,2,12394,0,1,0,0,2,1,1,1,1,0,0,1,1,1,4,0,1,0,0,4,1,4,1,1,2,1,1,1,0,0,2,6,3,3,1,1,1,3,0,30
1,2,3,2,2,27630,0,1,0,0,2,1,3,1,1,0,1,0,0,1,6,0,1,1,2,1,1,4,1,1,2,1,1,3,2,4,3,6,4,3,1,1,0,3,3,32
1,2,1,3,2,7841,0,1,1,1,2,1,1,2,1,0,2,0,0,1,4,0,1,0,1,1,1,4,1,0,2,1,1,2,0,0,2,6,4,3,1,2,3,3,0,30
1,0,0,1,2,-1,1,1,0,0,2,1,3,2,1,0,2,0,0,1,4,1,1,1,0,1,0,3,1,1,2,1,1,1,1,0,3,5,3,3,1,2,1,3,4,29
1,0,3,0,2,9984,0,1,0,0,2,1,3,2,1,0,2,0,0,1,6,0,1,0,2,4,1,4,1,1,2,1,1,1,0,0,2,6,4,3,1,3,1,3,4,33
1,0,2,2,2,13269,0,1,0,2,2,1,3,1,1,0,2,1,12,1,4,0,1,0,1,1,1,4,1,1,2,1,1,1,1,5,3,6,3,3,1,1,1,3,0,34
0,0,0,2,2,6509,0,1,0,0,2,1,3,2,1,0,2,1,2,1,1,0,1,0,1,1,1,4,0,1,2,1,1,1,1,0,2,6,3,3,1,2,1,3,2,31
0,0,1,2,2,5582,0,1,0,0,2,1,3,1,0,1,1,1,2,1,8,1,1,1,2,1,1,4,1,1,2,1,1,1,-1,0,3,6,4,3,1,1,3,3,3,34
0,0,2,2,2,8800,0,1,0,0,2,1,3,1,1,0,1,1,1,1,4,1,1,0,0,1,1,4,1,1,2,1,1,3,2,5,2,6,4,3,1,1,3,3,2,30
0,0,0,1,2,3967,0,0,0,0,2,1,3,1,0,0,2,0,0,1,7,1,1,2,0,4,0,1,0,1,1,1,0,1,1,0,1,3,3,2,1,0,1,3,4,31
0,0,2,2,2,17152,1,1,0,2,2,1,1,2,1,0,2,0,0,1,4,0,1,2,1,1,1,4,1,1,2,1,1,1,1,5,3,6,4,3,1,3,3,3,4,34
1,0,2,2,2,13224,0,1,1,1,2,1,3,2,1,0,2,0,0,1,6,1,1,1,1,1,1,4,1,1,2,1,1,3,1,0,2,6,4,3,1,3,3,3,4,32
1,0,1,2,2,15266,0,1,1,1,2,1,3,2,0,1,1,0,0,1,4,1,1,2,1,1,1,4,1,1,2,1,1,3,2,5,1,6,4,3,1,2,1,3,4,34
0,0,2,3,2,11883,1,1,0,0,2,1,1,2,1,0,0,0,0,1,6,0,1,0,2,1,1,4,1,1,2,1,0,1,0,0,2,6,3,3,1,1,3,3,0,32
0,0,2,2,2,13876,0,1,0,0,2,1,1,2,1,0,2,1,4,1,4,0,1,1,1,1,1,4,1,1,2,1,1,1,1,0,2,3,4,2,1,3,3,3,1,32
0,0,0,1,2,221,1,1,0,0,2,1,1,2,0,0,1,0,0,1,6,0,1,2,0,1,0,2,1,1,1,2,1,1,1,0,1,6,3,2,1,2,1,3,1,34
1,0,3,2,2,15194,0,1,1,1,2,1,3,2,1,0,1,0,0,1,12,1,1,1,2,1,1,4,1,1,2,1,1,1,1,0,0,6,4,3,1,1,1,3,1,32
1,2,1,2,2,8174,0,1,0,0,2,1,1,2,1,0,0,0,0,1,4,0,1,1,1,1,1,4,1,1,2,1,1,2,0,0,2,6,4,3,1,0,3,3,0,33
1,1,0,1,2,21689,0,1,0,0,2,1,3,2,1,0,2,0,0,1,12,1,1,1,1,1,1,4,1,1,2,1,1,1,1,5,3,6,3,3,1,1,1,2,3,34
0,0,2,1,2,-1,1,1,0,0,2,1,1,2,1,0,2,0,0,1,4,0,1,0,0,1,0,4,0,1,2,1,1,1,0,0,3,6,4,3,1,1,1,3,0,32
0,0,1,0,2,1376,0,1,0,0,2,0,0,0,0,1,2,1,13,1,12,1,0,0,2,5,1,4,1,1,2,1,1,0,0,0,3,6,1,3,1,1,2,3,4,33
0,0,2,2,2,1993,0,1,0,0,2,1,1,2,0,1,0,0,0,1,4,0,1,0,0,1,0,4,1,1,2,1,1,1,0,0,2,6,4,3,1,1,3,3,0,32
0,0,2,1,2,3996,1,1,0,0,2,1,1,2,1,0,2,0,0,1,12,0,1,0,0,1,1,4,1,1,1,1,1,1,1,5,2,6,4,3,1,0,1,3,1,34
1,1,0,1,2,317,0,0,0,0,2,0,0,0,0,0,2,0,0,1,2,0,1,1,0,4,1,4,0,1,1,2,1,0,1,5,3,6,3,2,1,1,1,2,3,34
1,0,2,2,2,284,0,1,0,0,2,1,1,2,1,0,2,0,0,1,12,0,1,0,0,1,1,4,1,1,2,1,1,1,1,3,2,6,3,2,1,2,0,3,1,33
0,0,0,2,2,5713,0,1,0,0,2,1,3,2,1,0,1,0,0,1,6,0,1,2,1,1,1,4,1,1,2,1,1,3,2,4,3,6,4,3,1,0,3,1,1,32
1,0,2,2,2,65279,0,0,2,2,2,1,1,2,1,0,2,0,0,1,4,0,1,0,0,1,1,4,1,1,2,1,0,1,1,2,2,6,3,3,1,0,1,3,3,34
0,0,0,0,2,-1,1,1,0,0,2,1,3,2,1,0,3,1,2,1,6,1,1,1,0,1,1,4,1,1,1,1,0,1,2,5,3,6,3,3,1,2,3,0,3,31
1,0,1,0,2,13993,0,1,0,0,2,1,1,2,1,0,1,0,0,1,3,0,1,0,2,1,1,4,1,0,2,1,1,1,0,0,2,6,4,3,1,1,1,3,1,32
0,0,3,2,2,6256,1,1,0,0,2,1,1,1,1,0,2,0,0,1,12,0,1,0,0,1,1,4,1,1,2,1,1,1,-1,0,3,3,3,3,1,2,0,3,3,33
0,2,3,3,2,8814,0,1,1,1,2,1,3,2,1,0,1,0,0,1,12,1,1,1,2,1,1,4,1,1,2,1,1,1,2,2,3,6,3,3,1,1,2,3,4,31
1,0,2,3,2,10409,0,1,0,0,2,1,1,2,0,1,2,0,0,1,12,1,1,1,1,1,1,4,1,1,2,1,1,3,2,4,3,6,4,3,1,3,3,3,2,32
0,0,2,2,2,86011,0,1,0,0,2,1,3,2,1,0,2,1,12,1,12,1,1,1,0,4,1,4,1,1,2,1,1,1,1,0,3,6,4,3,1,2,1,3,3,33
1,2,1,2,1,22248,0,1,0,0,2,1,1,1,1,0,2,0,0,1,12,0,1,0,2,1,1,4,1,0,2,2,1,1,1,1,1,6,3,3,0,3,1,3,2,31
1,0,3,2,2,18463,0,1,0,0,1,1,3,2,1,0,2,0,0,1,3,0,1,0,1,4,1,4,1,1,2,1,1,1,1,1,2,6,3,3,1,3,3,3,1,32
0,0,2,0,2,17035,1,1,1,2,2,1,3,2,1,0,1,0,0,1,6,1,1,1,2,1,1,4,1,1,2,1,1,1,1,0,2,6,3,2,1,3,1,3,0,30
1,2,2,3,2,15394,1,1,0,0,2,1,3,2,0,1,1,1,1,1,12,1,1,0,2,1,1,4,1,1,2,1,1,0,2,5,3,6,4,3,0,3,1,3,2,29
0,0,2,3,2,285,0,1,0,0,2,1,3,2,1,0,2,1,6,1,6,1,1,1,2,1,1,4,1,1,2,1,1,1,2,3,3,6,4,2,1,1,1,3,3,33
0,0,0,1,2,5518,0,0,1,2,2,0,0,0,1,0,1,0,0,1,4,0,1,2,0,4,0,2,0,1,1,1,0,0,1,0,2,3,3,2,1,0,1,1,3,27
1,2,2,2,2,17781,1,1,0,0,2,1,1,2,1,0,2,0,0,1,12,0,1,0,0,1,1,4,1,1,2,1,0,1,1,1,2,6,4,3,1,1,3,3,3,29
0,2,1,1,2,1999,0,1,0,0,2,0,0,0,0,0,1,0,0,1,3,1,1,2,0,4,0,4,0,1,1,1,1,0,1,0,2,6,3,2,1,1,1,3,2,27
0,0,2,0,2,6023,0,1,0,0,2,1,1,1,0,1,2,1,1,1,12,0,1,2,1,1,1,4,1,1,2,2,1,1,1,3,1,6,3,2,1,2,3,3,2,32
0,0,0,2,2,-1,1,1,0,1,2,1,1,1,0,0,1,0,0,1,6,1,1,1,1,4,1,4,1,1,2,2,1,1,1,0,2,6,2,2,1,2,0,3,1,34
0,1,0,1,2,-1,0,1,1,0,2,0,0,0,0,0,0,0,0,1,4,0,1,0,0,3,0,0,1,1,1,2,0,0,0,0,1,5,3,2,1,0,0,3,0,27
0,0,0,1,2,-1,1,1,1,1,2,1,1,2,1,0,1,0,0,1,12,1,1,0,0,4,0,2,0,1,1,2,1,1,1,0,2,5,3,2,1,0,1,0,1,33
0,2,2,2,2,9622,0,0,0,0,0,1,3,1,0,0,2,1,2,1,6,0,1,0,2,1,1,4,1,1,2,1,1,1,1,5,2,6,3,3,1,1,0,3,0,33
1,0,1,2,2,13405,0,1,0,0,1,0,0,0,0,0,2,0,0,1,4,1,1,1,0,1,1,4,1,1,2,2,0,0,-1,0,2,5,2,3,1,1,1,3,3,33
1,0,1,0,2,-1,1,0,1,0,2,0,0,0,1,0,1,0,0,1,12,1,1,1,0,4,0,4,1,1,1,1,1,0,1,0,3,6,3,3,1,2,1,3,1,32
1,2,2,3,2,3707,0,1,1,1,2,1,1,2,1,0,0,0,0,1,6,0,1,0,2,1,1,4,1,1,2,1,1,1,0,0,3,6,3,3,0,2,1,3,0,34
0,2,2,3,2,2890,1,1,1,2,2,1,3,2,0,1,1,1,12,1,12,1,1,2,2,1,1,4,1,1,2,1,1,1,1,2,3,6,3,2,1,3,1,3,3,31
0,1,0,2,2,7530,0,0,0,0,2,1,1,2,1,0,2,0,0,1,4,1,1,2,0,1,0,4,1,1,2,1,0,3,-1,0,2,6,3,2,1,2,1,3,1,31
1,0,2,0,2,25657,1,1,0,0,2,1,1,2,1,0,2,0,0,1,12,0,1,1,2,1,1,4,1,1,2,1,1,1,1,0,3,6,3,3,1,3,1,3,0,32
1,2,2,2,2,18967,0,1,1,2,2,1,1,2,1,0,1,0,0,1,12,0,1,1,0,1,1,4,1,1,2,1,1,1,2,5,2,6,4,3,0,2,1,3,4,33
1,0,1,2,2,81724,0,1,1,1,2,1,3,1,1,0,2,1,2,1,12,1,1,1,2,1,1,4,1,1,2,1,0,1,-1,2,3,6,3,3,1,2,3,3,3,30
1,2,2,2,2,6647,0,1,0,2,2,1,3,1,1,0,3,0,0,1,10,0,1,0,2,1,1,4,0,1,2,1,1,1,2,5,3,6,3,3,1,1,1,3,0,31
0,0,0,2,2,4171,0,1,0,0,2,0,0,0,1,0,0,0,0,1,12,0,1,0,0,1,0,4,0,1,2,2,1,0,0,0,1,6,3,3,1,2,3,3,0,31
0,0,0,1,2,3105,0,0,1,1,2,1,1,2,1,0,1,0,0,1,4,0,1,0,0,1,0,4,1,1,2,1,1,1,1,0,1,6,3,3,1,1,3,3,1,30
0,2,2,2,2,14063,0,1,0,0,2,1,3,2,1,0,2,0,0,1,12,1,1,1,1,1,1,4,1,1,2,1,1,1,-1,5,2,6,3,3,0,3,1,3,2,34
1,0,1,3,2,34100,1,1,1,2,2,1,1,1,1,0,1,0,0,1,6,0,1,1,2,1,1,4,1,1,2,1,1,1,1,0,3,6,4,3,1,2,3,3,4,33
0,2,1,2,2,11194,0,0,0,0,2,1,1,2,1,0,0,0,0,1,12,0,1,0,2,5,1,4,1,0,2,2,0,3,0,0,3,6,2,3,1,2,1,3,0,27
1,0,0,3,2,17911,0,1,0,0,2,1,1,1,1,0,2,0,0,1,12,0,1,1,2,1,1,4,1,1,2,1,1,1,1,2,3,6,3,3,1,1,3,3,3,32
0,0,0,1,2,1553,0,1,1,1,2,1,1,2,1,0,0,0,0,1,4,0,1,0,0,1,1,4,0,1,1,1,1,1,0,0,1,6,3,3,1,2,0,2,0,25
1,2,1,3,2,36889,1,1,0,0,2,1,1,2,1,0,0,1,4,1,4,0,1,1,2,1,1,4,1,1,2,1,1,1,0,0,2,6,3,3,1,1,0,3,0,33
1,2,1,1,1,28567,1,1,1,1,2,1,1,2,1,0,2,0,0,1,12,0,1,0,1,1,1,4,1,1,2,1,1,1,-1,0,2,6,4,3,1,3,3,3,1,27
1,0,1,3,2,18204,1,1,1,1,2,1,3,2,1,0,2,0,0,1,6,0,1,0,1,1,1,4,1,1,2,1,1,1,1,5,2,6,3,3,1,3,3,3,2,30
0,0,2,2,2,9527,1,1,0,0,2,1,1,2,0,1,2,0,0,1,12,0,1,1,0,1,0,4,1,1,2,1,1,1,1,5,1,6,3,3,1,2,1,3,4,16
1,0,0,3,2,17520,1,1,0,0,2,1,1,2,1,0,2,0,0,1,12,0,1,1,0,1,1,4,1,0,2,1,0,1,1,5,2,6,3,3,1,1,0,3,2,31
0,0,0,0,2,0,0,0,1,2,2,1,3,2,1,0,2,0,0,1,4,1,1,2,0,4,0,1,0,1,1,2,0,1,1,0,2,0,3,0,1,2,1,1,1,32
1,2,0,1,2,50404,1,1,0,0,2,1,1,2,1,0,2,0,0,1,6,0,1,0,2,1,1,4,1,0,2,1,1,1,0,0,3,6,3,3,1,0,3,3,2,0
0,2,2,3,2,20679,1,1,1,2,2,1,3,2,1,0,1,0,0,1,12,0,1,0,1,1,1,4,1,1,2,1,1,1,1,0,3,6,3,3,1,3,0,3,4,31
1,2,2,3,2,26146,1,1,1,2,2,1,1,2,1,0,1,0,0,1,12,0,1,0,2,1,1,4,1,1,2,1,1,1,2,5,3,6,4,3,1,1,1,3,4,31
0,0,1,2,2,5711,1,1,0,2,2,1,1,2,1,0,2,0,0,1,12,0,1,1,2,1,1,4,1,1,2,1,1,1,1,0,3,6,4,3,1,3,3,3,4,34
1,0,3,3,2,42040,1,1,0,0,2,1,3,1,1,0,1,1,6,1,1,1,1,0,1,1,1,4,1,0,2,1,1,1,1,0,2,6,3,3,1,2,3,3,1,31
1,0,2,2,2,15644,0,1,0,0,2,1,1,2,1,0,2,0,0,1,12,0,1,0,1,1,1,4,1,1,2,1,1,1,2,5,3,6,3,3,1,2,3,3,0,33
0,2,1,2,2,13544,0,1,1,1,2,1,3,2,1,0,1,0,0,1,15,1,1,1,2,5,1,4,1,1,2,1,1,1,1,0,2,6,4,3,1,1,1,3,1,33
1,0,2,0,2,5328,0,1,0,2,2,1,1,2,1,0,2,0,0,1,12,0,1,1,1,1,1,4,1,1,2,1,1,2,1,4,1,6,3,3,1,2,1,3,3,32
0,0,2,3,2,4975,1,1,0,0,2,1,3,2,1,0,2,0,0,1,12,1,1,1,2,1,1,4,1,0,2,1,1,1,2,2,1,6,4,2,1,1,3,3,2,33
0,0,3,3,2,11675,1,1,0,0,2,1,3,1,1,0,1,0,0,1,12,0,1,0,0,1,0,0,1,1,2,1,1,1,2,3,3,0,3,2,1,2,3,3,4,32
1,0,2,2,2,20405,0,1,0,0,2,1,3,2,1,0,2,1,1,1,2,0,1,0,2,1,1,4,1,1,2,1,1,1,2,5,3,6,3,3,1,1,3,3,1,33
1,2,2,2,1,28345,1,1,1,1,2,1,1,2,1,0,1,0,0,1,12,0,1,1,2,1,1,4,1,1,2,2,1,3,0,0,3,6,4,3,1,1,1,3,0,34
1,0,1,2,2,18390,0,1,0,1,2,1,3,2,0,1,1,1,2,1,12,1,1,1,0,1,1,4,1,1,2,1,1,1,1,0,3,6,2,3,1,2,1,3,2,27
1,0,2,2,2,389,0,1,1,2,2,0,0,0,1,0,2,0,0,1,6,1,1,2,2,2,1,4,1,1,2,1,1,0,1,0,3,3,3,2,1,1,1,3,4,33
1,0,3,1,2,305,0,0,0,0,2,1,1,2,1,0,0,0,0,1,12,0,1,0,1,1,1,4,1,1,2,1,1,3,0,0,3,6,4,3,1,1,1,3,0,33
0,0,2,2,2,10569,0,1,0,0,2,1,3,1,0,0,2,0,0,1,4,1,1,1,1,1,0,4,1,1,2,1,0,1,-1,0,2,6,2,3,1,1,1,3,2,31
0,0,2,2,2,2,0,1,1,2,2,1,1,2,1,0,0,1,2,1,4,0,1,1,1,1,1,4,1,1,2,1,1,1,0,0,2,6,4,2,1,1,3,3,0,32
1,2,1,3,2,12553,1,1,0,0,2,1,3,1,1,0,2,0,0,1,12,1,1,1,1,1,1,4,1,1,2,1,1,1,2,1,2,6,3,3,0,1,1,3,4,34
0,2,2,3,2,13218,0,1,0,0,2,1,3,2,1,0,1,1,12,1,12,1,1,1,2,1,1,4,1,1,2,1,1,0,1,5,3,6,4,3,1,1,3,3,2,31
1,0,0,1,2,8396,0,1,0,0,2,1,1,1,1,0,2,0,0,1,2,0,1,1,0,4,0,1,1,1,1,1,1,1,1,0,3,6,2,3,1,2,0,3,1,22
0,0,1,2,2,1522,1,1,0,0,2,1,3,2,0,1,2,0,0,1,12,1,1,2,2,1,1,4,1,1,2,1,1,1,1,0,3,5,4,3,1,1,1,3,3,33
1,0,2,3,2,11812,1,1,0,0,2,1,1,2,1,0,2,1,1,1,1,0,1,1,2,1,1,4,0,1,2,1,1,1,2,4,1,6,3,3,1,1,3,3,2,34
0,0,2,3,2,17416,0,1,3,1,2,1,1,2,1,0,1,0,0,1,6,1,1,2,1,1,1,4,1,1,2,1,1,1,1,0,3,5,3,3,1,2,1,3,1,33
0,2,2,3,1,7841,1,1,1,2,0,1,3,2,0,1,1,0,0,1,12,1,1,0,2,1,1,4,1,1,2,1,1,1,2,5,3,6,4,3,1,1,1,1,3,31
0,0,0,2,2,14660,0,1,0,0,2,1,1,1,0,0,3,0,0,1,3,0,1,1,0,1,1,4,1,1,2,1,1,1,-1,0,2,6,3,2,1,3,1,3,0,33
0,0,1,3,2,370,1,1,0,0,2,1,3,1,1,0,1,0,0,1,2,1,1,1,2,1,1,4,1,1,2,1,1,1,1,0,3,6,4,2,1,2,0,3,3,31
0,0,2,3,2,19172,0,1,3,1,2,1,3,1,1,0,1,1,12,1,12,1,1,1,2,1,1,4,1,1,2,1,1,1,-1,0,3,6,3,2,1,3,0,3,3,27
1,0,0,1,2,2654,0,1,2,2,2,1,3,1,1,0,1,0,0,1,12,1,1,0,0,5,0,4,1,1,1,1,0,1,-1,0,2,6,3,3,1,2,1,3,2,32
0,0,1,3,2,-1,0,0,0,0,2,1,1,1,1,0,1,0,0,1,12,1,1,1,1,1,1,4,1,1,2,1,1,1,2,2,1,6,3,2,1,1,1,2,3,33
0,0,2,3,2,20162,0,1,1,2,2,1,1,2,1,0,1,0,0,1,4,0,1,2,2,5,1,4,1,1,2,1,1,3,1,0,3,6,3,3,1,1,1,3,1,22
1,0,3,3,2,292,1,1,0,2,2,1,1,1,1,0,1,0,0,1,6,0,1,1,2,1,1,4,1,1,2,1,1,1,1,5,2,6,4,3,1,3,0,3,0,32
0,0,2,2,2,18813,0,1,0,2,2,1,1,2,1,0,2,1,4,1,4,0,1,0,2,5,1,4,1,1,2,1,1,3,0,0,3,6,4,3,1,1,1,3,0,34
0,0,2,3,2,1905,0,1,0,0,2,1,1,2,1,0,0,0,0,1,2,0,1,0,2,1,1,4,1,1,2,1,0,1,0,0,3,6,4,3,1,1,3,3,0,32
0,1,1,3,2,12600,0,1,0,0,2,1,1,2,1,0,2,0,0,1,6,0,1,0,1,1,1,4,1,1,2,1,1,3,1,3,1,6,4,3,1,1,1,3,0,33
0,0,1,3,2,12873,0,1,0,0,2,1,1,2,1,0,2,0,0,1,15,0,1,1,2,1,1,4,1,1,2,1,1,1,0,0,3,6,4,2,1,1,1,3,0,34
0,0,3,3,2,4852,1,0,1,2,2,1,3,2,1,0,1,0,0,1,12,1,1,0,2,1,1,4,1,1,2,1,1,1,1,0,0,6,4,3,1,3,1,3,3,32
1,0,1,1,2,16257,0,0,1,0,2,1,3,2,1,0,2,0,0,1,3,0,1,2,1,1,1,4,1,1,2,1,1,1,-1,0,2,6,3,3,1,1,1,3,2,32
1,2,2,2,2,14935,0,1,0,0,2,1,3,1,0,1,2,1,12,1,2,1,1,0,1,1,1,4,1,0,2,1,1,1,-1,0,3,6,3,3,1,2,1,3,0,34
1,2,1,3,2,14438,1,1,0,0,2,1,3,2,1,0,0,0,0,1,12,0,1,0,0,1,1,4,1,1,2,1,1,1,0,0,2,6,4,2,1,2,1,3,0,25
0,0,0,2,2,14457,0,1,1,1,2,1,1,2,1,0,2,0,0,1,12,0,1,1,2,4,1,4,1,1,2,1,1,1,1,2,3,5,3,3,1,1,3,3,1,25
0,2,2,3,2,35352,0,1,2,1,2,1,3,2,1,0,1,1,12,1,12,1,1,1,2,1,1,4,1,1,2,1,1,3,2,2,2,6,4,3,1,1,3,3,1,33
0,0,1,0,2,-1,0,1,6,1,2,1,3,1,1,0,0,0,0,1,4,1,1,0,1,1,1,4,1,1,2,1,1,1,0,0,3,5,4,3,1,2,1,3,0,31
0,2,2,2,2,579,0,1,0,0,2,1,1,1,0,0,2,0,0,1,4,0,1,1,0,1,1,4,1,1,2,1,1,1,1,4,2,6,3,2,1,1,1,3,4,33
0,2,2,3,2,4260,0,1,0,0,2,1,3,2,1,0,2,0,0,1,6,1,1,2,2,1,1,4,1,1,2,1,1,1,1,5,2,6,4,3,1,1,1,3,4,33
0,0,2,1,2,5384,0,1,0,0,1,1,1,2,1,0,2,0,0,1,11,0,1,1,1,1,0,4,1,0,2,1,1,1,1,1,2,6,4,3,1,1,1,3,1,32
0,0,2,2,2,4690,0,1,0,0,2,1,1,1,1,0,0,0,0,1,4,0,1,0,2,1,1,4,1,1,2,1,1,1,0,0,3,6,4,1,1,1,1,3,0,28
0,2,1,3,2,517,1,1,0,0,1,1,3,2,1,0,2,0,0,1,12,1,1,1,2,1,1,4,1,1,2,1,1,3,2,5,2,6,4,3,0,2,3,3,1,32
0,0,1,1,2,4273,0,1,0,0,2,1,1,2,1,0,2,0,0,1,12,0,1,1,0,1,1,1,0,1,2,1,1,1,-1,0,0,6,3,3,1,1,1,3,1,31
0,0,2,3,2,-1,0,1,2,1,2,0,0,0,1,0,0,0,0,1,12,0,1,0,2,1,1,4,1,1,2,1,1,0,0,0,2,6,3,3,1,2,0,3,0,31
0,2,2,3,1,21612,1,1,0,0,1,1,3,2,1,0,3,1,12,1,12,0,1,0,1,1,1,4,1,1,2,1,1,1,2,5,3,6,3,2,0,0,0,3,4,32
1,0,1,3,2,-1,1,1,1,2,2,1,1,2,1,0,1,0,0,1,4,1,1,0,2,1,1,4,1,1,2,1,1,1,1,5,1,6,4,3,1,3,1,3,1,32
0,0,1,0,2,2639,0,1,0,0,2,1,1,2,1,0,2,0,0,1,4,0,1,0,1,1,0,4,1,1,1,1,0,1,0,0,1,6,3,3,1,1,3,2,2,33
1,2,2,2,2,3552,0,1,0,0,2,1,3,2,0,1,2,0,0,1,12,1,1,2,1,1,1,4,1,1,2,1,0,1,2,3,2,6,3,3,0,0,1,3,3,34
0,2,0,0,1,8698,0,1,1,2,2,1,3,2,1,0,1,1,2,1,12,1,1,2,1,1,1,4,1,1,2,1,1,1,1,5,2,6,4,3,0,1,0,3,3,34
1,0,3,3,2,26693,1,1,0,0,2,1,3,2,1,0,1,1,2,1,12,1,1,1,2,1,1,4,1,1,2,1,1,3,1,0,2,6,3,3,1,1,3,3,1,33
0,2,3,0,2,1546,1,1,1,2,2,1,1,1,1,0,1,0,0,1,12,0,1,0,2,1,1,4,1,1,2,1,1,1,1,0,2,6,2,3,1,1,0,3,1,34
0,0,2,0,2,5404,0,1,1,1,2,1,1,2,0,1,2,1,12,1,12,1,1,1,2,1,1,4,1,1,2,1,1,1,2,5,1,6,4,3,1,3,1,3,0,33
0,2,2,3,2,9646,1,1,0,0,2,1,3,1,1,0,1,0,0,1,12,1,1,1,2,1,1,4,1,1,2,1,1,1,2,5,3,6,4,3,0,3,1,3,4,29
0,0,0,1,2,858,0,1,0,0,2,1,3,1,1,0,0,0,0,1,6,1,1,1,1,4,0,4,1,1,1,1,1,1,0,0,3,6,3,2,1,0,1,3,0,31
0,2,1,3,2,7540,1,1,0,0,2,1,3,2,1,0,1,1,12,1,12,1,1,1,2,1,1,4,1,1,2,1,1,1,1,0,2,6,4,3,1,2,3,3,1,34
1,2,2,2,2,13516,0,1,1,2,2,1,2,2,1,0,2,0,0,1,6,1,1,2,2,1,1,4,1,1,2,1,1,3,1,5,3,6,4,3,1,1,1,3,1,33
1,2,2,1,2,3286,1,1,0,2,2,1,1,1,1,0,2,0,0,1,3,0,1,0,2,1,1,4,1,1,2,2,1,1,1,3,3,6,4,3,1,3,1,3,4,29
0,0,3,2,2,15308,0,1,0,0,2,1,1,2,0,1,2,0,0,1,4,0,1,1,2,1,1,4,1,1,2,1,1,3,1,5,3,6,4,3,1,1,1,3,0,33
1,0,2,1,2,-1,0,0,1,1,2,1,3,2,1,0,2,0,0,1,12,1,1,2,1,1,0,4,1,1,1,2,0,1,1,1,0,6,3,3,1,2,1,3,1,29
1,2,2,2,1,29445,1,1,0,0,2,1,3,2,0,1,1,1,12,1,12,1,1,0,2,1,1,4,1,1,2,1,1,1,2,5,3,6,4,3,1,1,1,3,2,34
1,0,2,2,2,11526,0,0,1,2,2,1,1,2,1,0,2,0,0,1,6,0,1,1,1,1,1,4,0,1,2,1,1,1,-1,0,1,6,3,3,1,1,3,3,1,32
1,0,1,2,2,-1,1,1,2,2,2,1,1,2,1,0,2,0,0,1,12,0,1,1,1,1,1,4,0,1,2,1,1,1,-1,0,3,6,4,3,1,2,1,3,1,33
1,0,2,1,2,7173,0,1,0,0,2,1,1,2,1,0,1,0,0,1,12,1,1,1,0,2,0,2,1,1,1,1,0,3,1,2,2,6,3,3,1,2,1,3,3,25
0,2,0,2,2,6418,1,1,0,2,2,1,3,2,0,1,1,0,0,1,12,0,1,1,0,1,0,4,1,1,2,1,1,1,2,5,2,5,2,3,1,1,1,2,4,29
0,0,0,1,2,24369,0,1,0,0,2,1,1,1,1,0,2,0,0,1,4,1,1,0,0,3,0,4,1,1,1,2,1,1,-1,0,2,6,4,2,1,0,3,1,3,34
0,0,0,3,2,2892,0,1,0,0,2,1,1,2,0,1,2,0,0,1,4,0,1,1,0,4,1,4,0,1,2,1,1,1,1,5,3,6,3,3,1,3,3,3,2,28
0,0,2,2,2,-1,0,0,0,0,2,1,1,2,1,0,2,0,0,1,12,0,1,0,2,1,1,4,1,1,2,1,0,1,-1,5,3,6,3,3,1,1,3,3,2,34
0,0,2,2,2,-1,1,1,0,0,2,1,3,2,0,1,1,0,0,1,12,0,1,2,0,1,1,4,1,1,1,1,1,1,1,0,1,6,4,2,1,1,1,3,1,33
0,0,1,3,2,2237,0,1,0,0,2,1,3,2,1,0,2,0,0,1,4,1,1,0,2,1,1,4,1,1,2,1,1,1,2,3,2,6,3,3,1,1,1,3,4,32
0,0,1,3,2,4924,1,1,1,2,2,1,3,1,1,0,1,1,12,1,12,1,1,1,1,1,1,4,1,1,1,1,1,1,1,0,3,6,3,2,1,2,1,2,3,33
0,0,1,2,2,4005,1,0,0,0,2,0,0,0,1,0,2,0,0,1,12,0,1,2,2,4,1,4,1,1,1,1,1,0,1,0,1,6,3,3,1,2,1,3,2,30
0,2,1,3,2,6500,1,1,0,1,2,1,3,2,1,0,1,0,0,1,12,1,1,1,0,4,1,4,1,1,2,1,0,1,1,0,2,6,4,3,1,1,1,3,3,30
1,0,2,2,2,16182,0,0,0,0,2,1,3,1,1,0,2,0,0,1,12,0,1,1,2,1,1,4,1,1,2,1,1,1,-1,2,2,6,3,3,1,1,3,3,1,25
0,0,0,2,2,6013,0,1,1,1,2,1,1,1,1,0,1,0,0,1,12,1,1,1,1,1,1,4,1,0,2,1,1,1,1,0,2,6,2,2,1,1,1,3,0,27
1,0,3,2,2,48,0,1,0,0,2,1,1,1,1,0,2,0,0,1,4,0,0,2,2,1,1,4,1,1,2,1,1,1,0,0,2,6,1,3,1,1,1,3,0,33
1,0,4,0,2,14260,0,1,0,0,2,1,1,2,1,0,2,0,0,1,12,1,1,2,0,4,1,4,1,0,1,1,1,1,1,0,1,6,4,3,1,2,1,3,1,34
0,2,2,2,1,-1,0,1,0,0,2,1,1,2,1,0,1,0,0,1,4,0,1,0,2,1,1,4,1,0,2,1,1,1,2,5,3,6,3,3,1,1,0,3,2,31
0,0,0,1,2,4776,0,1,0,0,2,0,0,0,0,1,0,0,0,1,4,0,1,0,0,1,1,4,1,1,2,1,1,0,0,0,3,6,3,3,1,2,1,2,0,30
0,0,3,2,2,25312,1,1,0,0,2,1,3,1,1,0,2,0,0,1,4,1,1,0,1,1,1,4,1,1,2,1,1,1,1,0,2,6,3,3,1,1,1,3,2,34
0,0,2,2,2,12507,0,1,0,0,2,1,1,1,0,0,2,1,12,1,12,1,1,0,2,1,1,4,1,1,2,1,0,1,2,5,3,6,3,3,1,3,0,3,3,0
1,0,0,1,2,-1,0,1,0,0,1,1,1,2,1,0,2,0,0,1,12,0,1,1,0,4,0,0,1,1,2,1,1,1,-1,0,3,5,3,2,1,0,3,3,3,18
1,0,1,2,2,422,0,1,1,2,2,0,0,0,1,0,1,0,0,1,4,1,1,2,0,4,0,0,0,1,1,2,1,0,-1,0,3,6,4,2,1,1,1,3,3,33
1,1,2,2,2,45796,0,1,0,0,2,1,3,2,1,0,2,0,0,1,12,1,1,1,0,1,1,4,1,1,2,1,1,1,1,0,2,6,4,3,1,2,3,3,2,34
0,2,1,2,2,8030,0,1,4,1,2,1,1,2,1,0,2,0,0,1,3,0,1,1,1,1,1,4,1,1,2,1,1,1,-1,0,3,6,3,2,1,2,3,1,4,25
0,0,2,1,2,5175,1,1,0,0,2,1,2,1,1,0,2,0,0,1,12,0,1,1,0,1,0,4,1,1,1,1,1,1,0,0,2,6,3,3,1,0,1,3,1,32
1,0,2,2,2,-1,1,1,0,0,2,1,1,1,0,1,2,0,0,1,12,1,1,2,0,4,0,4,1,1,1,1,1,1,0,0,1,6,4,1,1,1,1,3,2,25
1,0,2,1,2,5758,0,1,0,0,2,1,3,2,1,0,1,0,0,1,12,1,1,1,2,1,0,4,1,1,2,1,1,1,1,0,2,6,3,3,1,2,1,3,3,28
0,2,0,0,1,10603,0,0,0,0,2,1,1,1,0,1,1,0,0,1,8,1,1,2,1,1,1,4,1,1,2,1,0,1,2,3,2,5,3,3,1,1,1,3,3,34
0,2,2,3,2,9815,0,1,0,0,2,1,1,1,1,0,2,0,0,1,4,1,1,2,2,1,1,3,1,1,2,1,0,1,1,5,2,6,4,3,0,1,1,3,1,34
0,0,2,2,2,10692,0,1,0,2,2,1,3,1,1,0,2,0,0,1,6,0,1,0,0,1,1,4,0,0,2,1,1,1,0,0,1,6,3,2,1,1,1,3,0,32
1,0,1,2,2,89581,1,1,0,0,2,1,3,2,1,0,2,0,0,1,12,0,1,0,2,1,1,4,1,1,2,1,1,3,2,4,3,6,3,3,1,1,1,3,2,33
0,0,2,2,2,-1,1,0,0,0,2,1,1,2,1,0,0,0,0,1,4,0,1,0,1,1,1,4,1,1,2,2,1,1,0,0,2,5,3,3,1,2,3,3,0,33
1,2,1,2,2,13442,1,1,0,0,2,1,3,2,1,0,1,1,15,1,12,1,1,2,2,1,1,4,1,1,2,1,1,1,-1,0,2,6,3,3,1,1,0,3,2,31
0,0,2,2,2,12163,0,1,0,0,2,1,1,2,1,0,2,0,0,1,12,0,1,1,2,1,1,4,1,1,2,1,1,1,1,5,3,6,4,2,1,1,1,2,0,29
0,0,2,3,2,15864,1,1,0,0,2,1,3,2,1,0,1,1,1,1,12,0,1,1,1,1,1,4,1,1,2,1,1,1,-1,0,2,6,4,3,1,3,1,3,3,30
0,0,1,0,2,11626,1,1,0,0,2,1,1,2,1,0,0,0,0,1,12,0,1,1,2,1,1,4,1,1,2,1,1,1,0,0,2,6,3,2,1,1,1,3,0,31
0,0,2,3,2,-1,0,1,0,0,2,1,1,2,0,0,2,0,0,1,6,1,1,0,0,1,1,4,1,0,2,1,0,2,-1,0,3,6,3,2,1,0,1,3,2,32
0,0,2,3,2,1941,0,1,0,0,2,1,1,2,1,0,2,0,0,1,12,0,1,1,1,1,1,4,1,1,2,1,1,1,-1,0,3,6,3,2,1,1,1,3,2,32
1,0,2,1,2,-1,1,1,1,1,2,1,1,2,0,1,1,0,0,1,12,0,1,2,2,1,1,2,1,1,2,1,1,1,-1,0,2,6,4,3,1,1,1,3,4,34
0,2,3,2,1,11777,0,0,0,0,2,1,3,2,1,0,1,1,12,1,12,1,1,0,2,1,1,4,1,1,2,1,1,1,1,0,2,6,4,3,1,1,1,3,1,34
0,0,0,3,2,5759,0,1,1,0,2,1,1,2,1,0,2,0,0,1,4,0,1,0,0,1,0,4,1,1,2,1,1,1,1,1,1,6,3,2,1,1,3,3,3,32
0,2,2,2,1,17203,0,1,0,0,2,1,1,2,1,0,1,0,0,1,12,1,1,0,1,1,1,4,1,1,1,1,1,1,1,0,3,6,3,3,1,3,1,1,2,33
0,0,0,1,2,-1,1,1,0,0,2,1,3,2,1,0,2,0,0,1,4,1,1,2,0,4,0,1,1,1,1,1,0,1,1,0,2,3,3,2,1,2,3,0,0,31
0,0,2,3,2,12967,0,1,1,2,2,1,3,2,1,0,2,0,0,1,12,1,1,1,1,1,1,4,1,1,2,1,0,1,1,0,1,6,4,3,1,0,1,3,4,30
0,0,2,3,2,9649,1,1,0,0,2,0,0,0,1,0,0,1,10,1,6,0,1,0,1,1,1,4,1,1,2,1,1,0,0,0,3,6,4,2,1,0,0,3,0,34
1,2,0,2,2,1348,0,0,1,0,2,1,1,2,0,1,2,0,0,1,3,1,1,1,0,2,0,4,1,1,2,2,0,1,2,4,2,6,3,2,1,0,1,3,3,34
0,0,2,2,2,22542,0,1,0,0,2,1,3,1,1,0,2,0,0,1,12,1,1,0,1,1,1,4,1,0,2,1,1,0,1,1,3,6,3,3,1,1,1,3,1,28
0,0,0,1,2,-1,0,0,0,0,2,0,0,0,0,0,0,1,1,1,4,0,0,0,0,2,0,3,1,1,1,2,0,0,0,0,1,0,1,2,1,0,0,0,0,31
0,2,1,2,2,10713,0,1,1,1,2,1,1,2,1,0,2,0,0,1,4,0,1,0,1,1,1,4,0,1,2,1,1,1,1,5,2,6,4,3,0,1,1,3,3,33
0,2,0,0,1,305,0,0,0,0,2,1,1,2,0,1,1,0,0,0,0,0,1,0,1,1,1,4,1,0,2,2,1,0,2,1,1,6,4,2,0,3,1,1,4,0
0,0,0,3,2,6409,0,1,0,0,2,1,3,1,1,0,2,1,4,1,12,0,1,1,1,1,1,4,0,1,2,1,0,1,1,3,2,6,3,3,1,1,1,1,1,29
0,0,0,1,2,2846,0,0,1,1,2,1,1,2,1,0,2,0,0,1,12,0,1,1,0,4,0,4,1,1,1,2,0,1,1,0,1,6,3,2,1,2,1,3,1,29
0,0,1,1,2,0,0,1,0,0,2,0,0,0,1,0,2,0,0,1,4,0,1,1,2,2,0,2,1,0,1,2,1,0,1,0,1,5,2,2,1,1,1,3,1,32
0,0,2,2,2,3000,0,1,1,0,2,1,1,2,1,0,2,0,0,1,6,0,1,0,0,1,1,4,1,1,2,1,1,1,0,0,2,6,3,2,1,0,3,3,1,33
0,0,0,1,2,649,1,1,0,0,2,1,3,2,1,0,2,0,0,1,2,1,1,2,0,4,1,4,0,1,1,1,0,1,2,1,3,6,3,2,1,2,0,1,2,34
0,0,3,3,2,88,0,1,1,1,2,0,0,0,1,0,0,0,0,1,2,0,1,0,2,1,1,4,1,1,2,1,0,0,0,0,3,6,4,2,1,1,0,3,0,34
1,2,1,2,2,12654,0,1,0,0,2,1,3,2,1,0,2,0,0,1,12,1,1,1,0,4,1,4,1,1,1,1,1,1,2,3,3,6,4,3,1,1,1,3,4,26
1,2,3,0,2,26145,0,1,1,1,2,1,3,2,1,0,1,1,6,1,12,1,1,1,1,1,1,4,1,0,2,1,1,1,1,0,2,6,3,3,0,3,3,3,3,34
1,0,2,2,2,2369,1,1,1,2,2,1,1,1,0,1,1,1,2,1,6,1,1,1,2,1,1,4,1,1,2,1,1,3,2,3,3,6,4,3,0,3,1,3,4,34
0,2,2,3,2,2772,1,1,0,0,2,1,3,1,1,0,1,0,0,1,11,0,1,0,2,1,1,4,1,1,2,1,1,1,1,4,3,6,3,3,1,1,1,3,1,32
1,2,2,2,2,13310,0,1,0,0,2,1,3,2,1,0,2,0,0,1,4,1,1,1,2,1,1,4,1,1,2,1,1,1,2,4,2,6,3,3,1,3,1,3,4,34
1,0,2,2,2,-1,0,1,0,0,2,1,1,2,0,0,0,1,1,1,6,0,1,0,1,1,1,4,1,1,2,1,1,3,0,0,2,5,3,2,1,3,1,3,0,28
1,1,1,2,2,4156,1,0,1,1,2,1,1,2,1,0,2,0,0,1,4,1,1,1,0,4,0,4,1,1,2,1,1,1,-1,0,1,3,4,3,1,2,1,3,0,25
1,1,0,3,2,-1,0,1,0,0,2,1,3,1,1,0,2,0,0,1,12,1,1,2,2,1,1,4,1,1,2,1,0,1,1,0,2,6,3,3,1,1,1,3,2,27
0,0,2,2,2,11737,0,1,0,0,2,1,1,1,0,0,1,0,0,1,4,0,1,2,1,1,1,4,0,1,2,1,1,1,-1,0,2,6,3,3,1,2,3,3,2,30
1,0,2,3,2,21157,1,1,0,0,2,1,1,2,1,0,0,1,6,1,6,0,1,1,0,1,1,4,1,1,2,1,0,1,0,0,3,6,4,3,1,0,0,3,0,34
1,2,2,2,1,17875,0,1,0,0,2,1,3,2,1,0,1,0,0,1,3,1,1,0,2,1,1,4,1,1,2,1,1,3,2,2,2,6,4,3,1,1,1,3,3,28
0,0,1,1,2,-1,0,1,0,0,2,1,1,2,1,0,2,0,0,1,12,0,1,1,0,1,0,4,0,0,1,2,1,1,-1,1,3,6,4,2,1,2,3,3,4,32
0,0,0,3,2,484,0,1,0,0,2,1,1,2,0,1,2,0,0,1,6,0,1,1,0,1,1,4,1,1,2,1,1,1,0,0,3,6,4,2,1,3,1,3,0,28
0,0,2,3,2,3431,0,1,0,0,2,1,1,2,1,0,2,1,1,1,12,0,1,1,1,1,1,4,1,1,2,1,0,2,1,5,3,6,3,2,1,1,1,3,2,34
1,0,3,2,2,25907,0,1,0,0,2,1,3,1,1,0,2,0,0,1,4,1,1,1,2,1,1,4,1,1,2,1,0,1,1,5,2,6,3,3,1,1,1,3,1,34
1,0,2,2,2,29000,0,0,1,1,2,1,1,2,1,0,0,0,0,1,1,0,1,0,1,1,1,4,1,1,2,1,1,3,0,0,1,6,4,3,1,1,3,3,0,30
1,0,1,2,2,11425,1,0,0,0,2,1,1,2,1,0,0,0,0,1,12,0,1,0,1,1,1,4,1,1,2,1,1,1,0,0,3,6,4,3,1,2,1,3,0,32
1,0,2,3,2,4645,0,1,1,1,2,1,3,2,1,0,2,0,0,1,4,0,1,2,1,4,0,4,1,1,1,1,1,1,1,0,1,6,3,2,1,1,3,2,0,33
1,0,2,3,2,7251,1,1,0,0,2,1,3,1,1,0,2,0,0,1,12,1,1,0,2,1,1,4,1,1,2,1,1,1,2,1,3,6,3,2,1,0,3,3,4,32
0,0,1,0,2,593,0,1,0,0,2,1,3,1,1,0,1,0,0,1,4,1,1,2,1,1,1,2,1,1,1,1,1,1,-1,0,2,6,3,2,1,2,2,3,4,34
1,0,2,1,2,13914,0,1,0,0,2,1,1,2,1,0,1,0,0,1,4,1,1,0,0,1,1,4,1,1,1,1,0,1,1,0,3,6,3,3,1,1,3,3,2,31
0,0,1,3,2,18614,1,1,0,0,2,1,3,1,1,0,2,0,0,1,2,1,1,1,1,4,1,4,1,1,2,1,1,1,1,0,3,5,4,3,1,1,1,3,1,29
0,2,2,2,2,5476,1,1,0,0,2,1,1,2,1,0,0,0,0,1,4,0,1,0,2,1,1,4,1,1,2,1,1,1,0,0,3,6,4,3,0,2,1,3,0,34
0,0,2,0,2,519,1,1,0,0,2,1,1,2,1,0,0,0,0,1,12,0,1,0,0,1,1,4,1,0,2,1,1,1,0,0,2,6,4,3,1,2,3,3,0,27
1,0,1,2,2,15144,0,1,1,1,2,1,1,2,1,0,0,0,0,1,2,0,1,0,1,1,0,4,1,1,2,1,1,1,0,0,3,6,2,2,1,2,1,3,0,28
0,0,3,2,2,22002,0,1,1,2,2,1,3,1,1,0,1,0,0,1,4,1,1,0,1,1,1,4,1,1,2,1,1,1,1,0,3,6,4,3,1,1,1,3,1,34
0,1,0,0,1,33672,0,1,2,2,2,1,3,1,1,0,0,1,6,1,12,1,1,0,1,1,1,4,0,1,2,2,1,3,0,0,0,6,3,0,0,1,2,1,0,0
1,2,3,3,2,24065,1,1,0,0,2,1,3,2,1,0,1,0,0,1,12,1,1,0,2,1,1,4,1,1,2,1,1,1,2,5,3,6,4,3,1,3,0,3,3,34
0,0,2,1,2,1940,1,1,0,0,2,0,0,0,0,0,2,0,0,1,4,0,1,0,0,1,0,4,1,1,2,1,1,0,-1,0,1,6,2,2,1,1,1,3,0,33
0,0,1,1,2,2409,0,1,0,0,2,1,3,2,1,0,2,0,0,1,12,0,1,1,0,1,1,4,0,1,1,1,1,3,2,5,2,6,3,2,1,2,1,1,2,33
0,0,0,3,2,8091,0,1,1,1,2,1,1,2,0,1,2,0,0,1,12,1,1,1,2,1,1,4,1,1,2,1,1,1,1,0,1,6,3,2,1,0,0,3,4,30
0,0,1,2,2,-1,0,1,1,1,2,1,3,2,1,0,2,0,0,1,10,1,1,2,2,2,0,4,1,1,2,2,1,1,1,0,2,6,3,2,1,1,1,3,1,31
0,0,0,1,2,2658,0,1,0,0,1,1,3,2,1,0,2,0,0,1,12,1,1,0,0,4,0,4,0,1,1,1,1,1,1,5,2,6,2,3,1,2,1,3,4,34
0,2,3,0,1,46615,0,1,0,1,0,1,1,2,0,1,1,1,10,0,0,1,1,0,2,1,1,4,1,1,2,1,1,1,2,4,3,6,4,3,0,2,1,2,4,0
1,2,2,3,2,2591,0,1,0,0,2,1,3,2,1,0,2,0,0,1,12,1,1,1,2,1,1,4,1,1,2,1,1,1,1,3,2,6,3,2,0,1,1,3,3,34
0,0,1,2,2,986,0,1,0,0,2,1,3,1,0,0,2,0,0,1,4,0,1,2,2,1,1,4,1,1,2,1,1,1,1,3,3,6,4,3,1,2,3,2,2,34
1,2,1,2,2,19335,1,1,1,2,2,1,1,2,1,0,1,0,0,1,4,1,1,0,2,1,1,4,1,0,2,1,1,1,-1,0,2,6,4,3,0,1,1,3,0,33
0,2,2,2,1,-1,0,1,0,0,2,1,3,2,1,0,1,0,0,1,4,0,1,0,2,1,1,4,1,1,2,1,1,1,1,0,2,6,4,3,0,1,0,3,3,31
0,0,2,2,2,1123,0,0,1,2,2,1,3,1,1,0,1,0,0,1,12,1,1,0,1,1,1,4,1,1,2,1,1,1,1,0,3,6,3,2,1,2,1,3,1,24
1,0,2,2,2,8522,0,1,0,0,2,1,1,2,1,0,2,1,1,1,12,0,1,1,1,1,1,4,1,1,2,1,1,3,1,2,3,6,4,3,1,1,1,3,0,29
1,2,1,2,2,6120,1,1,0,1,2,1,1,2,1,0,2,0,0,1,12,0,1,0,1,1,0,4,1,1,2,1,1,1,1,0,1,6,4,3,1,3,1,3,1,31
0,0,0,1,2,1478,0,1,1,2,2,1,1,2,0,1,0,0,0,1,4,0,1,0,0,2,0,1,1,1,1,1,1,1,0,0,2,6,3,2,1,2,1,1,0,29
1,2,2,3,1,13765,1,1,0,1,2,1,3,2,1,0,2,1,12,1,12,1,1,0,2,1,1,4,1,1,2,1,1,1,-1,0,3,6,3,3,0,3,1,3,3,31
0,0,1,1,2,5325,0,1,1,1,2,1,1,1,0,0,0,0,0,1,12,0,1,0,0,1,1,4,0,1,1,1,1,1,0,0,2,6,4,2,1,2,1,3,0,30
1,0,1,1,2,13321,0,1,0,0,1,1,3,1,0,0,2,0,0,1,6,0,1,2,1,4,1,4,1,1,1,1,0,1,1,0,2,6,2,2,1,0,1,3,2,31
0,0,2,2,2,19917,1,1,0,0,2,1,3,2,1,0,2,1,1,0,0,0,1,2,2,1,1,4,1,1,2,1,1,1,2,3,3,6,3,3,1,1,3,3,4,34
0,0,2,2,2,8669,0,1,1,2,2,1,3,1,1,0,1,0,0,1,12,1,1,2,2,1,1,4,1,1,2,2,1,1,1,0,2,6,3,2,1,2,1,3,2,27
0,2,2,3,2,30406,1,1,2,1,2,1,1,2,1,0,1,0,0,1,4,0,1,2,2,1,1,4,1,1,2,1,1,1,1,0,2,6,4,3,0,1,1,3,4,33
0,0,0,0,2,10117,0,1,1,0,2,1,1,2,1,0,1,0,0,1,4,0,1,0,0,4,0,0,0,0,1,1,1,1,1,5,1,6,3,2,1,2,1,3,4,33
1,0,1,1,2,5256,0,0,0,0,2,1,1,2,1,0,2,0,0,1,4,0,1,1,0,1,1,1,1,1,1,1,1,1,-1,0,2,5,3,3,1,2,1,3,2,31
1,0,2,3,2,8000,1,1,0,1,2,0,0,0,0,1,1,0,0,1,1,0,1,1,2,1,1,4,1,1,2,1,1,0,1,5,3,6,4,3,1,1,0,3,1,32
1,0,1,2,2,3676,0,0,0,0,2,1,3,1,1,0,2,0,0,1,12,0,1,1,1,1,0,4,1,1,2,1,1,1,1,4,3,6,3,3,1,1,1,3,3,34
1,0,2,1,2,-1,1,1,0,0,2,1,1,1,0,1,2,0,0,0,0,0,1,0,0,1,0,4,1,1,2,1,1,1,-1,0,1,6,3,3,1,2,1,3,0,23
0,0,2,2,2,-1,0,1,2,2,2,1,3,2,1,0,1,0,0,1,6,0,1,1,0,1,1,4,1,1,2,1,1,1,2,5,1,6,3,2,1,2,3,3,1,33
1,0,2,2,2,6995,0,1,0,0,2,1,1,2,1,0,0,0,0,1,12,0,1,0,1,1,1,4,1,1,2,2,1,1,0,0,2,6,3,3,1,1,1,3,0,22
1,0,0,1,2,-1,1,1,0,0,2,1,1,2,1,0,2,0,0,1,12,0,1,0,0,1,0,4,1,1,1,2,1,1,1,0,1,6,3,2,1,2,3,3,1,33
0,2,2,1,2,12000,1,1,0,0,2,1,3,2,0,1,1,0,0,1,12,1,1,1,0,1,1,4,1,1,1,1,1,1,1,0,2,6,4,3,0,2,1,1,2,30
0,2,1,3,2,5091,0,1,0,0,2,1,3,2,1,0,1,0,0,1,4,1,1,2,1,1,1,4,1,1,2,1,1,1,2,3,1,6,3,2,0,1,1,2,4,34
1,2,2,3,2,30885,0,0,0,0,2,1,3,2,1,0,2,0,0,1,12,1,1,2,2,1,1,4,1,1,2,1,1,1,1,5,2,6,3,3,0,1,1,3,4,34
0,0,0,1,2,3094,0,1,0,0,2,1,1,2,1,0,0,0,0,1,12,0,1,1,0,1,0,4,0,0,2,1,1,1,0,0,1,6,3,3,1,2,3,3,0,31
1,0,0,3,2,5235,0,1,0,0,2,1,3,1,1,0,1,1,3,1,3,1,1,0,0,1,0,4,0,0,2,1,1,1,1,0,2,6,3,3,1,0,3,3,1,31
1,2,2,2,2,-1,0,1,2,2,2,1,1,2,1,0,2,1,0,1,12,0,1,2,1,1,0,4,1,1,1,1,1,3,2,5,2,6,4,3,1,2,1,3,1,28
1,0,2,2,2,22980,0,1,1,2,2,1,3,1,1,0,1,0,0,1,12,1,1,1,1,1,1,4,1,1,2,1,0,1,1,0,3,6,3,3,1,2,1,3,4,25
0,2,3,3,1,17214,1,1,1,2,2,1,3,2,1,0,2,0,0,1,12,1,1,1,2,1,1,4,1,1,2,1,1,1,1,0,3,6,3,3,0,3,1,3,1,32
0,2,2,0,2,5270,1,1,0,0,2,1,3,2,1,0,2,0,0,1,3,1,1,0,1,1,1,4,1,1,2,1,1,1,1,0,2,6,4,3,0,3,1,3,2,34
0,0,0,2,2,-1,0,0,1,1,2,1,1,2,1,0,0,0,0,1,12,0,1,1,2,1,1,4,1,1,2,1,0,1,0,0,3,6,3,2,1,1,0,3,0,34
0,0,1,1,2,8026,0,0,0,0,2,1,1,1,1,0,0,0,0,1,1,0,1,0,1,1,0,4,1,1,2,1,1,1,0,0,2,5,3,3,1,0,1,3,0,32
1,2,1,2,2,15075,0,1,0,0,2,1,3,1,1,0,1,0,0,1,12,1,1,1,1,1,1,4,1,1,2,1,1,1,1,0,3,6,4,3,1,2,1,3,2,32
0,0,1,0,2,10615,0,1,0,0,2,1,1,2,1,0,2,1,2,1,12,1,1,1,1,1,1,4,1,1,2,1,1,1,1,0,1,5,3,3,1,3,1,3,2,28
1,2,2,2,1,8341,1,1,0,0,2,1,1,2,1,0,1,0,0,1,12,0,1,0,2,1,1,4,1,1,2,1,1,1,1,0,3,6,4,3,1,1,0,3,0,33
0,2,2,0,2,11745,0,1,0,0,2,1,1,2,1,0,1,0,0,1,1,0,1,1,1,1,1,4,1,1,2,1,1,3,2,1,3,6,4,3,1,1,1,3,3,33
1,1,2,2,2,22625,1,1,0,0,2,1,1,2,0,1,2,0,0,1,12,0,1,2,2,0,1,4,1,1,2,1,1,1,1,0,3,3,4,3,1,1,1,3,4,29
0,0,3,3,2,0,1,1,0,0,2,1,2,2,1,0,2,1,4,1,12,0,1,1,2,1,1,4,1,1,2,1,1,3,1,1,3,6,3,3,1,3,3,3,3,33
1,0,1,3,2,15006,1,1,4,1,2,1,1,2,1,0,2,0,0,1,12,0,1,1,2,1,0,4,1,1,2,1,0,1,2,1,1,6,3,3,1,1,0,3,3,31
1,2,3,3,2,3047,0,1,0,0,2,1,1,1,1,0,2,0,0,1,12,0,1,1,1,1,1,4,1,1,2,1,1,1,2,5,3,6,3,3,1,1,1,3,3,32
1,0,0,2,2,-1,0,0,0,0,2,1,1,1,0,0,0,0,0,1,2,0,1,0,1,4,1,2,1,1,2,1,1,1,0,0,3,6,3,2,1,1,3,3,0,24
1,0,1,2,2,19324,0,1,0,0,2,1,1,2,1,0,2,0,0,1,6,1,1,1,0,1,1,4,1,1,2,1,1,1,1,0,2,6,4,3,1,2,1,3,2,32
0,2,2,2,2,15757,0,1,0,0,2,1,3,2,1,0,1,0,0,1,12,1,1,1,1,1,1,4,0,1,2,1,1,1,2,5,2,6,4,3,0,1,1,3,3,34
1,0,2,1,2,13261,1,1,0,0,2,1,1,2,1,0,2,0,0,1,6,0,1,2,0,1,0,4,1,1,2,1,1,1,2,2,2,6,2,3,1,1,1,3,1,32
0,0,1,3,2,9863,1,1,0,0,2,1,3,2,1,0,1,0,0,1,11,0,1,2,1,1,1,4,1,1,2,1,1,1,2,5,2,6,3,2,1,3,1,3,1,32
0,0,0,2,2,642,0,0,0,0,2,1,1,2,1,0,2,0,0,1,4,0,0,0,0,1,0,4,0,0,1,1,1,1,0,0,1,6,1,2,1,3,1,0,1,33
1,0,2,3,2,38124,1,1,0,0,2,1,3,2,1,0,1,0,0,1,12,1,1,2,2,1,1,4,1,1,2,1,1,1,1,0,2,6,3,3,1,1,1,3,2,33
0,0,1,1,2,15051,0,1,0,0,2,1,1,1,1,0,2,1,2,1,4,1,1,1,0,1,1,3,1,1,2,1,1,1,2,2,0,6,3,3,1,2,1,3,0,30
1,0,2,3,2,16174,0,1,1,1,2,1,1,1,0,0,2,0,0,1,2,0,1,1,2,1,1,4,1,1,2,1,1,1,2,3,3,6,4,3,1,3,1,3,4,32
1,2,2,3,2,28045,0,1,0,2,2,1,3,2,1,0,2,1,2,1,12,0,1,1,1,3,1,4,1,1,2,1,1,1,1,3,3,6,3,3,1,1,1,3,4,31
0,1,0,1,2,0,0,1,2,1,1,0,0,0,0,0,1,1,1,1,2,1,0,1,0,2,0,1,1,1,1,1,0,0,1,0,2,2,1,2,1,2,1,1,2,30
0,2,0,3,2,11690,1,1,1,1,2,1,3,1,0,0,1,1,3,1,6,1,1,2,2,1,1,2,1,1,2,1,1,1,1,0,3,6,3,2,0,3,1,3,4,29
1,0,3,2,2,3443,1,1,0,0,2,1,1,2,1,0,2,0,0,1,12,0,1,2,1,1,0,4,1,1,2,1,1,1,1,4,3,6,3,3,1,1,1,3,0,34
0,0,0,2,2,4269,1,1,0,0,2,1,1,1,0,0,1,0,0,1,4,1,1,2,0,1,0,4,1,1,2,1,1,1,-1,0,2,6,3,3,1,2,1,3,4,24
0,1,1,2,2,4553,0,1,0,0,2,1,3,2,1,0,2,1,1,1,4,1,1,0,1,1,1,4,1,1,2,1,1,3,-1,0,3,6,4,3,1,2,3,3,0,32
0,2,3,3,1,12739,0,1,1,2,2,1,1,2,1,0,2,0,0,1,12,0,1,0,2,1,1,4,1,1,2,1,0,1,2,5,3,6,4,3,0,1,1,3,0,33
1,2,4,2,1,-1,1,1,0,0,2,1,3,2,1,0,1,0,0,1,6,1,1,1,2,1,1,4,1,1,2,1,1,1,1,0,3,6,3,3,1,1,1,3,3,34
0,0,2,0,2,-1,0,0,1,1,2,1,3,1,1,0,2,0,0,1,12,1,1,1,1,1,1,4,1,0,2,1,1,3,1,0,3,6,4,3,1,1,1,3,2,27
0,2,2,3,2,-1,1,1,1,2,2,1,3,1,1,0,1,0,0,1,12,1,1,1,2,5,1,4,1,1,1,1,1,1,1,0,3,6,4,2,0,1,0,3,4,32
0,0,2,2,2,545,0,0,1,0,2,1,1,1,1,0,2,0,0,1,6,0,1,0,0,1,0,4,1,1,1,1,1,3,-1,0,3,6,3,2,1,2,3,3,0,28
1,2,2,3,1,18042,0,1,0,0,2,1,3,1,1,0,0,1,2,1,11,0,1,0,2,1,1,4,1,1,2,1,1,1,0,0,3,6,3,3,1,1,1,3,0,34
0,0,1,2,2,3598,0,0,1,1,2,1,1,2,0,1,2,0,0,1,4,0,1,0,0,1,1,4,1,0,2,1,1,1,1,0,3,6,3,3,1,2,1,3,2,30
1,2,2,3,2,25057,1,1,0,0,2,1,1,1,1,0,1,1,0,1,4,1,1,0,2,1,1,4,1,0,2,1,1,1,2,3,2,6,3,3,0,3,1,3,3,29
0,0,2,2,2,8174,1,1,0,0,2,1,1,2,1,0,2,0,0,1,12,0,1,0,1,1,1,4,1,1,2,1,1,1,1,5,2,6,4,3,1,2,1,3,0,32
0,0,0,1,2,3081,0,1,0,0,1,1,1,2,1,0,1,0,0,1,4,0,0,2,0,4,0,2,1,1,2,1,0,1,-1,0,3,5,1,2,1,2,1,3,0,32
1,0,2,2,2,4515,1,1,0,0,2,1,3,1,0,0,2,0,0,1,4,1,1,0,2,1,1,4,1,1,2,1,1,1,-1,0,3,6,4,3,1,3,0,3,1,34
1,0,2,2,2,36301,0,1,1,2,2,1,1,2,1,0,2,1,2,1,4,1,1,1,1,1,1,4,1,0,2,1,1,1,1,0,3,6,3,3,1,3,1,3,1,34
1,0,1,1,2,73493,1,0,0,0,2,1,1,2,1,0,2,0,0,1,4,1,1,2,2,1,1,4,1,1,1,1,1,1,-1,0,3,6,4,3,1,1,3,3,1,32
1,0,2,2,2,5900,1,1,1,1,2,1,1,2,1,0,2,1,12,1,12,1,1,1,1,1,1,4,1,1,2,1,1,1,-1,1,2,6,4,3,1,0,2,3,2,34
0,0,2,0,2,504,1,1,0,0,2,1,1,1,1,0,2,0,0,1,4,0,1,1,0,1,1,4,1,1,2,1,1,1,2,5,3,6,4,3,1,1,1,3,4,34
1,2,1,0,1,15205,1,1,0,0,2,1,3,1,1,0,1,1,12,1,12,1,1,2,2,1,1,4,1,1,2,1,1,1,2,5,3,6,3,3,1,3,1,3,4,34
0,0,1,1,2,2290,0,1,0,0,2,1,3,1,1,0,1,0,0,1,6,0,1,1,2,1,1,4,1,1,1,1,1,1,1,0,3,6,4,3,1,1,1,3,1,31
0,0,0,1,2,1454,1,1,1,2,2,1,1,2,1,0,0,0,0,1,4,0,1,1,0,1,0,4,0,0,1,1,0,1,0,0,2,3,3,2,1,0,1,1,0,33
1,0,1,3,2,9919,0,1,0,0,2,1,1,2,1,0,0,1,12,1,12,0,1,0,0,1,1,4,1,1,2,1,1,1,0,0,1,6,3,3,1,1,3,2,0,34
0,0,2,2,2,26799,0,1,1,1,2,1,3,2,1,0,1,1,1,1,4,0,1,1,2,1,1,4,0,1,2,1,1,1,1,4,3,6,3,3,1,3,3,3,2,32
0,2,2,2,2,19159,0,1,0,0,2,1,3,2,1,0,2,1,1,1,6,1,1,1,1,1,1,4,1,0,2,1,1,1,1,4,2,6,4,3,0,1,1,3,3,28
1,0,2,2,2,9815,0,1,1,2,2,1,3,2,1,0,1,0,0,1,12,0,1,0,1,1,1,4,1,1,2,1,1,1,1,0,2,6,2,2,1,2,3,3,2,31
0,0,0,1,1,3601,0,0,0,0,1,1,3,2,1,0,2,0,0,1,3,0,1,1,0,4,0,0,0,0,1,1,0,1,-1,0,1,6,3,2,1,0,3,0,1,31
0,0,2,2,2,11356,0,1,1,1,2,1,1,2,1,0,2,0,0,1,5,0,1,1,0,1,0,4,0,0,2,1,1,3,1,5,2,6,2,3,1,2,0,3,3,16
0,2,2,2,1,11594,1,1,0,0,2,1,3,2,1,0,2,1,4,1,12,0,1,1,0,1,1,4,1,1,2,2,0,1,1,0,3,3,4,3,0,1,1,2,1,33
1,2,2,2,2,28468,1,1,1,1,2,1,3,2,1,0,2,0,0,1,12,1,1,0,2,1,1,4,1,1,2,1,1,1,2,5,3,6,4,3,1,3,1,3,4,33
0,0,0,1,2,342,1,1,2,1,2,1,3,1,1,0,1,0,0,1,4,1,1,2,0,1,0,4,1,1,2,1,1,1,1,0,2,6,3,2,1,1,1,3,4,28
1,0,3,1,2,1855,1,1,0,1,2,1,1,1,1,0,1,1,3,1,4,1,1,2,1,1,1,4,1,0,2,1,1,1,1,0,3,6,4,3,1,1,3,3,4,34
1,2,2,2,2,1081,0,1,0,0,2,1,3,2,1,0,3,0,0,1,12,0,1,1,2,1,1,4,1,1,2,1,1,3,1,0,2,6,4,3,0,3,1,3,3,31
0,0,2,0,2,1299,1,1,1,2,2,1,3,2,1,0,1,0,0,1,2,0,1,1,1,1,1,4,1,1,2,1,1,1,1,0,1,6,4,2,1,1,3,3,4,34
0,0,0,0,2,4341,0,1,1,2,2,1,3,1,1,0,2,0,0,1,3,0,0,1,0,1,1,4,1,1,2,1,1,1,1,5,3,3,1,2,1,1,1,3,1,28
1,2,2,2,2,9107,0,1,3,1,2,1,3,1,1,0,2,1,1,1,6,0,1,2,2,1,1,4,0,1,2,1,1,3,0,0,2,6,4,3,1,3,1,3,0,33
1,0,1,0,2,6252,1,1,0,0,2,1,3,2,1,0,2,0,0,1,12,1,1,1,0,1,1,4,1,1,1,1,1,1,-1,0,2,6,3,3,1,0,1,1,3,32
0,0,1,1,2,6249,0,1,1,2,2,1,3,1,0,0,1,0,0,1,4,1,1,2,0,1,1,3,1,1,1,2,1,3,1,0,2,6,3,3,1,2,1,3,1,31
0,0,1,1,2,0,0,1,1,2,2,1,1,2,1,0,2,0,0,1,4,0,1,1,1,2,0,2,1,1,1,1,1,2,1,5,3,6,3,3,1,1,0,3,1,0
1,0,2,1,2,-1,1,1,1,1,2,1,3,2,1,0,1,0,0,1,12,1,1,1,0,1,0,3,0,0,2,1,1,1,1,0,3,6,3,3,1,2,0,3,2,33
0,2,2,0,1,5479,1,1,1,1,2,1,3,1,1,0,1,0,0,1,12,1,1,0,2,1,1,4,1,1,2,1,1,1,1,0,3,6,4,3,0,1,1,3,3,32
0,0,2,2,2,63954,0,1,0,0,2,1,1,2,0,0,2,1,2,1,12,0,1,0,2,1,1,4,1,1,2,1,1,1,1,0,2,6,4,2,1,2,1,3,3,19
0,0,0,0,2,10744,0,1,0,0,2,1,3,2,1,0,2,1,2,1,12,0,1,0,1,5,1,4,1,1,2,1,1,1,1,0,2,6,4,3,1,2,1,3,4,31
0,1,3,0,1,153,0,1,0,0,2,1,2,1,0,1,1,0,0,0,0,1,1,0,2,1,1,4,0,1,2,2,1,0,2,1,0,6,3,0,0,1,1,1,4,0
1,2,3,2,2,22423,1,1,0,0,2,1,1,2,1,0,1,0,0,1,12,0,1,1,2,1,1,4,1,1,2,1,1,2,2,1,3,6,4,3,1,1,0,3,2,34
0,0,0,3,1,870,1,1,0,0,2,1,3,2,1,0,3,1,8,1,8,0,1,0,2,1,1,4,1,0,2,1,1,1,2,4,2,6,4,2,0,1,0,3,1,32
0,2,2,3,2,19930,1,1,0,0,2,1,3,2,0,1,1,0,0,1,12,1,1,2,1,1,1,4,1,1,2,1,1,1,2,3,2,5,3,3,1,1,1,3,3,27
1,0,0,1,2,5525,1,1,1,2,2,1,1,1,0,0,2,1,6,1,6,1,1,1,1,1,1,4,0,1,1,1,1,1,1,2,2,6,2,2,1,1,2,3,2,32
1,2,2,2,2,27799,1,1,0,0,2,1,1,2,1,0,2,0,0,1,4,0,1,0,2,1,1,4,1,1,2,1,1,1,-1,0,2,6,4,3,0,3,1,3,3,33
0,0,3,0,2,12119,0,1,1,2,2,1,3,2,1,0,2,1,3,1,4,0,1,2,2,1,1,4,1,1,2,1,1,1,1,3,3,6,4,3,1,1,3,3,1,33
0,1,0,1,2,-1,1,0,0,0,2,0,0,0,1,0,1,0,0,1,6,0,1,2,0,1,0,0,1,1,1,2,1,0,1,0,1,5,3,2,1,2,1,3,1,25
0,0,0,2,2,4318,0,0,0,0,1,0,0,0,1,0,2,0,0,1,12,1,1,0,0,1,0,0,1,0,1,2,1,0,-1,0,1,5,4,2,1,2,0,2,1,27
1,2,0,1,1,2530,0,1,0,0,2,1,1,2,1,0,0,0,0,1,12,0,1,0,1,1,1,4,0,1,1,2,0,2,0,0,3,6,3,3,0,2,1,3,0,33
0,0,2,1,2,1500,0,0,2,2,2,1,1,2,1,0,2,0,0,1,4,0,1,2,0,1,0,4,1,1,1,1,1,1,1,1,3,6,3,2,1,1,1,3,1,32
1,0,3,2,2,13237,1,1,0,0,2,1,1,1,1,0,0,0,0,1,12,0,1,0,0,1,1,4,1,1,2,1,1,1,0,0,2,6,3,2,1,2,1,3,0,27
0,2,2,2,1,30539,1,1,0,0,2,1,1,2,1,0,1,0,0,1,4,0,1,0,2,1,1,4,1,1,2,1,1,1,1,0,2,6,3,3,0,1,1,3,3,31
0,0,1,3,2,11931,0,1,2,2,2,1,1,2,1,0,2,0,0,1,6,0,1,1,2,1,1,4,1,1,2,1,1,1,1,2,2,6,3,2,1,1,1,3,2,34
1,0,2,2,2,6492,0,1,1,2,2,1,1,2,1,0,2,1,3,1,12,0,1,0,2,1,1,4,1,1,2,1,1,1,-1,0,2,6,3,3,1,1,1,3,0,33
0,0,0,2,2,-1,1,1,0,0,2,1,3,2,0,1,2,0,0,1,10,1,1,2,1,4,0,4,1,0,1,1,0,1,1,0,2,6,3,2,1,1,1,3,2,31
0,0,0,0,2,-1,0,0,0,0,2,1,1,1,1,0,2,0,0,1,12,1,1,1,1,5,1,4,1,1,2,1,1,1,-1,0,0,6,3,2,1,2,1,3,1,26
0,2,2,0,2,3665,1,1,0,0,2,1,1,1,1,0,0,0,0,1,4,0,1,1,0,1,1,4,0,1,2,1,1,1,0,0,3,6,2,3,1,3,1,3,0,33
1,0,2,0,2,580,1,1,0,0,2,1,3,1,1,0,1,0,0,1,6,1,1,0,0,4,1,4,1,1,2,1,1,3,2,2,1,5,4,3,1,0,1,3,2,25
1,0,0,1,2,14683,1,1,1,1,2,1,3,2,1,0,1,0,0,1,4,1,1,2,1,1,0,1,1,1,1,1,1,1,1,0,2,6,2,3,1,2,1,3,4,31
1,0,1,3,2,33299,1,1,0,2,2,1,3,2,1,0,1,0,0,1,12,1,1,1,2,1,1,4,1,1,2,1,1,1,2,5,3,6,3,3,1,2,2,3,3,33
0,0,2,3,2,358,1,1,0,0,0,1,1,1,0,1,2,1,6,1,12,0,1,1,2,1,1,4,0,1,2,1,1,1,2,3,0,6,4,2,1,3,3,3,4,33
0,1,0,0,2,12453,0,0,1,1,2,1,1,2,1,0,0,0,0,1,4,0,1,0,0,1,0,0,0,0,1,2,0,1,0,0,1,6,3,2,1,2,1,2,0,33
0,0,0,1,2,36322,0,1,0,0,2,1,3,1,1,0,1,0,0,1,12,0,1,1,0,1,1,4,0,0,1,1,0,1,2,3,2,5,3,3,1,2,1,3,3,31
0,0,2,2,2,20124,0,1,0,0,2,1,3,2,1,0,2,0,0,1,12,1,0,1,2,1,1,4,1,1,2,1,1,1,1,0,2,6,1,3,1,1,1,2,4,27
0,0,1,1,2,4372,0,1,0,0,2,1,3,1,1,0,1,1,1,1,4,1,1,2,0,1,1,4,1,1,1,1,1,1,1,0,2,6,3,2,1,2,1,3,1,32
1,2,2,2,2,65875,1,1,0,1,2,1,3,2,1,0,2,1,3,1,12,1,1,2,2,1,1,4,1,1,2,1,1,1,2,4,1,6,4,3,1,3,1,3,3,34
0,0,0,2,2,8397,0,1,2,1,2,1,1,1,1,0,2,0,0,1,4,0,1,1,0,3,1,4,1,1,2,1,1,1,1,3,1,6,3,3,1,0,1,2,2,32
0,0,3,3,2,5842,1,1,0,0,2,1,1,2,1,0,2,0,0,1,12,0,1,0,2,1,1,4,1,1,2,1,1,2,1,5,2,6,4,3,1,1,3,3,2,33
1,2,3,3,1,36863,1,1,0,0,2,1,1,2,1,0,0,0,0,1,4,0,1,0,2,1,1,4,1,1,2,2,1,2,0,0,2,6,4,3,0,1,3,3,0,34
1,0,3,3,2,3921,1,1,1,2,2,1,3,2,1,0,1,1,12,1,12,1,1,1,2,1,1,4,1,1,2,1,1,1,1,5,2,6,3,3,1,1,0,3,2,31
0,0,1,2,2,1000,0,1,0,0,2,1,1,2,1,0,2,0,0,1,4,0,1,1,0,1,0,3,0,0,2,1,1,1,1,5,1,6,4,2,1,2,3,3,0,34
1,0,1,2,2,-1,0,0,1,0,2,1,1,1,1,0,1,0,0,1,4,1,1,2,1,1,1,4,1,1,2,2,1,1,1,0,1,6,3,3,1,1,3,3,4,32
0,2,2,3,2,15492,1,1,0,0,2,1,1,2,1,0,0,0,0,1,12,0,1,0,1,1,1,4,1,1,2,1,1,3,0,0,3,6,4,3,1,2,1,3,0,31
0,2,3,2,2,16641,0,1,0,0,2,1,3,1,1,0,1,0,0,1,12,1,1,1,2,1,1,4,0,1,2,1,1,3,2,5,3,6,4,3,1,1,1,3,3,32
0,0,1,2,2,4102,0,1,0,0,2,1,1,2,1,0,2,1,1,1,4,0,1,1,1,1,0,4,1,1,2,1,1,1,1,5,3,6,3,3,1,1,1,3,2,26
0,0,1,1,2,-1,0,1,0,0,2,1,1,2,1,0,1,0,0,1,5,1,1,1,0,1,0,4,1,0,2,1,1,1,1,0,3,6,3,2,1,2,0,0,2,0
1,0,1,2,2,25534,1,0,0,0,2,1,3,2,1,0,1,0,0,1,12,0,1,1,1,1,1,4,1,1,2,1,1,1,2,1,3,6,3,3,1,2,1,3,4,33
0,0,1,2,2,797,0,1,0,0,2,1,1,2,1,0,1,0,0,1,12,0,1,2,0,1,1,4,0,1,2,1,1,1,1,0,0,6,2,2,1,1,3,3,0,27
1,0,1,1,2,151,0,1,1,2,2,1,1,1,1,0,2,0,0,1,3,1,1,2,2,1,1,4,0,1,2,2,0,1,-1,0,2,6,3,2,1,2,1,3,2,33
1,2,2,3,1,8447,1,1,0,2,2,1,3,1,1,0,1,1,4,1,12,1,1,0,2,1,1,4,1,1,2,1,1,1,-1,0,3,6,4,3,0,3,1,3,4,31
0,2,3,3,2,20471,1,1,1,2,2,1,1,2,1,0,2,1,12,1,12,0,1,1,2,1,1,4,1,1,2,1,1,1,1,5,2,6,4,2,1,1,3,3,1,29
0,2,0,1,2,1612,0,1,0,0,2,1,1,2,1,0,2,1,2,1,2,0,1,1,0,1,0,0,0,1,1,1,1,1,2,5,2,6,3,2,1,2,3,3,3,31
1,2,1,2,2,2382,0,1,1,1,2,1,2,1,0,0,2,0,0,1,2,1,1,1,2,4,1,4,1,1,2,1,1,1,1,0,2,6,3,3,1,0,0,3,2,34
0,2,1,2,2,10586,0,0,0,0,2,1,3,1,1,0,1,1,2,1,4,1,1,2,0,1,1,4,0,1,2,1,1,1,2,3,2,6,2,3,1,2,1,3,3,34
1,0,0,1,2,-1,1,1,1,1,1,1,3,1,1,0,1,0,0,1,6,0,1,1,1,1,1,4,1,1,2,1,1,1,1,0,1,6,3,3,1,1,0,3,4,34
1,0,1,2,2,6367,0,0,0,0,2,1,1,2,1,0,1,0,0,1,4,1,1,1,0,4,1,4,0,1,2,2,1,3,1,0,1,6,3,3,1,2,3,3,2,32
0,0,0,1,2,-1,1,0,0,0,2,1,1,1,0,0,2,0,0,1,4,0,1,0,0,4,1,1,0,0,1,2,0,1,1,0,1,6,3,2,1,0,1,0,0,33
1,0,1,1,2,10000,0,1,1,1,2,1,3,1,0,0,0,0,0,1,4,0,1,0,0,1,1,4,1,1,1,1,1,1,0,0,2,6,4,2,1,1,0,3,0,33
0,0,1,2,2,18044,0,1,0,0,2,1,3,2,1,0,2,0,0,1,6,0,1,0,1,1,1,4,1,1,2,1,1,1,1,5,2,6,3,3,1,3,0,3,1,30
0,0,2,3,2,5437,0,1,0,1,1,1,1,2,1,0,1,1,12,1,12,1,1,0,2,1,1,4,1,1,2,1,1,1,2,5,3,6,4,3,1,1,1,3,1,31
0,0,1,3,2,17372,1,1,1,1,2,1,1,1,0,1,2,0,0,1,12,0,1,1,2,5,1,4,0,1,2,1,1,1,-1,0,3,6,4,3,1,1,0,3,2,32
1,0,0,1,2,109,0,1,0,0,1,1,1,2,1,0,0,0,0,1,5,0,1,1,0,1,0,3,1,1,2,1,1,1,0,0,2,4,3,3,1,2,1,3,0,32
0,0,2,3,2,-1,1,1,0,0,2,1,3,2,1,0,2,0,0,1,12,0,1,1,1,1,1,4,1,1,2,1,1,1,1,5,3,6,3,3,1,0,1,3,0,32
1,0,1,1,2,-1,0,1,1,1,2,1,1,2,1,0,2,1,1,1,12,0,1,1,0,1,1,4,1,1,2,1,1,3,1,5,2,6,3,3,1,1,1,3,4,32
0,0,0,1,2,6527,1,1,1,1,2,1,1,2,1,0,2,0,0,1,12,1,1,1,0,4,1,4,0,0,2,1,1,3,2,3,1,6,3,3,1,2,3,3,2,34
0,0,1,0,2,7661,1,1,2,2,1,1,1,1,1,0,2,1,1,1,8,0,1,1,2,1,1,4,1,1,2,2,1,1,1,5,3,6,3,2,1,1,1,3,3,32
0,0,2,3,2,15836,0,1,0,0,2,1,3,2,1,0,1,0,0,1,6,0,1,0,1,1,1,4,1,1,2,1,1,1,1,0,2,6,4,2,1,3,1,3,4,30
0,0,2,3,2,431,1,1,0,2,2,1,1,2,1,0,0,0,0,1,12,0,1,0,1,1,1,4,0,1,2,1,1,1,0,0,3,6,3,2,1,1,0,3,0,33
1,0,2,2,2,46775,0,1,0,0,2,1,1,2,1,0,2,0,0,1,12,0,1,0,2,1,1,4,1,1,2,1,0,1,1,0,3,6,4,3,1,3,3,3,3,33
1,0,0,1,2,6022,0,1,1,2,2,1,3,2,1,0,1,1,1,1,3,1,1,0,0,2,0,2,1,1,1,1,0,1,1,0,1,6,3,3,1,1,1,2,4,27
1,0,1,3,2,1352,1,1,0,0,2,1,3,1,1,0,2,1,4,1,12,0,1,1,1,1,1,4,1,0,2,1,1,1,1,5,3,6,3,3,1,3,0,2,2,26
1,2,3,3,2,28810,0,1,2,1,2,1,3,2,1,0,2,0,0,1,12,1,1,1,1,1,1,4,1,1,2,1,1,1,1,0,3,6,3,3,1,0,1,3,4,29
0,2,0,2,2,17508,1,1,1,1,2,1,1,1,1,0,1,0,0,1,1,0,0,0,0,1,1,4,0,1,2,1,1,1,-1,0,2,6,1,3,1,1,1,3,4,27
1,2,0,0,2,2118,1,1,1,2,2,1,1,2,1,0,0,0,0,1,3,0,1,2,1,1,0,4,1,1,2,1,0,1,0,0,1,6,3,2,1,1,0,3,0,25
1,0,2,2,2,-1,1,1,2,2,2,1,3,1,1,0,2,1,2,1,6,1,1,0,2,1,1,4,1,1,2,1,1,1,2,2,2,6,4,3,1,3,1,3,4,34
1,0,1,3,2,12263,0,1,1,2,2,1,1,2,1,0,1,1,2,1,12,1,1,1,2,1,1,4,1,1,2,1,1,1,1,0,0,6,3,3,1,0,3,3,4,33
0,0,2,1,2,1763,1,1,0,0,2,1,1,2,1,0,2,0,0,1,4,0,1,1,0,1,0,4,0,1,2,1,1,1,-1,0,1,6,4,2,1,2,1,3,4,22
1,2,2,2,2,39558,1,1,2,2,2,1,3,1,1,0,1,1,6,1,12,1,1,0,0,1,1,4,1,1,2,1,1,1,2,3,1,6,3,2,1,1,1,3,4,34
0,0,1,2,2,4071,0,1,0,0,2,1,1,1,1,0,2,0,0,1,12,0,1,1,1,1,0,4,1,1,2,1,0,1,1,3,3,5,3,3,1,2,1,3,3,34
0,0,1,0,2,1386,1,1,0,0,2,1,3,2,1,0,2,0,0,1,6,0,1,1,2,1,1,4,1,1,2,1,1,1,1,0,2,6,3,2,1,1,0,3,2,34
0,1,0,0,2,3357,1,0,0,0,1,1,3,2,1,0,2,0,0,1,3,0,1,0,0,4,0,2,1,1,1,2,1,1,-1,0,2,6,3,2,1,2,0,1,1,25
1,1,2,2,2,0,0,1,0,0,2,1,1,2,1,0,2,0,0,1,6,0,1,2,2,1,1,4,1,1,1,1,1,1,1,1,2,6,3,3,1,2,0,3,4,25
1,0,2,2,2,-1,0,1,0,0,2,1,3,2,0,1,2,0,0,1,12,1,1,2,2,1,1,4,1,1,2,1,1,1,1,5,2,6,2,3,1,1,3,3,1,28
0,0,1,1,2,6721,1,1,0,0,2,1,3,1,1,0,2,0,0,1,4,1,1,1,0,4,1,4,1,1,2,1,0,1,1,0,1,6,3,3,1,2,0,3,3,31
0,0,0,1,2,-1,0,0,0,0,2,1,1,2,0,0,0,0,0,1,2,0,0,0,0,1,1,2,0,1,1,1,1,1,0,0,3,6,1,2,1,2,0,1,0,0
0,2,2,3,2,7639,0,1,0,2,2,1,3,2,1,0,1,0,0,1,12,0,1,0,2,1,1,4,1,1,2,1,1,1,1,5,3,6,4,3,1,3,1,3,0,31
1,0,2,3,2,25476,1,1,0,0,2,1,1,2,1,0,2,0,0,1,12,1,1,1,2,1,1,4,1,1,2,1,1,1,1,5,2,6,3,3,1,3,1,3,1,34
0,0,2,2,2,2213,0,1,2,0,2,1,1,2,0,1,1,0,0,1,4,1,1,1,0,1,1,4,0,1,2,1,1,1,2,3,1,6,4,2,1,0,1,3,1,26
0,0,2,2,2,290,1,1,0,0,2,0,0,0,0,0,2,0,0,1,12,0,1,0,1,1,1,3,1,1,1,1,1,0,1,2,1,6,2,2,1,1,3,3,1,19
0,2,3,0,1,12618,0,1,3,1,2,1,3,2,1,0,1,1,4,1,4,1,1,0,2,1,1,4,1,1,2,2,1,3,2,4,2,6,4,3,0,1,3,3,4,0
1,2,1,3,1,4553,1,1,0,0,2,1,3,2,1,0,1,0,0,1,12,0,1,1,2,1,1,4,1,1,2,1,1,1,1,0,3,6,4,3,1,3,0,3,4,33
0,2,2,2,2,6767,1,1,0,0,1,1,1,2,1,0,2,0,0,1,12,0,1,0,1,1,1,4,1,1,2,1,0,1,-1,0,1,6,4,3,1,3,1,3,4,29
0,0,0,2,2,5935,0,1,0,0,2,1,1,1,1,0,2,0,0,1,12,0,1,1,0,1,1,4,1,1,2,1,0,1,1,3,2,6,3,3,1,2,3,3,0,33
0,2,0,3,2,13377,0,0,0,0,2,1,1,2,0,1,0,0,0,1,12,0,1,0,0,1,1,4,1,1,2,1,1,1,0,0,2,5,3,3,1,0,3,3,0,27
1,0,3,3,2,2335,1,1,1,1,2,1,3,2,1,0,0,0,0,1,12,1,1,0,1,1,1,4,0,1,2,1,1,1,0,0,3,6,4,3,1,3,1,2,0,33
0,2,1,2,2,-1,0,1,0,0,2,1,3,1,1,0,1,1,12,1,12,1,1,1,2,1,1,4,1,1,2,1,1,1,-1,0,3,6,3,2,1,1,1,3,4,23
0,0,0,3,2,889,0,1,0,0,2,1,1,2,1,0,0,1,5,1,6,0,1,0,1,1,1,4,1,1,2,1,1,1,0,0,3,6,4,2,1,0,1,3,0,34
1,0,2,2,2,15054,0,0,0,1,2,1,1,2,1,0,2,0,0,1,12,0,1,1,0,1,1,4,1,1,2,1,1,1,1,5,2,5,3,3,1,1,1,3,2,16
1,2,2,2,2,572,1,1,0,0,2,1,3,2,1,0,2,1,2,1,6,0,1,1,1,1,1,4,1,1,2,2,1,1,2,1,2,6,4,3,0,1,1,3,3,31
0,0,1,3,2,9657,1,1,1,2,2,0,0,0,1,0,0,1,16,1,6,0,1,0,0,1,1,4,1,1,2,1,0,0,0,0,3,3,3,2,1,1,0,3,0,34
0,0,1,2,2,-1,0,1,1,2,2,1,1,1,1,0,0,0,0,1,4,0,1,0,0,1,1,4,0,1,2,2,1,1,0,0,2,6,4,3,1,1,1,3,0,32
1,2,1,3,2,367,1,1,0,0,2,1,3,2,0,1,2,0,0,1,12,1,1,2,2,1,1,4,1,0,2,1,1,1,1,5,2,6,4,3,1,3,1,3,2,34
1,0,2,1,2,3312,0,1,0,1,2,1,1,2,1,0,2,0,0,1,12,0,1,0,0,1,1,4,1,0,1,1,1,1,-1,0,2,6,4,3,1,2,1,3,0,28
0,0,1,2,2,0,1,0,1,2,2,1,1,2,1,0,2,0,0,1,12,0,1,0,1,1,1,3,1,0,2,1,1,1,2,2,3,6,4,3,1,2,1,3,4,34
0,0,0,2,2,14247,1,1,2,2,2,1,1,1,1,0,2,1,4,1,12,0,1,1,2,1,1,4,1,1,2,1,0,1,1,4,3,6,3,3,1,0,1,3,2,25
0,0,0,1,2,6315,0,1,0,1,2,1,1,1,1,0,2,0,0,1,6,0,1,0,0,1,0,1,1,0,2,1,1,1,-1,0,1,6,4,2,1,2,3,3,1,32
1,2,3,2,2,28672,1,1,0,0,2,1,3,2,1,0,1,1,0,1,12,1,1,0,1,1,1,4,1,1,2,1,1,1,2,5,2,6,3,3,1,2,1,3,3,34
1,0,2,1,2,0,0,1,1,2,2,0,0,0,1,0,2,0,0,1,4,0,1,1,1,1,0,3,1,1,1,2,1,0,-1,0,2,6,4,2,1,0,1,3,0,34
0,0,0,3,2,7808,1,1,1,2,2,1,1,2,1,0,2,0,0,1,6,0,1,2,0,1,1,4,0,1,1,1,1,1,1,0,2,6,3,3,1,3,1,2,3,34
0,2,1,2,2,7414,0,1,0,0,2,1,1,1,1,0,2,0,0,1,6,0,1,0,1,1,1,4,0,1,2,1,1,1,0,0,2,6,4,3,1,2,1,3,0,33
1,2,2,3,1,29044,1,1,0,2,2,1,3,1,1,0,2,0,0,1,3,1,1,2,2,1,1,4,1,1,2,1,1,1,1,4,3,6,3,3,1,0,1,3,4,34
0,0,0,2,2,13000,0,0,0,0,2,1,1,2,1,0,2,0,0,1,2,0,1,0,0,1,1,4,0,1,2,2,1,1,2,5,1,6,3,2,1,0,1,3,0,28
1,2,2,2,2,5616,1,1,0,0,2,1,1,1,1,0,2,0,0,1,12,0,1,0,2,1,1,4,1,0,2,1,1,1,-1,3,3,6,3,3,1,1,3,2,2,33
1,0,1,2,2,-1,0,1,0,0,2,0,0,0,0,1,0,0,0,1,12,0,1,0,0,5,1,4,1,1,1,2,1,0,0,0,1,6,3,2,1,2,0,3,0,29
1,0,1,1,2,11500,0,1,1,1,2,1,3,1,1,0,1,0,0,1,12,1,1,1,1,1,1,4,0,1,2,1,0,1,1,0,3,6,4,3,1,2,0,3,3,25
1,2,2,3,2,46507,1,1,1,0,2,1,3,1,1,0,1,0,0,1,12,1,1,1,2,1,1,4,1,1,2,1,1,1,2,2,3,6,3,3,0,3,1,3,4,34
1,0,3,3,2,7273,1,1,3,2,2,1,1,2,1,0,2,1,3,1,6,1,1,1,2,1,1,4,1,1,2,1,1,1,1,4,2,6,4,2,0,0,3,3,3,32
1,0,2,2,2,12556,0,1,0,0,2,1,1,2,1,0,0,1,12,1,12,0,1,1,2,1,1,4,1,1,2,1,1,1,0,0,2,6,4,3,1,1,1,3,0,34
1,2,2,2,1,10625,0,1,0,0,2,1,1,2,1,0,2,0,0,1,4,0,1,1,2,1,1,4,1,0,2,1,1,2,-1,5,2,6,4,3,0,3,1,3,1,34
0,0,0,1,2,7328,0,1,2,1,2,0,0,0,0,1,2,0,0,1,41,1,1,1,0,1,0,4,1,1,2,1,1,0,1,5,2,6,3,3,1,0,3,3,4,31
1,0,2,3,2,5428,0,0,0,0,2,1,1,1,1,0,1,0,0,1,12,1,1,2,1,1,1,4,1,1,2,1,1,1,1,0,2,6,4,3,1,1,1,3,1,34
1,0,2,2,2,10682,1,0,0,0,2,1,1,1,0,1,2,0,0,1,12,1,1,1,1,1,0,4,1,1,2,1,0,1,2,4,3,6,4,3,1,0,1,3,4,24
0,0,1,3,2,14193,1,1,0,1,2,1,3,1,1,0,1,0,0,1,12,1,1,1,2,1,1,4,1,1,2,1,0,1,1,3,2,6,3,2,1,1,0,3,3,31
0,2,2,3,2,31941,1,1,0,2,2,1,3,1,0,1,2,1,12,1,12,1,1,0,2,1,1,4,1,1,2,1,1,1,2,2,3,6,4,3,0,3,3,3,1,29
1,2,2,2,2,9949,0,0,0,0,2,1,1,2,1,0,1,0,0,1,4,1,1,0,0,1,1,4,1,1,2,1,1,1,1,0,2,6,4,3,1,1,3,3,4,34
0,0,2,3,2,250,1,1,1,1,2,1,1,1,1,0,2,0,0,1,12,0,1,0,0,1,1,4,1,1,2,1,1,1,0,0,2,6,4,3,1,2,1,3,0,27
1,0,1,2,2,9125,0,1,2,0,2,1,3,1,1,0,2,0,0,1,12,1,1,1,1,1,1,4,1,1,2,1,1,0,2,2,3,6,4,3,1,0,1,3,2,25
1,1,0,1,2,17682,0,1,0,0,2,1,3,2,1,0,2,0,0,1,12,0,1,1,0,1,1,4,1,1,2,1,1,1,1,5,3,6,3,3,1,2,3,3,3,34
1,2,2,2,2,178,0,1,0,0,2,1,1,2,1,0,1,0,0,1,12,0,1,0,1,1,1,4,1,1,2,1,1,1,1,0,3,6,3,3,0,2,0,3,0,34
1,2,2,3,2,15457,1,1,0,0,2,1,3,2,0,1,1,0,0,1,15,1,1,1,2,1,1,4,1,1,2,1,1,1,2,1,2,6,4,3,0,3,1,3,4,29
1,0,2,1,2,57300,0,1,2,1,2,1,1,2,1,0,2,0,0,1,4,1,1,0,1,1,0,4,1,1,1,2,1,1,-1,0,3,6,3,3,1,2,1,3,2,34
0,0,1,3,1,2730,1,1,0,0,2,1,3,2,1,0,3,0,0,1,12,0,1,1,2,1,1,4,0,1,2,2,1,1,1,0,1,6,3,2,0,1,3,1,2,32
0,2,2,2,2,16396,0,1,0,0,2,1,1,2,1,0,0,0,0,1,4,0,1,1,2,1,1,4,0,1,2,1,1,1,0,0,2,6,3,2,1,1,1,3,0,33
1,2,1,2,2,27021,0,1,1,1,2,1,3,2,1,0,2,0,0,1,6,0,1,0,0,1,1,4,1,1,2,1,1,1,1,0,2,6,4,3,1,1,1,3,3,33
1,0,2,2,2,12542,1,1,1,2,2,1,1,1,1,0,2,0,0,1,12,0,1,1,0,1,1,4,1,1,2,1,1,1,1,5,2,6,4,3,1,2,1,3,1,32
1,0,3,2,2,11608,1,1,0,0,2,1,1,2,1,0,2,0,0,1,4,0,1,1,1,4,1,4,1,1,2,1,1,1,-1,0,2,6,4,3,1,2,3,3,3,32
1,2,2,2,1,13724,1,1,1,2,2,1,3,2,1,0,1,0,0,1,4,1,1,2,2,1,1,4,1,1,2,1,1,1,2,5,3,6,4,3,1,1,0,3,2,31
1,0,0,1,2,-1,0,1,0,0,2,1,1,1,1,0,2,0,0,1,4,0,1,0,0,1,0,4,1,0,1,1,1,1,-1,0,1,6,2,2,1,1,1,3,0,30
0,0,2,3,2,1710,0,1,1,2,2,1,1,2,0,0,2,0,0,1,2,0,1,0,0,1,1,4,1,0,2,1,1,1,0,0,3,5,4,2,1,2,1,3,3,32
0,0,2,0,2,202,0,1,0,0,2,1,1,2,1,0,1,0,0,1,6,0,1,1,2,1,1,4,1,0,2,1,1,1,2,2,2,6,4,3,1,2,1,3,1,34
0,0,0,2,2,28270,0,1,1,2,2,1,1,2,1,0,2,0,0,1,6,0,1,2,1,1,1,4,1,1,2,1,1,3,1,1,3,6,4,3,1,1,1,3,4,32
1,2,2,1,2,8023,1,1,1,0,1,1,1,1,1,0,1,0,0,1,12,0,1,2,1,1,1,4,0,1,1,1,1,1,0,0,3,6,4,3,1,1,1,3,1,31
1,0,2,1,2,1300,0,1,2,1,2,1,1,2,1,0,1,0,0,0,0,1,1,1,0,1,0,4,1,1,1,1,1,1,1,0,2,6,3,2,1,1,1,3,2,29
1,2,2,0,1,3129,1,1,0,1,2,1,3,2,1,0,2,1,12,1,12,1,1,0,0,1,1,4,1,1,2,1,1,1,-1,0,3,6,4,3,0,1,1,3,4,31
0,2,0,0,1,17222,0,1,0,1,2,1,1,2,1,0,1,1,0,1,5,0,1,0,2,1,1,4,1,1,2,2,1,0,2,1,0,6,3,0,0,3,3,0,2,0
0,0,0,0,2,7369,0,1,0,0,2,1,3,2,1,0,1,0,0,1,8,1,1,1,0,1,1,4,1,1,2,1,1,1,1,0,2,6,3,3,1,1,1,3,2,24
0,0,2,3,2,8221,1,1,0,0,2,1,3,2,1,0,1,0,0,1,4,1,1,0,2,1,1,4,1,1,2,1,1,1,1,0,2,6,4,3,1,1,1,3,2,34
0,2,1,2,2,20334,1,1,0,0,2,1,1,2,1,0,1,0,0,1,3,0,1,2,2,1,1,4,1,1,2,1,1,1,0,0,1,6,4,2,1,1,1,3,1,33
0,0,0,0,2,19837,0,1,0,0,2,1,1,2,1,0,2,0,0,1,6,1,1,1,0,1,1,4,1,1,2,1,0,1,-1,0,1,6,3,2,1,2,3,1,3,33
0,0,0,2,2,8177,0,1,1,2,2,1,1,2,0,1,2,0,0,1,6,0,1,1,1,1,1,4,1,1,2,1,0,3,1,1,2,6,3,2,1,2,1,3,1,33
0,0,2,2,2,9000,1,1,1,1,2,1,3,1,1,0,2,0,0,1,4,1,1,2,0,1,1,4,1,1,2,2,1,1,1,0,3,6,4,3,1,1,1,3,4,28
0,0,0,2,2,2281,0,1,2,1,2,1,1,2,0,1,2,0,0,1,4,0,1,1,0,1,0,4,0,0,2,1,1,1,0,0,3,6,3,2,1,2,1,3,0,25
0,2,0,2,2,16636,0,1,1,2,2,1,1,2,1,0,1,0,0,1,4,0,1,2,2,1,1,4,0,1,2,1,1,1,-1,0,2,3,3,3,1,3,0,3,0,33
0,0,1,2,2,1375,1,1,0,0,2,1,1,1,1,0,2,0,0,1,12,0,1,1,0,1,1,4,1,1,2,1,1,3,1,5,3,6,3,3,1,2,1,3,1,34
1,1,0,1,2,524,0,1,1,2,2,1,1,2,0,0,2,0,0,1,3,0,1,0,0,1,0,2,1,1,1,1,1,1,1,0,2,6,3,3,1,2,3,3,4,24
0,2,2,3,2,13156,1,1,0,0,2,1,1,1,1,0,1,0,0,1,12,1,1,1,2,1,1,3,1,1,2,1,0,1,1,5,3,6,2,3,1,3,1,3,2,34
0,2,2,3,2,39393,0,1,1,1,2,1,3,2,1,0,1,1,12,1,12,1,1,1,1,1,1,4,1,0,2,1,1,3,2,2,2,6,4,3,1,1,3,3,1,33
1,0,1,3,2,-1,1,1,1,2,2,1,1,2,1,0,2,0,0,1,12,0,1,0,2,1,1,4,1,0,2,2,1,1,0,0,3,6,3,3,1,2,1,3,4,34
0,0,0,2,2,5546,0,1,0,1,2,1,1,1,1,0,0,0,0,1,4,0,1,0,2,1,1,4,1,1,2,1,1,1,0,0,2,6,3,3,1,1,1,3,0,32
1,0,0,1,2,12451,0,1,2,2,2,0,0,0,0,0,2,0,0,1,6,0,1,1,0,4,0,2,1,1,1,1,0,0,1,0,2,6,3,2,1,2,1,3,1,30
1,0,0,2,2,4498,0,1,1,0,2,1,1,2,0,1,2,0,0,1,12,1,1,1,0,1,0,4,0,1,2,2,1,1,1,0,2,6,3,3,1,1,1,3,2,30
0,0,0,0,2,32682,0,1,0,2,2,1,3,2,1,0,1,1,6,1,6,1,1,2,0,1,0,4,1,1,2,1,1,1,2,3,2,5,3,3,1,3,3,3,3,28
0,0,2,3,2,7237,1,0,0,0,2,1,1,2,0,1,0,0,0,0,0,0,1,0,1,1,1,4,1,1,2,1,1,1,0,0,2,6,3,2,1,1,2,3,0,33
1,0,2,2,2,25492,0,1,1,1,2,1,3,1,0,0,2,1,1,1,12,1,1,1,2,1,1,4,1,0,2,1,1,1,2,3,3,6,4,3,1,0,3,3,4,25
0,0,1,2,2,-1,0,1,0,0,2,1,3,2,0,1,2,0,0,1,12,0,1,2,1,1,0,4,1,1,2,1,1,1,-1,0,3,6,3,3,1,2,1,3,4,30
1,2,2,2,2,-1,0,0,0,0,2,1,1,2,0,1,2,1,15,1,12,0,1,1,2,1,1,4,1,1,2,1,1,1,1,5,2,6,4,3,0,3,1,3,2,34
1,0,2,2,2,103,1,0,0,0,2,1,1,1,1,0,0,0,0,1,12,0,1,0,2,1,1,4,0,1,2,1,1,1,0,0,2,6,4,2,1,1,1,3,0,31
0,0,1,1,2,3748,0,1,0,0,2,1,3,2,1,0,2,0,0,1,4,0,1,1,1,1,1,4,0,1,2,1,1,2,2,5,1,6,3,3,1,1,1,3,4,30
1,0,2,2,2,21204,0,1,0,0,2,1,1,2,1,0,2,0,0,1,12,0,1,1,2,1,1,4,1,1,2,1,1,2,1,5,1,5,4,3,1,1,1,3,3,34
1,0,2,2,2,7238,1,1,0,0,2,1,1,2,1,0,2,1,1,1,12,0,1,1,1,1,1,4,1,1,2,1,1,1,1,2,3,6,4,3,1,2,1,3,2,26
1,0,2,1,2,12978,0,0,0,0,2,1,1,2,0,0,2,0,0,1,4,0,1,1,0,5,1,4,1,1,2,1,1,1,1,4,2,5,3,3,1,2,0,3,2,32
1,0,1,2,2,-1,0,1,2,1,2,1,2,2,1,0,2,0,0,1,11,1,1,2,1,1,1,4,1,1,2,2,1,3,-1,0,1,6,3,3,1,1,3,3,4,32
0,0,2,2,2,2612,0,1,0,0,2,1,1,2,1,0,2,0,0,1,8,1,1,1,0,1,1,4,1,1,2,1,1,1,-1,5,2,6,4,3,1,1,3,3,2,32
0,0,0,1,2,-1,1,1,0,0,2,1,1,1,0,0,2,0,0,1,3,0,0,0,0,1,0,4,1,1,2,1,1,1,0,0,2,6,1,2,1,1,1,3,0,32
1,0,2,2,2,29664,0,1,0,2,2,1,1,2,1,0,2,1,2,1,8,0,1,0,2,1,1,4,1,1,2,1,1,1,1,5,3,3,3,3,1,1,1,3,2,34
0,2,2,0,2,6512,0,1,0,0,2,1,3,2,1,0,1,0,0,1,12,1,1,0,2,1,1,4,1,1,2,1,0,0,1,0,3,6,3,3,1,1,1,3,2,31
1,0,2,0,2,13148,1,1,0,0,2,1,1,2,1,0,1,1,4,1,11,0,1,1,2,1,0,2,1,1,2,1,1,1,0,0,1,6,4,3,1,1,1,3,0,32
0,2,1,2,2,22571,1,1,1,1,2,1,1,2,1,0,2,0,0,1,12,0,1,1,0,1,1,4,1,1,2,1,1,1,1,5,2,6,4,3,1,0,1,3,2,27
0,0,2,2,2,20076,1,0,0,0,2,1,1,2,1,0,1,1,1,1,12,0,1,0,1,1,1,4,1,1,2,1,0,3,2,1,2,6,4,3,1,1,1,3,2,33
1,0,1,2,2,14866,0,0,0,0,2,1,3,1,1,0,2,1,1,1,1,1,1,0,1,1,1,4,1,1,2,1,1,3,2,4,1,6,3,2,1,2,3,3,3,28
1,2,2,0,2,9258,0,1,0,0,2,1,2,1,1,0,2,1,4,1,4,0,1,1,2,1,1,4,1,1,2,1,0,2,0,0,3,6,4,3,1,1,1,3,0,33
1,2,2,0,1,28530,0,1,0,0,2,1,3,2,1,0,1,0,0,1,12,0,1,0,2,1,1,4,1,1,2,1,1,1,2,5,2,6,3,3,1,1,1,3,2,34
0,0,2,3,2,12313,1,1,1,2,2,1,3,2,1,0,2,1,1,1,11,0,1,0,2,1,1,4,1,1,2,1,0,1,2,4,2,3,4,2,1,2,1,3,2,32
1,0,2,1,2,8417,0,1,1,2,2,1,1,2,1,0,0,0,0,1,4,0,1,0,2,1,1,4,1,1,2,1,1,1,0,0,3,6,3,3,1,1,3,3,0,32
1,0,1,1,2,9739,1,1,0,0,2,1,1,2,1,0,2,0,0,1,12,1,1,1,1,1,1,4,0,1,1,1,1,1,2,4,3,6,3,3,1,2,1,3,4,32
1,2,3,2,1,-1,0,1,1,2,2,1,1,2,1,0,1,0,0,1,3,1,1,0,2,1,1,4,1,1,2,1,1,1,2,5,1,6,4,3,0,3,0,3,0,31
1,0,2,2,2,13096,1,1,0,0,2,1,1,2,1,0,2,0,0,1,12,0,1,2,2,1,1,4,0,0,2,1,1,3,2,5,2,6,4,3,1,1,1,3,3,34
0,0,1,3,1,9389,1,0,0,0,2,1,3,2,1,0,2,1,2,1,12,0,1,1,1,1,1,4,1,1,2,2,1,1,1,0,3,6,3,3,0,0,3,1,3,32
1,0,0,2,2,10731,0,1,0,0,2,1,1,1,1,0,3,1,12,1,12,1,1,0,1,2,1,4,1,1,2,2,0,3,1,4,1,6,4,3,1,3,3,2,2,32
0,2,1,2,2,23083,1,1,1,2,2,1,3,2,1,0,1,1,3,1,6,1,1,2,2,1,1,4,1,1,2,1,1,3,2,5,3,6,3,3,0,1,1,3,4,29
1,2,2,2,2,17549,1,1,2,2,2,1,3,2,1,0,2,0,0,1,12,1,1,2,1,1,1,4,1,1,2,1,1,1,2,5,2,6,3,3,0,1,0,3,4,34
0,2,2,2,2,10923,0,0,0,0,2,1,1,2,0,1,2,0,0,1,2,0,1,0,2,1,1,4,1,1,2,1,1,1,-1,0,2,6,4,2,1,3,3,3,1,33
1,0,1,2,2,17919,1,1,1,1,2,1,3,2,1,0,2,0,0,1,10,0,1,1,2,1,1,4,1,0,2,1,1,1,1,3,3,6,3,3,1,3,1,3,2,33
0,0,2,2,2,3845,1,1,0,0,2,1,1,1,0,1,2,0,0,1,4,0,1,2,1,1,0,3,0,1,2,1,1,1,1,0,3,6,3,3,1,0,1,3,0,24
0,2,2,2,1,14102,0,0,0,0,2,1,1,2,1,0,0,0,0,1,10,0,1,0,2,1,1,4,1,1,2,1,1,1,0,0,2,6,4,3,0,3,1,3,0,31
0,0,0,2,2,-1,0,1,0,0,2,1,1,2,1,0,2,0,0,1,12,0,1,1,1,1,0,4,1,0,2,1,1,1,-1,0,2,6,3,2,1,2,1,2,2,26
0,0,3,2,2,5391,0,1,0,0,2,1,1,2,1,0,2,1,3,1,12,0,1,0,0,1,1,4,1,1,2,1,1,1,1,1,2,6,4,3,1,2,1,3,4,32
0,2,3,0,2,9563,1,0,1,2,2,1,3,1,1,0,2,0,0,1,12,0,1,0,2,1,1,4,1,1,2,1,1,1,0,0,2,6,3,3,1,3,1,3,0,34
1,0,1,1,2,118,1,0,0,0,2,1,1,1,0,0,2,1,1,1,12,0,1,2,0,4,0,3,1,1,2,1,0,1,1,0,3,6,3,2,1,2,0,3,1,29
1,0,2,3,2,-1,1,1,0,1,2,1,1,2,1,0,0,0,0,1,4,0,1,1,1,1,1,4,1,1,2,1,1,3,0,0,1,6,4,2,1,2,1,2,0,25
1,0,2,2,2,22536,0,1,1,2,2,1,1,2,1,0,2,1,12,1,12,1,1,1,1,1,1,4,1,1,2,1,1,3,1,5,3,6,4,3,1,1,3,3,0,34
1,0,0,1,2,3939,0,1,0,0,2,1,2,1,0,0,1,1,2,1,11,1,1,2,0,1,0,4,0,1,1,1,1,2,1,0,1,6,3,3,1,2,1,3,3,30
0,0,2,2,2,8442,0,1,0,0,2,1,3,1,0,0,2,1,12,1,12,0,1,2,1,1,0,4,1,0,1,1,1,1,1,4,2,6,3,2,1,1,1,3,3,34
0,0,0,2,2,9532,0,1,0,0,2,1,1,2,1,0,2,0,0,1,12,0,1,1,1,1,0,4,0,1,2,1,0,1,1,5,2,6,3,3,1,2,1,3,1,33
1,0,2,2,2,35,0,1,0,0,2,1,1,2,1,0,1,1,12,1,12,0,1,1,0,1,1,4,1,1,2,1,1,3,1,1,2,6,4,3,1,0,1,3,0,33
0,2,2,2,2,7685,0,1,0,0,2,1,1,2,1,0,2,0,0,1,2,0,1,0,2,1,1,4,1,1,2,2,1,3,-1,0,1,6,4,2,1,1,3,3,0,33
0,0,1,1,2,-1,0,0,1,1,2,1,1,1,0,0,1,0,0,1,2,1,1,0,0,1,0,4,0,1,2,1,1,1,1,0,2,6,3,2,1,1,3,3,1,31
1,0,2,2,2,0,0,1,2,0,2,1,3,2,1,0,2,1,12,1,12,1,1,1,1,1,1,4,1,1,2,1,1,1,1,0,2,6,3,3,1,1,1,3,2,27
1,0,1,1,2,6855,0,1,0,1,2,1,3,2,1,0,2,0,0,1,12,1,1,0,2,1,1,4,1,1,2,1,1,1,1,0,1,6,3,3,1,1,1,2,2,28
0,2,2,1,2,13498,0,1,2,1,2,1,3,2,0,0,2,0,0,1,12,0,1,1,1,5,0,4,1,1,2,1,1,1,-1,5,2,6,4,3,1,1,1,3,3,33
0,0,1,3,2,14293,0,1,2,1,2,1,3,2,1,0,1,0,0,1,21,1,1,1,1,1,1,4,1,1,2,1,1,3,1,0,1,6,4,2,1,0,1,3,4,30
0,0,1,1,2,2585,0,1,0,0,2,1,3,2,1,0,3,0,0,1,4,1,1,1,0,1,1,4,1,1,2,1,1,1,1,0,3,2,3,3,1,0,1,3,2,32
0,2,3,2,2,14675,0,1,2,1,2,1,1,2,1,0,3,0,0,1,12,0,1,0,2,1,1,4,1,1,2,2,1,2,-1,0,3,6,4,3,1,1,1,3,0,34
1,2,1,2,2,118,0,1,1,1,2,1,1,2,0,1,2,1,4,1,4,0,1,1,0,1,1,4,1,1,2,1,1,1,1,5,0,6,3,3,1,1,1,3,1,33
0,0,0,1,2,2578,0,0,1,0,2,1,1,2,0,1,1,0,0,1,3,1,1,0,0,1,0,2,1,0,1,2,1,1,-1,0,2,6,3,2,1,2,3,1,2,5
1,0,1,2,2,19716,0,1,1,2,2,1,3,2,1,0,2,1,1,1,6,0,1,0,2,1,1,4,1,0,2,1,1,3,2,1,3,6,3,3,1,1,3,2,1,32
1,0,0,1,2,12247,1,1,0,0,2,1,3,2,1,0,2,0,0,1,4,1,1,0,1,1,0,4,0,1,2,1,0,1,-1,0,2,6,3,3,1,2,1,3,1,31
0,2,0,2,2,2915,0,1,0,0,1,1,1,1,0,0,2,0,0,1,12,0,1,1,0,1,0,2,1,1,1,1,1,1,-1,0,2,6,3,3,0,1,1,3,0,30
